Run,Features,MAE,Shift Accuracy
A0: Baseline (Last Week),0,7.70126050420168,0.6101778385772914
A1: Temporal,34,6.190842342376709,0.7042954856361148
A2: +Weather,39,6.207479572296142,0.7207387140902872
A3: +Events,56,5.81218376159668,0.7513816689466484
A4: +Footfall,59,6.003803825378418,0.739562243502052
A5: +Airport/Cruise,65,6.029490566253662,0.7396169630642955
A6: +Failte/Proxies,70,5.955668354034424,0.746593707250342
