date,kickoff_local,competition,home_team,away_team,intensity,is_ireland_match
2023-08-11,18:30,La Liga,UD Almería,Rayo Vallecano de Madrid,1,False
2023-08-11,20:00,Premier League,Burnley FC,Manchester City FC,1,False
2023-08-11,21:00,La Liga,Sevilla FC,Valencia CF,1,False
2023-08-12,13:00,Premier League,Arsenal FC,Nottingham Forest FC,1,False
2023-08-12,15:00,Premier League,AFC Bournemouth,West Ham United FC,1,False
2023-08-12,15:00,Premier League,Brighton & Hove Albion FC,Luton Town FC,1,False
2023-08-12,15:00,Premier League,Everton FC,Fulham FC,1,False
2023-08-12,15:00,Premier League,Sheffield United FC,Crystal Palace FC,1,False
2023-08-12,16:00,La Liga,Real Sociedad de Fútbol,Girona FC,1,False
2023-08-12,17:30,Premier League,Newcastle United FC,Aston Villa FC,1,False
2023-08-12,18:30,La Liga,UD Las Palmas,RCD Mallorca,1,False
2023-08-12,20:30,La Liga,Athletic Club,Real Madrid CF,1,False
2023-08-13,14:00,Premier League,Brentford FC,Tottenham Hotspur FC,1,False
2023-08-13,16:00,La Liga,RC Celta de Vigo,CA Osasuna,1,False
2023-08-13,16:30,Premier League,Chelsea FC,Liverpool FC,2,False
2023-08-13,18:30,La Liga,Villarreal CF,Real Betis Balompié,1,False
2023-08-13,20:30,La Liga,Getafe CF,FC Barcelona,1,False
2023-08-14,18:30,La Liga,Cádiz CF,Deportivo Alavés,1,False
2023-08-14,20:00,Premier League,Manchester United FC,Wolverhampton Wanderers FC,1,False
2023-08-14,20:30,La Liga,Club Atlético de Madrid,Granada CF,1,False
2023-08-18,18:30,La Liga,RCD Mallorca,Villarreal CF,1,False
2023-08-18,19:30,Bundesliga,SV Werder Bremen,FC Bayern München,1,False
2023-08-18,19:45,Premier League,Nottingham Forest FC,Sheffield United FC,1,False
2023-08-18,20:30,La Liga,Valencia CF,UD Las Palmas,1,False
2023-08-19,14:30,Bundesliga,Bayer 04 Leverkusen,RB Leipzig,1,False
2023-08-19,14:30,Bundesliga,VfL Wolfsburg,1. FC Heidenheim 1846,1,False
2023-08-19,14:30,Bundesliga,TSG 1899 Hoffenheim,SC Freiburg,1,False
2023-08-19,14:30,Bundesliga,FC Augsburg,Borussia Mönchengladbach,1,False
2023-08-19,14:30,Bundesliga,VfB Stuttgart,VfL Bochum 1848,1,False
2023-08-19,15:00,Premier League,Fulham FC,Brentford FC,1,False
2023-08-19,15:00,Premier League,Liverpool FC,AFC Bournemouth,1,False
2023-08-19,15:00,Premier League,Wolverhampton Wanderers FC,Brighton & Hove Albion FC,1,False
2023-08-19,16:00,La Liga,Real Sociedad de Fútbol,RC Celta de Vigo,1,False
2023-08-19,17:30,Premier League,Tottenham Hotspur FC,Manchester United FC,2,False
2023-08-19,17:30,Bundesliga,Borussia Dortmund,1. FC Köln,1,False
2023-08-19,18:30,La Liga,UD Almería,Real Madrid CF,1,False
2023-08-19,20:00,Premier League,Manchester City FC,Newcastle United FC,1,False
2023-08-19,20:30,La Liga,CA Osasuna,Athletic Club,1,False
2023-08-20,14:00,Premier League,Aston Villa FC,Everton FC,1,False
2023-08-20,14:30,Bundesliga,1. FC Union Berlin,1. FSV Mainz 05,1,False
2023-08-20,16:30,Premier League,West Ham United FC,Chelsea FC,1,False
2023-08-20,16:30,Bundesliga,Eintracht Frankfurt,SV Darmstadt 98,1,False
2023-08-20,18:00,La Liga,Girona FC,Getafe CF,1,False
2023-08-20,18:30,La Liga,FC Barcelona,Cádiz CF,1,False
2023-08-20,20:30,La Liga,Real Betis Balompié,Club Atlético de Madrid,1,False
2023-08-21,18:00,La Liga,Deportivo Alavés,Sevilla FC,1,False
2023-08-21,20:00,Premier League,Crystal Palace FC,Arsenal FC,1,False
2023-08-21,20:30,La Liga,Granada CF,Rayo Vallecano de Madrid,1,False
2023-08-25,18:30,La Liga,UD Las Palmas,Real Sociedad de Fútbol,1,False
2023-08-25,19:30,Bundesliga,RB Leipzig,VfB Stuttgart,1,False
2023-08-25,20:00,Premier League,Chelsea FC,Luton Town FC,1,False
2023-08-25,20:30,La Liga,RC Celta de Vigo,Real Madrid CF,1,False
2023-08-26,12:30,Premier League,AFC Bournemouth,Tottenham Hotspur FC,1,False
2023-08-26,14:30,Bundesliga,SC Freiburg,SV Werder Bremen,1,False
2023-08-26,14:30,Bundesliga,1. FC Köln,VfL Wolfsburg,1,False
2023-08-26,14:30,Bundesliga,VfL Bochum 1848,Borussia Dortmund,1,False
2023-08-26,14:30,Bundesliga,1. FC Heidenheim 1846,TSG 1899 Hoffenheim,1,False
2023-08-26,14:30,Bundesliga,SV Darmstadt 98,1. FC Union Berlin,1,False
2023-08-26,15:00,Premier League,Everton FC,Wolverhampton Wanderers FC,1,False
2023-08-26,15:00,Premier League,Manchester United FC,Nottingham Forest FC,1,False
2023-08-26,15:00,Premier League,Arsenal FC,Fulham FC,1,False
2023-08-26,15:00,Premier League,Brentford FC,Crystal Palace FC,1,False
2023-08-26,17:30,Premier League,Brighton & Hove Albion FC,West Ham United FC,1,False
2023-08-26,17:30,Bundesliga,Borussia Mönchengladbach,Bayer 04 Leverkusen,1,False
2023-08-26,18:00,La Liga,Cádiz CF,UD Almería,1,False
2023-08-26,18:30,La Liga,Granada CF,RCD Mallorca,1,False
2023-08-26,20:30,La Liga,Sevilla FC,Girona FC,1,False
2023-08-27,14:00,Premier League,Sheffield United FC,Manchester City FC,1,False
2023-08-27,14:00,Premier League,Burnley FC,Aston Villa FC,1,False
2023-08-27,14:30,Bundesliga,1. FSV Mainz 05,Eintracht Frankfurt,1,False
2023-08-27,16:30,Premier League,Newcastle United FC,Liverpool FC,1,False
2023-08-27,16:30,Bundesliga,FC Bayern München,FC Augsburg,1,False
2023-08-27,16:30,La Liga,Villarreal CF,FC Barcelona,1,False
2023-08-27,18:30,La Liga,Valencia CF,CA Osasuna,1,False
2023-08-27,20:30,La Liga,Athletic Club,Real Betis Balompié,1,False
2023-08-28,18:30,La Liga,Getafe CF,Deportivo Alavés,1,False
2023-08-28,20:30,La Liga,Rayo Vallecano de Madrid,Club Atlético de Madrid,1,False
2023-09-01,18:30,La Liga,Cádiz CF,Villarreal CF,1,False
2023-09-01,19:30,Bundesliga,Borussia Dortmund,1. FC Heidenheim 1846,1,False
2023-09-01,20:00,Premier League,Luton Town FC,West Ham United FC,1,False
2023-09-01,21:00,La Liga,UD Almería,RC Celta de Vigo,1,False
2023-09-02,12:30,Premier League,Sheffield United FC,Everton FC,1,False
2023-09-02,13:00,La Liga,Real Sociedad de Fútbol,Granada CF,1,False
2023-09-02,14:30,Bundesliga,Bayer 04 Leverkusen,SV Darmstadt 98,1,False
2023-09-02,14:30,Bundesliga,TSG 1899 Hoffenheim,VfL Wolfsburg,1,False
2023-09-02,14:30,Bundesliga,SV Werder Bremen,1. FSV Mainz 05,1,False
2023-09-02,14:30,Bundesliga,FC Augsburg,VfL Bochum 1848,1,False
2023-09-02,14:30,Bundesliga,VfB Stuttgart,SC Freiburg,1,False
2023-09-02,15:00,Premier League,Brentford FC,AFC Bournemouth,1,False
2023-09-02,15:00,Premier League,Burnley FC,Tottenham Hotspur FC,1,False
2023-09-02,15:00,Premier League,Chelsea FC,Nottingham Forest FC,1,False
2023-09-02,15:00,Premier League,Manchester City FC,Fulham FC,1,False
2023-09-02,15:15,La Liga,Real Madrid CF,Getafe CF,1,False
2023-09-02,17:30,Premier League,Brighton & Hove Albion FC,Newcastle United FC,1,False
2023-09-02,17:30,Bundesliga,Borussia Mönchengladbach,FC Bayern München,1,False
2023-09-02,17:30,La Liga,Deportivo Alavés,Valencia CF,1,False
2023-09-02,20:00,La Liga,Real Betis Balompié,Rayo Vallecano de Madrid,1,False
2023-09-03,13:00,La Liga,Girona FC,UD Las Palmas,1,False
2023-09-03,14:00,Premier League,Crystal Palace FC,Wolverhampton Wanderers FC,1,False
2023-09-03,14:00,Premier League,Liverpool FC,Aston Villa FC,1,False
2023-09-03,14:30,Bundesliga,Eintracht Frankfurt,1. FC Köln,1,False
2023-09-03,15:15,La Liga,RCD Mallorca,Athletic Club,1,False
2023-09-03,16:30,Premier League,Arsenal FC,Manchester United FC,2,False
2023-09-03,16:30,Bundesliga,1. FC Union Berlin,RB Leipzig,1,False
2023-09-03,20:00,La Liga,CA Osasuna,FC Barcelona,1,False
2023-09-15,19:30,Bundesliga,FC Bayern München,Bayer 04 Leverkusen,1,False
2023-09-15,20:00,La Liga,Rayo Vallecano de Madrid,Deportivo Alavés,1,False
2023-09-16,12:30,Premier League,Wolverhampton Wanderers FC,Liverpool FC,1,False
2023-09-16,13:00,La Liga,Athletic Club,Cádiz CF,1,False
2023-09-16,14:30,Bundesliga,RB Leipzig,FC Augsburg,1,False
2023-09-16,14:30,Bundesliga,SC Freiburg,Borussia Dortmund,1,False
2023-09-16,14:30,Bundesliga,VfL Wolfsburg,1. FC Union Berlin,1,False
2023-09-16,14:30,Bundesliga,1. FSV Mainz 05,VfB Stuttgart,1,False
2023-09-16,14:30,Bundesliga,1. FC Köln,TSG 1899 Hoffenheim,1,False
2023-09-16,15:00,Premier League,Aston Villa FC,Crystal Palace FC,1,False
2023-09-16,15:00,Premier League,Fulham FC,Luton Town FC,1,False
2023-09-16,15:00,Premier League,Manchester United FC,Brighton & Hove Albion FC,1,False
2023-09-16,15:00,Premier League,Tottenham Hotspur FC,Sheffield United FC,1,False
2023-09-16,15:00,Premier League,West Ham United FC,Manchester City FC,1,False
2023-09-16,15:15,La Liga,Valencia CF,Club Atlético de Madrid,1,False
2023-09-16,17:30,Premier League,Newcastle United FC,Brentford FC,1,False
2023-09-16,17:30,Bundesliga,VfL Bochum 1848,Eintracht Frankfurt,1,False
2023-09-16,17:30,La Liga,RC Celta de Vigo,RCD Mallorca,1,False
2023-09-16,20:00,La Liga,FC Barcelona,Real Betis Balompié,1,False
2023-09-17,13:00,La Liga,Getafe CF,CA Osasuna,1,False
2023-09-17,14:00,Premier League,AFC Bournemouth,Chelsea FC,1,False
2023-09-17,14:30,Bundesliga,1. FC Heidenheim 1846,SV Werder Bremen,1,False
2023-09-17,15:15,La Liga,Villarreal CF,UD Almería,1,False
2023-09-17,16:30,Premier League,Everton FC,Arsenal FC,1,False
2023-09-17,16:30,Bundesliga,SV Darmstadt 98,Borussia Mönchengladbach,1,False
2023-09-17,17:30,La Liga,Sevilla FC,UD Las Palmas,1,False
2023-09-17,20:00,La Liga,Real Madrid CF,Real Sociedad de Fútbol,1,False
2023-09-18,19:45,Premier League,Nottingham Forest FC,Burnley FC,1,False
2023-09-18,20:00,La Liga,Granada CF,Girona FC,1,False
2023-09-19,17:45,Champions League,AC Milan,Newcastle United FC,2,False
2023-09-19,17:45,Champions League,BSC Young Boys,RB Leipzig,2,False
2023-09-19,20:00,Champions League,SS Lazio,Club Atlético de Madrid,2,False
2023-09-19,20:00,Champions League,Feyenoord Rotterdam,Celtic FC,2,False
2023-09-19,20:00,Champions League,Paris Saint-Germain FC,Borussia Dortmund,2,False
2023-09-19,20:00,Champions League,Manchester City FC,FK Crvena Zvezda,2,False
2023-09-19,20:00,Champions League,FC Barcelona,Royal Antwerp FC,2,False
2023-09-19,20:00,Champions League,FK Shakhtar Donetsk,FC Porto,2,False
2023-09-20,17:45,Champions League,Real Madrid CF,1. FC Union Berlin,2,False
2023-09-20,17:45,Champions League,Galatasaray SK,FC København,2,False
2023-09-20,20:00,Champions League,Sevilla FC,Racing Club de Lens,2,False
2023-09-20,20:00,Champions League,Sporting Clube de Braga,SSC Napoli,2,False
2023-09-20,20:00,Champions League,Real Sociedad de Fútbol,FC Internazionale Milano,2,False
2023-09-20,20:00,Champions League,Sport Lisboa e Benfica,FC Red Bull Salzburg,2,False
2023-09-20,20:00,Champions League,FC Bayern München,Manchester United FC,2,False
2023-09-20,20:00,Champions League,Arsenal FC,PSV,2,False
2023-09-22,19:30,Bundesliga,VfB Stuttgart,SV Darmstadt 98,1,False
2023-09-22,20:00,La Liga,Deportivo Alavés,Athletic Club,1,False
2023-09-23,13:00,La Liga,Girona FC,RCD Mallorca,1,False
2023-09-23,14:30,Bundesliga,FC Bayern München,VfL Bochum 1848,1,False
2023-09-23,14:30,Bundesliga,Borussia Dortmund,VfL Wolfsburg,1,False
2023-09-23,14:30,Bundesliga,1. FC Union Berlin,TSG 1899 Hoffenheim,1,False
2023-09-23,14:30,Bundesliga,Borussia Mönchengladbach,RB Leipzig,1,False
2023-09-23,14:30,Bundesliga,FC Augsburg,1. FSV Mainz 05,1,False
2023-09-23,15:00,Premier League,Crystal Palace FC,Fulham FC,1,False
2023-09-23,15:00,Premier League,Luton Town FC,Wolverhampton Wanderers FC,1,False
2023-09-23,15:00,Premier League,Manchester City FC,Nottingham Forest FC,1,False
2023-09-23,15:15,La Liga,CA Osasuna,Sevilla FC,1,False
2023-09-23,17:30,Premier League,Brentford FC,Everton FC,1,False
2023-09-23,17:30,Bundesliga,SV Werder Bremen,1. FC Köln,1,False
2023-09-23,17:30,La Liga,FC Barcelona,RC Celta de Vigo,1,False
2023-09-23,20:00,Premier League,Burnley FC,Manchester United FC,1,False
2023-09-23,20:00,La Liga,UD Almería,Valencia CF,1,False
2023-09-24,13:00,La Liga,Real Sociedad de Fútbol,Getafe CF,1,False
2023-09-24,14:00,Premier League,Arsenal FC,Tottenham Hotspur FC,2,False
2023-09-24,14:00,Premier League,Brighton & Hove Albion FC,AFC Bournemouth,1,False
2023-09-24,14:00,Premier League,Chelsea FC,Aston Villa FC,1,False
2023-09-24,14:00,Premier League,Liverpool FC,West Ham United FC,1,False
2023-09-24,14:30,Bundesliga,Bayer 04 Leverkusen,1. FC Heidenheim 1846,1,False
2023-09-24,15:15,La Liga,Rayo Vallecano de Madrid,Villarreal CF,1,False
2023-09-24,16:30,Premier League,Sheffield United FC,Newcastle United FC,1,False
2023-09-24,16:30,Bundesliga,Eintracht Frankfurt,SC Freiburg,1,False
2023-09-24,17:30,La Liga,UD Las Palmas,Granada CF,1,False
2023-09-24,17:30,La Liga,Real Betis Balompié,Cádiz CF,1,False
2023-09-24,20:00,La Liga,Club Atlético de Madrid,Real Madrid CF,1,False
2023-09-26,18:00,La Liga,Sevilla FC,UD Almería,1,False
2023-09-26,20:30,La Liga,RCD Mallorca,FC Barcelona,1,False
2023-09-27,18:00,La Liga,Athletic Club,Getafe CF,1,False
2023-09-27,18:00,La Liga,Villarreal CF,Girona FC,1,False
2023-09-27,18:00,La Liga,Real Madrid CF,UD Las Palmas,1,False
2023-09-27,20:30,La Liga,Cádiz CF,Rayo Vallecano de Madrid,1,False
2023-09-27,20:30,La Liga,Valencia CF,Real Sociedad de Fútbol,1,False
2023-09-28,18:00,La Liga,RC Celta de Vigo,Deportivo Alavés,1,False
2023-09-28,18:00,La Liga,Granada CF,Real Betis Balompié,1,False
2023-09-28,20:30,La Liga,CA Osasuna,Club Atlético de Madrid,1,False
2023-09-29,19:30,Bundesliga,TSG 1899 Hoffenheim,Borussia Dortmund,1,False
2023-09-29,20:00,La Liga,FC Barcelona,Sevilla FC,1,False
2023-09-30,12:30,Premier League,Aston Villa FC,Brighton & Hove Albion FC,1,False
2023-09-30,13:00,La Liga,Getafe CF,Villarreal CF,1,False
2023-09-30,14:30,Bundesliga,VfL Wolfsburg,Eintracht Frankfurt,1,False
2023-09-30,14:30,Bundesliga,1. FSV Mainz 05,Bayer 04 Leverkusen,1,False
2023-09-30,14:30,Bundesliga,1. FC Köln,VfB Stuttgart,1,False
2023-09-30,14:30,Bundesliga,VfL Bochum 1848,Borussia Mönchengladbach,1,False
2023-09-30,14:30,Bundesliga,1. FC Heidenheim 1846,1. FC Union Berlin,1,False
2023-09-30,15:00,Premier League,AFC Bournemouth,Arsenal FC,1,False
2023-09-30,15:00,Premier League,Everton FC,Luton Town FC,1,False
2023-09-30,15:00,Premier League,Manchester United FC,Crystal Palace FC,1,False
2023-09-30,15:00,Premier League,Newcastle United FC,Burnley FC,1,False
2023-09-30,15:00,Premier League,West Ham United FC,Sheffield United FC,1,False
2023-09-30,15:00,Premier League,Wolverhampton Wanderers FC,Manchester City FC,1,False
2023-09-30,15:15,La Liga,Rayo Vallecano de Madrid,RCD Mallorca,1,False
2023-09-30,17:30,Premier League,Tottenham Hotspur FC,Liverpool FC,2,False
2023-09-30,17:30,Bundesliga,RB Leipzig,FC Bayern München,1,False
2023-09-30,17:30,La Liga,Girona FC,Real Madrid CF,1,False
2023-09-30,20:00,La Liga,Real Sociedad de Fútbol,Athletic Club,1,False
2023-10-01,13:00,La Liga,UD Almería,Granada CF,1,False
2023-10-01,14:00,Premier League,Nottingham Forest FC,Brentford FC,1,False
2023-10-01,14:30,Bundesliga,SV Darmstadt 98,SV Werder Bremen,1,False
2023-10-01,15:15,La Liga,Deportivo Alavés,CA Osasuna,1,False
2023-10-01,16:30,Bundesliga,SC Freiburg,FC Augsburg,1,False
2023-10-01,20:00,La Liga,Club Atlético de Madrid,Cádiz CF,1,False
2023-10-01,20:00,La Liga,Real Betis Balompié,Valencia CF,1,False
2023-10-02,20:00,Premier League,Fulham FC,Chelsea FC,1,False
2023-10-02,20:00,La Liga,UD Las Palmas,RC Celta de Vigo,1,False
2023-10-03,17:45,Champions League,1. FC Union Berlin,Sporting Clube de Braga,2,False
2023-10-03,17:45,Champions League,FC Red Bull Salzburg,Real Sociedad de Fútbol,2,False
2023-10-03,19:30,Premier League,Luton Town FC,Burnley FC,1,False
2023-10-03,20:00,Champions League,SSC Napoli,Real Madrid CF,2,False
2023-10-03,20:00,Champions League,FC Internazionale Milano,Sport Lisboa e Benfica,2,False
2023-10-03,20:00,Champions League,FC København,FC Bayern München,2,False
2023-10-03,20:00,Champions League,Manchester United FC,Galatasaray SK,2,False
2023-10-03,20:00,Champions League,Racing Club de Lens,Arsenal FC,2,False
2023-10-03,20:00,Champions League,PSV,Sevilla FC,2,False
2023-10-04,17:45,Champions League,Club Atlético de Madrid,Feyenoord Rotterdam,2,False
2023-10-04,17:45,Champions League,Royal Antwerp FC,FK Shakhtar Donetsk,2,False
2023-10-04,20:00,Champions League,Celtic FC,SS Lazio,2,False
2023-10-04,20:00,Champions League,Borussia Dortmund,AC Milan,2,False
2023-10-04,20:00,Champions League,Newcastle United FC,Paris Saint-Germain FC,2,False
2023-10-04,20:00,Champions League,FK Crvena Zvezda,BSC Young Boys,2,False
2023-10-04,20:00,Champions League,RB Leipzig,Manchester City FC,2,False
2023-10-04,20:00,Champions League,FC Porto,FC Barcelona,2,False
2023-10-06,19:30,Bundesliga,Borussia Mönchengladbach,1. FSV Mainz 05,1,False
2023-10-06,20:00,La Liga,Athletic Club,UD Almería,1,False
2023-10-07,12:30,Premier League,Luton Town FC,Tottenham Hotspur FC,1,False
2023-10-07,13:00,La Liga,Cádiz CF,Girona FC,1,False
2023-10-07,14:30,Bundesliga,Borussia Dortmund,1. FC Union Berlin,1,False
2023-10-07,14:30,Bundesliga,RB Leipzig,VfL Bochum 1848,1,False
2023-10-07,14:30,Bundesliga,FC Augsburg,SV Darmstadt 98,1,False
2023-10-07,14:30,Bundesliga,VfB Stuttgart,VfL Wolfsburg,1,False
2023-10-07,15:00,Premier League,Burnley FC,Chelsea FC,1,False
2023-10-07,15:00,Premier League,Everton FC,AFC Bournemouth,1,False
2023-10-07,15:00,Premier League,Fulham FC,Sheffield United FC,1,False
2023-10-07,15:00,Premier League,Manchester United FC,Brentford FC,1,False
2023-10-07,15:15,La Liga,Real Madrid CF,CA Osasuna,1,False
2023-10-07,17:30,Premier League,Crystal Palace FC,Nottingham Forest FC,1,False
2023-10-07,17:30,Bundesliga,SV Werder Bremen,TSG 1899 Hoffenheim,1,False
2023-10-07,17:30,La Liga,RCD Mallorca,Valencia CF,1,False
2023-10-07,20:00,La Liga,Sevilla FC,Rayo Vallecano de Madrid,1,False
2023-10-08,13:00,La Liga,Villarreal CF,UD Las Palmas,1,False
2023-10-08,14:00,Premier League,Brighton & Hove Albion FC,Liverpool FC,1,False
2023-10-08,14:00,Premier League,West Ham United FC,Newcastle United FC,1,False
2023-10-08,14:00,Premier League,Wolverhampton Wanderers FC,Aston Villa FC,1,False
2023-10-08,14:30,Bundesliga,Bayer 04 Leverkusen,1. FC Köln,1,False
2023-10-08,15:15,La Liga,Club Atlético de Madrid,Real Sociedad de Fútbol,1,False
2023-10-08,16:30,Premier League,Arsenal FC,Manchester City FC,2,False
2023-10-08,16:30,Bundesliga,FC Bayern München,SC Freiburg,1,False
2023-10-08,17:30,La Liga,RC Celta de Vigo,Getafe CF,1,False
2023-10-08,17:30,La Liga,Deportivo Alavés,Real Betis Balompié,1,False
2023-10-08,18:30,Bundesliga,Eintracht Frankfurt,1. FC Heidenheim 1846,1,False
2023-10-08,20:00,La Liga,Granada CF,FC Barcelona,1,False
2023-10-20,19:30,Bundesliga,Borussia Dortmund,SV Werder Bremen,1,False
2023-10-20,20:00,La Liga,CA Osasuna,Granada CF,1,False
2023-10-21,12:30,Premier League,Liverpool FC,Everton FC,1,False
2023-10-21,13:00,La Liga,Real Sociedad de Fútbol,RCD Mallorca,1,False
2023-10-21,14:30,Bundesliga,TSG 1899 Hoffenheim,Eintracht Frankfurt,1,False
2023-10-21,14:30,Bundesliga,SV Darmstadt 98,RB Leipzig,1,False
2023-10-21,14:30,Bundesliga,1. FC Union Berlin,VfB Stuttgart,1,False
2023-10-21,14:30,Bundesliga,SC Freiburg,VfL Bochum 1848,1,False
2023-10-21,14:30,Bundesliga,VfL Wolfsburg,Bayer 04 Leverkusen,1,False
2023-10-21,15:00,Premier League,AFC Bournemouth,Wolverhampton Wanderers FC,1,False
2023-10-21,15:00,Premier League,Brentford FC,Burnley FC,1,False
2023-10-21,15:00,Premier League,Manchester City FC,Brighton & Hove Albion FC,1,False
2023-10-21,15:00,Premier League,Newcastle United FC,Crystal Palace FC,1,False
2023-10-21,15:00,Premier League,Nottingham Forest FC,Luton Town FC,1,False
2023-10-21,15:15,La Liga,Getafe CF,Real Betis Balompié,1,False
2023-10-21,17:30,Premier League,Chelsea FC,Arsenal FC,2,False
2023-10-21,17:30,Bundesliga,1. FSV Mainz 05,FC Bayern München,1,False
2023-10-21,17:30,La Liga,Sevilla FC,Real Madrid CF,1,False
2023-10-21,20:00,Premier League,Sheffield United FC,Manchester United FC,1,False
2023-10-21,20:00,La Liga,RC Celta de Vigo,Club Atlético de Madrid,1,False
2023-10-22,13:00,La Liga,UD Las Palmas,Rayo Vallecano de Madrid,1,False
2023-10-22,14:30,Bundesliga,1. FC Köln,Borussia Mönchengladbach,1,False
2023-10-22,15:15,La Liga,Girona FC,UD Almería,1,False
2023-10-22,16:30,Premier League,Aston Villa FC,West Ham United FC,1,False
2023-10-22,16:30,Bundesliga,1. FC Heidenheim 1846,FC Augsburg,1,False
2023-10-22,17:30,La Liga,Villarreal CF,Deportivo Alavés,1,False
2023-10-22,20:00,La Liga,FC Barcelona,Athletic Club,1,False
2023-10-23,20:00,Premier League,Tottenham Hotspur FC,Fulham FC,1,False
2023-10-23,20:00,La Liga,Valencia CF,Cádiz CF,1,False
2023-10-24,17:45,Champions League,FC Internazionale Milano,FC Red Bull Salzburg,2,False
2023-10-24,17:45,Champions League,Galatasaray SK,FC Bayern München,2,False
2023-10-24,20:00,Champions League,1. FC Union Berlin,SSC Napoli,2,False
2023-10-24,20:00,Champions League,Sporting Clube de Braga,Real Madrid CF,2,False
2023-10-24,20:00,Champions League,Sport Lisboa e Benfica,Real Sociedad de Fútbol,2,False
2023-10-24,20:00,Champions League,Manchester United FC,FC København,2,False
2023-10-24,20:00,Champions League,Sevilla FC,Arsenal FC,2,False
2023-10-24,20:00,Champions League,Racing Club de Lens,PSV,2,False
2023-10-25,17:45,Champions League,Feyenoord Rotterdam,SS Lazio,2,False
2023-10-25,17:45,Champions League,FC Barcelona,FK Shakhtar Donetsk,2,False
2023-10-25,20:00,Champions League,Celtic FC,Club Atlético de Madrid,2,False
2023-10-25,20:00,Champions League,Paris Saint-Germain FC,AC Milan,2,False
2023-10-25,20:00,Champions League,Newcastle United FC,Borussia Dortmund,2,False
2023-10-25,20:00,Champions League,BSC Young Boys,Manchester City FC,2,False
2023-10-25,20:00,Champions League,RB Leipzig,FK Crvena Zvezda,2,False
2023-10-25,20:00,Champions League,Royal Antwerp FC,FC Porto,2,False
2023-10-27,19:30,Bundesliga,VfL Bochum 1848,1. FSV Mainz 05,1,False
2023-10-27,20:00,Premier League,Crystal Palace FC,Tottenham Hotspur FC,1,False
2023-10-27,20:00,La Liga,Girona FC,RC Celta de Vigo,1,False
2023-10-28,12:30,Premier League,Chelsea FC,Brentford FC,1,False
2023-10-28,13:00,La Liga,UD Almería,UD Las Palmas,1,False
2023-10-28,14:30,Bundesliga,FC Bayern München,SV Darmstadt 98,1,False
2023-10-28,14:30,Bundesliga,Borussia Mönchengladbach,1. FC Heidenheim 1846,1,False
2023-10-28,14:30,Bundesliga,SV Werder Bremen,1. FC Union Berlin,1,False
2023-10-28,14:30,Bundesliga,FC Augsburg,VfL Wolfsburg,1,False
2023-10-28,14:30,Bundesliga,VfB Stuttgart,TSG 1899 Hoffenheim,1,False
2023-10-28,15:00,Premier League,AFC Bournemouth,Burnley FC,1,False
2023-10-28,15:00,Premier League,Arsenal FC,Sheffield United FC,1,False
2023-10-28,15:15,La Liga,FC Barcelona,Real Madrid CF,1,False
2023-10-28,17:30,Premier League,Wolverhampton Wanderers FC,Newcastle United FC,1,False
2023-10-28,17:30,Bundesliga,RB Leipzig,1. FC Köln,1,False
2023-10-28,17:30,La Liga,RCD Mallorca,Getafe CF,1,False
2023-10-28,20:00,La Liga,Cádiz CF,Sevilla FC,1,False
2023-10-29,14:00,Premier League,West Ham United FC,Everton FC,1,False
2023-10-29,14:00,La Liga,Real Betis Balompié,CA Osasuna,1,False
2023-10-29,15:00,Premier League,Aston Villa FC,Luton Town FC,1,False
2023-10-29,15:00,Premier League,Brighton & Hove Albion FC,Fulham FC,1,False
2023-10-29,15:00,Premier League,Liverpool FC,Nottingham Forest FC,1,False
2023-10-29,15:30,Bundesliga,Eintracht Frankfurt,Borussia Dortmund,1,False
2023-10-29,16:15,La Liga,Rayo Vallecano de Madrid,Real Sociedad de Fútbol,1,False
2023-10-29,16:30,Premier League,Manchester United FC,Manchester City FC,2,False
2023-10-29,17:30,Bundesliga,Bayer 04 Leverkusen,SC Freiburg,1,False
2023-10-29,18:30,La Liga,Athletic Club,Valencia CF,1,False
2023-10-29,21:00,La Liga,Club Atlético de Madrid,Deportivo Alavés,1,False
2023-10-30,21:00,La Liga,Granada CF,Villarreal CF,1,False
2023-11-03,20:30,Bundesliga,SV Darmstadt 98,VfL Bochum 1848,1,False
2023-11-03,21:00,La Liga,UD Las Palmas,Club Atlético de Madrid,1,False
2023-11-04,13:30,Premier League,Fulham FC,Manchester United FC,1,False
2023-11-04,14:00,La Liga,CA Osasuna,Girona FC,1,False
2023-11-04,15:30,Bundesliga,1. FC Union Berlin,Eintracht Frankfurt,1,False
2023-11-04,15:30,Bundesliga,SC Freiburg,Borussia Mönchengladbach,1,False
2023-11-04,15:30,Bundesliga,1. FSV Mainz 05,RB Leipzig,1,False
2023-11-04,15:30,Bundesliga,1. FC Köln,FC Augsburg,1,False
2023-11-04,15:30,Bundesliga,TSG 1899 Hoffenheim,Bayer 04 Leverkusen,1,False
2023-11-04,16:00,Premier League,Brentford FC,West Ham United FC,1,False
2023-11-04,16:00,Premier League,Burnley FC,Crystal Palace FC,1,False
2023-11-04,16:00,Premier League,Everton FC,Brighton & Hove Albion FC,1,False
2023-11-04,16:00,Premier League,Manchester City FC,AFC Bournemouth,1,False
2023-11-04,16:00,Premier League,Sheffield United FC,Wolverhampton Wanderers FC,1,False
2023-11-04,16:15,La Liga,Real Betis Balompié,RCD Mallorca,1,False
2023-11-04,18:30,Premier League,Newcastle United FC,Arsenal FC,1,False
2023-11-04,18:30,Bundesliga,Borussia Dortmund,FC Bayern München,1,False
2023-11-04,18:30,La Liga,RC Celta de Vigo,Sevilla FC,1,False
2023-11-04,21:00,La Liga,Real Sociedad de Fútbol,FC Barcelona,1,False
2023-11-05,14:00,La Liga,Deportivo Alavés,UD Almería,1,False
2023-11-05,15:00,Premier League,Nottingham Forest FC,Aston Villa FC,1,False
2023-11-05,15:30,Bundesliga,VfL Wolfsburg,SV Werder Bremen,1,False
2023-11-05,16:15,La Liga,Valencia CF,Granada CF,1,False
2023-11-05,17:30,Premier League,Luton Town FC,Liverpool FC,1,False
2023-11-05,17:30,Bundesliga,1. FC Heidenheim 1846,VfB Stuttgart,1,False
2023-11-05,18:30,La Liga,Villarreal CF,Athletic Club,1,False
2023-11-05,21:00,La Liga,Real Madrid CF,Rayo Vallecano de Madrid,1,False
2023-11-06,21:00,Premier League,Tottenham Hotspur FC,Chelsea FC,2,False
2023-11-06,21:00,La Liga,Getafe CF,Cádiz CF,1,False
2023-11-07,18:45,Champions League,Borussia Dortmund,Newcastle United FC,2,False
2023-11-07,18:45,Champions League,FK Shakhtar Donetsk,FC Barcelona,2,False
2023-11-07,21:00,Champions League,Club Atlético de Madrid,Celtic FC,2,False
2023-11-07,21:00,Champions League,SS Lazio,Feyenoord Rotterdam,2,False
2023-11-07,21:00,Champions League,AC Milan,Paris Saint-Germain FC,2,False
2023-11-07,21:00,Champions League,Manchester City FC,BSC Young Boys,2,False
2023-11-07,21:00,Champions League,FK Crvena Zvezda,RB Leipzig,2,False
2023-11-07,21:00,Champions League,FC Porto,Royal Antwerp FC,2,False
2023-11-08,18:45,Champions League,SSC Napoli,1. FC Union Berlin,2,False
2023-11-08,18:45,Champions League,Real Sociedad de Fútbol,Sport Lisboa e Benfica,2,False
2023-11-08,21:00,Champions League,Real Madrid CF,Sporting Clube de Braga,2,False
2023-11-08,21:00,Champions League,FC Red Bull Salzburg,FC Internazionale Milano,2,False
2023-11-08,21:00,Champions League,FC Bayern München,Galatasaray SK,2,False
2023-11-08,21:00,Champions League,FC København,Manchester United FC,2,False
2023-11-08,21:00,Champions League,Arsenal FC,Sevilla FC,2,False
2023-11-08,21:00,Champions League,PSV,Racing Club de Lens,2,False
2023-11-10,20:30,Bundesliga,Borussia Mönchengladbach,VfL Wolfsburg,1,False
2023-11-10,21:00,La Liga,Athletic Club,RC Celta de Vigo,1,False
2023-11-11,13:30,Premier League,Wolverhampton Wanderers FC,Tottenham Hotspur FC,1,False
2023-11-11,14:00,La Liga,Rayo Vallecano de Madrid,Girona FC,1,False
2023-11-11,15:30,Bundesliga,FC Bayern München,1. FC Heidenheim 1846,1,False
2023-11-11,15:30,Bundesliga,FC Augsburg,TSG 1899 Hoffenheim,1,False
2023-11-11,15:30,Bundesliga,VfB Stuttgart,Borussia Dortmund,1,False
2023-11-11,15:30,Bundesliga,SV Darmstadt 98,1. FSV Mainz 05,1,False
2023-11-11,16:00,Premier League,Arsenal FC,Burnley FC,1,False
2023-11-11,16:00,Premier League,Crystal Palace FC,Everton FC,1,False
2023-11-11,16:00,Premier League,Manchester United FC,Luton Town FC,1,False
2023-11-11,16:15,La Liga,UD Almería,Real Sociedad de Fútbol,1,False
2023-11-11,18:30,Premier League,AFC Bournemouth,Newcastle United FC,1,False
2023-11-11,18:30,Bundesliga,VfL Bochum 1848,1. FC Köln,1,False
2023-11-11,18:30,La Liga,CA Osasuna,UD Las Palmas,1,False
2023-11-11,18:30,La Liga,Granada CF,Getafe CF,1,False
2023-11-11,21:00,La Liga,Real Madrid CF,Valencia CF,1,False
2023-11-12,15:00,Premier League,Aston Villa FC,Fulham FC,1,False
2023-11-12,15:00,Premier League,Brighton & Hove Albion FC,Sheffield United FC,1,False
2023-11-12,15:00,Premier League,Liverpool FC,Brentford FC,1,False
2023-11-12,15:00,Premier League,West Ham United FC,Nottingham Forest FC,1,False
2023-11-12,15:30,Bundesliga,Bayer 04 Leverkusen,1. FC Union Berlin,1,False
2023-11-12,16:15,La Liga,FC Barcelona,Deportivo Alavés,1,False
2023-11-12,17:30,Premier League,Chelsea FC,Manchester City FC,2,False
2023-11-12,17:30,Bundesliga,SV Werder Bremen,Eintracht Frankfurt,1,False
2023-11-12,18:30,La Liga,Sevilla FC,Real Betis Balompié,1,False
2023-11-12,19:30,Bundesliga,RB Leipzig,SC Freiburg,1,False
2023-11-12,21:00,La Liga,Club Atlético de Madrid,Villarreal CF,1,False
2023-11-24,20:30,Bundesliga,1. FC Köln,FC Bayern München,1,False
2023-11-24,21:00,La Liga,Deportivo Alavés,Granada CF,1,False
2023-11-25,13:30,Premier League,Manchester City FC,Liverpool FC,2,False
2023-11-25,14:00,La Liga,Rayo Vallecano de Madrid,FC Barcelona,1,False
2023-11-25,15:30,Bundesliga,Borussia Dortmund,Borussia Mönchengladbach,1,False
2023-11-25,15:30,Bundesliga,1. FC Union Berlin,FC Augsburg,1,False
2023-11-25,15:30,Bundesliga,SC Freiburg,SV Darmstadt 98,1,False
2023-11-25,15:30,Bundesliga,VfL Wolfsburg,RB Leipzig,1,False
2023-11-25,15:30,Bundesliga,SV Werder Bremen,Bayer 04 Leverkusen,1,False
2023-11-25,16:00,Premier League,Burnley FC,West Ham United FC,1,False
2023-11-25,16:00,Premier League,Luton Town FC,Crystal Palace FC,1,False
2023-11-25,16:00,Premier League,Newcastle United FC,Chelsea FC,1,False
2023-11-25,16:00,Premier League,Nottingham Forest FC,Brighton & Hove Albion FC,1,False
2023-11-25,16:00,Premier League,Sheffield United FC,AFC Bournemouth,1,False
2023-11-25,16:15,La Liga,Valencia CF,RC Celta de Vigo,1,False
2023-11-25,18:30,Premier League,Brentford FC,Arsenal FC,1,False
2023-11-25,18:30,Bundesliga,Eintracht Frankfurt,VfB Stuttgart,1,False
2023-11-25,18:30,La Liga,Getafe CF,UD Almería,1,False
2023-11-25,21:00,La Liga,Club Atlético de Madrid,RCD Mallorca,1,False
2023-11-26,14:00,La Liga,Villarreal CF,CA Osasuna,1,False
2023-11-26,15:00,Premier League,Tottenham Hotspur FC,Aston Villa FC,1,False
2023-11-26,15:30,Bundesliga,1. FC Heidenheim 1846,VfL Bochum 1848,1,False
2023-11-26,16:15,La Liga,Real Sociedad de Fútbol,Sevilla FC,1,False
2023-11-26,17:30,Premier League,Everton FC,Manchester United FC,1,False
2023-11-26,17:30,Bundesliga,TSG 1899 Hoffenheim,1. FSV Mainz 05,1,False
2023-11-26,18:30,La Liga,Cádiz CF,Real Madrid CF,1,False
2023-11-26,21:00,La Liga,Real Betis Balompié,UD Las Palmas,1,False
2023-11-27,21:00,Premier League,Fulham FC,Wolverhampton Wanderers FC,1,False
2023-11-27,21:00,La Liga,Girona FC,Athletic Club,1,False
2023-11-28,18:45,Champions League,SS Lazio,Celtic FC,2,False
2023-11-28,18:45,Champions League,FK Shakhtar Donetsk,Royal Antwerp FC,2,False
2023-11-28,21:00,Champions League,Feyenoord Rotterdam,Club Atlético de Madrid,2,False
2023-11-28,21:00,Champions League,AC Milan,Borussia Dortmund,2,False
2023-11-28,21:00,Champions League,Paris Saint-Germain FC,Newcastle United FC,2,False
2023-11-28,21:00,Champions League,BSC Young Boys,FK Crvena Zvezda,2,False
2023-11-28,21:00,Champions League,Manchester City FC,RB Leipzig,2,False
2023-11-28,21:00,Champions League,FC Barcelona,FC Porto,2,False
2023-11-29,18:45,Champions League,Galatasaray SK,Manchester United FC,2,False
2023-11-29,18:45,Champions League,Sevilla FC,PSV,2,False
2023-11-29,21:00,Champions League,Sporting Clube de Braga,1. FC Union Berlin,2,False
2023-11-29,21:00,Champions League,Real Madrid CF,SSC Napoli,2,False
2023-11-29,21:00,Champions League,Sport Lisboa e Benfica,FC Internazionale Milano,2,False
2023-11-29,21:00,Champions League,Real Sociedad de Fútbol,FC Red Bull Salzburg,2,False
2023-11-29,21:00,Champions League,FC Bayern München,FC København,2,False
2023-11-29,21:00,Champions League,Arsenal FC,Racing Club de Lens,2,False
2023-11-29,21:00,La Liga,RCD Mallorca,Cádiz CF,1,False
2023-12-01,20:30,Bundesliga,SV Darmstadt 98,1. FC Köln,1,False
2023-12-01,21:00,La Liga,UD Las Palmas,Getafe CF,1,False
2023-12-02,14:00,La Liga,Girona FC,Valencia CF,1,False
2023-12-02,15:30,Bundesliga,RB Leipzig,1. FC Heidenheim 1846,1,False
2023-12-02,15:30,Bundesliga,Borussia Mönchengladbach,TSG 1899 Hoffenheim,1,False
2023-12-02,15:30,Bundesliga,VfL Bochum 1848,VfL Wolfsburg,1,False
2023-12-02,16:00,Premier League,Arsenal FC,Wolverhampton Wanderers FC,1,False
2023-12-02,16:00,Premier League,Brentford FC,Luton Town FC,1,False
2023-12-02,16:00,Premier League,Burnley FC,Sheffield United FC,1,False
2023-12-02,16:15,La Liga,Athletic Club,Rayo Vallecano de Madrid,1,False
2023-12-02,18:30,Premier League,Nottingham Forest FC,Everton FC,1,False
2023-12-02,18:30,Bundesliga,VfB Stuttgart,SV Werder Bremen,1,False
2023-12-02,18:30,La Liga,Real Madrid CF,Granada CF,1,False
2023-12-02,21:00,Premier League,Newcastle United FC,Manchester United FC,1,False
2023-12-02,21:00,La Liga,CA Osasuna,Real Sociedad de Fútbol,1,False
2023-12-03,14:00,La Liga,RCD Mallorca,Deportivo Alavés,1,False
2023-12-03,15:00,Premier League,AFC Bournemouth,Aston Villa FC,1,False
2023-12-03,15:00,Premier League,Chelsea FC,Brighton & Hove Albion FC,1,False
2023-12-03,15:00,Premier League,Liverpool FC,Fulham FC,1,False
2023-12-03,15:00,Premier League,West Ham United FC,Crystal Palace FC,1,False
2023-12-03,15:30,Bundesliga,1. FSV Mainz 05,SC Freiburg,1,False
2023-12-03,16:15,La Liga,UD Almería,Real Betis Balompié,1,False
2023-12-03,17:30,Premier League,Manchester City FC,Tottenham Hotspur FC,2,False
2023-12-03,17:30,Bundesliga,Bayer 04 Leverkusen,Borussia Dortmund,1,False
2023-12-03,18:30,La Liga,Sevilla FC,Villarreal CF,1,False
2023-12-03,19:30,Bundesliga,FC Augsburg,Eintracht Frankfurt,1,False
2023-12-03,21:00,La Liga,FC Barcelona,Club Atlético de Madrid,1,False
2023-12-04,21:00,La Liga,RC Celta de Vigo,Cádiz CF,1,False
2023-12-05,20:30,Premier League,Wolverhampton Wanderers FC,Burnley FC,1,False
2023-12-05,21:15,Premier League,Luton Town FC,Arsenal FC,1,False
2023-12-06,20:30,Premier League,Brighton & Hove Albion FC,Brentford FC,1,False
2023-12-06,20:30,Premier League,Fulham FC,Nottingham Forest FC,1,False
2023-12-06,20:30,Premier League,Sheffield United FC,Liverpool FC,1,False
2023-12-06,20:30,Premier League,Crystal Palace FC,AFC Bournemouth,1,False
2023-12-06,21:15,Premier League,Aston Villa FC,Manchester City FC,1,False
2023-12-06,21:15,Premier League,Manchester United FC,Chelsea FC,2,False
2023-12-07,20:30,Premier League,Everton FC,Newcastle United FC,1,False
2023-12-07,21:15,Premier League,Tottenham Hotspur FC,West Ham United FC,1,False
2023-12-08,20:30,Bundesliga,TSG 1899 Hoffenheim,VfL Bochum 1848,1,False
2023-12-08,21:00,La Liga,Getafe CF,Valencia CF,1,False
2023-12-09,13:30,Premier League,Crystal Palace FC,Liverpool FC,1,False
2023-12-09,14:00,La Liga,Deportivo Alavés,UD Las Palmas,1,False
2023-12-09,15:30,Bundesliga,1. FC Union Berlin,Borussia Mönchengladbach,1,False
2023-12-09,15:30,Bundesliga,Eintracht Frankfurt,FC Bayern München,1,False
2023-12-09,15:30,Bundesliga,VfL Wolfsburg,SC Freiburg,1,False
2023-12-09,15:30,Bundesliga,SV Werder Bremen,FC Augsburg,1,False
2023-12-09,15:30,Bundesliga,1. FC Heidenheim 1846,SV Darmstadt 98,1,False
2023-12-09,16:00,Premier League,Brighton & Hove Albion FC,Burnley FC,1,False
2023-12-09,16:00,Premier League,Manchester United FC,AFC Bournemouth,1,False
2023-12-09,16:00,Premier League,Sheffield United FC,Brentford FC,1,False
2023-12-09,16:00,Premier League,Wolverhampton Wanderers FC,Nottingham Forest FC,1,False
2023-12-09,16:15,La Liga,Real Betis Balompié,Real Madrid CF,1,False
2023-12-09,18:30,Premier League,Aston Villa FC,Arsenal FC,1,False
2023-12-09,18:30,Bundesliga,Borussia Dortmund,RB Leipzig,1,False
2023-12-09,18:30,La Liga,Villarreal CF,Real Sociedad de Fútbol,1,False
2023-12-09,21:00,La Liga,RCD Mallorca,Sevilla FC,1,False
2023-12-10,14:00,La Liga,Club Atlético de Madrid,UD Almería,1,False
2023-12-10,15:00,Premier League,Everton FC,Chelsea FC,1,False
2023-12-10,15:00,Premier League,Fulham FC,West Ham United FC,1,False
2023-12-10,15:00,Premier League,Luton Town FC,Manchester City FC,1,False
2023-12-10,15:30,Bundesliga,VfB Stuttgart,Bayer 04 Leverkusen,1,False
2023-12-10,17:30,Premier League,Tottenham Hotspur FC,Newcastle United FC,1,False
2023-12-10,17:30,Bundesliga,1. FC Köln,1. FSV Mainz 05,1,False
2023-12-10,18:30,La Liga,Cádiz CF,CA Osasuna,1,False
2023-12-10,21:00,La Liga,FC Barcelona,Girona FC,1,False
2023-12-11,21:00,La Liga,Granada CF,Athletic Club,1,False
2023-12-11,21:00,La Liga,Rayo Vallecano de Madrid,RC Celta de Vigo,1,False
2023-12-12,18:45,Champions League,PSV,Arsenal FC,2,False
2023-12-12,18:45,Champions League,Racing Club de Lens,Sevilla FC,2,False
2023-12-12,21:00,Champions League,1. FC Union Berlin,Real Madrid CF,2,False
2023-12-12,21:00,Champions League,SSC Napoli,Sporting Clube de Braga,2,False
2023-12-12,21:00,Champions League,FC Internazionale Milano,Real Sociedad de Fútbol,2,False
2023-12-12,21:00,Champions League,FC Red Bull Salzburg,Sport Lisboa e Benfica,2,False
2023-12-12,21:00,Champions League,Manchester United FC,FC Bayern München,2,False
2023-12-12,21:00,Champions League,FC København,Galatasaray SK,2,False
2023-12-13,18:45,Champions League,RB Leipzig,BSC Young Boys,2,False
2023-12-13,18:45,Champions League,FK Crvena Zvezda,Manchester City FC,2,False
2023-12-13,21:00,Champions League,Club Atlético de Madrid,SS Lazio,2,False
2023-12-13,21:00,Champions League,Celtic FC,Feyenoord Rotterdam,2,False
2023-12-13,21:00,Champions League,Newcastle United FC,AC Milan,2,False
2023-12-13,21:00,Champions League,Borussia Dortmund,Paris Saint-Germain FC,2,False
2023-12-13,21:00,Champions League,Royal Antwerp FC,FC Barcelona,2,False
2023-12-13,21:00,Champions League,FC Porto,FK Shakhtar Donetsk,2,False
2023-12-15,20:30,Bundesliga,Borussia Mönchengladbach,SV Werder Bremen,1,False
2023-12-15,21:00,Premier League,Nottingham Forest FC,Tottenham Hotspur FC,1,False
2023-12-15,21:00,La Liga,CA Osasuna,Rayo Vallecano de Madrid,1,False
2023-12-16,14:00,La Liga,RC Celta de Vigo,Granada CF,1,False
2023-12-16,15:30,Bundesliga,1. FSV Mainz 05,1. FC Heidenheim 1846,1,False
2023-12-16,15:30,Bundesliga,VfL Bochum 1848,1. FC Union Berlin,1,False
2023-12-16,15:30,Bundesliga,FC Augsburg,Borussia Dortmund,1,False
2023-12-16,15:30,Bundesliga,SV Darmstadt 98,VfL Wolfsburg,1,False
2023-12-16,16:00,Premier League,Chelsea FC,Sheffield United FC,1,False
2023-12-16,16:00,Premier League,Manchester City FC,Crystal Palace FC,1,False
2023-12-16,16:00,Premier League,Newcastle United FC,Fulham FC,1,False
2023-12-16,16:15,La Liga,Athletic Club,Club Atlético de Madrid,1,False
2023-12-16,18:30,Premier League,Burnley FC,Everton FC,1,False
2023-12-16,18:30,Bundesliga,RB Leipzig,TSG 1899 Hoffenheim,1,False
2023-12-16,18:30,La Liga,Sevilla FC,Getafe CF,1,False
2023-12-16,21:00,La Liga,Valencia CF,FC Barcelona,1,False
2023-12-17,14:00,La Liga,UD Almería,RCD Mallorca,1,False
2023-12-17,15:00,Premier League,Arsenal FC,Brighton & Hove Albion FC,1,False
2023-12-17,15:00,Premier League,Brentford FC,Aston Villa FC,1,False
2023-12-17,15:00,Premier League,West Ham United FC,Wolverhampton Wanderers FC,1,False
2023-12-17,15:30,Bundesliga,SC Freiburg,1. FC Köln,1,False
2023-12-17,16:15,La Liga,Real Sociedad de Fútbol,Real Betis Balompié,1,False
2023-12-17,17:30,Premier League,Liverpool FC,Manchester United FC,2,False
2023-12-17,17:30,Bundesliga,Bayer 04 Leverkusen,Eintracht Frankfurt,1,False
2023-12-17,18:30,La Liga,UD Las Palmas,Cádiz CF,1,False
2023-12-17,19:30,Bundesliga,FC Bayern München,VfB Stuttgart,1,False
2023-12-17,21:00,La Liga,Real Madrid CF,Villarreal CF,1,False
2023-12-18,21:00,La Liga,Girona FC,Deportivo Alavés,1,False
2023-12-19,18:30,Bundesliga,SV Werder Bremen,RB Leipzig,1,False
2023-12-19,19:00,La Liga,Rayo Vallecano de Madrid,Valencia CF,1,False
2023-12-19,20:30,Bundesliga,Borussia Dortmund,1. FSV Mainz 05,1,False
2023-12-19,20:30,Bundesliga,TSG 1899 Hoffenheim,SV Darmstadt 98,1,False
2023-12-19,21:30,La Liga,Club Atlético de Madrid,Getafe CF,1,False
2023-12-19,21:30,La Liga,Granada CF,Sevilla FC,1,False
2023-12-20,18:30,Bundesliga,1. FC Union Berlin,1. FC Köln,1,False
2023-12-20,19:00,La Liga,FC Barcelona,UD Almería,1,False
2023-12-20,20:30,Bundesliga,Bayer 04 Leverkusen,VfL Bochum 1848,1,False
2023-12-20,20:30,Bundesliga,Eintracht Frankfurt,Borussia Mönchengladbach,1,False
2023-12-20,20:30,Bundesliga,VfL Wolfsburg,FC Bayern München,1,False
2023-12-20,20:30,Bundesliga,VfB Stuttgart,FC Augsburg,1,False
2023-12-20,20:30,Bundesliga,1. FC Heidenheim 1846,SC Freiburg,1,False
2023-12-20,21:30,La Liga,Athletic Club,UD Las Palmas,1,False
2023-12-20,21:30,La Liga,Villarreal CF,RC Celta de Vigo,1,False
2023-12-21,19:00,La Liga,Real Betis Balompié,Girona FC,1,False
2023-12-21,19:00,La Liga,Cádiz CF,Real Sociedad de Fútbol,1,False
2023-12-21,21:00,Premier League,Crystal Palace FC,Brighton & Hove Albion FC,1,False
2023-12-21,21:30,La Liga,Deportivo Alavés,Real Madrid CF,1,False
2023-12-21,21:30,La Liga,RCD Mallorca,CA Osasuna,1,False
2023-12-22,21:00,Premier League,Aston Villa FC,Sheffield United FC,1,False
2023-12-23,13:30,Premier League,West Ham United FC,Manchester United FC,1,False
2023-12-23,16:00,Premier League,Fulham FC,Burnley FC,1,False
2023-12-23,16:00,Premier League,Luton Town FC,Newcastle United FC,1,False
2023-12-23,16:00,Premier League,Nottingham Forest FC,AFC Bournemouth,1,False
2023-12-23,16:00,Premier League,Tottenham Hotspur FC,Everton FC,1,False
2023-12-23,16:15,La Liga,Club Atlético de Madrid,Sevilla FC,1,False
2023-12-23,18:30,Premier League,Liverpool FC,Arsenal FC,2,False
2023-12-24,14:00,Premier League,Wolverhampton Wanderers FC,Chelsea FC,1,False
2023-12-26,13:30,Premier League,Newcastle United FC,Nottingham Forest FC,1,False
2023-12-26,16:00,Premier League,AFC Bournemouth,Fulham FC,1,False
2023-12-26,16:00,Premier League,Sheffield United FC,Luton Town FC,1,False
2023-12-26,18:30,Premier League,Burnley FC,Liverpool FC,1,False
2023-12-26,21:00,Premier League,Manchester United FC,Aston Villa FC,1,False
2023-12-27,20:30,Premier League,Brentford FC,Wolverhampton Wanderers FC,1,False
2023-12-27,20:30,Premier League,Chelsea FC,Crystal Palace FC,1,False
2023-12-27,21:15,Premier League,Everton FC,Manchester City FC,1,False
2023-12-28,20:30,Premier League,Brighton & Hove Albion FC,Tottenham Hotspur FC,1,False
2023-12-28,21:15,Premier League,Arsenal FC,West Ham United FC,1,False
2023-12-30,13:30,Premier League,Luton Town FC,Chelsea FC,1,False
2023-12-30,16:00,Premier League,Aston Villa FC,Burnley FC,1,False
2023-12-30,16:00,Premier League,Crystal Palace FC,Brentford FC,1,False
2023-12-30,16:00,Premier League,Manchester City FC,Sheffield United FC,1,False
2023-12-30,16:00,Premier League,Wolverhampton Wanderers FC,Everton FC,1,False
2023-12-30,18:30,Premier League,Nottingham Forest FC,Manchester United FC,1,False
2023-12-31,15:00,Premier League,Fulham FC,Arsenal FC,1,False
2023-12-31,15:00,Premier League,Tottenham Hotspur FC,AFC Bournemouth,1,False
2024-01-01,21:00,Premier League,Liverpool FC,Newcastle United FC,1,False
2024-01-02,17:00,La Liga,Getafe CF,Rayo Vallecano de Madrid,1,False
2024-01-02,19:15,La Liga,Real Sociedad de Fútbol,Deportivo Alavés,1,False
2024-01-02,20:30,Premier League,West Ham United FC,Brighton & Hove Albion FC,1,False
2024-01-02,21:30,La Liga,Valencia CF,Villarreal CF,1,False
2024-01-03,17:00,La Liga,Granada CF,Cádiz CF,1,False
2024-01-03,19:15,La Liga,RC Celta de Vigo,Real Betis Balompié,1,False
2024-01-03,19:15,La Liga,Real Madrid CF,RCD Mallorca,1,False
2024-01-03,21:30,La Liga,Girona FC,Club Atlético de Madrid,1,False
2024-01-04,17:00,La Liga,CA Osasuna,UD Almería,1,False
2024-01-04,19:15,La Liga,Sevilla FC,Athletic Club,1,False
2024-01-04,21:30,La Liga,UD Las Palmas,FC Barcelona,1,False
2024-01-12,20:30,Bundesliga,FC Bayern München,TSG 1899 Hoffenheim,1,False
2024-01-12,20:45,Premier League,Burnley FC,Luton Town FC,1,False
2024-01-12,21:00,La Liga,Sevilla FC,Deportivo Alavés,1,False
2024-01-13,13:30,Premier League,Chelsea FC,Fulham FC,1,False
2024-01-13,14:00,La Liga,UD Las Palmas,Villarreal CF,1,False
2024-01-13,15:30,Bundesliga,RB Leipzig,Eintracht Frankfurt,1,False
2024-01-13,15:30,Bundesliga,SC Freiburg,1. FC Union Berlin,1,False
2024-01-13,15:30,Bundesliga,1. FSV Mainz 05,VfL Wolfsburg,1,False
2024-01-13,15:30,Bundesliga,1. FC Köln,1. FC Heidenheim 1846,1,False
2024-01-13,15:30,Bundesliga,FC Augsburg,Bayer 04 Leverkusen,1,False
2024-01-13,16:15,La Liga,RCD Mallorca,RC Celta de Vigo,1,False
2024-01-13,18:30,Premier League,Newcastle United FC,Manchester City FC,1,False
2024-01-13,18:30,Bundesliga,SV Darmstadt 98,Borussia Dortmund,1,False
2024-01-13,18:30,La Liga,Athletic Club,Real Sociedad de Fútbol,1,False
2024-01-13,21:00,La Liga,Real Betis Balompié,Granada CF,1,False
2024-01-14,14:00,La Liga,UD Almería,Girona FC,1,False
2024-01-14,15:00,Premier League,Everton FC,Aston Villa FC,1,False
2024-01-14,15:30,Bundesliga,VfL Bochum 1848,SV Werder Bremen,1,False
2024-01-14,16:15,La Liga,Cádiz CF,Valencia CF,1,False
2024-01-14,17:30,Premier League,Manchester United FC,Tottenham Hotspur FC,2,False
2024-01-14,17:30,Bundesliga,Borussia Mönchengladbach,VfB Stuttgart,1,False
2024-01-19,21:00,La Liga,Deportivo Alavés,Cádiz CF,1,False
2024-01-20,13:30,Premier League,Arsenal FC,Crystal Palace FC,1,False
2024-01-20,14:00,La Liga,Rayo Vallecano de Madrid,UD Las Palmas,1,False
2024-01-20,15:30,Bundesliga,1. FC Köln,Borussia Dortmund,1,False
2024-01-20,15:30,Bundesliga,SV Darmstadt 98,Eintracht Frankfurt,1,False
2024-01-20,15:30,Bundesliga,1. FC Heidenheim 1846,VfL Wolfsburg,1,False
2024-01-20,15:30,Bundesliga,SC Freiburg,TSG 1899 Hoffenheim,1,False
2024-01-20,15:30,Bundesliga,VfL Bochum 1848,VfB Stuttgart,1,False
2024-01-20,16:15,La Liga,Villarreal CF,RCD Mallorca,1,False
2024-01-20,18:30,Premier League,Brentford FC,Nottingham Forest FC,1,False
2024-01-20,18:30,Bundesliga,RB Leipzig,Bayer 04 Leverkusen,1,False
2024-01-20,18:30,La Liga,Valencia CF,Athletic Club,1,False
2024-01-20,21:00,La Liga,RC Celta de Vigo,Real Sociedad de Fútbol,1,False
2024-01-21,14:00,La Liga,CA Osasuna,Getafe CF,1,False
2024-01-21,15:00,Premier League,Sheffield United FC,West Ham United FC,1,False
2024-01-21,15:30,Bundesliga,FC Bayern München,SV Werder Bremen,1,False
2024-01-21,16:15,La Liga,Real Madrid CF,UD Almería,1,False
2024-01-21,17:30,Premier League,AFC Bournemouth,Liverpool FC,1,False
2024-01-21,17:30,Bundesliga,Borussia Mönchengladbach,FC Augsburg,1,False
2024-01-21,18:30,La Liga,Real Betis Balompié,FC Barcelona,1,False
2024-01-21,21:00,La Liga,Girona FC,Sevilla FC,1,False
2024-01-22,20:45,Premier League,Brighton & Hove Albion FC,Wolverhampton Wanderers FC,1,False
2024-01-22,21:00,La Liga,Granada CF,Club Atlético de Madrid,1,False
2024-01-24,20:30,Bundesliga,FC Bayern München,1. FC Union Berlin,1,False
2024-01-26,20:30,Bundesliga,Eintracht Frankfurt,1. FSV Mainz 05,1,False
2024-01-26,21:00,La Liga,UD Almería,Deportivo Alavés,1,False
2024-01-27,14:00,La Liga,Real Sociedad de Fútbol,Rayo Vallecano de Madrid,1,False
2024-01-27,15:30,Bundesliga,FC Augsburg,FC Bayern München,1,False
2024-01-27,15:30,Bundesliga,VfB Stuttgart,RB Leipzig,1,False
2024-01-27,15:30,Bundesliga,SV Werder Bremen,SC Freiburg,1,False
2024-01-27,15:30,Bundesliga,VfL Wolfsburg,1. FC Köln,1,False
2024-01-27,15:30,Bundesliga,TSG 1899 Hoffenheim,1. FC Heidenheim 1846,1,False
2024-01-27,16:15,La Liga,UD Las Palmas,Real Madrid CF,1,False
2024-01-27,18:30,Bundesliga,Bayer 04 Leverkusen,Borussia Mönchengladbach,1,False
2024-01-27,18:30,La Liga,FC Barcelona,Villarreal CF,1,False
2024-01-27,21:00,La Liga,RCD Mallorca,Real Betis Balompié,1,False
2024-01-28,14:00,La Liga,RC Celta de Vigo,Girona FC,1,False
2024-01-28,15:30,Bundesliga,1. FC Union Berlin,SV Darmstadt 98,1,False
2024-01-28,16:15,La Liga,Cádiz CF,Athletic Club,1,False
2024-01-28,17:30,Bundesliga,Borussia Dortmund,VfL Bochum 1848,1,False
2024-01-28,18:30,La Liga,Sevilla FC,CA Osasuna,1,False
2024-01-28,21:00,La Liga,Club Atlético de Madrid,Valencia CF,1,False
2024-01-29,21:00,La Liga,Getafe CF,Granada CF,1,False
2024-01-30,20:30,Premier League,Nottingham Forest FC,Arsenal FC,1,False
2024-01-30,20:45,Premier League,Luton Town FC,Brighton & Hove Albion FC,1,False
2024-01-30,20:45,Premier League,Fulham FC,Everton FC,1,False
2024-01-30,21:00,Premier League,Crystal Palace FC,Sheffield United FC,1,False
2024-01-30,21:15,Premier League,Aston Villa FC,Newcastle United FC,1,False
2024-01-31,19:00,La Liga,FC Barcelona,CA Osasuna,1,False
2024-01-31,20:30,Premier League,Tottenham Hotspur FC,Brentford FC,1,False
2024-01-31,20:30,Premier League,Manchester City FC,Burnley FC,1,False
2024-01-31,21:00,La Liga,Club Atlético de Madrid,Rayo Vallecano de Madrid,1,False
2024-01-31,21:15,Premier League,Liverpool FC,Chelsea FC,2,False
2024-02-01,20:30,Premier League,West Ham United FC,AFC Bournemouth,1,False
2024-02-01,21:00,La Liga,Getafe CF,Real Madrid CF,1,False
2024-02-01,21:15,Premier League,Wolverhampton Wanderers FC,Manchester United FC,1,False
2024-02-02,20:30,Bundesliga,1. FC Heidenheim 1846,Borussia Dortmund,1,False
2024-02-02,21:00,La Liga,Athletic Club,RCD Mallorca,1,False
2024-02-03,13:30,Premier League,Everton FC,Tottenham Hotspur FC,1,False
2024-02-03,14:00,La Liga,Valencia CF,UD Almería,1,False
2024-02-03,15:30,Bundesliga,SV Darmstadt 98,Bayer 04 Leverkusen,1,False
2024-02-03,15:30,Bundesliga,FC Bayern München,Borussia Mönchengladbach,1,False
2024-02-03,15:30,Bundesliga,1. FSV Mainz 05,SV Werder Bremen,1,False
2024-02-03,15:30,Bundesliga,VfL Bochum 1848,FC Augsburg,1,False
2024-02-03,15:30,Bundesliga,SC Freiburg,VfB Stuttgart,1,False
2024-02-03,16:00,Premier League,Brighton & Hove Albion FC,Crystal Palace FC,1,False
2024-02-03,16:00,Premier League,Burnley FC,Fulham FC,1,False
2024-02-03,16:00,Premier League,Newcastle United FC,Luton Town FC,1,False
2024-02-03,16:15,La Liga,Granada CF,UD Las Palmas,1,False
2024-02-03,18:30,Premier League,Sheffield United FC,Aston Villa FC,1,False
2024-02-03,18:30,Bundesliga,1. FC Köln,Eintracht Frankfurt,1,False
2024-02-03,18:30,La Liga,Deportivo Alavés,FC Barcelona,1,False
2024-02-03,21:00,La Liga,Girona FC,Real Sociedad de Fútbol,1,False
2024-02-04,14:00,La Liga,Villarreal CF,Cádiz CF,1,False
2024-02-04,15:00,Premier League,AFC Bournemouth,Nottingham Forest FC,1,False
2024-02-04,15:00,Premier League,Chelsea FC,Wolverhampton Wanderers FC,1,False
2024-02-04,15:00,Premier League,Manchester United FC,West Ham United FC,1,False
2024-02-04,15:30,Bundesliga,VfL Wolfsburg,TSG 1899 Hoffenheim,1,False
2024-02-04,16:15,La Liga,CA Osasuna,RC Celta de Vigo,1,False
2024-02-04,17:30,Premier League,Arsenal FC,Liverpool FC,2,False
2024-02-04,17:30,Bundesliga,RB Leipzig,1. FC Union Berlin,1,False
2024-02-04,18:30,La Liga,Real Betis Balompié,Getafe CF,1,False
2024-02-04,21:00,La Liga,Real Madrid CF,Club Atlético de Madrid,1,False
2024-02-05,21:00,Premier League,Brentford FC,Manchester City FC,1,False
2024-02-05,21:00,La Liga,Rayo Vallecano de Madrid,Sevilla FC,1,False
2024-02-07,18:30,Bundesliga,1. FSV Mainz 05,1. FC Union Berlin,1,False
2024-02-09,20:30,Bundesliga,Borussia Dortmund,SC Freiburg,1,False
2024-02-09,21:00,La Liga,Cádiz CF,Real Betis Balompié,1,False
2024-02-10,13:30,Premier League,Manchester City FC,Everton FC,1,False
2024-02-10,14:00,La Liga,Deportivo Alavés,Villarreal CF,1,False
2024-02-10,15:30,Bundesliga,FC Augsburg,RB Leipzig,1,False
2024-02-10,15:30,Bundesliga,1. FC Union Berlin,VfL Wolfsburg,1,False
2024-02-10,15:30,Bundesliga,Eintracht Frankfurt,VfL Bochum 1848,1,False
2024-02-10,15:30,Bundesliga,SV Werder Bremen,1. FC Heidenheim 1846,1,False
2024-02-10,15:30,Bundesliga,Borussia Mönchengladbach,SV Darmstadt 98,1,False
2024-02-10,16:00,Premier League,Fulham FC,AFC Bournemouth,1,False
2024-02-10,16:00,Premier League,Liverpool FC,Burnley FC,1,False
2024-02-10,16:00,Premier League,Luton Town FC,Sheffield United FC,1,False
2024-02-10,16:00,Premier League,Tottenham Hotspur FC,Brighton & Hove Albion FC,1,False
2024-02-10,16:00,Premier League,Wolverhampton Wanderers FC,Brentford FC,1,False
2024-02-10,16:15,La Liga,Real Sociedad de Fútbol,CA Osasuna,1,False
2024-02-10,18:30,Premier League,Nottingham Forest FC,Newcastle United FC,1,False
2024-02-10,18:30,Bundesliga,Bayer 04 Leverkusen,FC Bayern München,1,False
2024-02-10,18:30,La Liga,Real Madrid CF,Girona FC,1,False
2024-02-10,21:00,La Liga,UD Las Palmas,Valencia CF,1,False
2024-02-11,14:00,La Liga,Getafe CF,RC Celta de Vigo,1,False
2024-02-11,15:00,Premier League,West Ham United FC,Arsenal FC,1,False
2024-02-11,15:30,Bundesliga,VfB Stuttgart,1. FSV Mainz 05,1,False
2024-02-11,16:15,La Liga,RCD Mallorca,Rayo Vallecano de Madrid,1,False
2024-02-11,17:30,Premier League,Aston Villa FC,Manchester United FC,1,False
2024-02-11,17:30,Bundesliga,TSG 1899 Hoffenheim,1. FC Köln,1,False
2024-02-11,18:30,La Liga,Sevilla FC,Club Atlético de Madrid,1,False
2024-02-11,21:00,La Liga,FC Barcelona,Granada CF,1,False
2024-02-12,21:00,Premier League,Crystal Palace FC,Chelsea FC,1,False
2024-02-12,21:00,La Liga,UD Almería,Athletic Club,1,False
2024-02-13,21:00,Champions League,FC København,Manchester City FC,2,False
2024-02-13,21:00,Champions League,RB Leipzig,Real Madrid CF,2,False
2024-02-14,21:00,Champions League,Paris Saint-Germain FC,Real Sociedad de Fútbol,2,False
2024-02-14,21:00,Champions League,SS Lazio,FC Bayern München,2,False
2024-02-16,20:30,Bundesliga,1. FC Köln,SV Werder Bremen,1,False
2024-02-16,21:00,La Liga,Villarreal CF,Getafe CF,1,False
2024-02-17,13:30,Premier League,Brentford FC,Liverpool FC,1,False
2024-02-17,14:00,La Liga,Club Atlético de Madrid,UD Las Palmas,1,False
2024-02-17,15:30,Bundesliga,VfL Wolfsburg,Borussia Dortmund,1,False
2024-02-17,15:30,Bundesliga,TSG 1899 Hoffenheim,1. FC Union Berlin,1,False
2024-02-17,15:30,Bundesliga,1. FC Heidenheim 1846,Bayer 04 Leverkusen,1,False
2024-02-17,15:30,Bundesliga,1. FSV Mainz 05,FC Augsburg,1,False
2024-02-17,15:30,Bundesliga,SV Darmstadt 98,VfB Stuttgart,1,False
2024-02-17,16:00,Premier League,Burnley FC,Arsenal FC,1,False
2024-02-17,16:00,Premier League,Fulham FC,Aston Villa FC,1,False
2024-02-17,16:00,Premier League,Newcastle United FC,AFC Bournemouth,1,False
2024-02-17,16:00,Premier League,Nottingham Forest FC,West Ham United FC,1,False
2024-02-17,16:00,Premier League,Tottenham Hotspur FC,Wolverhampton Wanderers FC,1,False
2024-02-17,16:15,La Liga,CA Osasuna,Cádiz CF,1,False
2024-02-17,18:30,Premier League,Manchester City FC,Chelsea FC,2,False
2024-02-17,18:30,Bundesliga,RB Leipzig,Borussia Mönchengladbach,1,False
2024-02-17,18:30,La Liga,RC Celta de Vigo,FC Barcelona,1,False
2024-02-17,21:00,La Liga,Valencia CF,Sevilla FC,1,False
2024-02-18,14:00,La Liga,Rayo Vallecano de Madrid,Real Madrid CF,1,False
2024-02-18,15:00,Premier League,Sheffield United FC,Brighton & Hove Albion FC,1,False
2024-02-18,15:30,Bundesliga,SC Freiburg,Eintracht Frankfurt,1,False
2024-02-18,16:15,La Liga,Granada CF,UD Almería,1,False
2024-02-18,17:30,Premier League,Luton Town FC,Manchester United FC,1,False
2024-02-18,17:30,Bundesliga,VfL Bochum 1848,FC Bayern München,1,False
2024-02-18,18:30,La Liga,RCD Mallorca,Real Sociedad de Fútbol,1,False
2024-02-18,21:00,La Liga,Real Betis Balompié,Deportivo Alavés,1,False
2024-02-19,21:00,Premier League,Everton FC,Crystal Palace FC,1,False
2024-02-19,21:00,La Liga,Athletic Club,Girona FC,1,False
2024-02-20,20:30,Premier League,Manchester City FC,Brentford FC,1,False
2024-02-20,21:00,Champions League,FC Internazionale Milano,Club Atlético de Madrid,2,False
2024-02-20,21:00,Champions League,PSV,Borussia Dortmund,2,False
2024-02-21,20:30,Premier League,Liverpool FC,Luton Town FC,1,False
2024-02-21,21:00,Champions League,FC Porto,Arsenal FC,2,False
2024-02-21,21:00,Champions League,SSC Napoli,FC Barcelona,2,False
2024-02-23,20:30,Bundesliga,Bayer 04 Leverkusen,1. FSV Mainz 05,1,False
2024-02-23,21:00,La Liga,Real Sociedad de Fútbol,Villarreal CF,1,False
2024-02-24,15:30,Bundesliga,VfB Stuttgart,1. FC Köln,1,False
2024-02-24,15:30,Bundesliga,1. FC Union Berlin,1. FC Heidenheim 1846,1,False
2024-02-24,15:30,Bundesliga,SV Werder Bremen,SV Darmstadt 98,1,False
2024-02-24,15:40,Bundesliga,Borussia Mönchengladbach,VfL Bochum 1848,1,False
2024-02-24,16:00,Premier League,Aston Villa FC,Nottingham Forest FC,1,False
2024-02-24,16:00,Premier League,Brighton & Hove Albion FC,Everton FC,1,False
2024-02-24,16:00,Premier League,Crystal Palace FC,Burnley FC,1,False
2024-02-24,16:00,Premier League,Manchester United FC,Fulham FC,1,False
2024-02-24,16:15,La Liga,FC Barcelona,Getafe CF,1,False
2024-02-24,18:30,Premier League,AFC Bournemouth,Manchester City FC,1,False
2024-02-24,18:30,Bundesliga,FC Bayern München,RB Leipzig,1,False
2024-02-24,18:30,La Liga,Deportivo Alavés,RCD Mallorca,1,False
2024-02-24,21:00,Premier League,Arsenal FC,Newcastle United FC,1,False
2024-02-24,21:00,La Liga,UD Almería,Club Atlético de Madrid,1,False
2024-02-25,14:00,La Liga,Cádiz CF,RC Celta de Vigo,1,False
2024-02-25,14:30,Premier League,Wolverhampton Wanderers FC,Sheffield United FC,1,False
2024-02-25,15:30,Bundesliga,Eintracht Frankfurt,VfL Wolfsburg,1,False
2024-02-25,16:15,La Liga,Real Betis Balompié,Athletic Club,1,False
2024-02-25,17:30,Bundesliga,Borussia Dortmund,TSG 1899 Hoffenheim,1,False
2024-02-25,18:30,La Liga,UD Las Palmas,CA Osasuna,1,False
2024-02-25,19:30,Bundesliga,FC Augsburg,SC Freiburg,1,False
2024-02-25,21:00,La Liga,Real Madrid CF,Sevilla FC,1,False
2024-02-26,21:00,Premier League,West Ham United FC,Brentford FC,1,False
2024-02-26,21:00,La Liga,Girona FC,Rayo Vallecano de Madrid,1,False
2024-03-01,20:30,Bundesliga,SC Freiburg,FC Bayern München,1,False
2024-03-01,21:00,La Liga,RC Celta de Vigo,UD Almería,1,False
2024-03-02,14:00,La Liga,Sevilla FC,Real Sociedad de Fútbol,1,False
2024-03-02,15:30,Bundesliga,1. FC Union Berlin,Borussia Dortmund,1,False
2024-03-02,15:30,Bundesliga,VfL Bochum 1848,RB Leipzig,1,False
2024-03-02,15:30,Bundesliga,1. FC Heidenheim 1846,Eintracht Frankfurt,1,False
2024-03-02,15:30,Bundesliga,1. FSV Mainz 05,Borussia Mönchengladbach,1,False
2024-03-02,15:30,Bundesliga,SV Darmstadt 98,FC Augsburg,1,False
2024-03-02,16:00,Premier League,Brentford FC,Chelsea FC,1,False
2024-03-02,16:00,Premier League,Everton FC,West Ham United FC,1,False
2024-03-02,16:00,Premier League,Fulham FC,Brighton & Hove Albion FC,1,False
2024-03-02,16:00,Premier League,Newcastle United FC,Wolverhampton Wanderers FC,1,False
2024-03-02,16:00,Premier League,Nottingham Forest FC,Liverpool FC,1,False
2024-03-02,16:00,Premier League,Tottenham Hotspur FC,Crystal Palace FC,1,False
2024-03-02,16:15,La Liga,Rayo Vallecano de Madrid,Cádiz CF,1,False
2024-03-02,18:30,Premier League,Luton Town FC,Aston Villa FC,1,False
2024-03-02,18:30,Bundesliga,VfL Wolfsburg,VfB Stuttgart,1,False
2024-03-02,18:30,La Liga,Getafe CF,UD Las Palmas,1,False
2024-03-02,21:00,La Liga,Valencia CF,Real Madrid CF,1,False
2024-03-03,14:00,Premier League,Burnley FC,AFC Bournemouth,1,False
2024-03-03,14:00,La Liga,Villarreal CF,Granada CF,1,False
2024-03-03,15:30,Bundesliga,1. FC Köln,Bayer 04 Leverkusen,1,False
2024-03-03,16:15,La Liga,Club Atlético de Madrid,Real Betis Balompié,1,False
2024-03-03,16:30,Premier League,Manchester City FC,Manchester United FC,2,False
2024-03-03,17:30,Bundesliga,TSG 1899 Hoffenheim,SV Werder Bremen,1,False
2024-03-03,18:30,La Liga,RCD Mallorca,Girona FC,1,False
2024-03-03,21:00,La Liga,Athletic Club,FC Barcelona,1,False
2024-03-04,21:00,Premier League,Sheffield United FC,Arsenal FC,1,False
2024-03-04,21:00,La Liga,CA Osasuna,Deportivo Alavés,1,False
2024-03-05,21:00,Champions League,Real Sociedad de Fútbol,Paris Saint-Germain FC,2,False
2024-03-05,21:00,Champions League,FC Bayern München,SS Lazio,2,False
2024-03-06,21:00,Champions League,Manchester City FC,FC København,2,False
2024-03-06,21:00,Champions League,Real Madrid CF,RB Leipzig,2,False
2024-03-08,20:30,Bundesliga,VfB Stuttgart,1. FC Union Berlin,1,False
2024-03-08,21:00,La Liga,FC Barcelona,RCD Mallorca,1,False
2024-03-09,13:30,Premier League,Manchester United FC,Everton FC,1,False
2024-03-09,14:00,La Liga,Valencia CF,Getafe CF,1,False
2024-03-09,15:30,Bundesliga,FC Bayern München,1. FSV Mainz 05,1,False
2024-03-09,15:30,Bundesliga,Borussia Mönchengladbach,1. FC Köln,1,False
2024-03-09,15:30,Bundesliga,FC Augsburg,1. FC Heidenheim 1846,1,False
2024-03-09,15:30,Bundesliga,RB Leipzig,SV Darmstadt 98,1,False
2024-03-09,16:00,Premier League,AFC Bournemouth,Sheffield United FC,1,False
2024-03-09,16:00,Premier League,Crystal Palace FC,Luton Town FC,1,False
2024-03-09,16:00,Premier League,Wolverhampton Wanderers FC,Fulham FC,1,False
2024-03-09,16:15,La Liga,Cádiz CF,Club Atlético de Madrid,1,False
2024-03-09,18:30,Premier League,Arsenal FC,Brentford FC,1,False
2024-03-09,18:30,Bundesliga,SV Werder Bremen,Borussia Dortmund,1,False
2024-03-09,18:30,La Liga,Granada CF,Real Sociedad de Fútbol,1,False
2024-03-09,21:00,La Liga,Girona FC,CA Osasuna,1,False
2024-03-10,14:00,Premier League,Aston Villa FC,Tottenham Hotspur FC,1,False
2024-03-10,14:00,La Liga,Deportivo Alavés,Rayo Vallecano de Madrid,1,False
2024-03-10,15:00,Premier League,Brighton & Hove Albion FC,Nottingham Forest FC,1,False
2024-03-10,15:00,Premier League,West Ham United FC,Burnley FC,1,False
2024-03-10,15:30,Bundesliga,VfL Bochum 1848,SC Freiburg,1,False
2024-03-10,16:15,La Liga,UD Las Palmas,Athletic Club,1,False
2024-03-10,16:45,Premier League,Liverpool FC,Manchester City FC,2,False
2024-03-10,17:30,Bundesliga,Eintracht Frankfurt,TSG 1899 Hoffenheim,1,False
2024-03-10,18:30,La Liga,Real Madrid CF,RC Celta de Vigo,1,False
2024-03-10,19:30,Bundesliga,Bayer 04 Leverkusen,VfL Wolfsburg,1,False
2024-03-10,21:00,La Liga,Real Betis Balompié,Villarreal CF,1,False
2024-03-11,21:00,Premier League,Chelsea FC,Newcastle United FC,1,False
2024-03-11,21:00,La Liga,UD Almería,Sevilla FC,1,False
2024-03-12,21:00,Champions League,Arsenal FC,FC Porto,2,False
2024-03-12,21:00,Champions League,FC Barcelona,SSC Napoli,2,False
2024-03-13,20:30,Premier League,AFC Bournemouth,Luton Town FC,1,False
2024-03-13,21:00,Champions League,Club Atlético de Madrid,FC Internazionale Milano,2,False
2024-03-13,21:00,Champions League,Borussia Dortmund,PSV,2,False
2024-03-15,20:30,Bundesliga,1. FC Köln,RB Leipzig,1,False
2024-03-15,21:00,La Liga,Real Sociedad de Fútbol,Cádiz CF,1,False
2024-03-16,14:00,La Liga,RCD Mallorca,Granada CF,1,False
2024-03-16,15:30,Bundesliga,SV Darmstadt 98,FC Bayern München,1,False
2024-03-16,15:30,Bundesliga,1. FC Heidenheim 1846,Borussia Mönchengladbach,1,False
2024-03-16,15:30,Bundesliga,1. FC Union Berlin,SV Werder Bremen,1,False
2024-03-16,15:30,Bundesliga,1. FSV Mainz 05,VfL Bochum 1848,1,False
2024-03-16,15:30,Bundesliga,VfL Wolfsburg,FC Augsburg,1,False
2024-03-16,16:00,Premier League,Burnley FC,Brentford FC,1,False
2024-03-16,16:00,Premier League,Luton Town FC,Nottingham Forest FC,1,False
2024-03-16,16:15,La Liga,CA Osasuna,Real Madrid CF,1,False
2024-03-16,18:30,Premier League,Fulham FC,Tottenham Hotspur FC,1,False
2024-03-16,18:30,Bundesliga,TSG 1899 Hoffenheim,VfB Stuttgart,1,False
2024-03-16,18:30,La Liga,Getafe CF,Girona FC,1,False
2024-03-16,21:00,La Liga,Athletic Club,Deportivo Alavés,1,False
2024-03-17,14:00,La Liga,Sevilla FC,RC Celta de Vigo,1,False
2024-03-17,15:00,Premier League,West Ham United FC,Aston Villa FC,1,False
2024-03-17,15:30,Bundesliga,SC Freiburg,Bayer 04 Leverkusen,1,False
2024-03-17,16:15,La Liga,Villarreal CF,Valencia CF,1,False
2024-03-17,16:15,La Liga,UD Las Palmas,UD Almería,1,False
2024-03-17,17:30,Bundesliga,Borussia Dortmund,Eintracht Frankfurt,1,False
2024-03-17,18:30,La Liga,Rayo Vallecano de Madrid,Real Betis Balompié,1,False
2024-03-17,21:00,La Liga,Club Atlético de Madrid,FC Barcelona,1,False
2024-03-29,21:00,La Liga,Cádiz CF,Granada CF,1,False
2024-03-30,13:30,Premier League,Newcastle United FC,West Ham United FC,1,False
2024-03-30,14:00,La Liga,Getafe CF,Sevilla FC,1,False
2024-03-30,15:30,Bundesliga,Eintracht Frankfurt,1. FC Union Berlin,1,False
2024-03-30,15:30,Bundesliga,Borussia Mönchengladbach,SC Freiburg,1,False
2024-03-30,15:30,Bundesliga,SV Werder Bremen,VfL Wolfsburg,1,False
2024-03-30,15:30,Bundesliga,RB Leipzig,1. FSV Mainz 05,1,False
2024-03-30,15:30,Bundesliga,Bayer 04 Leverkusen,TSG 1899 Hoffenheim,1,False
2024-03-30,16:00,Premier League,AFC Bournemouth,Everton FC,1,False
2024-03-30,16:00,Premier League,Chelsea FC,Burnley FC,1,False
2024-03-30,16:00,Premier League,Nottingham Forest FC,Crystal Palace FC,1,False
2024-03-30,16:00,Premier League,Sheffield United FC,Fulham FC,1,False
2024-03-30,16:00,Premier League,Tottenham Hotspur FC,Luton Town FC,1,False
2024-03-30,16:15,La Liga,UD Almería,CA Osasuna,1,False
2024-03-30,18:30,Premier League,Aston Villa FC,Wolverhampton Wanderers FC,1,False
2024-03-30,18:30,Bundesliga,FC Bayern München,Borussia Dortmund,1,False
2024-03-30,18:30,La Liga,Valencia CF,RCD Mallorca,1,False
2024-03-30,21:00,Premier League,Brentford FC,Manchester United FC,1,False
2024-03-30,21:00,La Liga,FC Barcelona,UD Las Palmas,1,False
2024-03-31,13:00,La Liga,RC Celta de Vigo,Rayo Vallecano de Madrid,1,False
2024-03-31,14:00,Premier League,Liverpool FC,Brighton & Hove Albion FC,1,False
2024-03-31,14:30,Bundesliga,FC Augsburg,1. FC Köln,1,False
2024-03-31,15:15,La Liga,Girona FC,Real Betis Balompié,1,False
2024-03-31,16:30,Premier League,Manchester City FC,Arsenal FC,2,False
2024-03-31,16:30,Bundesliga,VfB Stuttgart,1. FC Heidenheim 1846,1,False
2024-03-31,17:30,La Liga,Deportivo Alavés,Real Sociedad de Fútbol,1,False
2024-03-31,18:30,Bundesliga,VfL Bochum 1848,SV Darmstadt 98,1,False
2024-03-31,20:00,La Liga,Real Madrid CF,Athletic Club,1,False
2024-04-01,20:00,La Liga,Villarreal CF,Club Atlético de Madrid,1,False
2024-04-02,19:30,Premier League,Nottingham Forest FC,Fulham FC,1,False
2024-04-02,19:30,Premier League,Newcastle United FC,Everton FC,1,False
2024-04-02,19:45,Premier League,AFC Bournemouth,Crystal Palace FC,1,False
2024-04-02,19:45,Premier League,Burnley FC,Wolverhampton Wanderers FC,1,False
2024-04-02,20:15,Premier League,West Ham United FC,Tottenham Hotspur FC,1,False
2024-04-03,19:30,Premier League,Arsenal FC,Luton Town FC,1,False
2024-04-03,19:30,Premier League,Brentford FC,Brighton & Hove Albion FC,1,False
2024-04-03,20:15,Premier League,Manchester City FC,Aston Villa FC,1,False
2024-04-04,19:00,La Liga,Granada CF,Valencia CF,1,False
2024-04-04,19:30,Premier League,Liverpool FC,Sheffield United FC,1,False
2024-04-04,20:15,Premier League,Chelsea FC,Manchester United FC,2,False
2024-04-05,19:30,Bundesliga,Eintracht Frankfurt,SV Werder Bremen,1,False
2024-04-06,12:30,Premier League,Crystal Palace FC,Manchester City FC,1,False
2024-04-06,14:30,Bundesliga,1. FC Heidenheim 1846,FC Bayern München,1,False
2024-04-06,14:30,Bundesliga,SC Freiburg,RB Leipzig,1,False
2024-04-06,14:30,Bundesliga,1. FC Union Berlin,Bayer 04 Leverkusen,1,False
2024-04-06,14:30,Bundesliga,1. FC Köln,VfL Bochum 1848,1,False
2024-04-06,14:30,Bundesliga,1. FSV Mainz 05,SV Darmstadt 98,1,False
2024-04-06,15:00,Premier League,Aston Villa FC,Brentford FC,1,False
2024-04-06,15:00,Premier League,Everton FC,Burnley FC,1,False
2024-04-06,15:00,Premier League,Fulham FC,Newcastle United FC,1,False
2024-04-06,15:00,Premier League,Luton Town FC,AFC Bournemouth,1,False
2024-04-06,15:00,Premier League,Wolverhampton Wanderers FC,West Ham United FC,1,False
2024-04-06,17:30,Premier League,Brighton & Hove Albion FC,Arsenal FC,1,False
2024-04-06,17:30,Bundesliga,Borussia Dortmund,VfB Stuttgart,1,False
2024-04-07,14:30,Bundesliga,TSG 1899 Hoffenheim,FC Augsburg,1,False
2024-04-07,15:30,Premier League,Manchester United FC,Liverpool FC,2,False
2024-04-07,16:30,Bundesliga,VfL Wolfsburg,Borussia Mönchengladbach,1,False
2024-04-07,17:30,Premier League,Sheffield United FC,Chelsea FC,1,False
2024-04-07,18:00,Premier League,Tottenham Hotspur FC,Nottingham Forest FC,1,False
2024-04-09,20:00,Champions League,Arsenal FC,FC Bayern München,2,False
2024-04-09,20:00,Champions League,Real Madrid CF,Manchester City FC,2,False
2024-04-10,20:00,Champions League,Club Atlético de Madrid,Borussia Dortmund,2,False
2024-04-10,20:00,Champions League,Paris Saint-Germain FC,FC Barcelona,2,False
2024-04-12,19:30,Bundesliga,FC Augsburg,1. FC Union Berlin,1,False
2024-04-12,20:00,La Liga,Real Betis Balompié,RC Celta de Vigo,1,False
2024-04-13,12:30,Premier League,Newcastle United FC,Tottenham Hotspur FC,1,False
2024-04-13,13:00,La Liga,Club Atlético de Madrid,Girona FC,1,False
2024-04-13,14:30,Bundesliga,Borussia Mönchengladbach,Borussia Dortmund,1,False
2024-04-13,14:30,Bundesliga,RB Leipzig,VfL Wolfsburg,1,False
2024-04-13,14:30,Bundesliga,FC Bayern München,1. FC Köln,1,False
2024-04-13,14:30,Bundesliga,1. FSV Mainz 05,TSG 1899 Hoffenheim,1,False
2024-04-13,14:30,Bundesliga,VfL Bochum 1848,1. FC Heidenheim 1846,1,False
2024-04-13,15:00,Premier League,Brentford FC,Sheffield United FC,1,False
2024-04-13,15:00,Premier League,Burnley FC,Brighton & Hove Albion FC,1,False
2024-04-13,15:00,Premier League,Manchester City FC,Luton Town FC,1,False
2024-04-13,15:00,Premier League,Nottingham Forest FC,Wolverhampton Wanderers FC,1,False
2024-04-13,15:15,La Liga,Rayo Vallecano de Madrid,Getafe CF,1,False
2024-04-13,17:30,Premier League,AFC Bournemouth,Manchester United FC,1,False
2024-04-13,17:30,Bundesliga,VfB Stuttgart,Eintracht Frankfurt,1,False
2024-04-13,17:30,La Liga,RCD Mallorca,Real Madrid CF,1,False
2024-04-13,20:00,La Liga,Cádiz CF,FC Barcelona,1,False
2024-04-14,13:00,La Liga,UD Las Palmas,Sevilla FC,1,False
2024-04-14,14:00,Premier League,Liverpool FC,Crystal Palace FC,1,False
2024-04-14,14:00,Premier League,West Ham United FC,Fulham FC,1,False
2024-04-14,14:30,Bundesliga,SV Darmstadt 98,SC Freiburg,1,False
2024-04-14,15:15,La Liga,Granada CF,Deportivo Alavés,1,False
2024-04-14,16:30,Premier League,Arsenal FC,Aston Villa FC,1,False
2024-04-14,16:30,Bundesliga,Bayer 04 Leverkusen,SV Werder Bremen,1,False
2024-04-14,17:30,La Liga,Athletic Club,Villarreal CF,1,False
2024-04-14,20:00,La Liga,Real Sociedad de Fútbol,UD Almería,1,False
2024-04-15,20:00,Premier League,Chelsea FC,Everton FC,1,False
2024-04-15,20:00,La Liga,CA Osasuna,Valencia CF,1,False
2024-04-16,20:00,Champions League,Borussia Dortmund,Club Atlético de Madrid,2,False
2024-04-16,20:00,Champions League,FC Barcelona,Paris Saint-Germain FC,2,False
2024-04-17,20:00,Champions League,FC Bayern München,Arsenal FC,2,False
2024-04-17,20:00,Champions League,Manchester City FC,Real Madrid CF,2,False
2024-04-19,19:30,Bundesliga,Eintracht Frankfurt,FC Augsburg,1,False
2024-04-19,20:00,La Liga,Athletic Club,Granada CF,1,False
2024-04-20,13:00,La Liga,RC Celta de Vigo,UD Las Palmas,1,False
2024-04-20,14:30,Bundesliga,1. FC Heidenheim 1846,RB Leipzig,1,False
2024-04-20,14:30,Bundesliga,TSG 1899 Hoffenheim,Borussia Mönchengladbach,1,False
2024-04-20,14:30,Bundesliga,VfL Wolfsburg,VfL Bochum 1848,1,False
2024-04-20,14:30,Bundesliga,1. FC Köln,SV Darmstadt 98,1,False
2024-04-20,15:00,Premier League,Luton Town FC,Brentford FC,1,False
2024-04-20,15:00,Premier League,Sheffield United FC,Burnley FC,1,False
2024-04-20,15:15,La Liga,Rayo Vallecano de Madrid,CA Osasuna,1,False
2024-04-20,17:30,Bundesliga,1. FC Union Berlin,FC Bayern München,1,False
2024-04-20,17:30,La Liga,Valencia CF,Real Betis Balompié,1,False
2024-04-20,19:30,Premier League,Wolverhampton Wanderers FC,Arsenal FC,1,False
2024-04-20,20:00,La Liga,Girona FC,Cádiz CF,1,False
2024-04-21,13:00,La Liga,Getafe CF,Real Sociedad de Fútbol,1,False
2024-04-21,13:30,Premier League,Everton FC,Nottingham Forest FC,1,False
2024-04-21,14:30,Bundesliga,SV Werder Bremen,VfB Stuttgart,1,False
2024-04-21,15:00,Premier League,Aston Villa FC,AFC Bournemouth,1,False
2024-04-21,15:00,Premier League,Crystal Palace FC,West Ham United FC,1,False
2024-04-21,15:15,La Liga,UD Almería,Villarreal CF,1,False
2024-04-21,16:30,Premier League,Fulham FC,Liverpool FC,1,False
2024-04-21,16:30,Bundesliga,Borussia Dortmund,Bayer 04 Leverkusen,1,False
2024-04-21,17:30,La Liga,Deportivo Alavés,Club Atlético de Madrid,1,False
2024-04-21,18:30,Bundesliga,SC Freiburg,1. FSV Mainz 05,1,False
2024-04-21,20:00,La Liga,Real Madrid CF,FC Barcelona,1,False
2024-04-22,20:00,La Liga,Sevilla FC,RCD Mallorca,1,False
2024-04-23,20:00,Premier League,Arsenal FC,Chelsea FC,2,False
2024-04-24,19:45,Premier League,Wolverhampton Wanderers FC,AFC Bournemouth,1,False
2024-04-24,20:00,Premier League,Crystal Palace FC,Newcastle United FC,1,False
2024-04-24,20:00,Premier League,Everton FC,Liverpool FC,1,False
2024-04-24,20:00,Premier League,Manchester United FC,Sheffield United FC,1,False
2024-04-25,20:00,Premier League,Brighton & Hove Albion FC,Manchester City FC,1,False
2024-04-26,19:30,Bundesliga,VfL Bochum 1848,TSG 1899 Hoffenheim,1,False
2024-04-26,20:00,La Liga,Real Sociedad de Fútbol,Real Madrid CF,1,False
2024-04-27,12:30,Premier League,West Ham United FC,Liverpool FC,1,False
2024-04-27,13:00,La Liga,UD Las Palmas,Girona FC,1,False
2024-04-27,14:30,Bundesliga,RB Leipzig,Borussia Dortmund,1,False
2024-04-27,14:30,Bundesliga,FC Bayern München,Eintracht Frankfurt,1,False
2024-04-27,14:30,Bundesliga,SC Freiburg,VfL Wolfsburg,1,False
2024-04-27,14:30,Bundesliga,FC Augsburg,SV Werder Bremen,1,False
2024-04-27,15:00,Premier League,Fulham FC,Crystal Palace FC,1,False
2024-04-27,15:00,Premier League,Manchester United FC,Burnley FC,1,False
2024-04-27,15:00,Premier League,Newcastle United FC,Sheffield United FC,1,False
2024-04-27,15:00,Premier League,Wolverhampton Wanderers FC,Luton Town FC,1,False
2024-04-27,15:15,La Liga,UD Almería,Getafe CF,1,False
2024-04-27,17:30,Premier League,Everton FC,Brentford FC,1,False
2024-04-27,17:30,Bundesliga,Bayer 04 Leverkusen,VfB Stuttgart,1,False
2024-04-27,17:30,La Liga,Deportivo Alavés,RC Celta de Vigo,1,False
2024-04-27,20:00,Premier League,Aston Villa FC,Chelsea FC,1,False
2024-04-27,20:00,La Liga,Club Atlético de Madrid,Athletic Club,1,False
2024-04-28,13:00,La Liga,Cádiz CF,RCD Mallorca,1,False
2024-04-28,14:00,Premier League,AFC Bournemouth,Brighton & Hove Albion FC,1,False
2024-04-28,14:00,Premier League,Tottenham Hotspur FC,Arsenal FC,2,False
2024-04-28,14:30,Bundesliga,Borussia Mönchengladbach,1. FC Union Berlin,1,False
2024-04-28,15:15,La Liga,Granada CF,CA Osasuna,1,False
2024-04-28,16:30,Premier League,Nottingham Forest FC,Manchester City FC,1,False
2024-04-28,16:30,Bundesliga,1. FSV Mainz 05,1. FC Köln,1,False
2024-04-28,17:30,La Liga,Villarreal CF,Rayo Vallecano de Madrid,1,False
2024-04-28,18:30,Bundesliga,SV Darmstadt 98,1. FC Heidenheim 1846,1,False
2024-04-28,20:00,La Liga,Real Betis Balompié,Sevilla FC,1,False
2024-04-29,20:00,La Liga,FC Barcelona,Valencia CF,1,False
2024-04-30,20:00,Champions League,FC Bayern München,Real Madrid CF,2,False
2024-05-01,20:00,Champions League,Borussia Dortmund,Paris Saint-Germain FC,2,False
2024-05-02,19:30,Premier League,Chelsea FC,Tottenham Hotspur FC,2,False
2024-05-03,19:30,Bundesliga,TSG 1899 Hoffenheim,RB Leipzig,1,False
2024-05-03,20:00,Premier League,Luton Town FC,Everton FC,1,False
2024-05-03,20:00,La Liga,Getafe CF,Athletic Club,1,False
2024-05-04,12:30,Premier League,Arsenal FC,AFC Bournemouth,1,False
2024-05-04,13:00,La Liga,Real Sociedad de Fútbol,UD Las Palmas,1,False
2024-05-04,14:30,Bundesliga,VfB Stuttgart,FC Bayern München,1,False
2024-05-04,14:30,Bundesliga,SV Werder Bremen,Borussia Mönchengladbach,1,False
2024-05-04,14:30,Bundesliga,Borussia Dortmund,FC Augsburg,1,False
2024-05-04,14:30,Bundesliga,VfL Wolfsburg,SV Darmstadt 98,1,False
2024-05-04,15:00,Premier League,Brentford FC,Fulham FC,1,False
2024-05-04,15:00,Premier League,Burnley FC,Newcastle United FC,1,False
2024-05-04,15:00,Premier League,Sheffield United FC,Nottingham Forest FC,1,False
2024-05-04,15:15,La Liga,Real Madrid CF,Cádiz CF,1,False
2024-05-04,17:30,Premier League,Manchester City FC,Wolverhampton Wanderers FC,1,False
2024-05-04,17:30,Bundesliga,1. FC Köln,SC Freiburg,1,False
2024-05-04,17:30,La Liga,Girona FC,FC Barcelona,1,False
2024-05-04,20:00,La Liga,RCD Mallorca,Club Atlético de Madrid,1,False
2024-05-05,13:00,La Liga,CA Osasuna,Real Betis Balompié,1,False
2024-05-05,14:00,Premier League,Brighton & Hove Albion FC,Aston Villa FC,1,False
2024-05-05,14:00,Premier League,Chelsea FC,West Ham United FC,1,False
2024-05-05,14:30,Bundesliga,1. FC Union Berlin,VfL Bochum 1848,1,False
2024-05-05,15:15,La Liga,RC Celta de Vigo,Villarreal CF,1,False
2024-05-05,16:30,Premier League,Liverpool FC,Tottenham Hotspur FC,2,False
2024-05-05,16:30,Bundesliga,Eintracht Frankfurt,Bayer 04 Leverkusen,1,False
2024-05-05,17:30,La Liga,Valencia CF,Deportivo Alavés,1,False
2024-05-05,18:30,Bundesliga,1. FC Heidenheim 1846,1. FSV Mainz 05,1,False
2024-05-05,20:00,La Liga,Sevilla FC,Granada CF,1,False
2024-05-05,20:00,La Liga,Rayo Vallecano de Madrid,UD Almería,1,False
2024-05-06,20:00,Premier League,Crystal Palace FC,Manchester United FC,1,False
2024-05-07,20:00,Champions League,Paris Saint-Germain FC,Borussia Dortmund,2,False
2024-05-08,20:00,Champions League,Real Madrid CF,FC Bayern München,2,False
2024-05-10,19:30,Bundesliga,FC Augsburg,VfB Stuttgart,1,False
2024-05-10,20:00,La Liga,Deportivo Alavés,Girona FC,1,False
2024-05-11,12:30,Premier League,Fulham FC,Manchester City FC,1,False
2024-05-11,13:00,La Liga,RCD Mallorca,UD Las Palmas,1,False
2024-05-11,14:30,Bundesliga,1. FC Köln,1. FC Union Berlin,1,False
2024-05-11,14:30,Bundesliga,Borussia Mönchengladbach,Eintracht Frankfurt,1,False
2024-05-11,14:30,Bundesliga,RB Leipzig,SV Werder Bremen,1,False
2024-05-11,14:30,Bundesliga,SC Freiburg,1. FC Heidenheim 1846,1,False
2024-05-11,15:00,Premier League,AFC Bournemouth,Brentford FC,1,False
2024-05-11,15:00,Premier League,Everton FC,Sheffield United FC,1,False
2024-05-11,15:00,Premier League,Newcastle United FC,Brighton & Hove Albion FC,1,False
2024-05-11,15:00,Premier League,Tottenham Hotspur FC,Burnley FC,1,False
2024-05-11,15:00,Premier League,West Ham United FC,Luton Town FC,1,False
2024-05-11,15:00,Premier League,Wolverhampton Wanderers FC,Crystal Palace FC,1,False
2024-05-11,15:15,La Liga,Villarreal CF,Sevilla FC,1,False
2024-05-11,17:30,Premier League,Nottingham Forest FC,Chelsea FC,1,False
2024-05-11,17:30,Bundesliga,1. FSV Mainz 05,Borussia Dortmund,1,False
2024-05-11,17:30,La Liga,Granada CF,Real Madrid CF,1,False
2024-05-11,20:00,La Liga,Athletic Club,CA Osasuna,1,False
2024-05-12,13:00,La Liga,Cádiz CF,Getafe CF,1,False
2024-05-12,14:30,Bundesliga,SV Darmstadt 98,TSG 1899 Hoffenheim,1,False
2024-05-12,15:15,La Liga,Club Atlético de Madrid,RC Celta de Vigo,1,False
2024-05-12,16:30,Premier League,Manchester United FC,Arsenal FC,2,False
2024-05-12,16:30,Bundesliga,FC Bayern München,VfL Wolfsburg,1,False
2024-05-12,17:30,La Liga,Valencia CF,Rayo Vallecano de Madrid,1,False
2024-05-12,18:30,Bundesliga,VfL Bochum 1848,Bayer 04 Leverkusen,1,False
2024-05-12,20:00,La Liga,Real Betis Balompié,UD Almería,1,False
2024-05-13,20:00,Premier League,Aston Villa FC,Liverpool FC,1,False
2024-05-13,20:00,La Liga,FC Barcelona,Real Sociedad de Fútbol,1,False
2024-05-14,18:30,La Liga,CA Osasuna,RCD Mallorca,1,False
2024-05-14,20:00,Premier League,Tottenham Hotspur FC,Manchester City FC,2,False
2024-05-14,20:30,La Liga,Real Madrid CF,Deportivo Alavés,1,False
2024-05-14,21:00,La Liga,Girona FC,Villarreal CF,1,False
2024-05-15,18:30,La Liga,Sevilla FC,Cádiz CF,1,False
2024-05-15,18:30,La Liga,Rayo Vallecano de Madrid,Granada CF,1,False
2024-05-15,19:45,Premier League,Brighton & Hove Albion FC,Chelsea FC,1,False
2024-05-15,20:00,Premier League,Manchester United FC,Newcastle United FC,1,False
2024-05-15,21:00,La Liga,RC Celta de Vigo,Athletic Club,1,False
2024-05-15,21:00,La Liga,Getafe CF,Club Atlético de Madrid,1,False
2024-05-16,18:30,La Liga,UD Las Palmas,Real Betis Balompié,1,False
2024-05-16,20:30,La Liga,UD Almería,FC Barcelona,1,False
2024-05-16,21:00,La Liga,Real Sociedad de Fútbol,Valencia CF,1,False
2024-05-18,14:30,Bundesliga,TSG 1899 Hoffenheim,FC Bayern München,1,False
2024-05-18,14:30,Bundesliga,Eintracht Frankfurt,RB Leipzig,1,False
2024-05-18,14:30,Bundesliga,1. FC Union Berlin,SC Freiburg,1,False
2024-05-18,14:30,Bundesliga,VfL Wolfsburg,1. FSV Mainz 05,1,False
2024-05-18,14:30,Bundesliga,VfB Stuttgart,Borussia Mönchengladbach,1,False
2024-05-18,14:30,Bundesliga,1. FC Heidenheim 1846,1. FC Köln,1,False
2024-05-18,14:30,Bundesliga,SV Werder Bremen,VfL Bochum 1848,1,False
2024-05-18,14:30,Bundesliga,Bayer 04 Leverkusen,FC Augsburg,1,False
2024-05-18,14:30,Bundesliga,Borussia Dortmund,SV Darmstadt 98,1,False
2024-05-18,20:00,La Liga,Deportivo Alavés,Getafe CF,1,False
2024-05-19,16:00,Premier League,Arsenal FC,Everton FC,1,False
2024-05-19,16:00,Premier League,Brentford FC,Newcastle United FC,1,False
2024-05-19,16:00,Premier League,Brighton & Hove Albion FC,Manchester United FC,1,False
2024-05-19,16:00,Premier League,Burnley FC,Nottingham Forest FC,1,False
2024-05-19,16:00,Premier League,Chelsea FC,AFC Bournemouth,1,False
2024-05-19,16:00,Premier League,Crystal Palace FC,Aston Villa FC,1,False
2024-05-19,16:00,Premier League,Liverpool FC,Wolverhampton Wanderers FC,1,False
2024-05-19,16:00,Premier League,Luton Town FC,Fulham FC,1,False
2024-05-19,16:00,Premier League,Manchester City FC,West Ham United FC,1,False
2024-05-19,16:00,Premier League,Sheffield United FC,Tottenham Hotspur FC,1,False
2024-05-19,18:00,La Liga,Athletic Club,Sevilla FC,1,False
2024-05-19,18:00,La Liga,Club Atlético de Madrid,CA Osasuna,1,False
2024-05-19,18:00,La Liga,Real Betis Balompié,Real Sociedad de Fútbol,1,False
2024-05-19,18:00,La Liga,FC Barcelona,Rayo Vallecano de Madrid,1,False
2024-05-19,18:00,La Liga,Cádiz CF,UD Las Palmas,1,False
2024-05-19,18:00,La Liga,Granada CF,RC Celta de Vigo,1,False
2024-05-19,18:00,La Liga,Valencia CF,Girona FC,1,False
2024-05-19,18:00,La Liga,Villarreal CF,Real Madrid CF,1,False
2024-05-19,18:00,La Liga,RCD Mallorca,UD Almería,1,False
2024-05-24,20:00,La Liga,Girona FC,Granada CF,1,False
2024-05-25,13:00,La Liga,CA Osasuna,Villarreal CF,1,False
2024-05-25,15:15,La Liga,Real Sociedad de Fútbol,Club Atlético de Madrid,1,False
2024-05-25,17:30,La Liga,Rayo Vallecano de Madrid,Athletic Club,1,False
2024-05-25,17:30,La Liga,UD Almería,Cádiz CF,1,False
2024-05-25,20:00,La Liga,Real Madrid CF,Real Betis Balompié,1,False
2024-05-26,13:00,La Liga,Getafe CF,RCD Mallorca,1,False
2024-05-26,15:15,La Liga,RC Celta de Vigo,Valencia CF,1,False
2024-05-26,15:15,La Liga,UD Las Palmas,Deportivo Alavés,1,False
2024-05-26,20:00,La Liga,Sevilla FC,FC Barcelona,1,False
2024-06-01,20:00,Champions League,Borussia Dortmund,Real Madrid CF,3,False
2024-06-14,20:00,Euros,Germany,Scotland,2,False
2024-06-15,14:00,Euros,Hungary,Switzerland,2,False
2024-06-15,17:00,Euros,Spain,Croatia,2,False
2024-06-15,20:00,Euros,Italy,Albania,2,False
2024-06-16,14:00,Euros,Poland,Netherlands,2,False
2024-06-16,17:00,Euros,Slovenia,Denmark,2,False
2024-06-16,20:00,Euros,Serbia,England,2,False
2024-06-17,14:00,Euros,Romania,Ukraine,2,False
2024-06-17,17:00,Euros,Belgium,Slovakia,2,False
2024-06-17,20:00,Euros,Austria,France,2,False
2024-06-18,17:00,Euros,Turkey,Georgia,2,False
2024-06-18,20:00,Euros,Portugal,Czechia,2,False
2024-06-19,14:00,Euros,Croatia,Albania,2,False
2024-06-19,17:00,Euros,Germany,Hungary,2,False
2024-06-19,20:00,Euros,Scotland,Switzerland,2,False
2024-06-20,14:00,Euros,Slovenia,Serbia,2,False
2024-06-20,17:00,Euros,Denmark,England,2,False
2024-06-20,20:00,Euros,Spain,Italy,2,False
2024-06-21,14:00,Euros,Slovakia,Ukraine,2,False
2024-06-21,17:00,Euros,Poland,Austria,2,False
2024-06-21,20:00,Euros,Netherlands,France,2,False
2024-06-22,14:00,Euros,Georgia,Czechia,2,False
2024-06-22,17:00,Euros,Turkey,Portugal,2,False
2024-06-22,20:00,Euros,Belgium,Romania,2,False
2024-06-23,20:00,Euros,Scotland,Hungary,2,False
2024-06-23,20:00,Euros,Switzerland,Germany,2,False
2024-06-24,20:00,Euros,Albania,Spain,2,False
2024-06-24,20:00,Euros,Croatia,Italy,2,False
2024-06-25,17:00,Euros,France,Poland,2,False
2024-06-25,17:00,Euros,Netherlands,Austria,2,False
2024-06-25,20:00,Euros,Denmark,Serbia,2,False
2024-06-25,20:00,Euros,England,Slovenia,2,False
2024-06-26,17:00,Euros,Ukraine,Belgium,2,False
2024-06-26,17:00,Euros,Slovakia,Romania,2,False
2024-06-26,20:00,Euros,Czechia,Turkey,2,False
2024-06-26,20:00,Euros,Georgia,Portugal,2,False
2024-06-29,17:00,Euros,Switzerland,Italy,3,False
2024-06-29,20:00,Euros,Germany,Denmark,3,False
2024-06-30,17:00,Euros,England,Slovakia,3,False
2024-06-30,20:00,Euros,Spain,Georgia,3,False
2024-07-01,17:00,Euros,France,Belgium,3,False
2024-07-01,20:00,Euros,Portugal,Slovenia,3,False
2024-07-02,17:00,Euros,Romania,Netherlands,3,False
2024-07-02,20:00,Euros,Austria,Turkey,3,False
2024-07-05,17:00,Euros,Spain,Germany,3,False
2024-07-05,20:00,Euros,Portugal,France,3,False
2024-07-06,17:00,Euros,England,Switzerland,3,False
2024-07-06,20:00,Euros,Netherlands,Turkey,3,False
2024-07-09,20:00,Euros,Spain,France,3,False
2024-07-10,20:00,Euros,Netherlands,England,3,False
2024-07-14,20:00,Euros,Spain,England,3,False
2024-08-15,18:00,La Liga,Athletic Club,Getafe CF,1,False
2024-08-15,20:30,La Liga,Real Betis Balompié,Girona FC,1,False
2024-08-16,18:00,La Liga,RC Celta de Vigo,Deportivo Alavés,1,False
2024-08-16,20:00,Premier League,Manchester United FC,Fulham FC,1,False
2024-08-16,20:30,La Liga,UD Las Palmas,Sevilla FC,1,False
2024-08-17,12:30,Premier League,Ipswich Town FC,Liverpool FC,1,False
2024-08-17,15:00,Premier League,Arsenal FC,Wolverhampton Wanderers FC,1,False
2024-08-17,15:00,Premier League,Everton FC,Brighton & Hove Albion FC,1,False
2024-08-17,15:00,Premier League,Newcastle United FC,Southampton FC,1,False
2024-08-17,15:00,Premier League,Nottingham Forest FC,AFC Bournemouth,1,False
2024-08-17,17:30,Premier League,West Ham United FC,Aston Villa FC,1,False
2024-08-17,18:00,La Liga,CA Osasuna,CD Leganés,1,False
2024-08-17,20:30,La Liga,Valencia CF,FC Barcelona,1,False
2024-08-18,14:00,Premier League,Brentford FC,Crystal Palace FC,1,False
2024-08-18,16:30,Premier League,Chelsea FC,Manchester City FC,2,False
2024-08-18,18:00,La Liga,Real Sociedad de Fútbol,Rayo Vallecano de Madrid,1,False
2024-08-18,20:30,La Liga,RCD Mallorca,Real Madrid CF,1,False
2024-08-19,18:00,La Liga,Real Valladolid CF,RCD Espanyol de Barcelona,1,False
2024-08-19,20:00,Premier League,Leicester City FC,Tottenham Hotspur FC,1,False
2024-08-19,20:30,La Liga,Villarreal CF,Club Atlético de Madrid,1,False
2024-08-23,18:00,La Liga,RC Celta de Vigo,Valencia CF,1,False
2024-08-23,19:30,Bundesliga,Borussia Mönchengladbach,Bayer 04 Leverkusen,1,False
2024-08-23,20:30,La Liga,Sevilla FC,Villarreal CF,1,False
2024-08-24,12:30,Premier League,Brighton & Hove Albion FC,Manchester United FC,1,False
2024-08-24,14:30,Bundesliga,RB Leipzig,VfL Bochum 1848,1,False
2024-08-24,14:30,Bundesliga,TSG 1899 Hoffenheim,Holstein Kiel,1,False
2024-08-24,14:30,Bundesliga,SC Freiburg,VfB Stuttgart,1,False
2024-08-24,14:30,Bundesliga,FC Augsburg,SV Werder Bremen,1,False
2024-08-24,14:30,Bundesliga,1. FSV Mainz 05,1. FC Union Berlin,1,False
2024-08-24,15:00,Premier League,Crystal Palace FC,West Ham United FC,1,False
2024-08-24,15:00,Premier League,Fulham FC,Leicester City FC,1,False
2024-08-24,15:00,Premier League,Manchester City FC,Ipswich Town FC,1,False
2024-08-24,15:00,Premier League,Southampton FC,Nottingham Forest FC,1,False
2024-08-24,15:00,Premier League,Tottenham Hotspur FC,Everton FC,1,False
2024-08-24,16:00,La Liga,CA Osasuna,RCD Mallorca,1,False
2024-08-24,17:30,Premier League,Aston Villa FC,Arsenal FC,1,False
2024-08-24,17:30,Bundesliga,Borussia Dortmund,Eintracht Frankfurt,1,False
2024-08-24,18:00,La Liga,FC Barcelona,Athletic Club,1,False
2024-08-24,20:30,La Liga,Getafe CF,Rayo Vallecano de Madrid,1,False
2024-08-24,20:30,La Liga,RCD Espanyol de Barcelona,Real Sociedad de Fútbol,1,False
2024-08-25,14:00,Premier League,AFC Bournemouth,Newcastle United FC,1,False
2024-08-25,14:00,Premier League,Wolverhampton Wanderers FC,Chelsea FC,1,False
2024-08-25,14:30,Bundesliga,VfL Wolfsburg,FC Bayern München,1,False
2024-08-25,16:00,La Liga,Real Madrid CF,Real Valladolid CF,1,False
2024-08-25,16:30,Premier League,Liverpool FC,Brentford FC,1,False
2024-08-25,16:30,Bundesliga,FC St. Pauli 1910,1. FC Heidenheim 1846,1,False
2024-08-25,18:00,La Liga,CD Leganés,UD Las Palmas,1,False
2024-08-25,18:15,La Liga,Deportivo Alavés,Real Betis Balompié,1,False
2024-08-25,20:30,La Liga,Club Atlético de Madrid,Girona FC,1,False
2024-08-26,20:30,La Liga,Villarreal CF,RC Celta de Vigo,1,False
2024-08-27,18:00,La Liga,RCD Mallorca,Sevilla FC,1,False
2024-08-27,20:30,La Liga,Rayo Vallecano de Madrid,FC Barcelona,1,False
2024-08-28,18:00,La Liga,Athletic Club,Valencia CF,1,False
2024-08-28,18:00,La Liga,Real Valladolid CF,CD Leganés,1,False
2024-08-28,20:30,La Liga,Real Sociedad de Fútbol,Deportivo Alavés,1,False
2024-08-28,20:30,La Liga,Club Atlético de Madrid,RCD Espanyol de Barcelona,1,False
2024-08-29,18:00,La Liga,Girona FC,CA Osasuna,1,False
2024-08-29,20:30,La Liga,UD Las Palmas,Real Madrid CF,1,False
2024-08-30,19:30,Bundesliga,1. FC Union Berlin,FC St. Pauli 1910,1,False
2024-08-31,12:30,Premier League,Arsenal FC,Brighton & Hove Albion FC,1,False
2024-08-31,14:30,Bundesliga,VfB Stuttgart,1. FSV Mainz 05,1,False
2024-08-31,14:30,Bundesliga,Eintracht Frankfurt,TSG 1899 Hoffenheim,1,False
2024-08-31,14:30,Bundesliga,SV Werder Bremen,Borussia Dortmund,1,False
2024-08-31,14:30,Bundesliga,VfL Bochum 1848,Borussia Mönchengladbach,1,False
2024-08-31,14:30,Bundesliga,Holstein Kiel,VfL Wolfsburg,1,False
2024-08-31,15:00,Premier League,Brentford FC,Southampton FC,1,False
2024-08-31,15:00,Premier League,Everton FC,AFC Bournemouth,1,False
2024-08-31,15:00,Premier League,Ipswich Town FC,Fulham FC,1,False
2024-08-31,15:00,Premier League,Leicester City FC,Aston Villa FC,1,False
2024-08-31,15:00,Premier League,Nottingham Forest FC,Wolverhampton Wanderers FC,1,False
2024-08-31,16:00,La Liga,FC Barcelona,Real Valladolid CF,1,False
2024-08-31,17:30,Premier League,West Ham United FC,Manchester City FC,1,False
2024-08-31,17:30,Bundesliga,Bayer 04 Leverkusen,RB Leipzig,1,False
2024-08-31,18:00,La Liga,Athletic Club,Club Atlético de Madrid,1,False
2024-08-31,18:15,La Liga,RCD Espanyol de Barcelona,Rayo Vallecano de Madrid,1,False
2024-08-31,20:30,La Liga,CD Leganés,RCD Mallorca,1,False
2024-08-31,20:30,La Liga,Valencia CF,Villarreal CF,1,False
2024-09-01,13:30,Premier League,Chelsea FC,Crystal Palace FC,1,False
2024-09-01,13:30,Premier League,Newcastle United FC,Tottenham Hotspur FC,1,False
2024-09-01,14:30,Bundesliga,1. FC Heidenheim 1846,FC Augsburg,1,False
2024-09-01,16:00,Premier League,Manchester United FC,Liverpool FC,2,False
2024-09-01,16:00,La Liga,CA Osasuna,RC Celta de Vigo,1,False
2024-09-01,16:00,La Liga,Deportivo Alavés,UD Las Palmas,1,False
2024-09-01,16:30,Bundesliga,FC Bayern München,SC Freiburg,1,False
2024-09-01,18:00,La Liga,Sevilla FC,Girona FC,1,False
2024-09-01,18:15,La Liga,Getafe CF,Real Sociedad de Fútbol,1,False
2024-09-01,20:30,La Liga,Real Madrid CF,Real Betis Balompié,1,False
2024-09-13,19:30,Bundesliga,Borussia Dortmund,1. FC Heidenheim 1846,1,False
2024-09-13,20:00,La Liga,Real Betis Balompié,CD Leganés,1,False
2024-09-14,12:30,Premier League,Southampton FC,Manchester United FC,1,False
2024-09-14,13:00,La Liga,RCD Mallorca,Villarreal CF,1,False
2024-09-14,14:30,Bundesliga,RB Leipzig,1. FC Union Berlin,1,False
2024-09-14,14:30,Bundesliga,TSG 1899 Hoffenheim,Bayer 04 Leverkusen,1,False
2024-09-14,14:30,Bundesliga,SC Freiburg,VfL Bochum 1848,1,False
2024-09-14,14:30,Bundesliga,VfL Wolfsburg,Eintracht Frankfurt,1,False
2024-09-14,14:30,Bundesliga,Borussia Mönchengladbach,VfB Stuttgart,1,False
2024-09-14,15:00,Premier League,Brighton & Hove Albion FC,Ipswich Town FC,1,False
2024-09-14,15:00,Premier League,Crystal Palace FC,Leicester City FC,1,False
2024-09-14,15:00,Premier League,Fulham FC,West Ham United FC,1,False
2024-09-14,15:00,Premier League,Liverpool FC,Nottingham Forest FC,1,False
2024-09-14,15:00,Premier League,Manchester City FC,Brentford FC,1,False
2024-09-14,15:15,La Liga,RCD Espanyol de Barcelona,Deportivo Alavés,1,False
2024-09-14,17:30,Premier League,Aston Villa FC,Everton FC,1,False
2024-09-14,17:30,Bundesliga,Holstein Kiel,FC Bayern München,1,False
2024-09-14,17:30,La Liga,Sevilla FC,Getafe CF,1,False
2024-09-14,20:00,Premier League,AFC Bournemouth,Chelsea FC,1,False
2024-09-14,20:00,La Liga,Real Sociedad de Fútbol,Real Madrid CF,1,False
2024-09-15,13:00,La Liga,RC Celta de Vigo,Real Valladolid CF,1,False
2024-09-15,14:00,Premier League,Tottenham Hotspur FC,Arsenal FC,2,False
2024-09-15,14:30,Bundesliga,FC Augsburg,FC St. Pauli 1910,1,False
2024-09-15,15:15,La Liga,Girona FC,FC Barcelona,1,False
2024-09-15,16:30,Premier League,Wolverhampton Wanderers FC,Newcastle United FC,1,False
2024-09-15,16:30,Bundesliga,1. FSV Mainz 05,SV Werder Bremen,1,False
2024-09-15,17:30,La Liga,UD Las Palmas,Athletic Club,1,False
2024-09-15,20:00,La Liga,Club Atlético de Madrid,Valencia CF,1,False
2024-09-16,20:00,La Liga,Rayo Vallecano de Madrid,CA Osasuna,1,False
2024-09-17,17:45,Champions League,BSC Young Boys,Aston Villa FC,2,False
2024-09-17,17:45,Champions League,Juventus FC,PSV,2,False
2024-09-17,18:00,La Liga,RCD Mallorca,Real Sociedad de Fútbol,1,False
2024-09-17,20:00,Champions League,Sporting Clube de Portugal,Lille OSC,2,False
2024-09-17,20:00,Champions League,FC Bayern München,GNK Dinamo Zagreb,2,False
2024-09-17,20:00,Champions League,Real Madrid CF,VfB Stuttgart,2,False
2024-09-17,20:00,Champions League,AC Milan,Liverpool FC,2,False
2024-09-18,17:45,Champions League,Bologna FC 1909,FK Shakhtar Donetsk,2,False
2024-09-18,17:45,Champions League,AC Sparta Praha,FC Red Bull Salzburg,2,False
2024-09-18,18:00,La Liga,Real Betis Balompié,Getafe CF,1,False
2024-09-18,20:00,Champions League,Manchester City FC,FC Internazionale Milano,2,False
2024-09-18,20:00,Champions League,Paris Saint-Germain FC,Girona FC,2,False
2024-09-18,20:00,Champions League,Club Brugge KV,Borussia Dortmund,2,False
2024-09-18,20:00,Champions League,Celtic FC,ŠK Slovan Bratislava,2,False
2024-09-19,17:45,Champions League,Feyenoord Rotterdam,Bayer 04 Leverkusen,2,False
2024-09-19,17:45,Champions League,FK Crvena Zvezda,Sport Lisboa e Benfica,2,False
2024-09-19,18:00,La Liga,CD Leganés,Athletic Club,1,False
2024-09-19,20:00,Champions League,AS Monaco FC,FC Barcelona,2,False
2024-09-19,20:00,Champions League,Stade Brestois 29,SK Sturm Graz,2,False
2024-09-19,20:00,Champions League,Atalanta BC,Arsenal FC,2,False
2024-09-19,20:00,Champions League,Club Atlético de Madrid,RB Leipzig,2,False
2024-09-20,19:30,Bundesliga,FC Augsburg,1. FSV Mainz 05,1,False
2024-09-20,20:00,La Liga,Deportivo Alavés,Sevilla FC,1,False
2024-09-21,12:30,Premier League,West Ham United FC,Chelsea FC,1,False
2024-09-21,13:00,La Liga,Real Valladolid CF,Real Sociedad de Fútbol,1,False
2024-09-21,14:30,Bundesliga,1. FC Heidenheim 1846,SC Freiburg,1,False
2024-09-21,14:30,Bundesliga,SV Werder Bremen,FC Bayern München,1,False
2024-09-21,14:30,Bundesliga,1. FC Union Berlin,TSG 1899 Hoffenheim,1,False
2024-09-21,14:30,Bundesliga,VfL Bochum 1848,Holstein Kiel,1,False
2024-09-21,15:00,Premier League,Aston Villa FC,Wolverhampton Wanderers FC,1,False
2024-09-21,15:00,Premier League,Fulham FC,Newcastle United FC,1,False
2024-09-21,15:00,Premier League,Leicester City FC,Everton FC,1,False
2024-09-21,15:00,Premier League,Liverpool FC,AFC Bournemouth,1,False
2024-09-21,15:00,Premier League,Southampton FC,Ipswich Town FC,1,False
2024-09-21,15:00,Premier League,Tottenham Hotspur FC,Brentford FC,1,False
2024-09-21,15:15,La Liga,CA Osasuna,UD Las Palmas,1,False
2024-09-21,17:30,Premier League,Crystal Palace FC,Manchester United FC,1,False
2024-09-21,17:30,Bundesliga,Eintracht Frankfurt,Borussia Mönchengladbach,1,False
2024-09-21,17:30,La Liga,Valencia CF,Girona FC,1,False
2024-09-21,20:00,La Liga,Real Madrid CF,RCD Espanyol de Barcelona,1,False
2024-09-22,13:00,La Liga,Getafe CF,CD Leganés,1,False
2024-09-22,14:00,Premier League,Brighton & Hove Albion FC,Nottingham Forest FC,1,False
2024-09-22,14:30,Bundesliga,Bayer 04 Leverkusen,VfL Wolfsburg,1,False
2024-09-22,15:15,La Liga,Athletic Club,RC Celta de Vigo,1,False
2024-09-22,16:30,Premier League,Manchester City FC,Arsenal FC,2,False
2024-09-22,16:30,Bundesliga,VfB Stuttgart,Borussia Dortmund,1,False
2024-09-22,17:30,La Liga,Villarreal CF,FC Barcelona,1,False
2024-09-22,18:30,Bundesliga,FC St. Pauli 1910,RB Leipzig,1,False
2024-09-22,20:00,La Liga,Rayo Vallecano de Madrid,Club Atlético de Madrid,1,False
2024-09-23,20:00,La Liga,Real Betis Balompié,RCD Mallorca,1,False
2024-09-24,18:00,La Liga,Sevilla FC,Real Valladolid CF,1,False
2024-09-24,18:00,La Liga,Valencia CF,CA Osasuna,1,False
2024-09-24,20:00,La Liga,Real Madrid CF,Deportivo Alavés,1,False
2024-09-25,18:00,La Liga,Girona FC,Rayo Vallecano de Madrid,1,False
2024-09-25,20:00,La Liga,FC Barcelona,Getafe CF,1,False
2024-09-26,18:00,La Liga,UD Las Palmas,Real Betis Balompié,1,False
2024-09-26,18:00,La Liga,RCD Espanyol de Barcelona,Villarreal CF,1,False
2024-09-26,20:00,La Liga,RC Celta de Vigo,Club Atlético de Madrid,1,False
2024-09-27,19:30,Bundesliga,Borussia Dortmund,VfL Bochum 1848,1,False
2024-09-27,20:00,La Liga,Real Valladolid CF,RCD Mallorca,1,False
2024-09-28,12:30,Premier League,Newcastle United FC,Manchester City FC,1,False
2024-09-28,13:00,La Liga,Getafe CF,Deportivo Alavés,1,False
2024-09-28,14:30,Bundesliga,RB Leipzig,FC Augsburg,1,False
2024-09-28,14:30,Bundesliga,SC Freiburg,FC St. Pauli 1910,1,False
2024-09-28,14:30,Bundesliga,VfL Wolfsburg,VfB Stuttgart,1,False
2024-09-28,14:30,Bundesliga,1. FSV Mainz 05,1. FC Heidenheim 1846,1,False
2024-09-28,14:30,Bundesliga,Borussia Mönchengladbach,1. FC Union Berlin,1,False
2024-09-28,15:00,Premier League,Arsenal FC,Leicester City FC,1,False
2024-09-28,15:00,Premier League,Brentford FC,West Ham United FC,1,False
2024-09-28,15:00,Premier League,Chelsea FC,Brighton & Hove Albion FC,1,False
2024-09-28,15:00,Premier League,Everton FC,Crystal Palace FC,1,False
2024-09-28,15:00,Premier League,Nottingham Forest FC,Fulham FC,1,False
2024-09-28,15:15,La Liga,Rayo Vallecano de Madrid,CD Leganés,1,False
2024-09-28,17:30,Premier League,Wolverhampton Wanderers FC,Liverpool FC,1,False
2024-09-28,17:30,Bundesliga,FC Bayern München,Bayer 04 Leverkusen,1,False
2024-09-28,17:30,La Liga,Real Sociedad de Fútbol,Valencia CF,1,False
2024-09-28,20:00,La Liga,CA Osasuna,FC Barcelona,1,False
2024-09-29,13:00,La Liga,RC Celta de Vigo,Girona FC,1,False
2024-09-29,14:00,Premier League,Ipswich Town FC,Aston Villa FC,1,False
2024-09-29,14:30,Bundesliga,Holstein Kiel,Eintracht Frankfurt,1,False
2024-09-29,15:15,La Liga,Athletic Club,Sevilla FC,1,False
2024-09-29,16:30,Premier League,Manchester United FC,Tottenham Hotspur FC,2,False
2024-09-29,16:30,Bundesliga,TSG 1899 Hoffenheim,SV Werder Bremen,1,False
2024-09-29,17:30,La Liga,Real Betis Balompié,RCD Espanyol de Barcelona,1,False
2024-09-29,20:00,La Liga,Club Atlético de Madrid,Real Madrid CF,1,False
2024-09-30,20:00,Premier League,AFC Bournemouth,Southampton FC,1,False
2024-09-30,20:00,La Liga,Villarreal CF,UD Las Palmas,1,False
2024-10-01,17:45,Champions League,VfB Stuttgart,AC Sparta Praha,2,False
2024-10-01,17:45,Champions League,FC Red Bull Salzburg,Stade Brestois 29,2,False
2024-10-01,20:00,Champions League,ŠK Slovan Bratislava,Manchester City FC,2,False
2024-10-01,20:00,Champions League,Borussia Dortmund,Celtic FC,2,False
2024-10-01,20:00,Champions League,FC Barcelona,BSC Young Boys,2,False
2024-10-01,20:00,Champions League,FC Internazionale Milano,FK Crvena Zvezda,2,False
2024-10-01,20:00,Champions League,Bayer 04 Leverkusen,AC Milan,2,False
2024-10-01,20:00,Champions League,Arsenal FC,Paris Saint-Germain FC,2,False
2024-10-01,20:00,Champions League,PSV,Sporting Clube de Portugal,2,False
2024-10-02,17:45,Champions League,Girona FC,Feyenoord Rotterdam,2,False
2024-10-02,17:45,Champions League,FK Shakhtar Donetsk,Atalanta BC,2,False
2024-10-02,20:00,Champions League,Aston Villa FC,FC Bayern München,2,False
2024-10-02,20:00,Champions League,SK Sturm Graz,Club Brugge KV,2,False
2024-10-02,20:00,Champions League,Liverpool FC,Bologna FC 1909,2,False
2024-10-02,20:00,Champions League,RB Leipzig,Juventus FC,2,False
2024-10-02,20:00,Champions League,Sport Lisboa e Benfica,Club Atlético de Madrid,2,False
2024-10-02,20:00,Champions League,GNK Dinamo Zagreb,AS Monaco FC,2,False
2024-10-02,20:00,Champions League,Lille OSC,Real Madrid CF,2,False
2024-10-04,19:30,Bundesliga,FC Augsburg,Borussia Mönchengladbach,1,False
2024-10-04,20:00,La Liga,CD Leganés,Valencia CF,1,False
2024-10-05,12:30,Premier League,Crystal Palace FC,Liverpool FC,1,False
2024-10-05,13:00,La Liga,RCD Espanyol de Barcelona,RCD Mallorca,1,False
2024-10-05,14:30,Bundesliga,Bayer 04 Leverkusen,Holstein Kiel,1,False
2024-10-05,14:30,Bundesliga,SV Werder Bremen,SC Freiburg,1,False
2024-10-05,14:30,Bundesliga,1. FC Union Berlin,Borussia Dortmund,1,False
2024-10-05,14:30,Bundesliga,VfL Bochum 1848,VfL Wolfsburg,1,False
2024-10-05,15:00,Premier League,Arsenal FC,Southampton FC,1,False
2024-10-05,15:00,Premier League,Brentford FC,Wolverhampton Wanderers FC,1,False
2024-10-05,15:00,Premier League,Leicester City FC,AFC Bournemouth,1,False
2024-10-05,15:00,Premier League,Manchester City FC,Fulham FC,1,False
2024-10-05,15:00,Premier League,West Ham United FC,Ipswich Town FC,1,False
2024-10-05,15:15,La Liga,Getafe CF,CA Osasuna,1,False
2024-10-05,17:30,Premier League,Everton FC,Newcastle United FC,1,False
2024-10-05,17:30,Bundesliga,FC St. Pauli 1910,1. FSV Mainz 05,1,False
2024-10-05,17:30,La Liga,Real Valladolid CF,Rayo Vallecano de Madrid,1,False
2024-10-05,17:30,La Liga,UD Las Palmas,RC Celta de Vigo,1,False
2024-10-05,20:00,La Liga,Real Madrid CF,Villarreal CF,1,False
2024-10-06,13:00,La Liga,Girona FC,Athletic Club,1,False
2024-10-06,14:00,Premier League,Aston Villa FC,Manchester United FC,1,False
2024-10-06,14:00,Premier League,Chelsea FC,Nottingham Forest FC,1,False
2024-10-06,14:30,Bundesliga,1. FC Heidenheim 1846,RB Leipzig,1,False
2024-10-06,15:15,La Liga,Deportivo Alavés,FC Barcelona,1,False
2024-10-06,16:30,Premier League,Brighton & Hove Albion FC,Tottenham Hotspur FC,1,False
2024-10-06,16:30,Bundesliga,Eintracht Frankfurt,FC Bayern München,1,False
2024-10-06,17:30,La Liga,Sevilla FC,Real Betis Balompié,1,False
2024-10-06,18:30,Bundesliga,VfB Stuttgart,TSG 1899 Hoffenheim,1,False
2024-10-06,20:00,La Liga,Real Sociedad de Fútbol,Club Atlético de Madrid,1,False
2024-10-18,19:30,Bundesliga,Borussia Dortmund,FC St. Pauli 1910,1,False
2024-10-18,20:00,La Liga,Deportivo Alavés,Real Valladolid CF,1,False
2024-10-19,12:30,Premier League,Tottenham Hotspur FC,West Ham United FC,1,False
2024-10-19,13:00,La Liga,Athletic Club,RCD Espanyol de Barcelona,1,False
2024-10-19,14:30,Bundesliga,Bayer 04 Leverkusen,Eintracht Frankfurt,1,False
2024-10-19,14:30,Bundesliga,TSG 1899 Hoffenheim,VfL Bochum 1848,1,False
2024-10-19,14:30,Bundesliga,SC Freiburg,FC Augsburg,1,False
2024-10-19,14:30,Bundesliga,1. FSV Mainz 05,RB Leipzig,1,False
2024-10-19,14:30,Bundesliga,Borussia Mönchengladbach,1. FC Heidenheim 1846,1,False
2024-10-19,15:00,Premier League,Fulham FC,Aston Villa FC,1,False
2024-10-19,15:00,Premier League,Ipswich Town FC,Everton FC,1,False
2024-10-19,15:00,Premier League,Manchester United FC,Brentford FC,1,False
2024-10-19,15:00,Premier League,Newcastle United FC,Brighton & Hove Albion FC,1,False
2024-10-19,15:00,Premier League,Southampton FC,Leicester City FC,1,False
2024-10-19,15:15,La Liga,CA Osasuna,Real Betis Balompié,1,False
2024-10-19,17:30,Premier League,AFC Bournemouth,Arsenal FC,1,False
2024-10-19,17:30,Bundesliga,FC Bayern München,VfB Stuttgart,1,False
2024-10-19,17:30,La Liga,Girona FC,Real Sociedad de Fútbol,1,False
2024-10-19,20:00,La Liga,RC Celta de Vigo,Real Madrid CF,1,False
2024-10-20,13:00,La Liga,RCD Mallorca,Rayo Vallecano de Madrid,1,False
2024-10-20,14:00,Premier League,Wolverhampton Wanderers FC,Manchester City FC,1,False
2024-10-20,14:30,Bundesliga,Holstein Kiel,1. FC Union Berlin,1,False
2024-10-20,15:15,La Liga,Club Atlético de Madrid,CD Leganés,1,False
2024-10-20,16:30,Premier League,Liverpool FC,Chelsea FC,2,False
2024-10-20,16:30,Bundesliga,VfL Wolfsburg,SV Werder Bremen,1,False
2024-10-20,17:30,La Liga,Villarreal CF,Getafe CF,1,False
2024-10-20,20:00,La Liga,FC Barcelona,Sevilla FC,1,False
2024-10-21,20:00,Premier League,Nottingham Forest FC,Crystal Palace FC,1,False
2024-10-21,20:00,La Liga,Valencia CF,UD Las Palmas,1,False
2024-10-22,17:45,Champions League,AS Monaco FC,FK Crvena Zvezda,2,False
2024-10-22,17:45,Champions League,AC Milan,Club Brugge KV,2,False
2024-10-22,20:00,Champions League,Aston Villa FC,Bologna FC 1909,2,False
2024-10-22,20:00,Champions League,Girona FC,ŠK Slovan Bratislava,2,False
2024-10-22,20:00,Champions League,SK Sturm Graz,Sporting Clube de Portugal,2,False
2024-10-22,20:00,Champions League,Paris Saint-Germain FC,PSV,2,False
2024-10-22,20:00,Champions League,Real Madrid CF,Borussia Dortmund,2,False
2024-10-22,20:00,Champions League,Arsenal FC,FK Shakhtar Donetsk,2,False
2024-10-22,20:00,Champions League,Juventus FC,VfB Stuttgart,2,False
2024-10-23,17:45,Champions League,Stade Brestois 29,Bayer 04 Leverkusen,2,False
2024-10-23,17:45,Champions League,Atalanta BC,Celtic FC,2,False
2024-10-23,20:00,Champions League,BSC Young Boys,FC Internazionale Milano,2,False
2024-10-23,20:00,Champions League,FC Barcelona,FC Bayern München,2,False
2024-10-23,20:00,Champions League,Manchester City FC,AC Sparta Praha,2,False
2024-10-23,20:00,Champions League,RB Leipzig,Liverpool FC,2,False
2024-10-23,20:00,Champions League,Club Atlético de Madrid,Lille OSC,2,False
2024-10-23,20:00,Champions League,Sport Lisboa e Benfica,Feyenoord Rotterdam,2,False
2024-10-23,20:00,Champions League,FC Red Bull Salzburg,GNK Dinamo Zagreb,2,False
2024-10-25,19:30,Bundesliga,1. FSV Mainz 05,Borussia Mönchengladbach,1,False
2024-10-25,20:00,Premier League,Leicester City FC,Nottingham Forest FC,1,False
2024-10-25,20:00,La Liga,RCD Espanyol de Barcelona,Sevilla FC,1,False
2024-10-26,13:00,La Liga,Real Valladolid CF,Villarreal CF,1,False
2024-10-26,14:30,Bundesliga,VfB Stuttgart,Holstein Kiel,1,False
2024-10-26,14:30,Bundesliga,RB Leipzig,SC Freiburg,1,False
2024-10-26,14:30,Bundesliga,FC Augsburg,Borussia Dortmund,1,False
2024-10-26,14:30,Bundesliga,FC St. Pauli 1910,VfL Wolfsburg,1,False
2024-10-26,15:00,Premier League,Aston Villa FC,AFC Bournemouth,1,False
2024-10-26,15:00,Premier League,Brentford FC,Ipswich Town FC,1,False
2024-10-26,15:00,Premier League,Brighton & Hove Albion FC,Wolverhampton Wanderers FC,1,False
2024-10-26,15:00,Premier League,Manchester City FC,Southampton FC,1,False
2024-10-26,15:15,La Liga,Rayo Vallecano de Madrid,Deportivo Alavés,1,False
2024-10-26,17:30,Premier League,Everton FC,Fulham FC,1,False
2024-10-26,17:30,Bundesliga,SV Werder Bremen,Bayer 04 Leverkusen,1,False
2024-10-26,17:30,La Liga,UD Las Palmas,Girona FC,1,False
2024-10-26,20:00,La Liga,Real Madrid CF,FC Barcelona,1,False
2024-10-27,14:00,La Liga,CD Leganés,RC Celta de Vigo,1,False
2024-10-27,15:00,Premier League,Chelsea FC,Newcastle United FC,1,False
2024-10-27,15:00,Premier League,Crystal Palace FC,Tottenham Hotspur FC,1,False
2024-10-27,15:00,Premier League,West Ham United FC,Manchester United FC,1,False
2024-10-27,15:30,Bundesliga,VfL Bochum 1848,FC Bayern München,1,False
2024-10-27,16:15,La Liga,Getafe CF,Valencia CF,1,False
2024-10-27,17:30,Premier League,Arsenal FC,Liverpool FC,2,False
2024-10-27,17:30,Bundesliga,1. FC Union Berlin,Eintracht Frankfurt,1,False
2024-10-27,18:30,La Liga,Real Betis Balompié,Club Atlético de Madrid,1,False
2024-10-27,19:30,Bundesliga,1. FC Heidenheim 1846,TSG 1899 Hoffenheim,1,False
2024-10-27,21:00,La Liga,Real Sociedad de Fútbol,CA Osasuna,1,False
2024-10-28,21:00,La Liga,RCD Mallorca,Athletic Club,1,False
2024-11-01,20:30,Bundesliga,Bayer 04 Leverkusen,VfB Stuttgart,1,False
2024-11-01,21:00,La Liga,Deportivo Alavés,RCD Mallorca,1,False
2024-11-02,13:30,Premier League,Newcastle United FC,Arsenal FC,1,False
2024-11-02,14:00,La Liga,CA Osasuna,Real Valladolid CF,1,False
2024-11-02,15:30,Bundesliga,FC Bayern München,1. FC Union Berlin,1,False
2024-11-02,15:30,Bundesliga,Eintracht Frankfurt,VfL Bochum 1848,1,False
2024-11-02,15:30,Bundesliga,TSG 1899 Hoffenheim,FC St. Pauli 1910,1,False
2024-11-02,15:30,Bundesliga,VfL Wolfsburg,FC Augsburg,1,False
2024-11-02,15:30,Bundesliga,Holstein Kiel,1. FC Heidenheim 1846,1,False
2024-11-02,16:00,Premier League,AFC Bournemouth,Manchester City FC,1,False
2024-11-02,16:00,Premier League,Ipswich Town FC,Leicester City FC,1,False
2024-11-02,16:00,Premier League,Liverpool FC,Brighton & Hove Albion FC,1,False
2024-11-02,16:00,Premier League,Nottingham Forest FC,West Ham United FC,1,False
2024-11-02,16:00,Premier League,Southampton FC,Everton FC,1,False
2024-11-02,16:15,La Liga,Girona FC,CD Leganés,1,False
2024-11-02,18:30,Premier League,Wolverhampton Wanderers FC,Crystal Palace FC,1,False
2024-11-02,18:30,Bundesliga,Borussia Dortmund,RB Leipzig,1,False
2024-11-03,14:00,La Liga,Club Atlético de Madrid,UD Las Palmas,1,False
2024-11-03,15:00,Premier League,Tottenham Hotspur FC,Aston Villa FC,1,False
2024-11-03,15:30,Bundesliga,SC Freiburg,1. FSV Mainz 05,1,False
2024-11-03,16:15,La Liga,FC Barcelona,RCD Espanyol de Barcelona,1,False
2024-11-03,17:30,Premier League,Manchester United FC,Chelsea FC,2,False
2024-11-03,17:30,Bundesliga,Borussia Mönchengladbach,SV Werder Bremen,1,False
2024-11-03,18:30,La Liga,Sevilla FC,Real Sociedad de Fútbol,1,False
2024-11-03,21:00,La Liga,Athletic Club,Real Betis Balompié,1,False
2024-11-04,21:00,Premier League,Fulham FC,Brentford FC,1,False
2024-11-04,21:00,La Liga,RC Celta de Vigo,Getafe CF,1,False
2024-11-05,18:45,Champions League,ŠK Slovan Bratislava,GNK Dinamo Zagreb,2,False
2024-11-05,18:45,Champions League,PSV,Girona FC,2,False
2024-11-05,21:00,Champions League,Sporting Clube de Portugal,Manchester City FC,2,False
2024-11-05,21:00,Champions League,Bologna FC 1909,AS Monaco FC,2,False
2024-11-05,21:00,Champions League,Borussia Dortmund,SK Sturm Graz,2,False
2024-11-05,21:00,Champions League,Liverpool FC,Bayer 04 Leverkusen,2,False
2024-11-05,21:00,Champions League,Real Madrid CF,AC Milan,2,False
2024-11-05,21:00,Champions League,Celtic FC,RB Leipzig,2,False
2024-11-05,21:00,Champions League,Lille OSC,Juventus FC,2,False
2024-11-06,18:45,Champions League,Club Brugge KV,Aston Villa FC,2,False
2024-11-06,18:45,Champions League,FK Shakhtar Donetsk,BSC Young Boys,2,False
2024-11-06,21:00,Champions League,AC Sparta Praha,Stade Brestois 29,2,False
2024-11-06,21:00,Champions League,VfB Stuttgart,Atalanta BC,2,False
2024-11-06,21:00,Champions League,FC Internazionale Milano,Arsenal FC,2,False
2024-11-06,21:00,Champions League,Paris Saint-Germain FC,Club Atlético de Madrid,2,False
2024-11-06,21:00,Champions League,Feyenoord Rotterdam,FC Red Bull Salzburg,2,False
2024-11-06,21:00,Champions League,FK Crvena Zvezda,FC Barcelona,2,False
2024-11-06,21:15,Champions League,FC Bayern München,Sport Lisboa e Benfica,2,False
2024-11-08,20:30,Bundesliga,1. FC Union Berlin,SC Freiburg,1,False
2024-11-08,21:00,La Liga,Rayo Vallecano de Madrid,UD Las Palmas,1,False
2024-11-09,14:00,La Liga,Real Madrid CF,CA Osasuna,1,False
2024-11-09,15:30,Bundesliga,SV Werder Bremen,Holstein Kiel,1,False
2024-11-09,15:30,Bundesliga,1. FSV Mainz 05,Borussia Dortmund,1,False
2024-11-09,15:30,Bundesliga,VfL Bochum 1848,Bayer 04 Leverkusen,1,False
2024-11-09,15:30,Bundesliga,FC St. Pauli 1910,FC Bayern München,1,False
2024-11-09,16:00,Premier League,Brentford FC,AFC Bournemouth,1,False
2024-11-09,16:00,Premier League,Crystal Palace FC,Fulham FC,1,False
2024-11-09,16:00,Premier League,West Ham United FC,Everton FC,1,False
2024-11-09,16:00,Premier League,Wolverhampton Wanderers FC,Southampton FC,1,False
2024-11-09,16:15,La Liga,Villarreal CF,Deportivo Alavés,1,False
2024-11-09,18:30,Premier League,Brighton & Hove Albion FC,Manchester City FC,1,False
2024-11-09,18:30,Bundesliga,RB Leipzig,Borussia Mönchengladbach,1,False
2024-11-09,21:00,Premier League,Liverpool FC,Aston Villa FC,1,False
2024-11-09,21:00,La Liga,CD Leganés,Sevilla FC,1,False
2024-11-10,14:00,La Liga,Real Betis Balompié,RC Celta de Vigo,1,False
2024-11-10,15:00,Premier League,Manchester United FC,Leicester City FC,1,False
2024-11-10,15:00,Premier League,Nottingham Forest FC,Newcastle United FC,1,False
2024-11-10,15:00,Premier League,Tottenham Hotspur FC,Ipswich Town FC,1,False
2024-11-10,15:30,Bundesliga,FC Augsburg,TSG 1899 Hoffenheim,1,False
2024-11-10,16:15,La Liga,RCD Mallorca,Club Atlético de Madrid,1,False
2024-11-10,17:30,Premier League,Chelsea FC,Arsenal FC,2,False
2024-11-10,17:30,Bundesliga,VfB Stuttgart,Eintracht Frankfurt,1,False
2024-11-10,18:30,La Liga,Getafe CF,Girona FC,1,False
2024-11-10,18:30,La Liga,Real Valladolid CF,Athletic Club,1,False
2024-11-10,19:30,Bundesliga,1. FC Heidenheim 1846,VfL Wolfsburg,1,False
2024-11-10,21:00,La Liga,Real Sociedad de Fútbol,FC Barcelona,1,False
2024-11-22,20:30,Bundesliga,FC Bayern München,FC Augsburg,1,False
2024-11-22,21:00,La Liga,Getafe CF,Real Valladolid CF,1,False
2024-11-23,13:30,Premier League,Leicester City FC,Chelsea FC,1,False
2024-11-23,14:00,La Liga,Valencia CF,Real Betis Balompié,1,False
2024-11-23,15:30,Bundesliga,Bayer 04 Leverkusen,1. FC Heidenheim 1846,1,False
2024-11-23,15:30,Bundesliga,VfB Stuttgart,VfL Bochum 1848,1,False
2024-11-23,15:30,Bundesliga,Borussia Dortmund,SC Freiburg,1,False
2024-11-23,15:30,Bundesliga,TSG 1899 Hoffenheim,RB Leipzig,1,False
2024-11-23,15:30,Bundesliga,VfL Wolfsburg,1. FC Union Berlin,1,False
2024-11-23,16:00,Premier League,AFC Bournemouth,Brighton & Hove Albion FC,1,False
2024-11-23,16:00,Premier League,Arsenal FC,Nottingham Forest FC,1,False
2024-11-23,16:00,Premier League,Aston Villa FC,Crystal Palace FC,1,False
2024-11-23,16:00,Premier League,Everton FC,Brentford FC,1,False
2024-11-23,16:00,Premier League,Fulham FC,Wolverhampton Wanderers FC,1,False
2024-11-23,16:15,La Liga,Club Atlético de Madrid,Deportivo Alavés,1,False
2024-11-23,18:30,Premier League,Manchester City FC,Tottenham Hotspur FC,2,False
2024-11-23,18:30,Bundesliga,Eintracht Frankfurt,SV Werder Bremen,1,False
2024-11-23,18:30,La Liga,UD Las Palmas,RCD Mallorca,1,False
2024-11-23,18:30,La Liga,Girona FC,RCD Espanyol de Barcelona,1,False
2024-11-23,21:00,La Liga,RC Celta de Vigo,FC Barcelona,1,False
2024-11-24,14:00,La Liga,CA Osasuna,Villarreal CF,1,False
2024-11-24,15:00,Premier League,Southampton FC,Liverpool FC,1,False
2024-11-24,15:30,Bundesliga,Holstein Kiel,1. FSV Mainz 05,1,False
2024-11-24,16:15,La Liga,Sevilla FC,Rayo Vallecano de Madrid,1,False
2024-11-24,17:30,Premier League,Ipswich Town FC,Manchester United FC,1,False
2024-11-24,17:30,Bundesliga,Borussia Mönchengladbach,FC St. Pauli 1910,1,False
2024-11-24,18:30,La Liga,CD Leganés,Real Madrid CF,1,False
2024-11-24,21:00,La Liga,Athletic Club,Real Sociedad de Fútbol,1,False
2024-11-25,21:00,Premier League,Newcastle United FC,West Ham United FC,1,False
2024-11-26,18:45,Champions League,ŠK Slovan Bratislava,AC Milan,2,False
2024-11-26,18:45,Champions League,AC Sparta Praha,Club Atlético de Madrid,2,False
2024-11-26,21:00,Champions League,Sporting Clube de Portugal,Arsenal FC,2,False
2024-11-26,21:00,Champions League,BSC Young Boys,Atalanta BC,2,False
2024-11-26,21:00,Champions League,FC Bayern München,Paris Saint-Germain FC,2,False
2024-11-26,21:00,Champions League,FC Barcelona,Stade Brestois 29,2,False
2024-11-26,21:00,Champions League,FC Internazionale Milano,RB Leipzig,2,False
2024-11-26,21:00,Champions League,Manchester City FC,Feyenoord Rotterdam,2,False
2024-11-26,21:00,Champions League,Bayer 04 Leverkusen,FC Red Bull Salzburg,2,False
2024-11-27,18:45,Champions League,SK Sturm Graz,Girona FC,2,False
2024-11-27,18:45,Champions League,FK Crvena Zvezda,VfB Stuttgart,2,False
2024-11-27,21:00,Champions League,AS Monaco FC,Sport Lisboa e Benfica,2,False
2024-11-27,21:00,Champions League,Aston Villa FC,Juventus FC,2,False
2024-11-27,21:00,Champions League,Bologna FC 1909,Lille OSC,2,False
2024-11-27,21:00,Champions League,Liverpool FC,Real Madrid CF,2,False
2024-11-27,21:00,Champions League,Celtic FC,Club Brugge KV,2,False
2024-11-27,21:00,Champions League,GNK Dinamo Zagreb,Borussia Dortmund,2,False
2024-11-27,21:00,Champions League,PSV,FK Shakhtar Donetsk,2,False
2024-11-29,20:30,Bundesliga,FC St. Pauli 1910,Holstein Kiel,1,False
2024-11-29,21:00,Premier League,Brighton & Hove Albion FC,Southampton FC,1,False
2024-11-29,21:00,La Liga,RCD Mallorca,Valencia CF,1,False
2024-11-30,14:00,La Liga,FC Barcelona,UD Las Palmas,1,False
2024-11-30,15:30,Bundesliga,RB Leipzig,VfL Wolfsburg,1,False
2024-11-30,15:30,Bundesliga,SV Werder Bremen,VfB Stuttgart,1,False
2024-11-30,15:30,Bundesliga,SC Freiburg,Borussia Mönchengladbach,1,False
2024-11-30,15:30,Bundesliga,FC Augsburg,VfL Bochum 1848,1,False
2024-11-30,15:30,Bundesliga,1. FC Union Berlin,Bayer 04 Leverkusen,1,False
2024-11-30,16:00,Premier League,Brentford FC,Leicester City FC,1,False
2024-11-30,16:00,Premier League,Crystal Palace FC,Newcastle United FC,1,False
2024-11-30,16:00,Premier League,Nottingham Forest FC,Ipswich Town FC,1,False
2024-11-30,16:00,Premier League,Wolverhampton Wanderers FC,AFC Bournemouth,1,False
2024-11-30,16:15,La Liga,Deportivo Alavés,CD Leganés,1,False
2024-11-30,18:30,Premier League,West Ham United FC,Arsenal FC,1,False
2024-11-30,18:30,Bundesliga,Borussia Dortmund,FC Bayern München,1,False
2024-11-30,18:30,La Liga,RCD Espanyol de Barcelona,RC Celta de Vigo,1,False
2024-11-30,21:00,La Liga,Real Valladolid CF,Club Atlético de Madrid,1,False
2024-12-01,14:00,La Liga,Villarreal CF,Girona FC,1,False
2024-12-01,14:30,Premier League,Chelsea FC,Aston Villa FC,1,False
2024-12-01,14:30,Premier League,Manchester United FC,Everton FC,1,False
2024-12-01,14:30,Premier League,Tottenham Hotspur FC,Fulham FC,1,False
2024-12-01,15:30,Bundesliga,1. FSV Mainz 05,TSG 1899 Hoffenheim,1,False
2024-12-01,16:15,La Liga,Real Madrid CF,Getafe CF,1,False
2024-12-01,17:00,Premier League,Liverpool FC,Manchester City FC,2,False
2024-12-01,17:30,Bundesliga,1. FC Heidenheim 1846,Eintracht Frankfurt,1,False
2024-12-01,18:30,La Liga,Rayo Vallecano de Madrid,Athletic Club,1,False
2024-12-01,21:00,La Liga,Real Sociedad de Fútbol,Real Betis Balompié,1,False
2024-12-02,21:00,La Liga,Sevilla FC,CA Osasuna,1,False
2024-12-03,19:00,La Liga,RCD Mallorca,FC Barcelona,1,False
2024-12-03,20:30,Premier League,Ipswich Town FC,Crystal Palace FC,1,False
2024-12-03,21:15,Premier League,Leicester City FC,West Ham United FC,1,False
2024-12-04,20:30,Premier League,Everton FC,Wolverhampton Wanderers FC,1,False
2024-12-04,20:30,Premier League,Manchester City FC,Nottingham Forest FC,1,False
2024-12-04,20:30,Premier League,Newcastle United FC,Liverpool FC,1,False
2024-12-04,20:30,Premier League,Southampton FC,Chelsea FC,1,False
2024-12-04,21:00,La Liga,Athletic Club,Real Madrid CF,1,False
2024-12-04,21:15,Premier League,Arsenal FC,Manchester United FC,2,False
2024-12-04,21:15,Premier League,Aston Villa FC,Brentford FC,1,False
2024-12-05,20:30,Premier League,Fulham FC,Brighton & Hove Albion FC,1,False
2024-12-05,21:15,Premier League,AFC Bournemouth,Tottenham Hotspur FC,1,False
2024-12-06,20:30,Bundesliga,VfB Stuttgart,1. FC Union Berlin,1,False
2024-12-06,21:00,La Liga,RC Celta de Vigo,RCD Mallorca,1,False
2024-12-07,14:00,La Liga,UD Las Palmas,Real Valladolid CF,1,False
2024-12-07,15:30,Bundesliga,Bayer 04 Leverkusen,FC St. Pauli 1910,1,False
2024-12-07,15:30,Bundesliga,FC Bayern München,1. FC Heidenheim 1846,1,False
2024-12-07,15:30,Bundesliga,Eintracht Frankfurt,FC Augsburg,1,False
2024-12-07,15:30,Bundesliga,VfL Bochum 1848,SV Werder Bremen,1,False
2024-12-07,15:30,Bundesliga,Holstein Kiel,RB Leipzig,1,False
2024-12-07,16:00,Premier League,Aston Villa FC,Southampton FC,1,False
2024-12-07,16:00,Premier League,Brentford FC,Newcastle United FC,1,False
2024-12-07,16:00,Premier League,Crystal Palace FC,Manchester City FC,1,False
2024-12-07,16:15,La Liga,Real Betis Balompié,FC Barcelona,1,False
2024-12-07,18:30,Premier League,Manchester United FC,Nottingham Forest FC,1,False
2024-12-07,18:30,Bundesliga,Borussia Mönchengladbach,Borussia Dortmund,1,False
2024-12-07,18:30,La Liga,Valencia CF,Rayo Vallecano de Madrid,1,False
2024-12-07,21:00,La Liga,Girona FC,Real Madrid CF,1,False
2024-12-08,14:00,La Liga,CD Leganés,Real Sociedad de Fútbol,1,False
2024-12-08,15:00,Premier League,Fulham FC,Arsenal FC,1,False
2024-12-08,15:00,Premier League,Ipswich Town FC,AFC Bournemouth,1,False
2024-12-08,15:00,Premier League,Leicester City FC,Brighton & Hove Albion FC,1,False
2024-12-08,15:30,Bundesliga,VfL Wolfsburg,1. FSV Mainz 05,1,False
2024-12-08,16:15,La Liga,Athletic Club,Villarreal CF,1,False
2024-12-08,17:30,Premier League,Tottenham Hotspur FC,Chelsea FC,2,False
2024-12-08,17:30,Bundesliga,TSG 1899 Hoffenheim,SC Freiburg,1,False
2024-12-08,18:30,La Liga,CA Osasuna,Deportivo Alavés,1,False
2024-12-08,21:00,La Liga,Club Atlético de Madrid,Sevilla FC,1,False
2024-12-09,21:00,Premier League,West Ham United FC,Wolverhampton Wanderers FC,1,False
2024-12-09,21:00,La Liga,Getafe CF,RCD Espanyol de Barcelona,1,False
2024-12-10,18:45,Champions League,Girona FC,Liverpool FC,2,False
2024-12-10,18:45,Champions League,GNK Dinamo Zagreb,Celtic FC,2,False
2024-12-10,21:00,Champions League,Stade Brestois 29,PSV,2,False
2024-12-10,21:00,Champions League,RB Leipzig,Aston Villa FC,2,False
2024-12-10,21:00,Champions League,Atalanta BC,Real Madrid CF,2,False
2024-12-10,21:00,Champions League,Bayer 04 Leverkusen,FC Internazionale Milano,2,False
2024-12-10,21:00,Champions League,Club Brugge KV,Sporting Clube de Portugal,2,False
2024-12-10,21:00,Champions League,FK Shakhtar Donetsk,FC Bayern München,2,False
2024-12-10,21:00,Champions League,FC Red Bull Salzburg,Paris Saint-Germain FC,2,False
2024-12-11,18:45,Champions League,Club Atlético de Madrid,ŠK Slovan Bratislava,2,False
2024-12-11,18:45,Champions League,Lille OSC,SK Sturm Graz,2,False
2024-12-11,21:00,Champions League,VfB Stuttgart,BSC Young Boys,2,False
2024-12-11,21:00,Champions League,Borussia Dortmund,FC Barcelona,2,False
2024-12-11,21:00,Champions League,AC Milan,FK Crvena Zvezda,2,False
2024-12-11,21:00,Champions League,Sport Lisboa e Benfica,Bologna FC 1909,2,False
2024-12-11,21:00,Champions League,Arsenal FC,AS Monaco FC,2,False
2024-12-11,21:00,Champions League,Juventus FC,Manchester City FC,2,False
2024-12-11,21:00,Champions League,Feyenoord Rotterdam,AC Sparta Praha,2,False
2024-12-13,20:30,Bundesliga,SC Freiburg,VfL Wolfsburg,1,False
2024-12-13,21:00,La Liga,Real Valladolid CF,Valencia CF,1,False
2024-12-14,14:00,La Liga,RCD Espanyol de Barcelona,CA Osasuna,1,False
2024-12-14,15:30,Bundesliga,1. FSV Mainz 05,FC Bayern München,1,False
2024-12-14,15:30,Bundesliga,Borussia Mönchengladbach,Holstein Kiel,1,False
2024-12-14,15:30,Bundesliga,1. FC Union Berlin,VfL Bochum 1848,1,False
2024-12-14,15:30,Bundesliga,FC Augsburg,Bayer 04 Leverkusen,1,False
2024-12-14,16:00,Premier League,Arsenal FC,Everton FC,1,False
2024-12-14,16:00,Premier League,Liverpool FC,Fulham FC,1,False
2024-12-14,16:00,Premier League,Newcastle United FC,Leicester City FC,1,False
2024-12-14,16:00,Premier League,Wolverhampton Wanderers FC,Ipswich Town FC,1,False
2024-12-14,16:15,La Liga,RCD Mallorca,Girona FC,1,False
2024-12-14,18:30,Premier League,Nottingham Forest FC,Aston Villa FC,1,False
2024-12-14,18:30,Bundesliga,FC St. Pauli 1910,SV Werder Bremen,1,False
2024-12-14,18:30,La Liga,Sevilla FC,RC Celta de Vigo,1,False
2024-12-14,21:00,La Liga,Rayo Vallecano de Madrid,Real Madrid CF,1,False
2024-12-15,14:00,La Liga,Club Atlético de Madrid,Getafe CF,1,False
2024-12-15,15:00,Premier League,Brighton & Hove Albion FC,Crystal Palace FC,1,False
2024-12-15,15:30,Bundesliga,1. FC Heidenheim 1846,VfB Stuttgart,1,False
2024-12-15,16:15,La Liga,Deportivo Alavés,Athletic Club,1,False
2024-12-15,17:30,Premier League,Manchester City FC,Manchester United FC,2,False
2024-12-15,17:30,Bundesliga,Borussia Dortmund,TSG 1899 Hoffenheim,1,False
2024-12-15,18:30,La Liga,Villarreal CF,Real Betis Balompié,1,False
2024-12-15,18:30,La Liga,Real Sociedad de Fútbol,UD Las Palmas,1,False
2024-12-15,19:30,Bundesliga,RB Leipzig,Eintracht Frankfurt,1,False
2024-12-15,20:00,Premier League,Chelsea FC,Brentford FC,1,False
2024-12-15,20:00,Premier League,Southampton FC,Tottenham Hotspur FC,1,False
2024-12-15,21:00,La Liga,FC Barcelona,CD Leganés,1,False
2024-12-16,21:00,Premier League,AFC Bournemouth,West Ham United FC,1,False
2024-12-18,21:30,La Liga,Villarreal CF,Rayo Vallecano de Madrid,1,False
2024-12-18,21:30,La Liga,RCD Espanyol de Barcelona,Valencia CF,1,False
2024-12-20,20:30,Bundesliga,FC Bayern München,RB Leipzig,1,False
2024-12-20,21:00,La Liga,Girona FC,Real Valladolid CF,1,False
2024-12-21,13:30,Premier League,Aston Villa FC,Manchester City FC,1,False
2024-12-21,14:00,La Liga,Getafe CF,RCD Mallorca,1,False
2024-12-21,15:30,Bundesliga,VfB Stuttgart,FC St. Pauli 1910,1,False
2024-12-21,15:30,Bundesliga,Eintracht Frankfurt,1. FSV Mainz 05,1,False
2024-12-21,15:30,Bundesliga,TSG 1899 Hoffenheim,Borussia Mönchengladbach,1,False
2024-12-21,15:30,Bundesliga,SV Werder Bremen,1. FC Union Berlin,1,False
2024-12-21,15:30,Bundesliga,Holstein Kiel,FC Augsburg,1,False
2024-12-21,16:00,Premier League,Brentford FC,Nottingham Forest FC,1,False
2024-12-21,16:00,Premier League,Ipswich Town FC,Newcastle United FC,1,False
2024-12-21,16:00,Premier League,West Ham United FC,Brighton & Hove Albion FC,1,False
2024-12-21,16:15,La Liga,RC Celta de Vigo,Real Sociedad de Fútbol,1,False
2024-12-21,18:30,Premier League,Crystal Palace FC,Arsenal FC,1,False
2024-12-21,18:30,Bundesliga,Bayer 04 Leverkusen,SC Freiburg,1,False
2024-12-21,18:30,La Liga,CA Osasuna,Athletic Club,1,False
2024-12-21,21:00,La Liga,FC Barcelona,Club Atlético de Madrid,1,False
2024-12-22,14:00,La Liga,Valencia CF,Deportivo Alavés,1,False
2024-12-22,15:00,Premier League,Everton FC,Chelsea FC,1,False
2024-12-22,15:00,Premier League,Fulham FC,Southampton FC,1,False
2024-12-22,15:00,Premier League,Leicester City FC,Wolverhampton Wanderers FC,1,False
2024-12-22,15:00,Premier League,Manchester United FC,AFC Bournemouth,1,False
2024-12-22,15:30,Bundesliga,VfL Bochum 1848,1. FC Heidenheim 1846,1,False
2024-12-22,16:15,La Liga,Real Madrid CF,Sevilla FC,1,False
2024-12-22,17:30,Premier League,Tottenham Hotspur FC,Liverpool FC,2,False
2024-12-22,17:30,Bundesliga,VfL Wolfsburg,Borussia Dortmund,1,False
2024-12-22,18:30,La Liga,CD Leganés,Villarreal CF,1,False
2024-12-22,18:30,La Liga,UD Las Palmas,RCD Espanyol de Barcelona,1,False
2024-12-22,21:00,La Liga,Real Betis Balompié,Rayo Vallecano de Madrid,1,False
2024-12-26,13:30,Premier League,Manchester City FC,Everton FC,1,False
2024-12-26,16:00,Premier League,AFC Bournemouth,Crystal Palace FC,1,False
2024-12-26,16:00,Premier League,Chelsea FC,Fulham FC,1,False
2024-12-26,16:00,Premier League,Newcastle United FC,Aston Villa FC,1,False
2024-12-26,16:00,Premier League,Nottingham Forest FC,Tottenham Hotspur FC,1,False
2024-12-26,16:00,Premier League,Southampton FC,West Ham United FC,1,False
2024-12-26,18:30,Premier League,Wolverhampton Wanderers FC,Manchester United FC,1,False
2024-12-26,21:00,Premier League,Liverpool FC,Leicester City FC,1,False
2024-12-27,20:30,Premier League,Brighton & Hove Albion FC,Brentford FC,1,False
2024-12-27,21:15,Premier League,Arsenal FC,Ipswich Town FC,1,False
2024-12-29,15:30,Premier League,Leicester City FC,Manchester City FC,1,False
2024-12-29,16:00,Premier League,Crystal Palace FC,Southampton FC,1,False
2024-12-29,16:00,Premier League,Everton FC,Nottingham Forest FC,1,False
2024-12-29,16:00,Premier League,Fulham FC,AFC Bournemouth,1,False
2024-12-29,16:00,Premier League,Tottenham Hotspur FC,Wolverhampton Wanderers FC,1,False
2024-12-29,18:15,Premier League,West Ham United FC,Liverpool FC,1,False
2024-12-30,20:45,Premier League,Aston Villa FC,Brighton & Hove Albion FC,1,False
2024-12-30,20:45,Premier League,Ipswich Town FC,Chelsea FC,1,False
2024-12-30,21:00,Premier League,Manchester United FC,Newcastle United FC,1,False
2025-01-01,18:30,Premier League,Brentford FC,Arsenal FC,1,False
2025-01-03,21:00,La Liga,Valencia CF,Real Madrid CF,1,False
2025-01-04,13:30,Premier League,Tottenham Hotspur FC,Newcastle United FC,1,False
2025-01-04,16:00,Premier League,Southampton FC,Brentford FC,1,False
2025-01-04,16:00,Premier League,Crystal Palace FC,Chelsea FC,1,False
2025-01-04,16:00,Premier League,AFC Bournemouth,Everton FC,1,False
2025-01-04,16:00,Premier League,Aston Villa FC,Leicester City FC,1,False
2025-01-04,16:00,Premier League,Manchester City FC,West Ham United FC,1,False
2025-01-04,18:30,Premier League,Brighton & Hove Albion FC,Arsenal FC,1,False
2025-01-05,15:00,Premier League,Fulham FC,Ipswich Town FC,1,False
2025-01-05,17:30,Premier League,Liverpool FC,Manchester United FC,2,False
2025-01-06,21:00,Premier League,Wolverhampton Wanderers FC,Nottingham Forest FC,1,False
2025-01-10,20:45,Bundesliga,Borussia Dortmund,Bayer 04 Leverkusen,1,False
2025-01-10,21:00,La Liga,Rayo Vallecano de Madrid,RC Celta de Vigo,1,False
2025-01-11,14:00,La Liga,Deportivo Alavés,Girona FC,1,False
2025-01-11,15:30,Bundesliga,TSG 1899 Hoffenheim,VfL Wolfsburg,1,False
2025-01-11,15:30,Bundesliga,1. FC Heidenheim 1846,1. FC Union Berlin,1,False
2025-01-11,15:30,Bundesliga,SC Freiburg,Holstein Kiel,1,False
2025-01-11,15:30,Bundesliga,1. FSV Mainz 05,VfL Bochum 1848,1,False
2025-01-11,15:30,Bundesliga,FC St. Pauli 1910,Eintracht Frankfurt,1,False
2025-01-11,16:15,La Liga,Real Valladolid CF,Real Betis Balompié,1,False
2025-01-11,18:30,Bundesliga,Borussia Mönchengladbach,FC Bayern München,1,False
2025-01-11,18:30,La Liga,RCD Espanyol de Barcelona,CD Leganés,1,False
2025-01-11,21:00,La Liga,Sevilla FC,Valencia CF,1,False
2025-01-12,14:00,La Liga,UD Las Palmas,Getafe CF,1,False
2025-01-12,15:30,Bundesliga,RB Leipzig,SV Werder Bremen,1,False
2025-01-12,16:15,La Liga,Club Atlético de Madrid,CA Osasuna,1,False
2025-01-12,17:30,Bundesliga,FC Augsburg,VfB Stuttgart,1,False
2025-01-13,21:00,La Liga,Real Sociedad de Fútbol,Villarreal CF,1,False
2025-01-14,18:30,Bundesliga,Holstein Kiel,Borussia Dortmund,1,False
2025-01-14,20:30,Premier League,West Ham United FC,Fulham FC,1,False
2025-01-14,20:30,Premier League,Brentford FC,Manchester City FC,1,False
2025-01-14,20:30,Premier League,Chelsea FC,AFC Bournemouth,1,False
2025-01-14,20:30,Bundesliga,Bayer 04 Leverkusen,1. FSV Mainz 05,1,False
2025-01-14,20:30,Bundesliga,Eintracht Frankfurt,SC Freiburg,1,False
2025-01-14,20:30,Bundesliga,VfL Wolfsburg,Borussia Mönchengladbach,1,False
2025-01-14,21:00,Premier League,Nottingham Forest FC,Liverpool FC,1,False
2025-01-15,18:30,Bundesliga,VfL Bochum 1848,FC St. Pauli 1910,1,False
2025-01-15,20:30,Premier League,Everton FC,Aston Villa FC,1,False
2025-01-15,20:30,Premier League,Leicester City FC,Crystal Palace FC,1,False
2025-01-15,20:30,Premier League,Newcastle United FC,Wolverhampton Wanderers FC,1,False
2025-01-15,20:30,Bundesliga,VfB Stuttgart,RB Leipzig,1,False
2025-01-15,20:30,Bundesliga,FC Bayern München,TSG 1899 Hoffenheim,1,False
2025-01-15,20:30,Bundesliga,SV Werder Bremen,1. FC Heidenheim 1846,1,False
2025-01-15,20:30,Bundesliga,1. FC Union Berlin,FC Augsburg,1,False
2025-01-15,21:00,Premier League,Arsenal FC,Tottenham Hotspur FC,2,False
2025-01-16,20:30,Premier League,Ipswich Town FC,Brighton & Hove Albion FC,1,False
2025-01-16,21:00,Premier League,Manchester United FC,Southampton FC,1,False
2025-01-17,20:30,Bundesliga,Eintracht Frankfurt,Borussia Dortmund,1,False
2025-01-17,21:00,La Liga,RCD Espanyol de Barcelona,Real Valladolid CF,1,False
2025-01-18,13:30,Premier League,Newcastle United FC,AFC Bournemouth,1,False
2025-01-18,14:00,La Liga,Girona FC,Sevilla FC,1,False
2025-01-18,15:30,Bundesliga,VfB Stuttgart,SC Freiburg,1,False
2025-01-18,15:30,Bundesliga,FC Bayern München,VfL Wolfsburg,1,False
2025-01-18,15:30,Bundesliga,1. FC Heidenheim 1846,FC St. Pauli 1910,1,False
2025-01-18,15:30,Bundesliga,VfL Bochum 1848,RB Leipzig,1,False
2025-01-18,15:30,Bundesliga,Holstein Kiel,TSG 1899 Hoffenheim,1,False
2025-01-18,16:00,Premier League,West Ham United FC,Crystal Palace FC,1,False
2025-01-18,16:00,Premier League,Leicester City FC,Fulham FC,1,False
2025-01-18,16:00,Premier League,Brentford FC,Liverpool FC,1,False
2025-01-18,16:15,La Liga,CD Leganés,Club Atlético de Madrid,1,False
2025-01-18,18:30,Premier League,Arsenal FC,Aston Villa FC,1,False
2025-01-18,18:30,Bundesliga,Bayer 04 Leverkusen,Borussia Mönchengladbach,1,False
2025-01-18,18:30,La Liga,Real Betis Balompié,Deportivo Alavés,1,False
2025-01-18,21:00,La Liga,Getafe CF,FC Barcelona,1,False
2025-01-19,14:00,La Liga,RC Celta de Vigo,Athletic Club,1,False
2025-01-19,15:00,Premier League,Manchester United FC,Brighton & Hove Albion FC,1,False
2025-01-19,15:00,Premier League,Nottingham Forest FC,Southampton FC,1,False
2025-01-19,15:00,Premier League,Everton FC,Tottenham Hotspur FC,1,False
2025-01-19,15:30,Bundesliga,1. FC Union Berlin,1. FSV Mainz 05,1,False
2025-01-19,16:15,La Liga,Real Madrid CF,UD Las Palmas,1,False
2025-01-19,17:30,Premier League,Ipswich Town FC,Manchester City FC,1,False
2025-01-19,17:30,Bundesliga,SV Werder Bremen,FC Augsburg,1,False
2025-01-19,18:30,La Liga,CA Osasuna,Rayo Vallecano de Madrid,1,False
2025-01-19,21:00,La Liga,Valencia CF,Real Sociedad de Fútbol,1,False
2025-01-20,21:00,Premier League,Chelsea FC,Wolverhampton Wanderers FC,1,False
2025-01-20,21:00,La Liga,Villarreal CF,RCD Mallorca,1,False
2025-01-21,18:45,Champions League,AS Monaco FC,Aston Villa FC,2,False
2025-01-21,18:45,Champions League,Atalanta BC,SK Sturm Graz,2,False
2025-01-21,21:00,Champions League,Bologna FC 1909,Borussia Dortmund,2,False
2025-01-21,21:00,Champions League,ŠK Slovan Bratislava,VfB Stuttgart,2,False
2025-01-21,21:00,Champions League,Liverpool FC,Lille OSC,2,False
2025-01-21,21:00,Champions League,Club Atlético de Madrid,Bayer 04 Leverkusen,2,False
2025-01-21,21:00,Champions League,Sport Lisboa e Benfica,FC Barcelona,2,False
2025-01-21,21:00,Champions League,Club Brugge KV,Juventus FC,2,False
2025-01-21,21:00,Champions League,FK Crvena Zvezda,PSV,2,False
2025-01-22,18:45,Champions League,RB Leipzig,Sporting Clube de Portugal,2,False
2025-01-22,18:45,Champions League,FK Shakhtar Donetsk,Stade Brestois 29,2,False
2025-01-22,21:00,Champions League,AC Sparta Praha,FC Internazionale Milano,2,False
2025-01-22,21:00,Champions League,Paris Saint-Germain FC,Manchester City FC,2,False
2025-01-22,21:00,Champions League,Real Madrid CF,FC Red Bull Salzburg,2,False
2025-01-22,21:00,Champions League,AC Milan,Girona FC,2,False
2025-01-22,21:00,Champions League,Arsenal FC,GNK Dinamo Zagreb,2,False
2025-01-22,21:00,Champions League,Celtic FC,BSC Young Boys,2,False
2025-01-22,21:00,Champions League,Feyenoord Rotterdam,FC Bayern München,2,False
2025-01-24,20:30,Bundesliga,VfL Wolfsburg,Holstein Kiel,1,False
2025-01-24,21:00,La Liga,UD Las Palmas,CA Osasuna,1,False
2025-01-25,14:00,La Liga,RCD Mallorca,Real Betis Balompié,1,False
2025-01-25,15:30,Bundesliga,RB Leipzig,Bayer 04 Leverkusen,1,False
2025-01-25,15:30,Bundesliga,1. FSV Mainz 05,VfB Stuttgart,1,False
2025-01-25,15:30,Bundesliga,SC Freiburg,FC Bayern München,1,False
2025-01-25,15:30,Bundesliga,FC Augsburg,1. FC Heidenheim 1846,1,False
2025-01-25,15:30,Bundesliga,Borussia Dortmund,SV Werder Bremen,1,False
2025-01-25,16:00,Premier League,Liverpool FC,Ipswich Town FC,1,False
2025-01-25,16:00,Premier League,Wolverhampton Wanderers FC,Arsenal FC,1,False
2025-01-25,16:00,Premier League,Brighton & Hove Albion FC,Everton FC,1,False
2025-01-25,16:00,Premier League,Southampton FC,Newcastle United FC,1,False
2025-01-25,16:00,Premier League,AFC Bournemouth,Nottingham Forest FC,1,False
2025-01-25,16:15,La Liga,Club Atlético de Madrid,Villarreal CF,1,False
2025-01-25,18:30,Premier League,Manchester City FC,Chelsea FC,2,False
2025-01-25,18:30,Bundesliga,Borussia Mönchengladbach,VfL Bochum 1848,1,False
2025-01-25,18:30,La Liga,Sevilla FC,RCD Espanyol de Barcelona,1,False
2025-01-25,21:00,La Liga,Real Valladolid CF,Real Madrid CF,1,False
2025-01-26,14:00,La Liga,Rayo Vallecano de Madrid,Girona FC,1,False
2025-01-26,15:00,Premier League,Crystal Palace FC,Brentford FC,1,False
2025-01-26,15:00,Premier League,Tottenham Hotspur FC,Leicester City FC,1,False
2025-01-26,15:30,Bundesliga,TSG 1899 Hoffenheim,Eintracht Frankfurt,1,False
2025-01-26,16:15,La Liga,Real Sociedad de Fútbol,Getafe CF,1,False
2025-01-26,17:30,Premier League,Aston Villa FC,West Ham United FC,1,False
2025-01-26,17:30,Bundesliga,FC St. Pauli 1910,1. FC Union Berlin,1,False
2025-01-26,18:30,La Liga,Athletic Club,CD Leganés,1,False
2025-01-26,20:00,Premier League,Fulham FC,Manchester United FC,1,False
2025-01-26,21:00,La Liga,FC Barcelona,Valencia CF,1,False
2025-01-27,21:00,La Liga,Deportivo Alavés,RC Celta de Vigo,1,False
2025-01-29,21:00,Champions League,Sporting Clube de Portugal,Bologna FC 1909,2,False
2025-01-29,21:00,Champions League,BSC Young Boys,FK Crvena Zvezda,2,False
2025-01-29,21:00,Champions League,Aston Villa FC,Celtic FC,2,False
2025-01-29,21:00,Champions League,Girona FC,Arsenal FC,2,False
2025-01-29,21:00,Champions League,Stade Brestois 29,Real Madrid CF,2,False
2025-01-29,21:00,Champions League,SK Sturm Graz,RB Leipzig,2,False
2025-01-29,21:00,Champions League,VfB Stuttgart,Paris Saint-Germain FC,2,False
2025-01-29,21:00,Champions League,FC Bayern München,ŠK Slovan Bratislava,2,False
2025-01-29,21:00,Champions League,Borussia Dortmund,FK Shakhtar Donetsk,2,False
2025-01-29,21:00,Champions League,FC Barcelona,Atalanta BC,2,False
2025-01-29,21:00,Champions League,FC Internazionale Milano,AS Monaco FC,2,False
2025-01-29,21:00,Champions League,Manchester City FC,Club Brugge KV,2,False
2025-01-29,21:00,Champions League,Bayer 04 Leverkusen,AC Sparta Praha,2,False
2025-01-29,21:00,Champions League,Juventus FC,Sport Lisboa e Benfica,2,False
2025-01-29,21:00,Champions League,GNK Dinamo Zagreb,AC Milan,2,False
2025-01-29,21:00,Champions League,Lille OSC,Feyenoord Rotterdam,2,False
2025-01-29,21:00,Champions League,PSV,Liverpool FC,2,False
2025-01-29,21:00,Champions League,FC Red Bull Salzburg,Club Atlético de Madrid,2,False
2025-01-31,20:30,Bundesliga,SV Werder Bremen,1. FSV Mainz 05,1,False
2025-01-31,21:00,La Liga,CD Leganés,Rayo Vallecano de Madrid,1,False
2025-02-01,13:30,Premier League,Nottingham Forest FC,Brighton & Hove Albion FC,1,False
2025-02-01,14:00,La Liga,Getafe CF,Sevilla FC,1,False
2025-02-01,15:30,Bundesliga,1. FC Heidenheim 1846,Borussia Dortmund,1,False
2025-02-01,15:30,Bundesliga,VfL Bochum 1848,SC Freiburg,1,False
2025-02-01,15:30,Bundesliga,FC St. Pauli 1910,FC Augsburg,1,False
2025-02-01,15:30,Bundesliga,VfB Stuttgart,Borussia Mönchengladbach,1,False
2025-02-01,15:30,Bundesliga,FC Bayern München,Holstein Kiel,1,False
2025-02-01,16:00,Premier League,Newcastle United FC,Fulham FC,1,False
2025-02-01,16:00,Premier League,Everton FC,Leicester City FC,1,False
2025-02-01,16:00,Premier League,AFC Bournemouth,Liverpool FC,1,False
2025-02-01,16:00,Premier League,Ipswich Town FC,Southampton FC,1,False
2025-02-01,16:15,La Liga,Villarreal CF,Real Valladolid CF,1,False
2025-02-01,18:30,Premier League,Wolverhampton Wanderers FC,Aston Villa FC,1,False
2025-02-01,18:30,Bundesliga,1. FC Union Berlin,RB Leipzig,1,False
2025-02-01,18:30,La Liga,Club Atlético de Madrid,RCD Mallorca,1,False
2025-02-01,21:00,La Liga,RCD Espanyol de Barcelona,Real Madrid CF,1,False
2025-02-02,14:00,La Liga,FC Barcelona,Deportivo Alavés,1,False
2025-02-02,15:00,Premier League,Manchester United FC,Crystal Palace FC,1,False
2025-02-02,15:00,Premier League,Brentford FC,Tottenham Hotspur FC,1,False
2025-02-02,15:30,Bundesliga,Eintracht Frankfurt,VfL Wolfsburg,1,False
2025-02-02,16:15,La Liga,Valencia CF,RC Celta de Vigo,1,False
2025-02-02,17:30,Premier League,Arsenal FC,Manchester City FC,2,False
2025-02-02,17:30,Bundesliga,Bayer 04 Leverkusen,TSG 1899 Hoffenheim,1,False
2025-02-02,18:30,La Liga,CA Osasuna,Real Sociedad de Fútbol,1,False
2025-02-02,21:00,La Liga,Real Betis Balompié,Athletic Club,1,False
2025-02-03,21:00,Premier League,Chelsea FC,West Ham United FC,1,False
2025-02-03,21:00,La Liga,Girona FC,UD Las Palmas,1,False
2025-02-07,20:30,Bundesliga,FC Bayern München,SV Werder Bremen,1,False
2025-02-07,21:00,La Liga,Rayo Vallecano de Madrid,Real Valladolid CF,1,False
2025-02-08,14:00,La Liga,RC Celta de Vigo,Real Betis Balompié,1,False
2025-02-08,15:30,Bundesliga,VfL Wolfsburg,Bayer 04 Leverkusen,1,False
2025-02-08,15:30,Bundesliga,Borussia Dortmund,VfB Stuttgart,1,False
2025-02-08,15:30,Bundesliga,SC Freiburg,1. FC Heidenheim 1846,1,False
2025-02-08,15:30,Bundesliga,1. FSV Mainz 05,FC Augsburg,1,False
2025-02-08,15:30,Bundesliga,TSG 1899 Hoffenheim,1. FC Union Berlin,1,False
2025-02-08,16:15,La Liga,Athletic Club,Girona FC,1,False
2025-02-08,18:30,Bundesliga,Borussia Mönchengladbach,Eintracht Frankfurt,1,False
2025-02-08,18:30,La Liga,UD Las Palmas,Villarreal CF,1,False
2025-02-08,21:00,La Liga,Real Madrid CF,Club Atlético de Madrid,1,False
2025-02-09,14:00,La Liga,Deportivo Alavés,Getafe CF,1,False
2025-02-09,15:30,Bundesliga,Holstein Kiel,VfL Bochum 1848,1,False
2025-02-09,16:15,La Liga,Valencia CF,CD Leganés,1,False
2025-02-09,17:30,Bundesliga,RB Leipzig,FC St. Pauli 1910,1,False
2025-02-09,18:30,La Liga,Real Sociedad de Fútbol,RCD Espanyol de Barcelona,1,False
2025-02-09,21:00,La Liga,Sevilla FC,FC Barcelona,1,False
2025-02-10,21:00,La Liga,RCD Mallorca,CA Osasuna,1,False
2025-02-11,18:45,Champions League,Stade Brestois 29,Paris Saint-Germain FC,2,False
2025-02-11,21:00,Champions League,Manchester City FC,Real Madrid CF,2,False
2025-02-11,21:00,Champions League,Juventus FC,PSV,2,False
2025-02-11,21:00,Champions League,Sporting Clube de Portugal,Borussia Dortmund,2,False
2025-02-12,18:45,Champions League,Club Brugge KV,Atalanta BC,2,False
2025-02-12,20:30,Premier League,Everton FC,Liverpool FC,1,False
2025-02-12,21:00,Champions League,AS Monaco FC,Sport Lisboa e Benfica,2,False
2025-02-12,21:00,Champions League,Celtic FC,FC Bayern München,2,False
2025-02-12,21:00,Champions League,Feyenoord Rotterdam,AC Milan,2,False
2025-02-14,20:30,Bundesliga,FC Augsburg,RB Leipzig,1,False
2025-02-14,21:00,Premier League,Brighton & Hove Albion FC,Chelsea FC,1,False
2025-02-14,21:00,La Liga,Girona FC,Getafe CF,1,False
2025-02-15,13:30,Premier League,Leicester City FC,Arsenal FC,1,False
2025-02-15,14:00,La Liga,CD Leganés,Deportivo Alavés,1,False
2025-02-15,15:30,Bundesliga,VfL Bochum 1848,Borussia Dortmund,1,False
2025-02-15,15:30,Bundesliga,FC St. Pauli 1910,SC Freiburg,1,False
2025-02-15,15:30,Bundesliga,VfB Stuttgart,VfL Wolfsburg,1,False
2025-02-15,15:30,Bundesliga,1. FC Union Berlin,Borussia Mönchengladbach,1,False
2025-02-15,16:00,Premier League,Southampton FC,AFC Bournemouth,1,False
2025-02-15,16:00,Premier League,West Ham United FC,Brentford FC,1,False
2025-02-15,16:00,Premier League,Aston Villa FC,Ipswich Town FC,1,False
2025-02-15,16:00,Premier League,Manchester City FC,Newcastle United FC,1,False
2025-02-15,16:00,Premier League,Fulham FC,Nottingham Forest FC,1,False
2025-02-15,16:15,La Liga,CA Osasuna,Real Madrid CF,1,False
2025-02-15,18:30,Premier League,Crystal Palace FC,Everton FC,1,False
2025-02-15,18:30,Bundesliga,Bayer 04 Leverkusen,FC Bayern München,1,False
2025-02-15,18:30,La Liga,Club Atlético de Madrid,RC Celta de Vigo,1,False
2025-02-15,21:00,La Liga,Villarreal CF,Valencia CF,1,False
2025-02-16,14:00,La Liga,RCD Espanyol de Barcelona,Athletic Club,1,False
2025-02-16,15:00,Premier League,Liverpool FC,Wolverhampton Wanderers FC,1,False
2025-02-16,15:30,Bundesliga,SV Werder Bremen,TSG 1899 Hoffenheim,1,False
2025-02-16,16:15,La Liga,Real Valladolid CF,Sevilla FC,1,False
2025-02-16,17:30,Premier League,Tottenham Hotspur FC,Manchester United FC,2,False
2025-02-16,17:30,Bundesliga,Eintracht Frankfurt,Holstein Kiel,1,False
2025-02-16,18:30,La Liga,RCD Mallorca,UD Las Palmas,1,False
2025-02-16,19:30,Bundesliga,1. FC Heidenheim 1846,1. FSV Mainz 05,1,False
2025-02-16,21:00,La Liga,Real Betis Balompié,Real Sociedad de Fútbol,1,False
2025-02-17,21:00,La Liga,FC Barcelona,Rayo Vallecano de Madrid,1,False
2025-02-18,18:45,Champions League,AC Milan,Feyenoord Rotterdam,2,False
2025-02-18,21:00,Champions League,Sport Lisboa e Benfica,AS Monaco FC,2,False
2025-02-18,21:00,Champions League,FC Bayern München,Celtic FC,2,False
2025-02-18,21:00,Champions League,Atalanta BC,Club Brugge KV,2,False
2025-02-19,18:45,Champions League,Borussia Dortmund,Sporting Clube de Portugal,2,False
2025-02-19,20:30,Premier League,Aston Villa FC,Liverpool FC,1,False
2025-02-19,21:00,Champions League,Paris Saint-Germain FC,Stade Brestois 29,2,False
2025-02-19,21:00,Champions League,Real Madrid CF,Manchester City FC,2,False
2025-02-19,21:00,Champions League,PSV,Juventus FC,2,False
2025-02-21,20:30,Bundesliga,SC Freiburg,SV Werder Bremen,1,False
2025-02-21,21:00,Premier League,Leicester City FC,Brentford FC,1,False
2025-02-21,21:00,La Liga,RC Celta de Vigo,CA Osasuna,1,False
2025-02-22,13:30,Premier League,Everton FC,Manchester United FC,1,False
2025-02-22,14:00,La Liga,Deportivo Alavés,RCD Espanyol de Barcelona,1,False
2025-02-22,15:30,Bundesliga,Holstein Kiel,Bayer 04 Leverkusen,1,False
2025-02-22,15:30,Bundesliga,Borussia Mönchengladbach,FC Augsburg,1,False
2025-02-22,15:30,Bundesliga,VfL Wolfsburg,VfL Bochum 1848,1,False
2025-02-22,15:30,Bundesliga,1. FSV Mainz 05,FC St. Pauli 1910,1,False
2025-02-22,16:00,Premier League,Ipswich Town FC,Tottenham Hotspur FC,1,False
2025-02-22,16:00,Premier League,Fulham FC,Crystal Palace FC,1,False
2025-02-22,16:00,Premier League,Arsenal FC,West Ham United FC,1,False
2025-02-22,16:00,Premier League,AFC Bournemouth,Wolverhampton Wanderers FC,1,False
2025-02-22,16:00,Premier League,Southampton FC,Brighton & Hove Albion FC,1,False
2025-02-22,16:15,La Liga,Rayo Vallecano de Madrid,Villarreal CF,1,False
2025-02-22,18:30,Premier League,Aston Villa FC,Chelsea FC,1,False
2025-02-22,18:30,Bundesliga,Borussia Dortmund,1. FC Union Berlin,1,False
2025-02-22,18:30,La Liga,Valencia CF,Club Atlético de Madrid,1,False
2025-02-22,21:00,La Liga,UD Las Palmas,FC Barcelona,1,False
2025-02-23,14:00,La Liga,Athletic Club,Real Valladolid CF,1,False
2025-02-23,15:00,Premier League,Newcastle United FC,Nottingham Forest FC,1,False
2025-02-23,15:30,Bundesliga,RB Leipzig,1. FC Heidenheim 1846,1,False
2025-02-23,16:15,La Liga,Real Madrid CF,Girona FC,1,False
2025-02-23,17:30,Premier League,Manchester City FC,Liverpool FC,2,False
2025-02-23,17:30,Bundesliga,FC Bayern München,Eintracht Frankfurt,1,False
2025-02-23,18:30,La Liga,Getafe CF,Real Betis Balompié,1,False
2025-02-23,19:30,Bundesliga,TSG 1899 Hoffenheim,VfB Stuttgart,1,False
2025-02-23,21:00,La Liga,Real Sociedad de Fútbol,CD Leganés,1,False
2025-02-24,21:00,La Liga,Sevilla FC,RCD Mallorca,1,False
2025-02-25,20:30,Premier League,Brighton & Hove Albion FC,AFC Bournemouth,1,False
2025-02-25,20:30,Premier League,Crystal Palace FC,Aston Villa FC,1,False
2025-02-25,20:30,Premier League,Wolverhampton Wanderers FC,Fulham FC,1,False
2025-02-25,21:15,Premier League,Chelsea FC,Southampton FC,1,False
2025-02-26,20:30,Premier League,Nottingham Forest FC,Arsenal FC,1,False
2025-02-26,20:30,Premier League,Brentford FC,Everton FC,1,False
2025-02-26,20:30,Premier League,Tottenham Hotspur FC,Manchester City FC,2,False
2025-02-26,20:30,Premier League,Manchester United FC,Ipswich Town FC,1,False
2025-02-26,21:15,Premier League,Liverpool FC,Newcastle United FC,1,False
2025-02-27,21:00,Premier League,West Ham United FC,Leicester City FC,1,False
2025-02-28,20:30,Bundesliga,VfB Stuttgart,FC Bayern München,1,False
2025-02-28,21:00,La Liga,Real Valladolid CF,UD Las Palmas,1,False
2025-03-01,14:00,La Liga,Girona FC,RC Celta de Vigo,1,False
2025-03-01,15:30,Bundesliga,FC St. Pauli 1910,Borussia Dortmund,1,False
2025-03-01,15:30,Bundesliga,VfL Bochum 1848,TSG 1899 Hoffenheim,1,False
2025-03-01,15:30,Bundesliga,SV Werder Bremen,VfL Wolfsburg,1,False
2025-03-01,15:30,Bundesliga,RB Leipzig,1. FSV Mainz 05,1,False
2025-03-01,15:30,Bundesliga,1. FC Heidenheim 1846,Borussia Mönchengladbach,1,False
2025-03-01,16:15,La Liga,Rayo Vallecano de Madrid,Sevilla FC,1,False
2025-03-01,18:30,Bundesliga,Eintracht Frankfurt,Bayer 04 Leverkusen,1,False
2025-03-01,18:30,La Liga,Real Betis Balompié,Real Madrid CF,1,False
2025-03-01,21:00,La Liga,Club Atlético de Madrid,Athletic Club,1,False
2025-03-02,14:00,La Liga,CD Leganés,Getafe CF,1,False
2025-03-02,15:30,Bundesliga,1. FC Union Berlin,Holstein Kiel,1,False
2025-03-02,16:15,La Liga,FC Barcelona,Real Sociedad de Fútbol,1,False
2025-03-02,17:30,Bundesliga,FC Augsburg,SC Freiburg,1,False
2025-03-02,18:30,La Liga,RCD Mallorca,Deportivo Alavés,1,False
2025-03-02,21:00,La Liga,CA Osasuna,Valencia CF,1,False
2025-03-04,18:45,Champions League,Club Brugge KV,Aston Villa FC,2,False
2025-03-04,21:00,Champions League,Real Madrid CF,Club Atlético de Madrid,2,False
2025-03-04,21:00,Champions League,PSV,Arsenal FC,2,False
2025-03-04,21:00,Champions League,Borussia Dortmund,Lille OSC,2,False
2025-03-05,18:45,Champions League,Feyenoord Rotterdam,FC Internazionale Milano,2,False
2025-03-05,21:00,Champions League,Paris Saint-Germain FC,Liverpool FC,2,False
2025-03-05,21:00,Champions League,FC Bayern München,Bayer 04 Leverkusen,2,False
2025-03-05,21:00,Champions League,Sport Lisboa e Benfica,FC Barcelona,2,False
2025-03-07,20:30,Bundesliga,Borussia Mönchengladbach,1. FSV Mainz 05,1,False
2025-03-08,13:30,Premier League,Nottingham Forest FC,Manchester City FC,1,False
2025-03-08,14:00,La Liga,RC Celta de Vigo,CD Leganés,1,False
2025-03-08,15:30,Bundesliga,Holstein Kiel,VfB Stuttgart,1,False
2025-03-08,15:30,Bundesliga,Bayer 04 Leverkusen,SV Werder Bremen,1,False
2025-03-08,15:30,Bundesliga,Borussia Dortmund,FC Augsburg,1,False
2025-03-08,15:30,Bundesliga,FC Bayern München,VfL Bochum 1848,1,False
2025-03-08,15:30,Bundesliga,VfL Wolfsburg,FC St. Pauli 1910,1,False
2025-03-08,16:00,Premier League,Brighton & Hove Albion FC,Fulham FC,1,False
2025-03-08,16:00,Premier League,Crystal Palace FC,Ipswich Town FC,1,False
2025-03-08,16:00,Premier League,Liverpool FC,Southampton FC,1,False
2025-03-08,16:15,La Liga,Deportivo Alavés,Villarreal CF,1,False
2025-03-08,18:30,Premier League,Brentford FC,Aston Villa FC,1,False
2025-03-08,18:30,Bundesliga,SC Freiburg,RB Leipzig,1,False
2025-03-08,18:30,La Liga,Valencia CF,Real Valladolid CF,1,False
2025-03-08,21:00,Premier League,Wolverhampton Wanderers FC,Everton FC,1,False
2025-03-09,14:00,La Liga,Getafe CF,Club Atlético de Madrid,1,False
2025-03-09,15:00,Premier League,Tottenham Hotspur FC,AFC Bournemouth,1,False
2025-03-09,15:00,Premier League,Chelsea FC,Leicester City FC,1,False
2025-03-09,15:30,Bundesliga,Eintracht Frankfurt,1. FC Union Berlin,1,False
2025-03-09,16:15,La Liga,Real Madrid CF,Rayo Vallecano de Madrid,1,False
2025-03-09,17:30,Premier League,Manchester United FC,Arsenal FC,2,False
2025-03-09,17:30,Bundesliga,TSG 1899 Hoffenheim,1. FC Heidenheim 1846,1,False
2025-03-09,18:30,La Liga,Athletic Club,RCD Mallorca,1,False
2025-03-09,18:30,La Liga,Real Betis Balompié,UD Las Palmas,1,False
2025-03-09,21:00,La Liga,Real Sociedad de Fútbol,Sevilla FC,1,False
2025-03-10,21:00,Premier League,West Ham United FC,Newcastle United FC,1,False
2025-03-10,21:00,La Liga,RCD Espanyol de Barcelona,Girona FC,1,False
2025-03-11,18:45,Champions League,FC Barcelona,Sport Lisboa e Benfica,2,False
2025-03-11,21:00,Champions League,Liverpool FC,Paris Saint-Germain FC,2,False
2025-03-11,21:00,Champions League,FC Internazionale Milano,Feyenoord Rotterdam,2,False
2025-03-11,21:00,Champions League,Bayer 04 Leverkusen,FC Bayern München,2,False
2025-03-12,18:45,Champions League,Lille OSC,Borussia Dortmund,2,False
2025-03-12,21:00,Champions League,Aston Villa FC,Club Brugge KV,2,False
2025-03-12,21:00,Champions League,Club Atlético de Madrid,Real Madrid CF,2,False
2025-03-12,21:00,Champions League,Arsenal FC,PSV,2,False
2025-03-14,20:30,Bundesliga,FC St. Pauli 1910,TSG 1899 Hoffenheim,1,False
2025-03-14,21:00,La Liga,UD Las Palmas,Deportivo Alavés,1,False
2025-03-15,14:00,La Liga,Real Valladolid CF,RC Celta de Vigo,1,False
2025-03-15,15:30,Bundesliga,1. FC Union Berlin,FC Bayern München,1,False
2025-03-15,15:30,Bundesliga,1. FSV Mainz 05,SC Freiburg,1,False
2025-03-15,15:30,Bundesliga,FC Augsburg,VfL Wolfsburg,1,False
2025-03-15,15:30,Bundesliga,SV Werder Bremen,Borussia Mönchengladbach,1,False
2025-03-15,16:00,Premier League,Everton FC,West Ham United FC,1,False
2025-03-15,16:00,Premier League,Ipswich Town FC,Nottingham Forest FC,1,False
2025-03-15,16:00,Premier League,Manchester City FC,Brighton & Hove Albion FC,1,False
2025-03-15,16:00,Premier League,Southampton FC,Wolverhampton Wanderers FC,1,False
2025-03-15,16:15,La Liga,RCD Mallorca,RCD Espanyol de Barcelona,1,False
2025-03-15,18:30,Premier League,AFC Bournemouth,Brentford FC,1,False
2025-03-15,18:30,Bundesliga,RB Leipzig,Borussia Dortmund,1,False
2025-03-15,18:30,La Liga,Villarreal CF,Real Madrid CF,1,False
2025-03-15,21:00,La Liga,Girona FC,Valencia CF,1,False
2025-03-16,14:00,La Liga,CD Leganés,Real Betis Balompié,1,False
2025-03-16,14:30,Premier League,Arsenal FC,Chelsea FC,2,False
2025-03-16,14:30,Premier League,Fulham FC,Tottenham Hotspur FC,1,False
2025-03-16,16:15,La Liga,Sevilla FC,Athletic Club,1,False
2025-03-16,16:20,Bundesliga,VfL Bochum 1848,Eintracht Frankfurt,1,False
2025-03-16,17:30,Bundesliga,1. FC Heidenheim 1846,Holstein Kiel,1,False
2025-03-16,18:30,La Liga,CA Osasuna,Getafe CF,1,False
2025-03-16,18:30,La Liga,Rayo Vallecano de Madrid,Real Sociedad de Fútbol,1,False
2025-03-16,19:30,Bundesliga,VfB Stuttgart,Bayer 04 Leverkusen,1,False
2025-03-16,20:00,Premier League,Leicester City FC,Manchester United FC,1,False
2025-03-16,21:00,La Liga,Club Atlético de Madrid,FC Barcelona,1,False
2025-03-27,21:00,La Liga,FC Barcelona,CA Osasuna,1,False
2025-03-28,20:30,Bundesliga,Bayer 04 Leverkusen,VfL Bochum 1848,1,False
2025-03-29,14:00,La Liga,Real Sociedad de Fútbol,Real Valladolid CF,1,False
2025-03-29,15:30,Bundesliga,Borussia Mönchengladbach,RB Leipzig,1,False
2025-03-29,15:30,Bundesliga,VfL Wolfsburg,1. FC Heidenheim 1846,1,False
2025-03-29,15:30,Bundesliga,Holstein Kiel,SV Werder Bremen,1,False
2025-03-29,15:30,Bundesliga,TSG 1899 Hoffenheim,FC Augsburg,1,False
2025-03-29,15:30,Bundesliga,FC Bayern München,FC St. Pauli 1910,1,False
2025-03-29,16:15,La Liga,RCD Espanyol de Barcelona,Club Atlético de Madrid,1,False
2025-03-29,18:30,Bundesliga,Eintracht Frankfurt,VfB Stuttgart,1,False
2025-03-29,18:30,La Liga,Deportivo Alavés,Rayo Vallecano de Madrid,1,False
2025-03-29,21:00,La Liga,Real Madrid CF,CD Leganés,1,False
2025-03-30,13:00,La Liga,Getafe CF,Villarreal CF,1,False
2025-03-30,14:30,Bundesliga,SC Freiburg,1. FC Union Berlin,1,False
2025-03-30,15:15,La Liga,FC Barcelona,Girona FC,1,False
2025-03-30,16:30,Bundesliga,Borussia Dortmund,1. FSV Mainz 05,1,False
2025-03-30,17:30,La Liga,Athletic Club,CA Osasuna,1,False
2025-03-30,17:30,La Liga,Valencia CF,RCD Mallorca,1,False
2025-03-30,20:00,La Liga,Real Betis Balompié,Sevilla FC,1,False
2025-03-31,20:00,La Liga,RC Celta de Vigo,UD Las Palmas,1,False
2025-04-01,19:45,Premier League,Arsenal FC,Fulham FC,1,False
2025-04-01,19:45,Premier League,Wolverhampton Wanderers FC,West Ham United FC,1,False
2025-04-01,20:00,Premier League,Nottingham Forest FC,Manchester United FC,1,False
2025-04-02,19:45,Premier League,AFC Bournemouth,Ipswich Town FC,1,False
2025-04-02,19:45,Premier League,Brighton & Hove Albion FC,Aston Villa FC,1,False
2025-04-02,19:45,Premier League,Manchester City FC,Leicester City FC,1,False
2025-04-02,19:45,Premier League,Newcastle United FC,Brentford FC,1,False
2025-04-02,19:45,Premier League,Southampton FC,Crystal Palace FC,1,False
2025-04-02,20:00,Premier League,Liverpool FC,Everton FC,1,False
2025-04-03,20:00,Premier League,Chelsea FC,Tottenham Hotspur FC,2,False
2025-04-04,19:30,Bundesliga,FC Augsburg,FC Bayern München,1,False
2025-04-04,20:00,La Liga,Rayo Vallecano de Madrid,RCD Espanyol de Barcelona,1,False
2025-04-05,12:30,Premier League,Everton FC,Arsenal FC,1,False
2025-04-05,13:00,La Liga,Girona FC,Deportivo Alavés,1,False
2025-04-05,14:30,Bundesliga,1. FC Heidenheim 1846,Bayer 04 Leverkusen,1,False
2025-04-05,14:30,Bundesliga,VfL Bochum 1848,VfB Stuttgart,1,False
2025-04-05,14:30,Bundesliga,SC Freiburg,Borussia Dortmund,1,False
2025-04-05,14:30,Bundesliga,RB Leipzig,TSG 1899 Hoffenheim,1,False
2025-04-05,14:30,Bundesliga,1. FSV Mainz 05,Holstein Kiel,1,False
2025-04-05,15:00,Premier League,Crystal Palace FC,Brighton & Hove Albion FC,1,False
2025-04-05,15:00,Premier League,Ipswich Town FC,Wolverhampton Wanderers FC,1,False
2025-04-05,15:00,Premier League,West Ham United FC,AFC Bournemouth,1,False
2025-04-05,15:15,La Liga,Real Madrid CF,Valencia CF,1,False
2025-04-05,17:30,Premier League,Aston Villa FC,Nottingham Forest FC,1,False
2025-04-05,17:30,Bundesliga,SV Werder Bremen,Eintracht Frankfurt,1,False
2025-04-05,17:30,La Liga,RCD Mallorca,RC Celta de Vigo,1,False
2025-04-05,20:00,La Liga,FC Barcelona,Real Betis Balompié,1,False
2025-04-06,13:00,La Liga,UD Las Palmas,Real Sociedad de Fútbol,1,False
2025-04-06,14:00,Premier League,Brentford FC,Chelsea FC,1,False
2025-04-06,14:00,Premier League,Fulham FC,Liverpool FC,1,False
2025-04-06,14:00,Premier League,Tottenham Hotspur FC,Southampton FC,1,False
2025-04-06,14:30,Bundesliga,FC St. Pauli 1910,Borussia Mönchengladbach,1,False
2025-04-06,15:15,La Liga,Sevilla FC,Club Atlético de Madrid,1,False
2025-04-06,16:30,Premier League,Manchester United FC,Manchester City FC,2,False
2025-04-06,16:30,Bundesliga,1. FC Union Berlin,VfL Wolfsburg,1,False
2025-04-06,17:30,La Liga,Real Valladolid CF,Getafe CF,1,False
2025-04-06,20:00,La Liga,Villarreal CF,Athletic Club,1,False
2025-04-07,20:00,Premier League,Leicester City FC,Newcastle United FC,1,False
2025-04-07,20:00,La Liga,CD Leganés,CA Osasuna,1,False
2025-04-08,20:00,Champions League,Arsenal FC,Real Madrid CF,2,False
2025-04-08,20:00,Champions League,FC Bayern München,FC Internazionale Milano,2,False
2025-04-09,20:00,Champions League,Paris Saint-Germain FC,Aston Villa FC,2,False
2025-04-09,20:00,Champions League,FC Barcelona,Borussia Dortmund,2,False
2025-04-11,19:30,Bundesliga,VfL Wolfsburg,RB Leipzig,1,False
2025-04-11,20:00,La Liga,Valencia CF,Sevilla FC,1,False
2025-04-12,12:30,Premier League,Manchester City FC,Crystal Palace FC,1,False
2025-04-12,13:00,La Liga,Real Sociedad de Fútbol,RCD Mallorca,1,False
2025-04-12,14:30,Bundesliga,Borussia Mönchengladbach,SC Freiburg,1,False
2025-04-12,14:30,Bundesliga,VfL Bochum 1848,FC Augsburg,1,False
2025-04-12,14:30,Bundesliga,TSG 1899 Hoffenheim,1. FSV Mainz 05,1,False
2025-04-12,14:30,Bundesliga,Bayer 04 Leverkusen,1. FC Union Berlin,1,False
2025-04-12,14:30,Bundesliga,Holstein Kiel,FC St. Pauli 1910,1,False
2025-04-12,15:00,Premier League,Brighton & Hove Albion FC,Leicester City FC,1,False
2025-04-12,15:00,Premier League,Nottingham Forest FC,Everton FC,1,False
2025-04-12,15:00,Premier League,Southampton FC,Aston Villa FC,1,False
2025-04-12,15:15,La Liga,Getafe CF,UD Las Palmas,1,False
2025-04-12,17:30,Premier League,Arsenal FC,Brentford FC,1,False
2025-04-12,17:30,Bundesliga,FC Bayern München,Borussia Dortmund,1,False
2025-04-12,17:30,La Liga,RC Celta de Vigo,RCD Espanyol de Barcelona,1,False
2025-04-12,20:00,La Liga,CD Leganés,FC Barcelona,1,False
2025-04-13,13:00,La Liga,CA Osasuna,Girona FC,1,False
2025-04-13,14:00,Premier League,Chelsea FC,Ipswich Town FC,1,False
2025-04-13,14:00,Premier League,Liverpool FC,West Ham United FC,1,False
2025-04-13,14:00,Premier League,Wolverhampton Wanderers FC,Tottenham Hotspur FC,1,False
2025-04-13,14:30,Bundesliga,VfB Stuttgart,SV Werder Bremen,1,False
2025-04-13,15:15,La Liga,Deportivo Alavés,Real Madrid CF,1,False
2025-04-13,16:30,Premier League,Newcastle United FC,Manchester United FC,1,False
2025-04-13,16:30,Bundesliga,Eintracht Frankfurt,1. FC Heidenheim 1846,1,False
2025-04-13,17:30,La Liga,Real Betis Balompié,Villarreal CF,1,False
2025-04-13,20:00,La Liga,Athletic Club,Rayo Vallecano de Madrid,1,False
2025-04-14,20:00,Premier League,AFC Bournemouth,Fulham FC,1,False
2025-04-14,20:00,La Liga,Club Atlético de Madrid,Real Valladolid CF,1,False
2025-04-15,20:00,Champions League,Aston Villa FC,Paris Saint-Germain FC,2,False
2025-04-15,20:00,Champions League,Borussia Dortmund,FC Barcelona,2,False
2025-04-16,19:30,Premier League,Newcastle United FC,Crystal Palace FC,1,False
2025-04-16,20:00,Champions League,Real Madrid CF,Arsenal FC,2,False
2025-04-16,20:00,Champions League,FC Internazionale Milano,FC Bayern München,2,False
2025-04-18,20:00,La Liga,RCD Espanyol de Barcelona,Getafe CF,1,False
2025-04-19,13:00,La Liga,Rayo Vallecano de Madrid,Valencia CF,1,False
2025-04-19,14:30,Bundesliga,1. FC Heidenheim 1846,FC Bayern München,1,False
2025-04-19,14:30,Bundesliga,SC Freiburg,TSG 1899 Hoffenheim,1,False
2025-04-19,14:30,Bundesliga,1. FSV Mainz 05,VfL Wolfsburg,1,False
2025-04-19,14:30,Bundesliga,SV Werder Bremen,VfL Bochum 1848,1,False
2025-04-19,14:30,Bundesliga,RB Leipzig,Holstein Kiel,1,False
2025-04-19,15:00,Premier League,Brentford FC,Brighton & Hove Albion FC,1,False
2025-04-19,15:00,Premier League,Crystal Palace FC,AFC Bournemouth,1,False
2025-04-19,15:00,Premier League,Everton FC,Manchester City FC,1,False
2025-04-19,15:00,Premier League,West Ham United FC,Southampton FC,1,False
2025-04-19,15:15,La Liga,FC Barcelona,RC Celta de Vigo,1,False
2025-04-19,17:30,Premier League,Aston Villa FC,Newcastle United FC,1,False
2025-04-19,17:30,Bundesliga,1. FC Union Berlin,VfB Stuttgart,1,False
2025-04-19,17:30,La Liga,RCD Mallorca,CD Leganés,1,False
2025-04-19,20:00,La Liga,UD Las Palmas,Club Atlético de Madrid,1,False
2025-04-20,13:00,La Liga,Real Valladolid CF,CA Osasuna,1,False
2025-04-20,14:00,Premier League,Fulham FC,Chelsea FC,1,False
2025-04-20,14:00,Premier League,Ipswich Town FC,Arsenal FC,1,False
2025-04-20,14:00,Premier League,Manchester United FC,Wolverhampton Wanderers FC,1,False
2025-04-20,14:30,Bundesliga,FC Augsburg,Eintracht Frankfurt,1,False
2025-04-20,15:15,La Liga,Villarreal CF,Real Sociedad de Fútbol,1,False
2025-04-20,16:30,Premier League,Leicester City FC,Liverpool FC,1,False
2025-04-20,16:30,Bundesliga,Borussia Dortmund,Borussia Mönchengladbach,1,False
2025-04-20,17:30,La Liga,Sevilla FC,Deportivo Alavés,1,False
2025-04-20,18:30,Bundesliga,FC St. Pauli 1910,Bayer 04 Leverkusen,1,False
2025-04-20,20:00,La Liga,Real Madrid CF,Athletic Club,1,False
2025-04-21,20:00,Premier League,Tottenham Hotspur FC,Nottingham Forest FC,1,False
2025-04-21,20:00,La Liga,Girona FC,Real Betis Balompié,1,False
2025-04-22,18:00,La Liga,Valencia CF,RCD Espanyol de Barcelona,1,False
2025-04-22,20:00,Premier League,Manchester City FC,Aston Villa FC,1,False
2025-04-22,20:30,La Liga,FC Barcelona,RCD Mallorca,1,False
2025-04-23,18:00,La Liga,Athletic Club,UD Las Palmas,1,False
2025-04-23,18:00,La Liga,RC Celta de Vigo,Villarreal CF,1,False
2025-04-23,20:00,Premier League,Arsenal FC,Crystal Palace FC,1,False
2025-04-23,20:30,La Liga,Deportivo Alavés,Real Sociedad de Fútbol,1,False
2025-04-23,20:30,La Liga,Getafe CF,Real Madrid CF,1,False
2025-04-24,18:00,La Liga,CA Osasuna,Sevilla FC,1,False
2025-04-24,18:00,La Liga,CD Leganés,Girona FC,1,False
2025-04-24,20:30,La Liga,Club Atlético de Madrid,Rayo Vallecano de Madrid,1,False
2025-04-24,20:30,La Liga,Real Betis Balompié,Real Valladolid CF,1,False
2025-04-25,19:30,Bundesliga,VfB Stuttgart,1. FC Heidenheim 1846,1,False
2025-04-26,12:30,Premier League,Chelsea FC,Everton FC,1,False
2025-04-26,14:30,Bundesliga,TSG 1899 Hoffenheim,Borussia Dortmund,1,False
2025-04-26,14:30,Bundesliga,VfL Wolfsburg,SC Freiburg,1,False
2025-04-26,14:30,Bundesliga,FC Bayern München,1. FSV Mainz 05,1,False
2025-04-26,14:30,Bundesliga,Holstein Kiel,Borussia Mönchengladbach,1,False
2025-04-26,14:30,Bundesliga,Bayer 04 Leverkusen,FC Augsburg,1,False
2025-04-26,15:00,Premier League,Brighton & Hove Albion FC,West Ham United FC,1,False
2025-04-26,15:00,Premier League,Newcastle United FC,Ipswich Town FC,1,False
2025-04-26,15:00,Premier League,Southampton FC,Fulham FC,1,False
2025-04-26,15:00,Premier League,Wolverhampton Wanderers FC,Leicester City FC,1,False
2025-04-26,17:30,Bundesliga,Eintracht Frankfurt,RB Leipzig,1,False
2025-04-27,14:00,Premier League,AFC Bournemouth,Manchester United FC,1,False
2025-04-27,14:30,Bundesliga,VfL Bochum 1848,1. FC Union Berlin,1,False
2025-04-27,15:15,La Liga,Villarreal CF,RCD Espanyol de Barcelona,1,False
2025-04-27,16:30,Premier League,Liverpool FC,Tottenham Hotspur FC,2,False
2025-04-27,16:30,Bundesliga,SV Werder Bremen,FC St. Pauli 1910,1,False
2025-04-29,20:00,Champions League,Arsenal FC,Paris Saint-Germain FC,2,False
2025-04-30,20:00,Champions League,FC Barcelona,FC Internazionale Milano,2,False
2025-05-01,19:30,Premier League,Nottingham Forest FC,Brentford FC,1,False
2025-05-02,19:30,Bundesliga,1. FC Heidenheim 1846,VfL Bochum 1848,1,False
2025-05-02,20:00,Premier League,Manchester City FC,Wolverhampton Wanderers FC,1,False
2025-05-02,20:00,La Liga,Rayo Vallecano de Madrid,Getafe CF,1,False
2025-05-03,12:30,Premier League,Aston Villa FC,Fulham FC,1,False
2025-05-03,13:00,La Liga,Deportivo Alavés,Club Atlético de Madrid,1,False
2025-05-03,14:30,Bundesliga,FC St. Pauli 1910,VfB Stuttgart,1,False
2025-05-03,14:30,Bundesliga,RB Leipzig,FC Bayern München,1,False
2025-05-03,14:30,Bundesliga,Borussia Mönchengladbach,TSG 1899 Hoffenheim,1,False
2025-05-03,14:30,Bundesliga,1. FC Union Berlin,SV Werder Bremen,1,False
2025-05-03,15:00,Premier League,Everton FC,Ipswich Town FC,1,False
2025-05-03,15:00,Premier League,Leicester City FC,Southampton FC,1,False
2025-05-03,15:15,La Liga,Villarreal CF,CA Osasuna,1,False
2025-05-03,17:30,Premier League,Arsenal FC,AFC Bournemouth,1,False
2025-05-03,17:30,Bundesliga,Borussia Dortmund,VfL Wolfsburg,1,False
2025-05-03,17:30,La Liga,UD Las Palmas,Valencia CF,1,False
2025-05-03,20:00,La Liga,Real Valladolid CF,FC Barcelona,1,False
2025-05-04,13:00,La Liga,Real Madrid CF,RC Celta de Vigo,1,False
2025-05-04,14:00,Premier League,Brentford FC,Manchester United FC,1,False
2025-05-04,14:00,Premier League,Brighton & Hove Albion FC,Newcastle United FC,1,False
2025-05-04,14:00,Premier League,West Ham United FC,Tottenham Hotspur FC,1,False
2025-05-04,14:30,Bundesliga,FC Augsburg,Holstein Kiel,1,False
2025-05-04,15:15,La Liga,Sevilla FC,CD Leganés,1,False
2025-05-04,16:30,Premier League,Chelsea FC,Liverpool FC,2,False
2025-05-04,16:30,Bundesliga,SC Freiburg,Bayer 04 Leverkusen,1,False
2025-05-04,17:30,La Liga,RCD Espanyol de Barcelona,Real Betis Balompié,1,False
2025-05-04,18:30,Bundesliga,1. FSV Mainz 05,Eintracht Frankfurt,1,False
2025-05-04,20:00,La Liga,Real Sociedad de Fútbol,Athletic Club,1,False
2025-05-05,20:00,Premier League,Crystal Palace FC,Nottingham Forest FC,1,False
2025-05-05,20:00,La Liga,Girona FC,RCD Mallorca,1,False
2025-05-06,20:00,Champions League,FC Internazionale Milano,FC Barcelona,2,False
2025-05-07,20:00,Champions League,Paris Saint-Germain FC,Arsenal FC,2,False
2025-05-09,19:30,Bundesliga,VfL Wolfsburg,TSG 1899 Hoffenheim,1,False
2025-05-09,20:00,La Liga,UD Las Palmas,Rayo Vallecano de Madrid,1,False
2025-05-10,13:00,La Liga,Valencia CF,Getafe CF,1,False
2025-05-10,14:30,Bundesliga,SV Werder Bremen,RB Leipzig,1,False
2025-05-10,14:30,Bundesliga,1. FC Union Berlin,1. FC Heidenheim 1846,1,False
2025-05-10,14:30,Bundesliga,Holstein Kiel,SC Freiburg,1,False
2025-05-10,14:30,Bundesliga,VfL Bochum 1848,1. FSV Mainz 05,1,False
2025-05-10,15:00,Premier League,Fulham FC,Everton FC,1,False
2025-05-10,15:00,Premier League,Ipswich Town FC,Brentford FC,1,False
2025-05-10,15:00,Premier League,Southampton FC,Manchester City FC,1,False
2025-05-10,15:00,Premier League,Wolverhampton Wanderers FC,Brighton & Hove Albion FC,1,False
2025-05-10,15:15,La Liga,RC Celta de Vigo,Sevilla FC,1,False
2025-05-10,17:30,Premier League,AFC Bournemouth,Aston Villa FC,1,False
2025-05-10,17:30,Bundesliga,FC Bayern München,Borussia Mönchengladbach,1,False
2025-05-10,17:30,La Liga,Girona FC,Villarreal CF,1,False
2025-05-10,17:30,La Liga,RCD Mallorca,Real Valladolid CF,1,False
2025-05-10,20:00,La Liga,Club Atlético de Madrid,Real Sociedad de Fútbol,1,False
2025-05-11,12:00,Premier League,Newcastle United FC,Chelsea FC,1,False
2025-05-11,13:00,La Liga,CD Leganés,RCD Espanyol de Barcelona,1,False
2025-05-11,14:15,Premier League,Manchester United FC,West Ham United FC,1,False
2025-05-11,14:15,Premier League,Nottingham Forest FC,Leicester City FC,1,False
2025-05-11,14:15,Premier League,Tottenham Hotspur FC,Crystal Palace FC,1,False
2025-05-11,14:30,Bundesliga,Bayer 04 Leverkusen,Borussia Dortmund,1,False
2025-05-11,15:15,La Liga,FC Barcelona,Real Madrid CF,1,False
2025-05-11,16:30,Premier League,Liverpool FC,Arsenal FC,2,False
2025-05-11,16:30,Bundesliga,Eintracht Frankfurt,FC St. Pauli 1910,1,False
2025-05-11,17:30,La Liga,Athletic Club,Deportivo Alavés,1,False
2025-05-11,18:30,Bundesliga,VfB Stuttgart,FC Augsburg,1,False
2025-05-11,20:00,La Liga,Real Betis Balompié,CA Osasuna,1,False
2025-05-13,18:00,La Liga,Real Valladolid CF,Girona FC,1,False
2025-05-13,19:00,La Liga,Real Sociedad de Fútbol,RC Celta de Vigo,1,False
2025-05-13,20:30,La Liga,Sevilla FC,UD Las Palmas,1,False
2025-05-14,18:00,La Liga,Deportivo Alavés,Valencia CF,1,False
2025-05-14,18:00,La Liga,Villarreal CF,CD Leganés,1,False
2025-05-14,20:30,La Liga,Real Madrid CF,RCD Mallorca,1,False
2025-05-15,18:00,La Liga,CA Osasuna,Club Atlético de Madrid,1,False
2025-05-15,18:00,La Liga,Rayo Vallecano de Madrid,Real Betis Balompié,1,False
2025-05-15,20:30,La Liga,Getafe CF,Athletic Club,1,False
2025-05-15,20:30,La Liga,RCD Espanyol de Barcelona,FC Barcelona,1,False
2025-05-16,19:30,Premier League,Aston Villa FC,Tottenham Hotspur FC,1,False
2025-05-16,20:15,Premier League,Chelsea FC,Manchester United FC,2,False
2025-05-17,14:30,Bundesliga,1. FSV Mainz 05,Bayer 04 Leverkusen,1,False
2025-05-17,14:30,Bundesliga,RB Leipzig,VfB Stuttgart,1,False
2025-05-17,14:30,Bundesliga,TSG 1899 Hoffenheim,FC Bayern München,1,False
2025-05-17,14:30,Bundesliga,SC Freiburg,Eintracht Frankfurt,1,False
2025-05-17,14:30,Bundesliga,1. FC Heidenheim 1846,SV Werder Bremen,1,False
2025-05-17,14:30,Bundesliga,Borussia Mönchengladbach,VfL Wolfsburg,1,False
2025-05-17,14:30,Bundesliga,FC Augsburg,1. FC Union Berlin,1,False
2025-05-17,14:30,Bundesliga,FC St. Pauli 1910,VfL Bochum 1848,1,False
2025-05-17,14:30,Bundesliga,Borussia Dortmund,Holstein Kiel,1,False
2025-05-18,12:00,Premier League,Everton FC,Southampton FC,1,False
2025-05-18,14:15,Premier League,West Ham United FC,Nottingham Forest FC,1,False
2025-05-18,15:00,Premier League,Brentford FC,Fulham FC,1,False
2025-05-18,15:00,Premier League,Leicester City FC,Ipswich Town FC,1,False
2025-05-18,16:30,Premier League,Arsenal FC,Newcastle United FC,1,False
2025-05-18,18:00,La Liga,Club Atlético de Madrid,Real Betis Balompié,1,False
2025-05-18,18:00,La Liga,RC Celta de Vigo,Rayo Vallecano de Madrid,1,False
2025-05-18,18:00,La Liga,FC Barcelona,Villarreal CF,1,False
2025-05-18,18:00,La Liga,Sevilla FC,Real Madrid CF,1,False
2025-05-18,18:00,La Liga,Valencia CF,Athletic Club,1,False
2025-05-18,18:00,La Liga,RCD Mallorca,Getafe CF,1,False
2025-05-18,18:00,La Liga,Real Sociedad de Fútbol,Girona FC,1,False
2025-05-18,18:00,La Liga,Real Valladolid CF,Deportivo Alavés,1,False
2025-05-18,18:00,La Liga,UD Las Palmas,CD Leganés,1,False
2025-05-18,18:00,La Liga,CA Osasuna,RCD Espanyol de Barcelona,1,False
2025-05-19,20:00,Premier League,Brighton & Hove Albion FC,Liverpool FC,1,False
2025-05-20,20:00,Premier League,Crystal Palace FC,Wolverhampton Wanderers FC,1,False
2025-05-20,20:00,Premier League,Manchester City FC,AFC Bournemouth,1,False
2025-05-23,20:00,La Liga,Real Betis Balompié,Valencia CF,1,False
2025-05-24,15:15,La Liga,Real Madrid CF,Real Sociedad de Fútbol,1,False
2025-05-24,17:30,La Liga,CD Leganés,Real Valladolid CF,1,False
2025-05-24,17:30,La Liga,RCD Espanyol de Barcelona,UD Las Palmas,1,False
2025-05-24,20:00,La Liga,Deportivo Alavés,CA Osasuna,1,False
2025-05-24,20:00,La Liga,Getafe CF,RC Celta de Vigo,1,False
2025-05-24,20:00,La Liga,Rayo Vallecano de Madrid,RCD Mallorca,1,False
2025-05-25,13:00,La Liga,Girona FC,Club Atlético de Madrid,1,False
2025-05-25,15:15,La Liga,Villarreal CF,Sevilla FC,1,False
2025-05-25,16:00,Premier League,AFC Bournemouth,Leicester City FC,1,False
2025-05-25,16:00,Premier League,Fulham FC,Manchester City FC,1,False
2025-05-25,16:00,Premier League,Ipswich Town FC,West Ham United FC,1,False
2025-05-25,16:00,Premier League,Liverpool FC,Crystal Palace FC,1,False
2025-05-25,16:00,Premier League,Manchester United FC,Aston Villa FC,1,False
2025-05-25,16:00,Premier League,Newcastle United FC,Everton FC,1,False
2025-05-25,16:00,Premier League,Nottingham Forest FC,Chelsea FC,1,False
2025-05-25,16:00,Premier League,Southampton FC,Arsenal FC,1,False
2025-05-25,16:00,Premier League,Tottenham Hotspur FC,Brighton & Hove Albion FC,1,False
2025-05-25,16:00,Premier League,Wolverhampton Wanderers FC,Brentford FC,1,False
2025-05-25,20:00,La Liga,Athletic Club,FC Barcelona,1,False
2025-05-31,20:00,Champions League,Paris Saint-Germain FC,FC Internazionale Milano,3,False
2025-08-15,18:00,La Liga,Girona FC,Rayo Vallecano de Madrid,1,False
2025-08-15,20:00,Premier League,Liverpool FC,AFC Bournemouth,1,False
2025-08-15,20:30,La Liga,Villarreal CF,Real Oviedo,1,False
2025-08-16,12:30,Premier League,Aston Villa FC,Newcastle United FC,1,False
2025-08-16,15:00,Premier League,Brighton & Hove Albion FC,Fulham FC,1,False
2025-08-16,15:00,Premier League,Sunderland AFC,West Ham United FC,1,False
2025-08-16,15:00,Premier League,Tottenham Hotspur FC,Burnley FC,1,False
2025-08-16,17:30,Premier League,Wolverhampton Wanderers FC,Manchester City FC,1,False
2025-08-16,18:30,La Liga,RCD Mallorca,FC Barcelona,1,False
2025-08-16,20:30,La Liga,Deportivo Alavés,Levante UD,1,False
2025-08-16,20:30,La Liga,Valencia CF,Real Sociedad de Fútbol,1,False
2025-08-17,14:00,Premier League,Nottingham Forest FC,Brentford FC,1,False
2025-08-17,14:00,Premier League,Chelsea FC,Crystal Palace FC,1,False
2025-08-17,16:00,La Liga,RC Celta de Vigo,Getafe CF,1,False
2025-08-17,16:30,Premier League,Manchester United FC,Arsenal FC,2,False
2025-08-17,18:30,La Liga,Athletic Club,Sevilla FC,1,False
2025-08-17,20:30,La Liga,RCD Espanyol de Barcelona,Club Atlético de Madrid,1,False
2025-08-18,20:00,Premier League,Leeds United FC,Everton FC,1,False
2025-08-18,20:00,La Liga,Elche CF,Real Betis Balompié,1,False
2025-08-19,20:00,La Liga,Real Madrid CF,CA Osasuna,1,False
2025-08-22,19:30,Bundesliga,FC Bayern München,RB Leipzig,1,False
2025-08-22,20:00,Premier League,West Ham United FC,Chelsea FC,1,False
2025-08-22,20:30,La Liga,Real Betis Balompié,Deportivo Alavés,1,False
2025-08-23,12:30,Premier League,Manchester City FC,Tottenham Hotspur FC,2,False
2025-08-23,14:30,Bundesliga,Eintracht Frankfurt,SV Werder Bremen,1,False
2025-08-23,14:30,Bundesliga,Bayer 04 Leverkusen,TSG 1899 Hoffenheim,1,False
2025-08-23,14:30,Bundesliga,SC Freiburg,FC Augsburg,1,False
2025-08-23,14:30,Bundesliga,1. FC Union Berlin,VfB Stuttgart,1,False
2025-08-23,14:30,Bundesliga,1. FC Heidenheim 1846,VfL Wolfsburg,1,False
2025-08-23,15:00,Premier League,AFC Bournemouth,Wolverhampton Wanderers FC,1,False
2025-08-23,15:00,Premier League,Brentford FC,Aston Villa FC,1,False
2025-08-23,15:00,Premier League,Burnley FC,Sunderland AFC,1,False
2025-08-23,16:00,La Liga,RCD Mallorca,RC Celta de Vigo,1,False
2025-08-23,17:30,Premier League,Arsenal FC,Leeds United FC,1,False
2025-08-23,17:30,Bundesliga,FC St. Pauli 1910,Borussia Dortmund,1,False
2025-08-23,18:30,La Liga,Club Atlético de Madrid,Elche CF,1,False
2025-08-23,20:30,La Liga,Levante UD,FC Barcelona,1,False
2025-08-24,14:00,Premier League,Crystal Palace FC,Nottingham Forest FC,1,False
2025-08-24,14:00,Premier League,Everton FC,Brighton & Hove Albion FC,1,False
2025-08-24,14:30,Bundesliga,1. FSV Mainz 05,1. FC Köln,1,False
2025-08-24,16:00,La Liga,CA Osasuna,Valencia CF,1,False
2025-08-24,16:30,Premier League,Fulham FC,Manchester United FC,1,False
2025-08-24,16:30,Bundesliga,Borussia Mönchengladbach,Hamburger SV,1,False
2025-08-24,18:30,La Liga,Real Sociedad de Fútbol,RCD Espanyol de Barcelona,1,False
2025-08-24,18:30,La Liga,Villarreal CF,Girona FC,1,False
2025-08-24,20:30,La Liga,Real Oviedo,Real Madrid CF,1,False
2025-08-25,18:30,La Liga,Athletic Club,Rayo Vallecano de Madrid,1,False
2025-08-25,20:00,Premier League,Newcastle United FC,Liverpool FC,1,False
2025-08-25,20:30,La Liga,Sevilla FC,Getafe CF,1,False
2025-08-27,20:00,La Liga,RC Celta de Vigo,Real Betis Balompié,1,False
2025-08-29,18:30,La Liga,Elche CF,Levante UD,1,False
2025-08-29,19:30,Bundesliga,Hamburger SV,FC St. Pauli 1910,1,False
2025-08-29,20:30,La Liga,Valencia CF,Getafe CF,1,False
2025-08-30,12:30,Premier League,Chelsea FC,Fulham FC,1,False
2025-08-30,14:30,Bundesliga,RB Leipzig,1. FC Heidenheim 1846,1,False
2025-08-30,14:30,Bundesliga,SV Werder Bremen,Bayer 04 Leverkusen,1,False
2025-08-30,14:30,Bundesliga,VfB Stuttgart,Borussia Mönchengladbach,1,False
2025-08-30,14:30,Bundesliga,TSG 1899 Hoffenheim,Eintracht Frankfurt,1,False
2025-08-30,15:00,Premier League,Sunderland AFC,Brentford FC,1,False
2025-08-30,15:00,Premier League,Manchester United FC,Burnley FC,1,False
2025-08-30,15:00,Premier League,Tottenham Hotspur FC,AFC Bournemouth,1,False
2025-08-30,15:00,Premier League,Wolverhampton Wanderers FC,Everton FC,1,False
2025-08-30,16:00,La Liga,Deportivo Alavés,Club Atlético de Madrid,1,False
2025-08-30,17:30,Premier League,Leeds United FC,Newcastle United FC,1,False
2025-08-30,17:30,Bundesliga,FC Augsburg,FC Bayern München,1,False
2025-08-30,18:00,La Liga,Real Oviedo,Real Sociedad de Fútbol,1,False
2025-08-30,18:30,La Liga,Girona FC,Sevilla FC,1,False
2025-08-30,20:30,La Liga,Real Madrid CF,RCD Mallorca,1,False
2025-08-31,14:00,Premier League,Brighton & Hove Albion FC,Manchester City FC,1,False
2025-08-31,14:00,Premier League,Nottingham Forest FC,West Ham United FC,1,False
2025-08-31,14:30,Bundesliga,VfL Wolfsburg,1. FSV Mainz 05,1,False
2025-08-31,16:00,La Liga,RC Celta de Vigo,Villarreal CF,1,False
2025-08-31,16:30,Premier League,Liverpool FC,Arsenal FC,2,False
2025-08-31,16:30,Bundesliga,Borussia Dortmund,1. FC Union Berlin,1,False
2025-08-31,18:00,La Liga,Real Betis Balompié,Athletic Club,1,False
2025-08-31,18:30,Bundesliga,1. FC Köln,SC Freiburg,1,False
2025-08-31,18:30,La Liga,RCD Espanyol de Barcelona,CA Osasuna,1,False
2025-08-31,19:00,Premier League,Aston Villa FC,Crystal Palace FC,1,False
2025-08-31,20:30,La Liga,Rayo Vallecano de Madrid,FC Barcelona,1,False
2025-09-12,19:30,Bundesliga,Bayer 04 Leverkusen,Eintracht Frankfurt,1,False
2025-09-12,20:00,La Liga,Sevilla FC,Elche CF,1,False
2025-09-13,12:30,Premier League,Arsenal FC,Nottingham Forest FC,1,False
2025-09-13,13:00,La Liga,Getafe CF,Real Oviedo,1,False
2025-09-13,14:30,Bundesliga,SC Freiburg,VfB Stuttgart,1,False
2025-09-13,14:30,Bundesliga,1. FSV Mainz 05,RB Leipzig,1,False
2025-09-13,14:30,Bundesliga,VfL Wolfsburg,1. FC Köln,1,False
2025-09-13,14:30,Bundesliga,1. FC Union Berlin,TSG 1899 Hoffenheim,1,False
2025-09-13,14:30,Bundesliga,1. FC Heidenheim 1846,Borussia Dortmund,1,False
2025-09-13,15:00,Premier League,AFC Bournemouth,Brighton & Hove Albion FC,1,False
2025-09-13,15:00,Premier League,Crystal Palace FC,Sunderland AFC,1,False
2025-09-13,15:00,Premier League,Everton FC,Aston Villa FC,1,False
2025-09-13,15:00,Premier League,Fulham FC,Leeds United FC,1,False
2025-09-13,15:00,Premier League,Newcastle United FC,Wolverhampton Wanderers FC,1,False
2025-09-13,15:15,La Liga,Real Sociedad de Fútbol,Real Madrid CF,1,False
2025-09-13,17:30,Premier League,West Ham United FC,Tottenham Hotspur FC,1,False
2025-09-13,17:30,Bundesliga,FC Bayern München,Hamburger SV,1,False
2025-09-13,17:30,La Liga,Athletic Club,Deportivo Alavés,1,False
2025-09-13,20:00,Premier League,Brentford FC,Chelsea FC,1,False
2025-09-13,20:00,La Liga,Club Atlético de Madrid,Villarreal CF,1,False
2025-09-14,13:00,La Liga,RC Celta de Vigo,Girona FC,1,False
2025-09-14,14:00,Premier League,Burnley FC,Liverpool FC,1,False
2025-09-14,14:30,Bundesliga,FC St. Pauli 1910,FC Augsburg,1,False
2025-09-14,15:15,La Liga,Levante UD,Real Betis Balompié,1,False
2025-09-14,16:30,Premier League,Manchester City FC,Manchester United FC,2,False
2025-09-14,16:30,Bundesliga,Borussia Mönchengladbach,SV Werder Bremen,1,False
2025-09-14,17:30,La Liga,CA Osasuna,Rayo Vallecano de Madrid,1,False
2025-09-14,20:00,La Liga,FC Barcelona,Valencia CF,1,False
2025-09-15,20:00,La Liga,RCD Espanyol de Barcelona,RCD Mallorca,1,False
2025-09-16,17:45,Champions League,Athletic Club,Arsenal FC,2,False
2025-09-16,17:45,Champions League,PSV,Royale Union Saint-Gilloise,2,False
2025-09-16,20:00,Champions League,Juventus FC,Borussia Dortmund,2,False
2025-09-16,20:00,Champions League,Sport Lisboa e Benfica,Qarabağ Ağdam FK,2,False
2025-09-16,20:00,Champions League,Tottenham Hotspur FC,Villarreal CF,2,False
2025-09-16,20:00,Champions League,Real Madrid CF,Olympique de Marseille,2,False
2025-09-17,17:45,Champions League,SK Slavia Praha,FK Bodø/Glimt,2,False
2025-09-17,17:45,Champions League,PAE Olympiakos SFP,Paphos FC,2,False
2025-09-17,20:00,Champions League,AFC Ajax,FC Internazionale Milano,2,False
2025-09-17,20:00,Champions League,Liverpool FC,Club Atlético de Madrid,2,False
2025-09-17,20:00,Champions League,Paris Saint-Germain FC,Atalanta BC,2,False
2025-09-17,20:00,Champions League,FC Bayern München,Chelsea FC,2,False
2025-09-18,17:45,Champions League,FC København,Bayer 04 Leverkusen,2,False
2025-09-18,17:45,Champions League,Club Brugge KV,AS Monaco FC,2,False
2025-09-18,20:00,Champions League,Newcastle United FC,FC Barcelona,2,False
2025-09-18,20:00,Champions League,Manchester City FC,SSC Napoli,2,False
2025-09-18,20:00,Champions League,Eintracht Frankfurt,Galatasaray SK,2,False
2025-09-18,20:00,Champions League,Sporting Clube de Portugal,FK Kairat,2,False
2025-09-19,19:30,Bundesliga,VfB Stuttgart,FC St. Pauli 1910,1,False
2025-09-19,20:00,La Liga,Real Betis Balompié,Real Sociedad de Fútbol,1,False
2025-09-20,12:30,Premier League,Liverpool FC,Everton FC,1,False
2025-09-20,13:00,La Liga,Girona FC,Levante UD,1,False
2025-09-20,14:30,Bundesliga,SV Werder Bremen,SC Freiburg,1,False
2025-09-20,14:30,Bundesliga,FC Augsburg,1. FSV Mainz 05,1,False
2025-09-20,14:30,Bundesliga,TSG 1899 Hoffenheim,FC Bayern München,1,False
2025-09-20,14:30,Bundesliga,Hamburger SV,1. FC Heidenheim 1846,1,False
2025-09-20,15:00,Premier League,Brighton & Hove Albion FC,Tottenham Hotspur FC,1,False
2025-09-20,15:00,Premier League,Burnley FC,Nottingham Forest FC,1,False
2025-09-20,15:00,Premier League,West Ham United FC,Crystal Palace FC,1,False
2025-09-20,15:00,Premier League,Wolverhampton Wanderers FC,Leeds United FC,1,False
2025-09-20,15:15,La Liga,Real Madrid CF,RCD Espanyol de Barcelona,1,False
2025-09-20,17:30,Premier League,Manchester United FC,Chelsea FC,2,False
2025-09-20,17:30,Bundesliga,RB Leipzig,1. FC Köln,1,False
2025-09-20,17:30,La Liga,Villarreal CF,CA Osasuna,1,False
2025-09-20,17:30,La Liga,Deportivo Alavés,Sevilla FC,1,False
2025-09-20,20:00,Premier League,Fulham FC,Brentford FC,1,False
2025-09-20,20:00,La Liga,Valencia CF,Athletic Club,1,False
2025-09-21,13:00,La Liga,Rayo Vallecano de Madrid,RC Celta de Vigo,1,False
2025-09-21,14:00,Premier League,AFC Bournemouth,Newcastle United FC,1,False
2025-09-21,14:00,Premier League,Sunderland AFC,Aston Villa FC,1,False
2025-09-21,14:30,Bundesliga,Eintracht Frankfurt,1. FC Union Berlin,1,False
2025-09-21,15:15,La Liga,RCD Mallorca,Club Atlético de Madrid,1,False
2025-09-21,16:30,Premier League,Arsenal FC,Manchester City FC,2,False
2025-09-21,16:30,Bundesliga,Bayer 04 Leverkusen,Borussia Mönchengladbach,1,False
2025-09-21,17:30,La Liga,Elche CF,Real Oviedo,1,False
2025-09-21,18:30,Bundesliga,Borussia Dortmund,VfL Wolfsburg,1,False
2025-09-21,20:00,La Liga,FC Barcelona,Getafe CF,1,False
2025-09-23,18:00,La Liga,Athletic Club,Girona FC,1,False
2025-09-23,18:00,La Liga,RCD Espanyol de Barcelona,Valencia CF,1,False
2025-09-23,20:30,La Liga,Levante UD,Real Madrid CF,1,False
2025-09-23,20:30,La Liga,Sevilla FC,Villarreal CF,1,False
2025-09-24,18:00,La Liga,Getafe CF,Deportivo Alavés,1,False
2025-09-24,20:30,La Liga,Club Atlético de Madrid,Rayo Vallecano de Madrid,1,False
2025-09-24,20:30,La Liga,Real Sociedad de Fútbol,RCD Mallorca,1,False
2025-09-25,18:30,La Liga,CA Osasuna,Elche CF,1,False
2025-09-25,20:30,La Liga,Real Oviedo,FC Barcelona,1,False
2025-09-26,19:30,Bundesliga,FC Bayern München,SV Werder Bremen,1,False
2025-09-26,20:00,La Liga,Girona FC,RCD Espanyol de Barcelona,1,False
2025-09-27,12:30,Premier League,Brentford FC,Manchester United FC,1,False
2025-09-27,13:00,La Liga,Getafe CF,Levante UD,1,False
2025-09-27,14:30,Bundesliga,1. FSV Mainz 05,Borussia Dortmund,1,False
2025-09-27,14:30,Bundesliga,VfL Wolfsburg,RB Leipzig,1,False
2025-09-27,14:30,Bundesliga,FC St. Pauli 1910,Bayer 04 Leverkusen,1,False
2025-09-27,14:30,Bundesliga,1. FC Heidenheim 1846,FC Augsburg,1,False
2025-09-27,15:00,Premier League,Crystal Palace FC,Liverpool FC,1,False
2025-09-27,15:00,Premier League,Chelsea FC,Brighton & Hove Albion FC,1,False
2025-09-27,15:00,Premier League,Leeds United FC,AFC Bournemouth,1,False
2025-09-27,15:00,Premier League,Manchester City FC,Burnley FC,1,False
2025-09-27,15:15,La Liga,Club Atlético de Madrid,Real Madrid CF,1,False
2025-09-27,17:30,Premier League,Nottingham Forest FC,Sunderland AFC,1,False
2025-09-27,17:30,Bundesliga,Borussia Mönchengladbach,Eintracht Frankfurt,1,False
2025-09-27,17:30,La Liga,RCD Mallorca,Deportivo Alavés,1,False
2025-09-27,20:00,Premier League,Tottenham Hotspur FC,Wolverhampton Wanderers FC,1,False
2025-09-27,20:00,La Liga,Villarreal CF,Athletic Club,1,False
2025-09-28,13:00,La Liga,Rayo Vallecano de Madrid,Sevilla FC,1,False
2025-09-28,14:00,Premier League,Aston Villa FC,Fulham FC,1,False
2025-09-28,14:30,Bundesliga,SC Freiburg,TSG 1899 Hoffenheim,1,False
2025-09-28,15:15,La Liga,Elche CF,RC Celta de Vigo,1,False
2025-09-28,16:30,Premier League,Newcastle United FC,Arsenal FC,1,False
2025-09-28,16:30,Bundesliga,1. FC Köln,VfB Stuttgart,1,False
2025-09-28,17:30,La Liga,FC Barcelona,Real Sociedad de Fútbol,1,False
2025-09-28,18:30,Bundesliga,1. FC Union Berlin,Hamburger SV,1,False
2025-09-28,20:00,La Liga,Real Betis Balompié,CA Osasuna,1,False
2025-09-29,20:00,Premier League,Everton FC,West Ham United FC,1,False
2025-09-30,17:45,Champions League,Atalanta BC,Club Brugge KV,2,False
2025-09-30,17:45,Champions League,FK Kairat,Real Madrid CF,2,False
2025-09-30,19:00,La Liga,Valencia CF,Real Oviedo,1,False
2025-09-30,20:00,Champions League,Galatasaray SK,Liverpool FC,2,False
2025-09-30,20:00,Champions League,Club Atlético de Madrid,Eintracht Frankfurt,2,False
2025-09-30,20:00,Champions League,Olympique de Marseille,AFC Ajax,2,False
2025-09-30,20:00,Champions League,FK Bodø/Glimt,Tottenham Hotspur FC,2,False
2025-09-30,20:00,Champions League,Paphos FC,FC Bayern München,2,False
2025-09-30,20:00,Champions League,Chelsea FC,Sport Lisboa e Benfica,2,False
2025-09-30,20:00,Champions League,FC Internazionale Milano,SK Slavia Praha,2,False
2025-10-01,17:45,Champions League,Qarabağ Ağdam FK,FC København,2,False
2025-10-01,17:45,Champions League,Royale Union Saint-Gilloise,Newcastle United FC,2,False
2025-10-01,20:00,Champions League,Borussia Dortmund,Athletic Club,2,False
2025-10-01,20:00,Champions League,FC Barcelona,Paris Saint-Germain FC,2,False
2025-10-01,20:00,Champions League,AS Monaco FC,Manchester City FC,2,False
2025-10-01,20:00,Champions League,Bayer 04 Leverkusen,PSV,2,False
2025-10-01,20:00,Champions League,Arsenal FC,PAE Olympiakos SFP,2,False
2025-10-01,20:00,Champions League,Villarreal CF,Juventus FC,2,False
2025-10-01,20:00,Champions League,SSC Napoli,Sporting Clube de Portugal,2,False
2025-10-03,19:30,Bundesliga,TSG 1899 Hoffenheim,1. FC Köln,1,False
2025-10-03,20:00,Premier League,AFC Bournemouth,Fulham FC,1,False
2025-10-03,20:00,La Liga,CA Osasuna,Getafe CF,1,False
2025-10-04,12:30,Premier League,Leeds United FC,Tottenham Hotspur FC,1,False
2025-10-04,13:00,La Liga,Real Oviedo,Levante UD,1,False
2025-10-04,14:30,Bundesliga,Bayer 04 Leverkusen,1. FC Union Berlin,1,False
2025-10-04,14:30,Bundesliga,Borussia Dortmund,RB Leipzig,1,False
2025-10-04,14:30,Bundesliga,SV Werder Bremen,FC St. Pauli 1910,1,False
2025-10-04,14:30,Bundesliga,FC Augsburg,VfL Wolfsburg,1,False
2025-10-04,15:00,Premier League,Arsenal FC,West Ham United FC,1,False
2025-10-04,15:00,Premier League,Manchester United FC,Sunderland AFC,1,False
2025-10-04,15:15,La Liga,Girona FC,Valencia CF,1,False
2025-10-04,17:30,Premier League,Chelsea FC,Liverpool FC,2,False
2025-10-04,17:30,Bundesliga,Eintracht Frankfurt,FC Bayern München,1,False
2025-10-04,17:30,La Liga,Athletic Club,RCD Mallorca,1,False
2025-10-04,20:00,La Liga,Real Madrid CF,Villarreal CF,1,False
2025-10-05,13:00,La Liga,Deportivo Alavés,Elche CF,1,False
2025-10-05,14:00,Premier League,Aston Villa FC,Burnley FC,1,False
2025-10-05,14:00,Premier League,Everton FC,Crystal Palace FC,1,False
2025-10-05,14:00,Premier League,Newcastle United FC,Nottingham Forest FC,1,False
2025-10-05,14:00,Premier League,Wolverhampton Wanderers FC,Brighton & Hove Albion FC,1,False
2025-10-05,14:30,Bundesliga,VfB Stuttgart,1. FC Heidenheim 1846,1,False
2025-10-05,15:15,La Liga,Sevilla FC,FC Barcelona,1,False
2025-10-05,16:30,Premier League,Brentford FC,Manchester City FC,1,False
2025-10-05,16:30,Bundesliga,Hamburger SV,1. FSV Mainz 05,1,False
2025-10-05,17:30,La Liga,RCD Espanyol de Barcelona,Real Betis Balompié,1,False
2025-10-05,17:30,La Liga,Real Sociedad de Fútbol,Rayo Vallecano de Madrid,1,False
2025-10-05,18:30,Bundesliga,Borussia Mönchengladbach,SC Freiburg,1,False
2025-10-05,20:00,La Liga,RC Celta de Vigo,Club Atlético de Madrid,1,False
2025-10-17,19:30,Bundesliga,1. FC Union Berlin,Borussia Mönchengladbach,1,False
2025-10-17,20:00,La Liga,Real Oviedo,RCD Espanyol de Barcelona,1,False
2025-10-18,12:30,Premier League,Nottingham Forest FC,Chelsea FC,1,False
2025-10-18,13:00,La Liga,Sevilla FC,RCD Mallorca,1,False
2025-10-18,14:30,Bundesliga,1. FSV Mainz 05,Bayer 04 Leverkusen,1,False
2025-10-18,14:30,Bundesliga,RB Leipzig,Hamburger SV,1,False
2025-10-18,14:30,Bundesliga,VfL Wolfsburg,VfB Stuttgart,1,False
2025-10-18,14:30,Bundesliga,1. FC Heidenheim 1846,SV Werder Bremen,1,False
2025-10-18,14:30,Bundesliga,1. FC Köln,FC Augsburg,1,False
2025-10-18,15:00,Premier League,Brighton & Hove Albion FC,Newcastle United FC,1,False
2025-10-18,15:00,Premier League,Crystal Palace FC,AFC Bournemouth,1,False
2025-10-18,15:00,Premier League,Burnley FC,Leeds United FC,1,False
2025-10-18,15:00,Premier League,Manchester City FC,Everton FC,1,False
2025-10-18,15:00,Premier League,Sunderland AFC,Wolverhampton Wanderers FC,1,False
2025-10-18,15:15,La Liga,FC Barcelona,Girona FC,1,False
2025-10-18,17:30,Premier League,Fulham FC,Arsenal FC,1,False
2025-10-18,17:30,Bundesliga,FC Bayern München,Borussia Dortmund,1,False
2025-10-18,17:30,La Liga,Villarreal CF,Real Betis Balompié,1,False
2025-10-18,20:00,La Liga,Club Atlético de Madrid,CA Osasuna,1,False
2025-10-19,13:00,La Liga,Elche CF,Athletic Club,1,False
2025-10-19,14:00,Premier League,Tottenham Hotspur FC,Aston Villa FC,1,False
2025-10-19,14:30,Bundesliga,SC Freiburg,Eintracht Frankfurt,1,False
2025-10-19,15:15,La Liga,RC Celta de Vigo,Real Sociedad de Fútbol,1,False
2025-10-19,16:30,Premier League,Liverpool FC,Manchester United FC,2,False
2025-10-19,16:30,Bundesliga,FC St. Pauli 1910,TSG 1899 Hoffenheim,1,False
2025-10-19,17:30,La Liga,Levante UD,Rayo Vallecano de Madrid,1,False
2025-10-19,20:00,La Liga,Getafe CF,Real Madrid CF,1,False
2025-10-20,20:00,Premier League,West Ham United FC,Brentford FC,1,False
2025-10-20,20:00,La Liga,Deportivo Alavés,Valencia CF,1,False
2025-10-21,17:45,Champions League,FC Barcelona,PAE Olympiakos SFP,2,False
2025-10-21,17:45,Champions League,FK Kairat,Paphos FC,2,False
2025-10-21,20:00,Champions League,Royale Union Saint-Gilloise,FC Internazionale Milano,2,False
2025-10-21,20:00,Champions League,FC København,Borussia Dortmund,2,False
2025-10-21,20:00,Champions League,Bayer 04 Leverkusen,Paris Saint-Germain FC,2,False
2025-10-21,20:00,Champions League,Villarreal CF,Manchester City FC,2,False
2025-10-21,20:00,Champions League,Arsenal FC,Club Atlético de Madrid,2,False
2025-10-21,20:00,Champions League,Newcastle United FC,Sport Lisboa e Benfica,2,False
2025-10-21,20:00,Champions League,PSV,SSC Napoli,2,False
2025-10-22,17:45,Champions League,Galatasaray SK,FK Bodø/Glimt,2,False
2025-10-22,17:45,Champions League,Athletic Club,Qarabağ Ağdam FK,2,False
2025-10-22,20:00,Champions League,Eintracht Frankfurt,Liverpool FC,2,False
2025-10-22,20:00,Champions League,Atalanta BC,SK Slavia Praha,2,False
2025-10-22,20:00,Champions League,Sporting Clube de Portugal,Olympique de Marseille,2,False
2025-10-22,20:00,Champions League,AS Monaco FC,Tottenham Hotspur FC,2,False
2025-10-22,20:00,Champions League,FC Bayern München,Club Brugge KV,2,False
2025-10-22,20:00,Champions League,Chelsea FC,AFC Ajax,2,False
2025-10-22,20:00,Champions League,Real Madrid CF,Juventus FC,2,False
2025-10-24,19:30,Bundesliga,SV Werder Bremen,1. FC Union Berlin,1,False
2025-10-24,20:00,Premier League,Leeds United FC,West Ham United FC,1,False
2025-10-24,20:00,La Liga,Real Sociedad de Fútbol,Sevilla FC,1,False
2025-10-25,13:00,La Liga,Girona FC,Real Oviedo,1,False
2025-10-25,14:30,Bundesliga,Eintracht Frankfurt,FC St. Pauli 1910,1,False
2025-10-25,14:30,Bundesliga,FC Augsburg,RB Leipzig,1,False
2025-10-25,14:30,Bundesliga,TSG 1899 Hoffenheim,1. FC Heidenheim 1846,1,False
2025-10-25,14:30,Bundesliga,Hamburger SV,VfL Wolfsburg,1,False
2025-10-25,14:45,Bundesliga,Borussia Mönchengladbach,FC Bayern München,1,False
2025-10-25,15:00,Premier League,Chelsea FC,Sunderland AFC,1,False
2025-10-25,15:00,Premier League,Newcastle United FC,Fulham FC,1,False
2025-10-25,15:15,La Liga,RCD Espanyol de Barcelona,Elche CF,1,False
2025-10-25,17:30,Premier League,Manchester United FC,Brighton & Hove Albion FC,1,False
2025-10-25,17:30,Bundesliga,Borussia Dortmund,1. FC Köln,1,False
2025-10-25,17:30,La Liga,Athletic Club,Getafe CF,1,False
2025-10-25,20:00,Premier League,Brentford FC,Liverpool FC,1,False
2025-10-25,20:00,La Liga,Valencia CF,Villarreal CF,1,False
2025-10-26,14:00,La Liga,RCD Mallorca,Levante UD,1,False
2025-10-26,15:00,Premier League,AFC Bournemouth,Nottingham Forest FC,1,False
2025-10-26,15:00,Premier League,Aston Villa FC,Manchester City FC,1,False
2025-10-26,15:00,Premier League,Arsenal FC,Crystal Palace FC,1,False
2025-10-26,15:00,Premier League,Wolverhampton Wanderers FC,Burnley FC,1,False
2025-10-26,15:30,Bundesliga,Bayer 04 Leverkusen,SC Freiburg,1,False
2025-10-26,16:15,La Liga,Real Madrid CF,FC Barcelona,1,False
2025-10-26,17:30,Premier League,Everton FC,Tottenham Hotspur FC,1,False
2025-10-26,17:30,Bundesliga,VfB Stuttgart,1. FSV Mainz 05,1,False
2025-10-26,18:30,La Liga,CA Osasuna,RC Celta de Vigo,1,False
2025-10-26,21:00,La Liga,Rayo Vallecano de Madrid,Deportivo Alavés,1,False
2025-10-27,21:00,La Liga,Real Betis Balompié,Club Atlético de Madrid,1,False
2025-10-31,20:30,Bundesliga,FC Augsburg,Borussia Dortmund,1,False
2025-10-31,21:00,La Liga,Getafe CF,Girona FC,1,False
2025-11-01,14:00,La Liga,Villarreal CF,Rayo Vallecano de Madrid,1,False
2025-11-01,15:30,Bundesliga,1. FSV Mainz 05,SV Werder Bremen,1,False
2025-11-01,15:30,Bundesliga,RB Leipzig,VfB Stuttgart,1,False
2025-11-01,15:30,Bundesliga,1. FC Union Berlin,SC Freiburg,1,False
2025-11-01,15:30,Bundesliga,FC St. Pauli 1910,Borussia Mönchengladbach,1,False
2025-11-01,15:30,Bundesliga,1. FC Heidenheim 1846,Eintracht Frankfurt,1,False
2025-11-01,16:00,Premier League,Brighton & Hove Albion FC,Leeds United FC,1,False
2025-11-01,16:00,Premier League,Crystal Palace FC,Brentford FC,1,False
2025-11-01,16:00,Premier League,Burnley FC,Arsenal FC,1,False
2025-11-01,16:00,Premier League,Fulham FC,Wolverhampton Wanderers FC,1,False
2025-11-01,16:00,Premier League,Nottingham Forest FC,Manchester United FC,1,False
2025-11-01,16:15,La Liga,Club Atlético de Madrid,Sevilla FC,1,False
2025-11-01,18:30,Premier League,Tottenham Hotspur FC,Chelsea FC,2,False
2025-11-01,18:30,Bundesliga,FC Bayern München,Bayer 04 Leverkusen,1,False
2025-11-01,18:30,La Liga,Real Sociedad de Fútbol,Athletic Club,1,False
2025-11-01,21:00,Premier League,Liverpool FC,Aston Villa FC,1,False
2025-11-01,21:00,La Liga,Real Madrid CF,Valencia CF,1,False
2025-11-02,14:00,La Liga,Levante UD,RC Celta de Vigo,1,False
2025-11-02,15:00,Premier League,West Ham United FC,Newcastle United FC,1,False
2025-11-02,15:30,Bundesliga,1. FC Köln,Hamburger SV,1,False
2025-11-02,16:15,La Liga,Deportivo Alavés,RCD Espanyol de Barcelona,1,False
2025-11-02,17:30,Premier League,Manchester City FC,AFC Bournemouth,1,False
2025-11-02,17:30,Bundesliga,VfL Wolfsburg,TSG 1899 Hoffenheim,1,False
2025-11-02,18:30,La Liga,FC Barcelona,Elche CF,1,False
2025-11-02,21:00,La Liga,Real Betis Balompié,RCD Mallorca,1,False
2025-11-03,21:00,Premier League,Sunderland AFC,Everton FC,1,False
2025-11-03,21:00,La Liga,Real Oviedo,CA Osasuna,1,False
2025-11-04,18:45,Champions League,SK Slavia Praha,Arsenal FC,2,False
2025-11-04,18:45,Champions League,SSC Napoli,Eintracht Frankfurt,2,False
2025-11-04,21:00,Champions League,Juventus FC,Sporting Clube de Portugal,2,False
2025-11-04,21:00,Champions League,Club Atlético de Madrid,Royale Union Saint-Gilloise,2,False
2025-11-04,21:00,Champions League,Tottenham Hotspur FC,FC København,2,False
2025-11-04,21:00,Champions League,FK Bodø/Glimt,AS Monaco FC,2,False
2025-11-04,21:00,Champions League,PAE Olympiakos SFP,PSV,2,False
2025-11-04,21:00,Champions League,Paris Saint-Germain FC,FC Bayern München,2,False
2025-11-04,21:00,Champions League,Liverpool FC,Real Madrid CF,2,False
2025-11-05,18:45,Champions League,Paphos FC,Villarreal CF,2,False
2025-11-05,18:45,Champions League,Qarabağ Ağdam FK,Chelsea FC,2,False
2025-11-05,21:00,Champions League,FC Internazionale Milano,FK Kairat,2,False
2025-11-05,21:00,Champions League,Manchester City FC,Borussia Dortmund,2,False
2025-11-05,21:00,Champions League,Club Brugge KV,FC Barcelona,2,False
2025-11-05,21:00,Champions League,Sport Lisboa e Benfica,Bayer 04 Leverkusen,2,False
2025-11-05,21:00,Champions League,Olympique de Marseille,Atalanta BC,2,False
2025-11-05,21:00,Champions League,AFC Ajax,Galatasaray SK,2,False
2025-11-05,21:00,Champions League,Newcastle United FC,Athletic Club,2,False
2025-11-07,20:30,Bundesliga,SV Werder Bremen,VfL Wolfsburg,1,False
2025-11-07,21:00,La Liga,Elche CF,Real Sociedad de Fútbol,1,False
2025-11-08,13:30,Premier League,Tottenham Hotspur FC,Manchester United FC,2,False
2025-11-08,14:00,La Liga,Girona FC,Deportivo Alavés,1,False
2025-11-08,15:30,Bundesliga,Bayer 04 Leverkusen,1. FC Heidenheim 1846,1,False
2025-11-08,15:30,Bundesliga,1. FC Union Berlin,FC Bayern München,1,False
2025-11-08,15:30,Bundesliga,TSG 1899 Hoffenheim,RB Leipzig,1,False
2025-11-08,15:30,Bundesliga,Hamburger SV,Borussia Dortmund,1,False
2025-11-08,16:00,Premier League,Everton FC,Fulham FC,1,False
2025-11-08,16:00,Premier League,West Ham United FC,Burnley FC,1,False
2025-11-08,16:15,La Liga,Sevilla FC,CA Osasuna,1,False
2025-11-08,18:30,Premier League,Sunderland AFC,Arsenal FC,1,False
2025-11-08,18:30,Bundesliga,Borussia Mönchengladbach,1. FC Köln,1,False
2025-11-08,18:30,La Liga,Club Atlético de Madrid,Levante UD,1,False
2025-11-08,21:00,Premier League,Chelsea FC,Wolverhampton Wanderers FC,1,False
2025-11-08,21:00,La Liga,RCD Espanyol de Barcelona,Villarreal CF,1,False
2025-11-09,14:00,La Liga,Athletic Club,Real Oviedo,1,False
2025-11-09,15:00,Premier League,Aston Villa FC,AFC Bournemouth,1,False
2025-11-09,15:00,Premier League,Crystal Palace FC,Brighton & Hove Albion FC,1,False
2025-11-09,15:00,Premier League,Brentford FC,Newcastle United FC,1,False
2025-11-09,15:00,Premier League,Nottingham Forest FC,Leeds United FC,1,False
2025-11-09,15:30,Bundesliga,SC Freiburg,FC St. Pauli 1910,1,False
2025-11-09,16:15,La Liga,Rayo Vallecano de Madrid,Real Madrid CF,1,False
2025-11-09,17:30,Premier League,Manchester City FC,Liverpool FC,2,False
2025-11-09,17:30,Bundesliga,VfB Stuttgart,FC Augsburg,1,False
2025-11-09,18:30,La Liga,Valencia CF,Real Betis Balompié,1,False
2025-11-09,18:30,La Liga,RCD Mallorca,Getafe CF,1,False
2025-11-09,19:30,Bundesliga,Eintracht Frankfurt,1. FSV Mainz 05,1,False
2025-11-09,21:00,La Liga,RC Celta de Vigo,FC Barcelona,1,False
2025-11-21,20:30,Bundesliga,1. FSV Mainz 05,TSG 1899 Hoffenheim,1,False
2025-11-21,21:00,La Liga,Valencia CF,Levante UD,1,False
2025-11-22,13:30,Premier League,Burnley FC,Chelsea FC,1,False
2025-11-22,14:00,La Liga,Deportivo Alavés,RC Celta de Vigo,1,False
2025-11-22,15:30,Bundesliga,FC Bayern München,SC Freiburg,1,False
2025-11-22,15:30,Bundesliga,Borussia Dortmund,VfB Stuttgart,1,False
2025-11-22,15:30,Bundesliga,VfL Wolfsburg,Bayer 04 Leverkusen,1,False
2025-11-22,15:30,Bundesliga,FC Augsburg,Hamburger SV,1,False
2025-11-22,15:30,Bundesliga,1. FC Heidenheim 1846,Borussia Mönchengladbach,1,False
2025-11-22,16:00,Premier League,AFC Bournemouth,West Ham United FC,1,False
2025-11-22,16:00,Premier League,Brighton & Hove Albion FC,Brentford FC,1,False
2025-11-22,16:00,Premier League,Fulham FC,Sunderland AFC,1,False
2025-11-22,16:00,Premier League,Liverpool FC,Nottingham Forest FC,1,False
2025-11-22,16:00,Premier League,Wolverhampton Wanderers FC,Crystal Palace FC,1,False
2025-11-22,16:15,La Liga,FC Barcelona,Athletic Club,1,False
2025-11-22,18:30,Premier League,Newcastle United FC,Manchester City FC,1,False
2025-11-22,18:30,Bundesliga,1. FC Köln,Eintracht Frankfurt,1,False
2025-11-22,18:30,La Liga,CA Osasuna,Real Sociedad de Fútbol,1,False
2025-11-22,21:00,La Liga,Villarreal CF,RCD Mallorca,1,False
2025-11-23,14:00,La Liga,Real Oviedo,Rayo Vallecano de Madrid,1,False
2025-11-23,15:00,Premier League,Leeds United FC,Aston Villa FC,1,False
2025-11-23,15:30,Bundesliga,RB Leipzig,SV Werder Bremen,1,False
2025-11-23,16:15,La Liga,Real Betis Balompié,Girona FC,1,False
2025-11-23,17:30,Premier League,Arsenal FC,Tottenham Hotspur FC,2,False
2025-11-23,17:30,Bundesliga,FC St. Pauli 1910,1. FC Union Berlin,1,False
2025-11-23,18:30,La Liga,Getafe CF,Club Atlético de Madrid,1,False
2025-11-23,21:00,La Liga,Elche CF,Real Madrid CF,1,False
2025-11-24,21:00,Premier League,Manchester United FC,Everton FC,1,False
2025-11-24,21:00,La Liga,RCD Espanyol de Barcelona,Sevilla FC,1,False
2025-11-25,18:45,Champions League,AFC Ajax,Sport Lisboa e Benfica,2,False
2025-11-25,18:45,Champions League,Galatasaray SK,Royale Union Saint-Gilloise,2,False
2025-11-25,21:00,Champions League,Borussia Dortmund,Villarreal CF,2,False
2025-11-25,21:00,Champions League,Manchester City FC,Bayer 04 Leverkusen,2,False
2025-11-25,21:00,Champions League,FK Bodø/Glimt,Juventus FC,2,False
2025-11-25,21:00,Champions League,Olympique de Marseille,Newcastle United FC,2,False
2025-11-25,21:00,Champions League,SK Slavia Praha,Athletic Club,2,False
2025-11-25,21:00,Champions League,SSC Napoli,Qarabağ Ağdam FK,2,False
2025-11-25,21:00,Champions League,Chelsea FC,FC Barcelona,2,False
2025-11-26,18:45,Champions League,Paphos FC,AS Monaco FC,2,False
2025-11-26,18:45,Champions League,FC København,FK Kairat,2,False
2025-11-26,21:00,Champions League,Liverpool FC,PSV,2,False
2025-11-26,21:00,Champions League,Paris Saint-Germain FC,Tottenham Hotspur FC,2,False
2025-11-26,21:00,Champions League,Eintracht Frankfurt,Atalanta BC,2,False
2025-11-26,21:00,Champions League,Sporting Clube de Portugal,Club Brugge KV,2,False
2025-11-26,21:00,Champions League,Arsenal FC,FC Bayern München,2,False
2025-11-26,21:00,Champions League,PAE Olympiakos SFP,Real Madrid CF,2,False
2025-11-26,21:00,Champions League,Club Atlético de Madrid,FC Internazionale Milano,2,False
2025-11-28,20:30,Bundesliga,Borussia Mönchengladbach,RB Leipzig,1,False
2025-11-28,21:00,La Liga,Getafe CF,Elche CF,1,False
2025-11-29,14:00,La Liga,RCD Mallorca,CA Osasuna,1,False
2025-11-29,15:30,Bundesliga,FC Bayern München,FC St. Pauli 1910,1,False
2025-11-29,15:30,Bundesliga,SV Werder Bremen,1. FC Köln,1,False
2025-11-29,15:30,Bundesliga,1. FC Union Berlin,1. FC Heidenheim 1846,1,False
2025-11-29,15:30,Bundesliga,TSG 1899 Hoffenheim,FC Augsburg,1,False
2025-11-29,16:00,Premier League,Sunderland AFC,AFC Bournemouth,1,False
2025-11-29,16:00,Premier League,Brentford FC,Burnley FC,1,False
2025-11-29,16:00,Premier League,Manchester City FC,Leeds United FC,1,False
2025-11-29,16:15,La Liga,FC Barcelona,Deportivo Alavés,1,False
2025-11-29,18:30,Premier League,Everton FC,Newcastle United FC,1,False
2025-11-29,18:30,Bundesliga,Bayer 04 Leverkusen,Borussia Dortmund,1,False
2025-11-29,18:30,La Liga,Levante UD,Athletic Club,1,False
2025-11-29,21:00,Premier League,Tottenham Hotspur FC,Fulham FC,1,False
2025-11-29,21:00,La Liga,Club Atlético de Madrid,Real Oviedo,1,False
2025-11-30,13:00,Premier League,Crystal Palace FC,Manchester United FC,1,False
2025-11-30,14:00,La Liga,Real Sociedad de Fútbol,Villarreal CF,1,False
2025-11-30,15:05,Premier League,Aston Villa FC,Wolverhampton Wanderers FC,1,False
2025-11-30,15:05,Premier League,Nottingham Forest FC,Brighton & Hove Albion FC,1,False
2025-11-30,15:05,Premier League,West Ham United FC,Liverpool FC,1,False
2025-11-30,15:30,Bundesliga,Hamburger SV,VfB Stuttgart,1,False
2025-11-30,16:15,La Liga,Sevilla FC,Real Betis Balompié,1,False
2025-11-30,17:30,Premier League,Chelsea FC,Arsenal FC,2,False
2025-11-30,17:30,Bundesliga,Eintracht Frankfurt,VfL Wolfsburg,1,False
2025-11-30,18:30,La Liga,RC Celta de Vigo,RCD Espanyol de Barcelona,1,False
2025-11-30,19:30,Bundesliga,SC Freiburg,1. FSV Mainz 05,1,False
2025-11-30,21:00,La Liga,Girona FC,Real Madrid CF,1,False
2025-12-01,21:00,La Liga,Rayo Vallecano de Madrid,Valencia CF,1,False
2025-12-02,20:30,Premier League,AFC Bournemouth,Everton FC,1,False
2025-12-02,20:30,Premier League,Fulham FC,Manchester City FC,1,False
2025-12-02,21:00,La Liga,FC Barcelona,Club Atlético de Madrid,1,False
2025-12-02,21:15,Premier League,Newcastle United FC,Tottenham Hotspur FC,1,False
2025-12-03,19:00,La Liga,Athletic Club,Real Madrid CF,1,False
2025-12-03,20:30,Premier League,Brighton & Hove Albion FC,Aston Villa FC,1,False
2025-12-03,20:30,Premier League,Arsenal FC,Brentford FC,1,False
2025-12-03,20:30,Premier League,Burnley FC,Crystal Palace FC,1,False
2025-12-03,20:30,Premier League,Wolverhampton Wanderers FC,Nottingham Forest FC,1,False
2025-12-03,21:15,Premier League,Liverpool FC,Sunderland AFC,1,False
2025-12-03,21:15,Premier League,Leeds United FC,Chelsea FC,1,False
2025-12-04,21:00,Premier League,Manchester United FC,West Ham United FC,1,False
2025-12-05,20:30,Bundesliga,1. FSV Mainz 05,Borussia Mönchengladbach,1,False
2025-12-05,21:00,La Liga,Real Oviedo,RCD Mallorca,1,False
2025-12-06,13:30,Premier League,Aston Villa FC,Arsenal FC,1,False
2025-12-06,14:00,La Liga,Villarreal CF,Getafe CF,1,False
2025-12-06,15:30,Bundesliga,VfB Stuttgart,FC Bayern München,1,False
2025-12-06,15:30,Bundesliga,VfL Wolfsburg,1. FC Union Berlin,1,False
2025-12-06,15:30,Bundesliga,1. FC Heidenheim 1846,SC Freiburg,1,False
2025-12-06,15:30,Bundesliga,1. FC Köln,FC St. Pauli 1910,1,False
2025-12-06,15:30,Bundesliga,FC Augsburg,Bayer 04 Leverkusen,1,False
2025-12-06,16:00,Premier League,AFC Bournemouth,Chelsea FC,1,False
2025-12-06,16:00,Premier League,Everton FC,Nottingham Forest FC,1,False
2025-12-06,16:00,Premier League,Manchester City FC,Sunderland AFC,1,False
2025-12-06,16:00,Premier League,Newcastle United FC,Burnley FC,1,False
2025-12-06,16:00,Premier League,Tottenham Hotspur FC,Brentford FC,1,False
2025-12-06,16:15,La Liga,Deportivo Alavés,Real Sociedad de Fútbol,1,False
2025-12-06,18:30,Premier League,Leeds United FC,Liverpool FC,1,False
2025-12-06,18:30,Bundesliga,RB Leipzig,Eintracht Frankfurt,1,False
2025-12-06,18:30,La Liga,Real Betis Balompié,FC Barcelona,1,False
2025-12-06,21:00,La Liga,Athletic Club,Club Atlético de Madrid,1,False
2025-12-07,14:00,La Liga,Elche CF,Girona FC,1,False
2025-12-07,15:00,Premier League,Brighton & Hove Albion FC,West Ham United FC,1,False
2025-12-07,15:30,Bundesliga,Hamburger SV,SV Werder Bremen,1,False
2025-12-07,16:15,La Liga,Valencia CF,Sevilla FC,1,False
2025-12-07,17:30,Premier League,Fulham FC,Crystal Palace FC,1,False
2025-12-07,17:30,Bundesliga,Borussia Dortmund,TSG 1899 Hoffenheim,1,False
2025-12-07,18:30,La Liga,RCD Espanyol de Barcelona,Rayo Vallecano de Madrid,1,False
2025-12-07,21:00,La Liga,Real Madrid CF,RC Celta de Vigo,1,False
2025-12-08,21:00,Premier League,Wolverhampton Wanderers FC,Manchester United FC,1,False
2025-12-08,21:00,La Liga,CA Osasuna,Levante UD,1,False
2025-12-09,16:30,Champions League,FK Kairat,PAE Olympiakos SFP,2,False
2025-12-09,18:45,Champions League,FC Bayern München,Sporting Clube de Portugal,2,False
2025-12-09,21:00,Champions League,FC Barcelona,Eintracht Frankfurt,2,False
2025-12-09,21:00,Champions League,PSV,Club Atlético de Madrid,2,False
2025-12-09,21:00,Champions League,Royale Union Saint-Gilloise,Olympique de Marseille,2,False
2025-12-09,21:00,Champions League,Tottenham Hotspur FC,SK Slavia Praha,2,False
2025-12-09,21:00,Champions League,AS Monaco FC,Galatasaray SK,2,False
2025-12-09,21:00,Champions League,Atalanta BC,Chelsea FC,2,False
2025-12-09,21:00,Champions League,FC Internazionale Milano,Liverpool FC,2,False
2025-12-10,18:45,Champions League,Villarreal CF,FC København,2,False
2025-12-10,18:45,Champions League,Qarabağ Ağdam FK,AFC Ajax,2,False
2025-12-10,21:00,Champions League,Borussia Dortmund,FK Bodø/Glimt,2,False
2025-12-10,21:00,Champions League,Athletic Club,Paris Saint-Germain FC,2,False
2025-12-10,21:00,Champions League,Bayer 04 Leverkusen,Newcastle United FC,2,False
2025-12-10,21:00,Champions League,Club Brugge KV,Arsenal FC,2,False
2025-12-10,21:00,Champions League,Sport Lisboa e Benfica,SSC Napoli,2,False
2025-12-10,21:00,Champions League,Juventus FC,Paphos FC,2,False
2025-12-10,21:00,Champions League,Real Madrid CF,Manchester City FC,2,False
2025-12-12,20:30,Bundesliga,1. FC Union Berlin,RB Leipzig,1,False
2025-12-12,21:00,La Liga,Real Sociedad de Fútbol,Girona FC,1,False
2025-12-13,14:00,La Liga,Club Atlético de Madrid,Valencia CF,1,False
2025-12-13,15:30,Bundesliga,Eintracht Frankfurt,FC Augsburg,1,False
2025-12-13,15:30,Bundesliga,Borussia Mönchengladbach,VfL Wolfsburg,1,False
2025-12-13,15:30,Bundesliga,FC St. Pauli 1910,1. FC Heidenheim 1846,1,False
2025-12-13,15:30,Bundesliga,TSG 1899 Hoffenheim,Hamburger SV,1,False
2025-12-13,16:00,Premier League,Chelsea FC,Everton FC,1,False
2025-12-13,16:00,Premier League,Liverpool FC,Brighton & Hove Albion FC,1,False
2025-12-13,16:15,La Liga,RCD Mallorca,Elche CF,1,False
2025-12-13,18:30,Premier League,Burnley FC,Fulham FC,1,False
2025-12-13,18:30,Bundesliga,Bayer 04 Leverkusen,1. FC Köln,1,False
2025-12-13,18:30,La Liga,FC Barcelona,CA Osasuna,1,False
2025-12-13,21:00,Premier League,Arsenal FC,Wolverhampton Wanderers FC,1,False
2025-12-13,21:00,La Liga,Getafe CF,RCD Espanyol de Barcelona,1,False
2025-12-14,14:00,La Liga,Sevilla FC,Real Oviedo,1,False
2025-12-14,15:00,Premier League,Sunderland AFC,Newcastle United FC,1,False
2025-12-14,15:00,Premier League,Crystal Palace FC,Manchester City FC,1,False
2025-12-14,15:00,Premier League,Nottingham Forest FC,Tottenham Hotspur FC,1,False
2025-12-14,15:00,Premier League,West Ham United FC,Aston Villa FC,1,False
2025-12-14,15:30,Bundesliga,SC Freiburg,Borussia Dortmund,1,False
2025-12-14,16:15,La Liga,RC Celta de Vigo,Athletic Club,1,False
2025-12-14,17:30,Premier League,Brentford FC,Leeds United FC,1,False
2025-12-14,17:30,Bundesliga,FC Bayern München,1. FSV Mainz 05,1,False
2025-12-14,19:30,Bundesliga,SV Werder Bremen,VfB Stuttgart,1,False
2025-12-14,21:00,La Liga,Deportivo Alavés,Real Madrid CF,1,False
2025-12-15,21:00,Premier League,Manchester United FC,AFC Bournemouth,1,False
2025-12-15,21:00,La Liga,Rayo Vallecano de Madrid,Real Betis Balompié,1,False
2025-12-19,20:30,Bundesliga,Borussia Dortmund,Borussia Mönchengladbach,1,False
2025-12-19,21:00,La Liga,Valencia CF,RCD Mallorca,1,False
2025-12-20,13:30,Premier League,Newcastle United FC,Chelsea FC,1,False
2025-12-20,14:00,La Liga,Real Oviedo,RC Celta de Vigo,1,False
2025-12-20,15:30,Bundesliga,VfB Stuttgart,TSG 1899 Hoffenheim,1,False
2025-12-20,15:30,Bundesliga,VfL Wolfsburg,SC Freiburg,1,False
2025-12-20,15:30,Bundesliga,FC Augsburg,SV Werder Bremen,1,False
2025-12-20,15:30,Bundesliga,1. FC Köln,1. FC Union Berlin,1,False
2025-12-20,15:30,Bundesliga,Hamburger SV,Eintracht Frankfurt,1,False
2025-12-20,16:00,Premier League,AFC Bournemouth,Burnley FC,1,False
2025-12-20,16:00,Premier League,Brighton & Hove Albion FC,Sunderland AFC,1,False
2025-12-20,16:00,Premier League,Manchester City FC,West Ham United FC,1,False
2025-12-20,16:00,Premier League,Wolverhampton Wanderers FC,Brentford FC,1,False
2025-12-20,16:15,La Liga,Levante UD,Real Sociedad de Fútbol,1,False
2025-12-20,18:30,Premier League,Tottenham Hotspur FC,Liverpool FC,2,False
2025-12-20,18:30,Bundesliga,RB Leipzig,Bayer 04 Leverkusen,1,False
2025-12-20,18:30,La Liga,CA Osasuna,Deportivo Alavés,1,False
2025-12-20,21:00,Premier League,Everton FC,Arsenal FC,1,False
2025-12-20,21:00,Premier League,Leeds United FC,Crystal Palace FC,1,False
2025-12-20,21:00,La Liga,Real Madrid CF,Sevilla FC,1,False
2025-12-21,14:00,La Liga,Girona FC,Club Atlético de Madrid,1,False
2025-12-21,15:30,Bundesliga,1. FSV Mainz 05,FC St. Pauli 1910,1,False
2025-12-21,16:15,La Liga,Villarreal CF,FC Barcelona,1,False
2025-12-21,17:30,Premier League,Aston Villa FC,Manchester United FC,1,False
2025-12-21,17:30,Bundesliga,1. FC Heidenheim 1846,FC Bayern München,1,False
2025-12-21,18:30,La Liga,Elche CF,Rayo Vallecano de Madrid,1,False
2025-12-21,21:00,La Liga,Real Betis Balompié,Getafe CF,1,False
2025-12-22,21:00,Premier League,Fulham FC,Nottingham Forest FC,1,False
2025-12-22,21:00,La Liga,Athletic Club,RCD Espanyol de Barcelona,1,False
2025-12-26,21:00,Premier League,Manchester United FC,Newcastle United FC,1,False
2025-12-27,13:30,Premier League,Nottingham Forest FC,Manchester City FC,1,False
2025-12-27,16:00,Premier League,Arsenal FC,Brighton & Hove Albion FC,1,False
2025-12-27,16:00,Premier League,Brentford FC,AFC Bournemouth,1,False
2025-12-27,16:00,Premier League,Burnley FC,Everton FC,1,False
2025-12-27,16:00,Premier League,Liverpool FC,Wolverhampton Wanderers FC,1,False
2025-12-27,16:00,Premier League,West Ham United FC,Fulham FC,1,False
2025-12-27,18:30,Premier League,Chelsea FC,Aston Villa FC,1,False
2025-12-28,15:00,Premier League,Sunderland AFC,Leeds United FC,1,False
2025-12-28,17:30,Premier League,Crystal Palace FC,Tottenham Hotspur FC,1,False
2025-12-30,20:30,Premier League,Burnley FC,Newcastle United FC,1,False
2025-12-30,20:30,Premier League,Chelsea FC,AFC Bournemouth,1,False
2025-12-30,20:30,Premier League,Nottingham Forest FC,Everton FC,1,False
2025-12-30,20:30,Premier League,West Ham United FC,Brighton & Hove Albion FC,1,False
2025-12-30,21:15,Premier League,Arsenal FC,Aston Villa FC,1,False
2025-12-30,21:15,Premier League,Manchester United FC,Wolverhampton Wanderers FC,1,False
2026-01-01,18:30,Premier League,Crystal Palace FC,Fulham FC,1,False
2026-01-01,18:30,Premier League,Liverpool FC,Leeds United FC,1,False
2026-01-01,21:00,Premier League,Sunderland AFC,Manchester City FC,1,False
2026-01-01,21:00,Premier League,Brentford FC,Tottenham Hotspur FC,1,False
2026-01-02,21:00,La Liga,Rayo Vallecano de Madrid,Getafe CF,1,False
2026-01-03,13:30,Premier League,Aston Villa FC,Nottingham Forest FC,1,False
2026-01-03,14:00,La Liga,RC Celta de Vigo,Valencia CF,1,False
2026-01-03,16:00,Premier League,Brighton & Hove Albion FC,Burnley FC,1,False
2026-01-03,16:00,Premier League,Wolverhampton Wanderers FC,West Ham United FC,1,False
2026-01-03,16:15,La Liga,CA Osasuna,Athletic Club,1,False
2026-01-03,18:30,Premier League,AFC Bournemouth,Arsenal FC,1,False
2026-01-03,18:30,La Liga,Elche CF,Villarreal CF,1,False
2026-01-03,21:00,La Liga,RCD Espanyol de Barcelona,FC Barcelona,1,False
2026-01-04,13:30,Premier League,Leeds United FC,Manchester United FC,1,False
2026-01-04,14:00,La Liga,Sevilla FC,Levante UD,1,False
2026-01-04,16:00,Premier League,Everton FC,Brentford FC,1,False
2026-01-04,16:00,Premier League,Newcastle United FC,Crystal Palace FC,1,False
2026-01-04,16:00,Premier League,Tottenham Hotspur FC,Sunderland AFC,1,False
2026-01-04,16:15,Premier League,Fulham FC,Liverpool FC,1,False
2026-01-04,16:15,La Liga,Real Madrid CF,Real Betis Balompié,1,False
2026-01-04,18:30,Premier League,Manchester City FC,Chelsea FC,2,False
2026-01-04,18:30,La Liga,Deportivo Alavés,Real Oviedo,1,False
2026-01-04,18:30,La Liga,RCD Mallorca,Girona FC,1,False
2026-01-04,21:00,La Liga,Real Sociedad de Fútbol,Club Atlético de Madrid,1,False
2026-01-06,21:00,Premier League,West Ham United FC,Nottingham Forest FC,1,False
2026-01-07,20:30,Premier League,AFC Bournemouth,Tottenham Hotspur FC,1,False
2026-01-07,20:30,Premier League,Crystal Palace FC,Aston Villa FC,1,False
2026-01-07,20:30,Premier League,Brentford FC,Sunderland AFC,1,False
2026-01-07,20:30,Premier League,Everton FC,Wolverhampton Wanderers FC,1,False
2026-01-07,20:30,Premier League,Fulham FC,Chelsea FC,1,False
2026-01-07,20:30,Premier League,Manchester City FC,Brighton & Hove Albion FC,1,False
2026-01-07,21:15,Premier League,Burnley FC,Manchester United FC,1,False
2026-01-07,21:15,Premier League,Newcastle United FC,Leeds United FC,1,False
2026-01-08,21:00,Premier League,Arsenal FC,Liverpool FC,2,False
2026-01-09,20:30,Bundesliga,Eintracht Frankfurt,Borussia Dortmund,1,False
2026-01-09,21:00,La Liga,Getafe CF,Real Sociedad de Fútbol,1,False
2026-01-10,14:00,La Liga,Real Oviedo,Real Betis Balompié,1,False
2026-01-10,15:30,Bundesliga,SC Freiburg,Hamburger SV,1,False
2026-01-10,15:30,Bundesliga,1. FC Union Berlin,1. FSV Mainz 05,1,False
2026-01-10,15:30,Bundesliga,1. FC Heidenheim 1846,1. FC Köln,1,False
2026-01-10,16:15,La Liga,Villarreal CF,Deportivo Alavés,1,False
2026-01-10,18:30,Bundesliga,Bayer 04 Leverkusen,VfB Stuttgart,1,False
2026-01-10,18:30,La Liga,Girona FC,CA Osasuna,1,False
2026-01-10,21:00,La Liga,Valencia CF,Elche CF,1,False
2026-01-11,14:00,La Liga,Rayo Vallecano de Madrid,RCD Mallorca,1,False
2026-01-11,15:30,Bundesliga,Borussia Mönchengladbach,FC Augsburg,1,False
2026-01-11,16:15,La Liga,Levante UD,RCD Espanyol de Barcelona,1,False
2026-01-11,17:30,Bundesliga,FC Bayern München,VfL Wolfsburg,1,False
2026-01-12,21:00,La Liga,Sevilla FC,RC Celta de Vigo,1,False
2026-01-13,18:30,Bundesliga,VfB Stuttgart,Eintracht Frankfurt,1,False
2026-01-13,20:30,Bundesliga,Borussia Dortmund,SV Werder Bremen,1,False
2026-01-13,20:30,Bundesliga,1. FSV Mainz 05,1. FC Heidenheim 1846,1,False
2026-01-14,18:30,Bundesliga,VfL Wolfsburg,FC St. Pauli 1910,1,False
2026-01-14,20:30,Bundesliga,RB Leipzig,SC Freiburg,1,False
2026-01-14,20:30,Bundesliga,TSG 1899 Hoffenheim,Borussia Mönchengladbach,1,False
2026-01-14,20:30,Bundesliga,1. FC Köln,FC Bayern München,1,False
2026-01-15,20:30,Bundesliga,FC Augsburg,1. FC Union Berlin,1,False
2026-01-16,20:30,Bundesliga,SV Werder Bremen,Eintracht Frankfurt,1,False
2026-01-16,21:00,La Liga,RCD Espanyol de Barcelona,Girona FC,1,False
2026-01-17,13:30,Premier League,Manchester United FC,Manchester City FC,2,False
2026-01-17,14:00,La Liga,Real Madrid CF,Levante UD,1,False
2026-01-17,15:30,Bundesliga,TSG 1899 Hoffenheim,Bayer 04 Leverkusen,1,False
2026-01-17,15:30,Bundesliga,1. FC Köln,1. FSV Mainz 05,1,False
2026-01-17,15:30,Bundesliga,Hamburger SV,Borussia Mönchengladbach,1,False
2026-01-17,15:30,Bundesliga,Borussia Dortmund,FC St. Pauli 1910,1,False
2026-01-17,15:30,Bundesliga,VfL Wolfsburg,1. FC Heidenheim 1846,1,False
2026-01-17,16:00,Premier League,Sunderland AFC,Crystal Palace FC,1,False
2026-01-17,16:00,Premier League,Chelsea FC,Brentford FC,1,False
2026-01-17,16:00,Premier League,Liverpool FC,Burnley FC,1,False
2026-01-17,16:00,Premier League,Leeds United FC,Fulham FC,1,False
2026-01-17,16:00,Premier League,Tottenham Hotspur FC,West Ham United FC,1,False
2026-01-17,16:15,La Liga,RCD Mallorca,Athletic Club,1,False
2026-01-17,18:30,Premier League,Nottingham Forest FC,Arsenal FC,1,False
2026-01-17,18:30,Bundesliga,RB Leipzig,FC Bayern München,1,False
2026-01-17,18:30,La Liga,CA Osasuna,Real Oviedo,1,False
2026-01-17,21:00,La Liga,Real Betis Balompié,Villarreal CF,1,False
2026-01-18,14:00,La Liga,Getafe CF,Valencia CF,1,False
2026-01-18,15:00,Premier League,Wolverhampton Wanderers FC,Newcastle United FC,1,False
2026-01-18,15:30,Bundesliga,VfB Stuttgart,1. FC Union Berlin,1,False
2026-01-18,16:15,La Liga,Club Atlético de Madrid,Deportivo Alavés,1,False
2026-01-18,17:30,Premier League,Aston Villa FC,Everton FC,1,False
2026-01-18,17:30,Bundesliga,FC Augsburg,SC Freiburg,1,False
2026-01-18,18:30,La Liga,RC Celta de Vigo,Rayo Vallecano de Madrid,1,False
2026-01-18,21:00,La Liga,Real Sociedad de Fútbol,FC Barcelona,1,False
2026-01-19,21:00,Premier League,Brighton & Hove Albion FC,AFC Bournemouth,1,False
2026-01-19,21:00,La Liga,Elche CF,Sevilla FC,1,False
2026-01-20,16:30,Champions League,FK Kairat,Club Brugge KV,2,False
2026-01-20,18:45,Champions League,FK Bodø/Glimt,Manchester City FC,2,False
2026-01-20,21:00,Champions League,Tottenham Hotspur FC,Borussia Dortmund,2,False
2026-01-20,21:00,Champions League,Sporting Clube de Portugal,Paris Saint-Germain FC,2,False
2026-01-20,21:00,Champions League,PAE Olympiakos SFP,Bayer 04 Leverkusen,2,False
2026-01-20,21:00,Champions League,Villarreal CF,AFC Ajax,2,False
2026-01-20,21:00,Champions League,FC København,SSC Napoli,2,False
2026-01-20,21:00,Champions League,Real Madrid CF,AS Monaco FC,2,False
2026-01-20,21:00,Champions League,FC Internazionale Milano,Arsenal FC,2,False
2026-01-21,18:45,Champions League,Qarabağ Ağdam FK,Eintracht Frankfurt,2,False
2026-01-21,18:45,Champions League,Galatasaray SK,Club Atlético de Madrid,2,False
2026-01-21,21:00,Champions League,Olympique de Marseille,Liverpool FC,2,False
2026-01-21,21:00,Champions League,SK Slavia Praha,FC Barcelona,2,False
2026-01-21,21:00,Champions League,Atalanta BC,Athletic Club,2,False
2026-01-21,21:00,Champions League,Juventus FC,Sport Lisboa e Benfica,2,False
2026-01-21,21:00,Champions League,Newcastle United FC,PSV,2,False
2026-01-21,21:00,Champions League,FC Bayern München,Royale Union Saint-Gilloise,2,False
2026-01-21,21:00,Champions League,Chelsea FC,Paphos FC,2,False
2026-01-23,20:30,Bundesliga,FC St. Pauli 1910,Hamburger SV,1,False
2026-01-23,21:00,La Liga,Levante UD,Elche CF,1,False
2026-01-24,13:30,Premier League,West Ham United FC,Sunderland AFC,1,False
2026-01-24,14:00,La Liga,Rayo Vallecano de Madrid,CA Osasuna,1,False
2026-01-24,15:30,Bundesliga,1. FC Heidenheim 1846,RB Leipzig,1,False
2026-01-24,15:30,Bundesliga,Bayer 04 Leverkusen,SV Werder Bremen,1,False
2026-01-24,15:30,Bundesliga,1. FSV Mainz 05,VfL Wolfsburg,1,False
2026-01-24,15:30,Bundesliga,FC Bayern München,FC Augsburg,1,False
2026-01-24,15:30,Bundesliga,Eintracht Frankfurt,TSG 1899 Hoffenheim,1,False
2026-01-24,16:00,Premier League,Burnley FC,Tottenham Hotspur FC,1,False
2026-01-24,16:00,Premier League,Fulham FC,Brighton & Hove Albion FC,1,False
2026-01-24,16:00,Premier League,Manchester City FC,Wolverhampton Wanderers FC,1,False
2026-01-24,16:15,La Liga,Valencia CF,RCD Espanyol de Barcelona,1,False
2026-01-24,18:30,Premier League,AFC Bournemouth,Liverpool FC,1,False
2026-01-24,18:30,Bundesliga,1. FC Union Berlin,Borussia Dortmund,1,False
2026-01-24,18:30,La Liga,Sevilla FC,Athletic Club,1,False
2026-01-24,21:00,La Liga,Villarreal CF,Real Madrid CF,1,False
2026-01-25,14:00,La Liga,Club Atlético de Madrid,RCD Mallorca,1,False
2026-01-25,15:00,Premier League,Crystal Palace FC,Chelsea FC,1,False
2026-01-25,15:00,Premier League,Brentford FC,Nottingham Forest FC,1,False
2026-01-25,15:00,Premier League,Newcastle United FC,Aston Villa FC,1,False
2026-01-25,15:30,Bundesliga,Borussia Mönchengladbach,VfB Stuttgart,1,False
2026-01-25,16:15,La Liga,FC Barcelona,Real Oviedo,1,False
2026-01-25,17:30,Premier League,Arsenal FC,Manchester United FC,2,False
2026-01-25,17:30,Bundesliga,SC Freiburg,1. FC Köln,1,False
2026-01-25,18:30,La Liga,Real Sociedad de Fútbol,RC Celta de Vigo,1,False
2026-01-25,21:00,La Liga,Deportivo Alavés,Real Betis Balompié,1,False
2026-01-26,21:00,Premier League,Everton FC,Leeds United FC,1,False
2026-01-26,21:00,La Liga,Girona FC,Getafe CF,1,False
2026-01-27,20:30,Bundesliga,SV Werder Bremen,TSG 1899 Hoffenheim,1,False
2026-01-27,20:30,Bundesliga,FC St. Pauli 1910,RB Leipzig,1,False
2026-01-28,21:00,Champions League,Liverpool FC,Qarabağ Ağdam FK,2,False
2026-01-28,21:00,Champions League,FC Barcelona,FC København,2,False
2026-01-28,21:00,Champions League,Manchester City FC,Galatasaray SK,2,False
2026-01-28,21:00,Champions League,Bayer 04 Leverkusen,Villarreal CF,2,False
2026-01-28,21:00,Champions League,Arsenal FC,FK Kairat,2,False
2026-01-28,21:00,Champions League,Royale Union Saint-Gilloise,Atalanta BC,2,False
2026-01-28,21:00,Champions League,Club Brugge KV,Olympique de Marseille,2,False
2026-01-28,21:00,Champions League,Eintracht Frankfurt,Tottenham Hotspur FC,2,False
2026-01-28,21:00,Champions League,AS Monaco FC,Juventus FC,2,False
2026-01-28,21:00,Champions League,Club Atlético de Madrid,FK Bodø/Glimt,2,False
2026-01-28,21:00,Champions League,Athletic Club,Sporting Clube de Portugal,2,False
2026-01-28,21:00,Champions League,AFC Ajax,PAE Olympiakos SFP,2,False
2026-01-28,21:00,Champions League,Paris Saint-Germain FC,Newcastle United FC,2,False
2026-01-28,21:00,Champions League,Paphos FC,SK Slavia Praha,2,False
2026-01-28,21:00,Champions League,PSV,FC Bayern München,2,False
2026-01-28,21:00,Champions League,SSC Napoli,Chelsea FC,2,False
2026-01-28,21:00,Champions League,Sport Lisboa e Benfica,Real Madrid CF,2,False
2026-01-28,21:00,Champions League,Borussia Dortmund,FC Internazionale Milano,2,False
2026-01-30,20:30,Bundesliga,1. FC Köln,VfL Wolfsburg,1,False
2026-01-30,21:00,La Liga,RCD Espanyol de Barcelona,Deportivo Alavés,1,False
2026-01-31,14:00,La Liga,Real Oviedo,Girona FC,1,False
2026-01-31,15:30,Bundesliga,Eintracht Frankfurt,Bayer 04 Leverkusen,1,False
2026-01-31,15:30,Bundesliga,RB Leipzig,1. FSV Mainz 05,1,False
2026-01-31,15:30,Bundesliga,SV Werder Bremen,Borussia Mönchengladbach,1,False
2026-01-31,15:30,Bundesliga,TSG 1899 Hoffenheim,1. FC Union Berlin,1,False
2026-01-31,15:30,Bundesliga,FC Augsburg,FC St. Pauli 1910,1,False
2026-01-31,16:00,Premier League,Brighton & Hove Albion FC,Everton FC,1,False
2026-01-31,16:00,Premier League,Leeds United FC,Arsenal FC,1,False
2026-01-31,16:00,Premier League,Wolverhampton Wanderers FC,AFC Bournemouth,1,False
2026-01-31,16:15,La Liga,CA Osasuna,Villarreal CF,1,False
2026-01-31,18:30,Premier League,Chelsea FC,West Ham United FC,1,False
2026-01-31,18:30,Bundesliga,Hamburger SV,FC Bayern München,1,False
2026-01-31,18:30,La Liga,Levante UD,Club Atlético de Madrid,1,False
2026-01-31,21:00,Premier League,Liverpool FC,Newcastle United FC,1,False
2026-01-31,21:00,La Liga,Elche CF,FC Barcelona,1,False
2026-02-01,14:00,La Liga,Real Madrid CF,Rayo Vallecano de Madrid,1,False
2026-02-01,15:00,Premier League,Aston Villa FC,Brentford FC,1,False
2026-02-01,15:00,Premier League,Manchester United FC,Fulham FC,1,False
2026-02-01,15:00,Premier League,Nottingham Forest FC,Crystal Palace FC,1,False
2026-02-01,15:30,Bundesliga,VfB Stuttgart,SC Freiburg,1,False
2026-02-01,16:15,La Liga,Real Betis Balompié,Valencia CF,1,False
2026-02-01,17:30,Premier League,Tottenham Hotspur FC,Manchester City FC,2,False
2026-02-01,17:30,Bundesliga,Borussia Dortmund,1. FC Heidenheim 1846,1,False
2026-02-01,18:30,La Liga,Getafe CF,RC Celta de Vigo,1,False
2026-02-01,21:00,La Liga,Athletic Club,Real Sociedad de Fútbol,1,False
2026-02-02,21:00,Premier League,Sunderland AFC,Burnley FC,1,False
2026-02-02,21:00,La Liga,RCD Mallorca,Sevilla FC,1,False
2026-02-06,20:30,Bundesliga,1. FC Union Berlin,Eintracht Frankfurt,1,False
2026-02-06,21:00,Premier League,Leeds United FC,Nottingham Forest FC,1,False
2026-02-06,21:00,La Liga,RC Celta de Vigo,CA Osasuna,1,False
2026-02-07,13:30,Premier League,Manchester United FC,Tottenham Hotspur FC,2,False
2026-02-07,15:30,Bundesliga,VfL Wolfsburg,Borussia Dortmund,1,False
2026-02-07,15:30,Bundesliga,SC Freiburg,SV Werder Bremen,1,False
2026-02-07,15:30,Bundesliga,FC St. Pauli 1910,VfB Stuttgart,1,False
2026-02-07,15:30,Bundesliga,1. FSV Mainz 05,FC Augsburg,1,False
2026-02-07,15:30,Bundesliga,1. FC Heidenheim 1846,Hamburger SV,1,False
2026-02-07,16:00,Premier League,AFC Bournemouth,Aston Villa FC,1,False
2026-02-07,16:00,Premier League,Arsenal FC,Sunderland AFC,1,False
2026-02-07,16:00,Premier League,Burnley FC,West Ham United FC,1,False
2026-02-07,16:00,Premier League,Fulham FC,Everton FC,1,False
2026-02-07,16:00,Premier League,Wolverhampton Wanderers FC,Chelsea FC,1,False
2026-02-07,16:15,La Liga,FC Barcelona,RCD Mallorca,1,False
2026-02-07,18:30,Premier League,Newcastle United FC,Brentford FC,1,False
2026-02-07,18:30,Bundesliga,Borussia Mönchengladbach,Bayer 04 Leverkusen,1,False
2026-02-07,21:00,La Liga,Real Sociedad de Fútbol,Elche CF,1,False
2026-02-08,14:00,La Liga,Deportivo Alavés,Getafe CF,1,False
2026-02-08,15:00,Premier League,Brighton & Hove Albion FC,Crystal Palace FC,1,False
2026-02-08,15:30,Bundesliga,1. FC Köln,RB Leipzig,1,False
2026-02-08,16:15,La Liga,Athletic Club,Levante UD,1,False
2026-02-08,16:15,La Liga,Sevilla FC,Girona FC,1,False
2026-02-08,17:30,Premier League,Liverpool FC,Manchester City FC,2,False
2026-02-08,17:30,Bundesliga,FC Bayern München,TSG 1899 Hoffenheim,1,False
2026-02-08,18:30,La Liga,Club Atlético de Madrid,Real Betis Balompié,1,False
2026-02-08,21:00,La Liga,Valencia CF,Real Madrid CF,1,False
2026-02-09,21:00,La Liga,Villarreal CF,RCD Espanyol de Barcelona,1,False
2026-02-10,20:30,Premier League,Chelsea FC,Leeds United FC,1,False
2026-02-10,20:30,Premier League,Everton FC,AFC Bournemouth,1,False
2026-02-10,20:30,Premier League,Tottenham Hotspur FC,Newcastle United FC,1,False
2026-02-10,21:15,Premier League,West Ham United FC,Manchester United FC,1,False
2026-02-11,20:30,Premier League,Aston Villa FC,Brighton & Hove Albion FC,1,False
2026-02-11,20:30,Premier League,Manchester City FC,Fulham FC,1,False
2026-02-11,20:30,Premier League,Nottingham Forest FC,Wolverhampton Wanderers FC,1,False
2026-02-11,20:40,Premier League,Crystal Palace FC,Burnley FC,1,False
2026-02-11,21:15,Premier League,Sunderland AFC,Liverpool FC,1,False
2026-02-12,21:00,Premier League,Brentford FC,Arsenal FC,1,False
2026-02-13,20:30,Bundesliga,Borussia Dortmund,1. FSV Mainz 05,1,False
2026-02-13,21:00,La Liga,Elche CF,CA Osasuna,1,False
2026-02-14,14:00,La Liga,RCD Espanyol de Barcelona,RC Celta de Vigo,1,False
2026-02-14,15:30,Bundesliga,SV Werder Bremen,FC Bayern München,1,False
2026-02-14,15:30,Bundesliga,TSG 1899 Hoffenheim,SC Freiburg,1,False
2026-02-14,15:30,Bundesliga,Eintracht Frankfurt,Borussia Mönchengladbach,1,False
2026-02-14,15:30,Bundesliga,Hamburger SV,1. FC Union Berlin,1,False
2026-02-14,15:30,Bundesliga,Bayer 04 Leverkusen,FC St. Pauli 1910,1,False
2026-02-14,16:15,La Liga,Getafe CF,Villarreal CF,1,False
2026-02-14,18:30,Bundesliga,VfB Stuttgart,1. FC Köln,1,False
2026-02-14,18:30,La Liga,Sevilla FC,Deportivo Alavés,1,False
2026-02-14,21:00,La Liga,Real Madrid CF,Real Sociedad de Fútbol,1,False
2026-02-15,14:00,La Liga,Real Oviedo,Athletic Club,1,False
2026-02-15,15:30,Bundesliga,FC Augsburg,1. FC Heidenheim 1846,1,False
2026-02-15,16:15,La Liga,Rayo Vallecano de Madrid,Club Atlético de Madrid,1,False
2026-02-15,17:30,Bundesliga,RB Leipzig,VfL Wolfsburg,1,False
2026-02-15,18:30,La Liga,Levante UD,Valencia CF,1,False
2026-02-15,21:00,La Liga,RCD Mallorca,Real Betis Balompié,1,False
2026-02-16,21:00,La Liga,Girona FC,FC Barcelona,1,False
2026-02-17,18:45,Champions League,Galatasaray SK,Juventus FC,2,False
2026-02-17,21:00,Champions League,Sport Lisboa e Benfica,Real Madrid CF,2,False
2026-02-17,21:00,Champions League,AS Monaco FC,Paris Saint-Germain FC,2,False
2026-02-17,21:15,Champions League,Borussia Dortmund,Atalanta BC,2,False
2026-02-18,18:45,Champions League,Qarabağ Ağdam FK,Newcastle United FC,2,False
2026-02-18,20:00,La Liga,Levante UD,Villarreal CF,1,False
2026-02-18,21:00,Premier League,Wolverhampton Wanderers FC,Arsenal FC,1,False
2026-02-18,21:00,Champions League,Club Brugge KV,Club Atlético de Madrid,2,False
2026-02-18,21:00,Champions League,PAE Olympiakos SFP,Bayer 04 Leverkusen,2,False
2026-02-18,21:00,Champions League,FK Bodø/Glimt,FC Internazionale Milano,2,False
2026-02-20,20:30,Bundesliga,1. FSV Mainz 05,Hamburger SV,1,False
2026-02-20,21:00,La Liga,Athletic Club,Elche CF,1,False
2026-02-21,14:00,La Liga,Real Sociedad de Fútbol,Real Oviedo,1,False
2026-02-21,15:30,Bundesliga,1. FC Union Berlin,Bayer 04 Leverkusen,1,False
2026-02-21,15:30,Bundesliga,FC Bayern München,Eintracht Frankfurt,1,False
2026-02-21,15:30,Bundesliga,VfL Wolfsburg,FC Augsburg,1,False
2026-02-21,15:30,Bundesliga,1. FC Köln,TSG 1899 Hoffenheim,1,False
2026-02-21,16:00,Premier League,Aston Villa FC,Leeds United FC,1,False
2026-02-21,16:00,Premier League,Brentford FC,Brighton & Hove Albion FC,1,False
2026-02-21,16:00,Premier League,Chelsea FC,Burnley FC,1,False
2026-02-21,16:15,La Liga,Real Betis Balompié,Rayo Vallecano de Madrid,1,False
2026-02-21,18:30,Premier League,West Ham United FC,AFC Bournemouth,1,False
2026-02-21,18:30,Bundesliga,RB Leipzig,Borussia Dortmund,1,False
2026-02-21,18:30,La Liga,CA Osasuna,Real Madrid CF,1,False
2026-02-21,21:00,Premier League,Manchester City FC,Newcastle United FC,1,False
2026-02-21,21:00,La Liga,Club Atlético de Madrid,RCD Espanyol de Barcelona,1,False
2026-02-22,14:00,La Liga,Getafe CF,Sevilla FC,1,False
2026-02-22,15:00,Premier League,Sunderland AFC,Fulham FC,1,False
2026-02-22,15:00,Premier League,Crystal Palace FC,Wolverhampton Wanderers FC,1,False
2026-02-22,15:00,Premier League,Nottingham Forest FC,Liverpool FC,1,False
2026-02-22,15:30,Bundesliga,SC Freiburg,Borussia Mönchengladbach,1,False
2026-02-22,16:15,La Liga,FC Barcelona,Levante UD,1,False
2026-02-22,17:30,Premier League,Tottenham Hotspur FC,Arsenal FC,2,False
2026-02-22,17:30,Bundesliga,FC St. Pauli 1910,SV Werder Bremen,1,False
2026-02-22,18:30,La Liga,RC Celta de Vigo,RCD Mallorca,1,False
2026-02-22,19:30,Bundesliga,1. FC Heidenheim 1846,VfB Stuttgart,1,False
2026-02-22,21:00,La Liga,Villarreal CF,Valencia CF,1,False
2026-02-23,21:00,Premier League,Everton FC,Manchester United FC,1,False
2026-02-23,21:00,La Liga,Deportivo Alavés,Girona FC,1,False
2026-02-24,18:45,Champions League,Club Atlético de Madrid,Club Brugge KV,2,False
2026-02-24,21:00,Champions League,Newcastle United FC,Qarabağ Ağdam FK,2,False
2026-02-24,21:00,Champions League,Bayer 04 Leverkusen,PAE Olympiakos SFP,2,False
2026-02-24,21:00,Champions League,FC Internazionale Milano,FK Bodø/Glimt,2,False
2026-02-25,18:45,Champions League,Atalanta BC,Borussia Dortmund,2,False
2026-02-25,21:00,Champions League,Real Madrid CF,Sport Lisboa e Benfica,2,False
2026-02-25,21:00,Champions League,Paris Saint-Germain FC,AS Monaco FC,2,False
2026-02-25,21:00,Champions League,Juventus FC,Galatasaray SK,2,False
2026-02-27,20:30,Bundesliga,FC Augsburg,1. FC Köln,1,False
2026-02-27,21:00,Premier League,Wolverhampton Wanderers FC,Aston Villa FC,1,False
2026-02-27,21:00,La Liga,Levante UD,Deportivo Alavés,1,False
2026-02-28,13:30,Premier League,AFC Bournemouth,Sunderland AFC,1,False
2026-02-28,14:00,La Liga,Rayo Vallecano de Madrid,Athletic Club,1,False
2026-02-28,15:30,Bundesliga,Bayer 04 Leverkusen,1. FSV Mainz 05,1,False
2026-02-28,15:30,Bundesliga,Borussia Mönchengladbach,1. FC Union Berlin,1,False
2026-02-28,15:30,Bundesliga,TSG 1899 Hoffenheim,FC St. Pauli 1910,1,False
2026-02-28,15:30,Bundesliga,SV Werder Bremen,1. FC Heidenheim 1846,1,False
2026-02-28,16:00,Premier League,Burnley FC,Brentford FC,1,False
2026-02-28,16:00,Premier League,Liverpool FC,West Ham United FC,1,False
2026-02-28,16:00,Premier League,Newcastle United FC,Everton FC,1,False
2026-02-28,16:15,La Liga,FC Barcelona,Villarreal CF,1,False
2026-02-28,18:30,Premier League,Leeds United FC,Manchester City FC,1,False
2026-02-28,18:30,Bundesliga,Borussia Dortmund,FC Bayern München,1,False
2026-02-28,18:30,La Liga,RCD Mallorca,Real Sociedad de Fútbol,1,False
2026-02-28,21:00,La Liga,Real Oviedo,Club Atlético de Madrid,1,False
2026-03-01,14:00,La Liga,Elche CF,RCD Espanyol de Barcelona,1,False
2026-03-01,15:00,Premier League,Brighton & Hove Albion FC,Nottingham Forest FC,1,False
2026-03-01,15:00,Premier League,Fulham FC,Tottenham Hotspur FC,1,False
2026-03-01,15:00,Premier League,Manchester United FC,Crystal Palace FC,1,False
2026-03-01,15:30,Bundesliga,VfB Stuttgart,VfL Wolfsburg,1,False
2026-03-01,16:15,La Liga,Valencia CF,CA Osasuna,1,False
2026-03-01,17:30,Premier League,Arsenal FC,Chelsea FC,2,False
2026-03-01,17:30,Bundesliga,Eintracht Frankfurt,SC Freiburg,1,False
2026-03-01,18:30,La Liga,Real Betis Balompié,Sevilla FC,1,False
2026-03-01,19:30,Bundesliga,Hamburger SV,RB Leipzig,1,False
2026-03-01,21:00,La Liga,Girona FC,RC Celta de Vigo,1,False
2026-03-02,21:00,La Liga,Real Madrid CF,Getafe CF,1,False
2026-03-03,20:30,Premier League,AFC Bournemouth,Brentford FC,1,False
2026-03-03,20:30,Premier League,Everton FC,Burnley FC,1,False
2026-03-03,20:30,Premier League,Leeds United FC,Sunderland AFC,1,False
2026-03-03,21:15,Premier League,Wolverhampton Wanderers FC,Liverpool FC,1,False
2026-03-04,19:00,La Liga,Rayo Vallecano de Madrid,Real Oviedo,1,False
2026-03-04,20:30,Premier League,Aston Villa FC,Chelsea FC,1,False
2026-03-04,20:30,Premier League,Brighton & Hove Albion FC,Arsenal FC,1,False
2026-03-04,20:30,Premier League,Fulham FC,West Ham United FC,1,False
2026-03-04,20:30,Premier League,Manchester City FC,Nottingham Forest FC,1,False
2026-03-04,20:30,Bundesliga,Hamburger SV,Bayer 04 Leverkusen,1,False
2026-03-04,21:15,Premier League,Newcastle United FC,Manchester United FC,1,False
2026-03-05,21:00,Premier League,Tottenham Hotspur FC,Crystal Palace FC,1,False
2026-03-06,20:30,Bundesliga,FC Bayern München,Borussia Mönchengladbach,1,False
2026-03-06,21:00,La Liga,RC Celta de Vigo,Real Madrid CF,1,False
2026-03-07,14:00,La Liga,CA Osasuna,RCD Mallorca,1,False
2026-03-07,15:30,Bundesliga,SC Freiburg,Bayer 04 Leverkusen,1,False
2026-03-07,15:30,Bundesliga,1. FSV Mainz 05,VfB Stuttgart,1,False
2026-03-07,15:30,Bundesliga,RB Leipzig,FC Augsburg,1,False
2026-03-07,15:30,Bundesliga,1. FC Heidenheim 1846,TSG 1899 Hoffenheim,1,False
2026-03-07,15:30,Bundesliga,VfL Wolfsburg,Hamburger SV,1,False
2026-03-07,16:15,La Liga,Levante UD,Girona FC,1,False
2026-03-07,18:30,Bundesliga,1. FC Köln,Borussia Dortmund,1,False
2026-03-07,18:30,La Liga,Club Atlético de Madrid,Real Sociedad de Fútbol,1,False
2026-03-07,21:00,La Liga,Athletic Club,FC Barcelona,1,False
2026-03-08,14:00,La Liga,Villarreal CF,Elche CF,1,False
2026-03-08,15:30,Bundesliga,FC St. Pauli 1910,Eintracht Frankfurt,1,False
2026-03-08,16:15,La Liga,Getafe CF,Real Betis Balompié,1,False
2026-03-08,17:30,Bundesliga,1. FC Union Berlin,SV Werder Bremen,1,False
2026-03-08,18:30,La Liga,Sevilla FC,Rayo Vallecano de Madrid,1,False
2026-03-08,21:00,La Liga,Valencia CF,Deportivo Alavés,1,False
2026-03-09,21:00,La Liga,RCD Espanyol de Barcelona,Real Oviedo,1,False
2026-03-10,18:45,Champions League,Galatasaray SK,Liverpool FC,2,False
2026-03-10,21:00,Champions League,Atalanta BC,FC Bayern München,2,False
2026-03-10,21:00,Champions League,Newcastle United FC,FC Barcelona,2,False
2026-03-10,21:00,Champions League,Club Atlético de Madrid,Tottenham Hotspur FC,2,False
2026-03-11,18:45,Champions League,Bayer 04 Leverkusen,Arsenal FC,2,False
2026-03-11,21:00,Champions League,Paris Saint-Germain FC,Chelsea FC,2,False
2026-03-11,21:00,Champions League,Real Madrid CF,Manchester City FC,2,False
2026-03-11,21:00,Champions League,FK Bodø/Glimt,Sporting Clube de Portugal,2,False
2026-03-13,20:30,Bundesliga,Borussia Mönchengladbach,FC St. Pauli 1910,1,False
2026-03-13,21:00,La Liga,Deportivo Alavés,Villarreal CF,1,False
2026-03-14,14:00,La Liga,Girona FC,Athletic Club,1,False
2026-03-14,15:30,Bundesliga,Bayer 04 Leverkusen,FC Bayern München,1,False
2026-03-14,15:30,Bundesliga,TSG 1899 Hoffenheim,VfL Wolfsburg,1,False
2026-03-14,15:30,Bundesliga,Borussia Dortmund,FC Augsburg,1,False
2026-03-14,15:30,Bundesliga,Eintracht Frankfurt,1. FC Heidenheim 1846,1,False
2026-03-14,16:00,Premier League,Sunderland AFC,Brighton & Hove Albion FC,1,False
2026-03-14,16:00,Premier League,Burnley FC,AFC Bournemouth,1,False
2026-03-14,16:15,La Liga,Club Atlético de Madrid,Getafe CF,1,False
2026-03-14,18:30,Premier League,Arsenal FC,Everton FC,1,False
2026-03-14,18:30,Premier League,Chelsea FC,Newcastle United FC,1,False
2026-03-14,18:30,Bundesliga,Hamburger SV,1. FC Köln,1,False
2026-03-14,18:30,La Liga,Real Oviedo,Valencia CF,1,False
2026-03-14,21:00,Premier League,West Ham United FC,Manchester City FC,1,False
2026-03-14,21:00,La Liga,Real Madrid CF,Elche CF,1,False
2026-03-15,14:00,La Liga,RCD Mallorca,RCD Espanyol de Barcelona,1,False
2026-03-15,15:00,Premier League,Crystal Palace FC,Leeds United FC,1,False
2026-03-15,15:00,Premier League,Manchester United FC,Aston Villa FC,1,False
2026-03-15,15:00,Premier League,Nottingham Forest FC,Fulham FC,1,False
2026-03-15,15:30,Bundesliga,SV Werder Bremen,1. FSV Mainz 05,1,False
2026-03-15,16:15,La Liga,FC Barcelona,Sevilla FC,1,False
2026-03-15,17:30,Premier League,Liverpool FC,Tottenham Hotspur FC,2,False
2026-03-15,17:30,Bundesliga,SC Freiburg,1. FC Union Berlin,1,False
2026-03-15,18:30,La Liga,Real Betis Balompié,RC Celta de Vigo,1,False
2026-03-15,19:30,Bundesliga,VfB Stuttgart,RB Leipzig,1,False
2026-03-15,21:00,La Liga,Real Sociedad de Fútbol,CA Osasuna,1,False
2026-03-16,21:00,Premier League,Brentford FC,Wolverhampton Wanderers FC,1,False
2026-03-16,21:00,La Liga,Rayo Vallecano de Madrid,Levante UD,1,False
2026-03-17,18:45,Champions League,Sporting Clube de Portugal,FK Bodø/Glimt,2,False
2026-03-17,21:00,Champions League,Chelsea FC,Paris Saint-Germain FC,2,False
2026-03-17,21:00,Champions League,Manchester City FC,Real Madrid CF,2,False
2026-03-17,21:00,Champions League,Arsenal FC,Bayer 04 Leverkusen,2,False
2026-03-18,18:45,Champions League,FC Barcelona,Newcastle United FC,2,False
2026-03-18,21:00,Champions League,Liverpool FC,Galatasaray SK,2,False
2026-03-18,21:00,Champions League,FC Bayern München,Atalanta BC,2,False
2026-03-18,21:00,Champions League,Tottenham Hotspur FC,Club Atlético de Madrid,2,False
2026-03-20,20:30,Bundesliga,RB Leipzig,TSG 1899 Hoffenheim,1,False
2026-03-20,21:00,Premier League,AFC Bournemouth,Manchester United FC,1,False
2026-03-20,21:00,La Liga,Villarreal CF,Real Sociedad de Fútbol,1,False
2026-03-21,13:45,Premier League,Brighton & Hove Albion FC,Liverpool FC,1,False
2026-03-21,14:00,La Liga,Elche CF,RCD Mallorca,1,False
2026-03-21,15:30,Bundesliga,1. FC Heidenheim 1846,Bayer 04 Leverkusen,1,False
2026-03-21,15:30,Bundesliga,VfL Wolfsburg,SV Werder Bremen,1,False
2026-03-21,15:30,Bundesliga,1. FC Köln,Borussia Mönchengladbach,1,False
2026-03-21,15:30,Bundesliga,FC Bayern München,1. FC Union Berlin,1,False
2026-03-21,16:00,Premier League,Fulham FC,Burnley FC,1,False
2026-03-21,16:15,La Liga,RCD Espanyol de Barcelona,Getafe CF,1,False
2026-03-21,18:30,Premier League,Everton FC,Chelsea FC,1,False
2026-03-21,18:30,Bundesliga,Borussia Dortmund,Hamburger SV,1,False
2026-03-21,18:30,La Liga,Levante UD,Real Oviedo,1,False
2026-03-21,18:30,La Liga,CA Osasuna,Girona FC,1,False
2026-03-21,21:00,Premier League,Leeds United FC,Brentford FC,1,False
2026-03-21,21:00,La Liga,Sevilla FC,Valencia CF,1,False
2026-03-22,13:00,Premier League,Newcastle United FC,Sunderland AFC,1,False
2026-03-22,14:00,La Liga,FC Barcelona,Rayo Vallecano de Madrid,1,False
2026-03-22,15:15,Premier League,Aston Villa FC,West Ham United FC,1,False
2026-03-22,15:15,Premier League,Tottenham Hotspur FC,Nottingham Forest FC,1,False
2026-03-22,15:30,Bundesliga,1. FSV Mainz 05,Eintracht Frankfurt,1,False
2026-03-22,16:15,La Liga,RC Celta de Vigo,Deportivo Alavés,1,False
2026-03-22,17:30,Bundesliga,FC St. Pauli 1910,SC Freiburg,1,False
2026-03-22,18:30,La Liga,Athletic Club,Real Betis Balompié,1,False
2026-03-22,19:30,Bundesliga,FC Augsburg,VfB Stuttgart,1,False
2026-03-22,21:00,La Liga,Real Madrid CF,Club Atlético de Madrid,1,False
2026-04-03,20:00,La Liga,Rayo Vallecano de Madrid,Elche CF,1,False
2026-04-04,13:00,La Liga,Real Sociedad de Fútbol,Levante UD,1,False
2026-04-04,14:30,Bundesliga,SC Freiburg,FC Bayern München,1,False
2026-04-04,14:30,Bundesliga,TSG 1899 Hoffenheim,1. FSV Mainz 05,1,False
2026-04-04,14:30,Bundesliga,SV Werder Bremen,RB Leipzig,1,False
2026-04-04,14:30,Bundesliga,Bayer 04 Leverkusen,VfL Wolfsburg,1,False
2026-04-04,14:30,Bundesliga,Hamburger SV,FC Augsburg,1,False
2026-04-04,14:30,Bundesliga,Borussia Mönchengladbach,1. FC Heidenheim 1846,1,False
2026-04-04,15:15,La Liga,RCD Mallorca,Real Madrid CF,1,False
2026-04-04,17:30,Bundesliga,VfB Stuttgart,Borussia Dortmund,1,False
2026-04-04,17:30,La Liga,Real Betis Balompié,RCD Espanyol de Barcelona,1,False
2026-04-04,20:00,La Liga,Club Atlético de Madrid,FC Barcelona,1,False
2026-04-05,13:00,La Liga,Getafe CF,Athletic Club,1,False
2026-04-05,14:30,Bundesliga,1. FC Union Berlin,FC St. Pauli 1910,1,False
2026-04-05,15:15,La Liga,Valencia CF,RC Celta de Vigo,1,False
2026-04-05,16:30,Bundesliga,Eintracht Frankfurt,1. FC Köln,1,False
2026-04-05,17:30,La Liga,Real Oviedo,Sevilla FC,1,False
2026-04-05,20:00,La Liga,Deportivo Alavés,CA Osasuna,1,False
2026-04-06,20:00,La Liga,Girona FC,Villarreal CF,1,False
2026-04-07,20:00,Champions League,Real Madrid CF,FC Bayern München,2,False
2026-04-07,20:00,Champions League,Sporting Clube de Portugal,Arsenal FC,2,False
2026-04-08,20:00,Champions League,Paris Saint-Germain FC,Liverpool FC,2,False
2026-04-08,20:00,Champions League,FC Barcelona,Club Atlético de Madrid,2,False
2026-04-10,19:30,Bundesliga,FC Augsburg,TSG 1899 Hoffenheim,1,False
2026-04-10,20:00,Premier League,West Ham United FC,Wolverhampton Wanderers FC,1,False
2026-04-10,20:00,La Liga,Real Madrid CF,Girona FC,1,False
2026-04-11,12:30,Premier League,Arsenal FC,AFC Bournemouth,1,False
2026-04-11,13:00,La Liga,Real Sociedad de Fútbol,Deportivo Alavés,1,False
2026-04-11,14:30,Bundesliga,Borussia Dortmund,Bayer 04 Leverkusen,1,False
2026-04-11,14:30,Bundesliga,VfL Wolfsburg,Eintracht Frankfurt,1,False
2026-04-11,14:30,Bundesliga,RB Leipzig,Borussia Mönchengladbach,1,False
2026-04-11,14:30,Bundesliga,1. FC Heidenheim 1846,1. FC Union Berlin,1,False
2026-04-11,15:00,Premier League,Brentford FC,Everton FC,1,False
2026-04-11,15:00,Premier League,Burnley FC,Brighton & Hove Albion FC,1,False
2026-04-11,15:15,La Liga,Elche CF,Valencia CF,1,False
2026-04-11,17:30,Premier League,Liverpool FC,Fulham FC,1,False
2026-04-11,17:30,Bundesliga,FC St. Pauli 1910,FC Bayern München,1,False
2026-04-11,17:30,La Liga,FC Barcelona,RCD Espanyol de Barcelona,1,False
2026-04-11,20:00,La Liga,Sevilla FC,Club Atlético de Madrid,1,False
2026-04-12,13:00,La Liga,CA Osasuna,Real Betis Balompié,1,False
2026-04-12,14:00,Premier League,Sunderland AFC,Tottenham Hotspur FC,1,False
2026-04-12,14:00,Premier League,Crystal Palace FC,Newcastle United FC,1,False
2026-04-12,14:00,Premier League,Nottingham Forest FC,Aston Villa FC,1,False
2026-04-12,14:30,Bundesliga,1. FC Köln,SV Werder Bremen,1,False
2026-04-12,15:15,La Liga,RCD Mallorca,Rayo Vallecano de Madrid,1,False
2026-04-12,16:30,Premier League,Chelsea FC,Manchester City FC,2,False
2026-04-12,16:30,Bundesliga,VfB Stuttgart,Hamburger SV,1,False
2026-04-12,17:30,La Liga,RC Celta de Vigo,Real Oviedo,1,False
2026-04-12,18:30,Bundesliga,1. FSV Mainz 05,SC Freiburg,1,False
2026-04-12,20:00,La Liga,Athletic Club,Villarreal CF,1,False
2026-04-13,20:00,Premier League,Manchester United FC,Leeds United FC,1,False
2026-04-13,20:00,La Liga,Levante UD,Getafe CF,1,False
2026-04-14,20:00,Champions League,Liverpool FC,Paris Saint-Germain FC,2,False
2026-04-14,20:00,Champions League,Club Atlético de Madrid,FC Barcelona,2,False
2026-04-15,20:00,Champions League,FC Bayern München,Real Madrid CF,2,False
2026-04-15,20:00,Champions League,Arsenal FC,Sporting Clube de Portugal,2,False
2026-04-17,19:30,Bundesliga,FC St. Pauli 1910,1. FC Köln,1,False
2026-04-18,12:30,Premier League,Brentford FC,Fulham FC,1,False
2026-04-18,14:30,Bundesliga,SV Werder Bremen,Hamburger SV,1,False
2026-04-18,14:30,Bundesliga,Bayer 04 Leverkusen,FC Augsburg,1,False
2026-04-18,14:30,Bundesliga,TSG 1899 Hoffenheim,Borussia Dortmund,1,False
2026-04-18,14:30,Bundesliga,1. FC Union Berlin,VfL Wolfsburg,1,False
2026-04-18,15:00,Premier League,Newcastle United FC,AFC Bournemouth,1,False
2026-04-18,15:00,Premier League,Leeds United FC,Wolverhampton Wanderers FC,1,False
2026-04-18,17:30,Premier League,Tottenham Hotspur FC,Brighton & Hove Albion FC,1,False
2026-04-18,17:30,Bundesliga,Eintracht Frankfurt,RB Leipzig,1,False
2026-04-18,20:00,Premier League,Chelsea FC,Manchester United FC,2,False
2026-04-19,14:00,Premier League,Nottingham Forest FC,Burnley FC,1,False
2026-04-19,14:00,Premier League,Aston Villa FC,Sunderland AFC,1,False
2026-04-19,14:00,Premier League,Everton FC,Liverpool FC,1,False
2026-04-19,14:30,Bundesliga,SC Freiburg,1. FC Heidenheim 1846,1,False
2026-04-19,16:30,Premier League,Manchester City FC,Arsenal FC,2,False
2026-04-19,16:30,Bundesliga,FC Bayern München,VfB Stuttgart,1,False
2026-04-19,18:30,Bundesliga,Borussia Mönchengladbach,1. FSV Mainz 05,1,False
2026-04-20,20:00,Premier League,Crystal Palace FC,West Ham United FC,1,False
2026-04-21,18:00,La Liga,Athletic Club,CA Osasuna,1,False
2026-04-21,18:00,La Liga,RCD Mallorca,Valencia CF,1,False
2026-04-21,20:00,Premier League,Brighton & Hove Albion FC,Chelsea FC,1,False
2026-04-21,20:30,La Liga,Real Madrid CF,Deportivo Alavés,1,False
2026-04-21,20:30,La Liga,Girona FC,Real Betis Balompié,1,False
2026-04-22,18:00,La Liga,Elche CF,Club Atlético de Madrid,1,False
2026-04-22,19:00,La Liga,Real Sociedad de Fútbol,Getafe CF,1,False
2026-04-22,20:00,Premier League,AFC Bournemouth,Leeds United FC,1,False
2026-04-22,20:00,Premier League,Burnley FC,Manchester City FC,1,False
2026-04-22,20:30,La Liga,FC Barcelona,RC Celta de Vigo,1,False
2026-04-23,18:00,La Liga,Levante UD,Sevilla FC,1,False
2026-04-23,19:00,La Liga,Rayo Vallecano de Madrid,RCD Espanyol de Barcelona,1,False
2026-04-23,20:30,La Liga,Real Oviedo,Villarreal CF,1,False
2026-04-24,19:30,Bundesliga,RB Leipzig,1. FC Union Berlin,1,False
2026-04-24,20:00,Premier League,Sunderland AFC,Nottingham Forest FC,1,False
2026-04-24,20:00,La Liga,Real Betis Balompié,Real Madrid CF,1,False
2026-04-25,12:30,Premier League,Fulham FC,Aston Villa FC,1,False
2026-04-25,13:00,La Liga,Deportivo Alavés,RCD Mallorca,1,False
2026-04-25,14:30,Bundesliga,1. FSV Mainz 05,FC Bayern München,1,False
2026-04-25,14:30,Bundesliga,1. FC Köln,Bayer 04 Leverkusen,1,False
2026-04-25,14:30,Bundesliga,FC Augsburg,Eintracht Frankfurt,1,False
2026-04-25,14:30,Bundesliga,VfL Wolfsburg,Borussia Mönchengladbach,1,False
2026-04-25,14:30,Bundesliga,1. FC Heidenheim 1846,FC St. Pauli 1910,1,False
2026-04-25,15:00,Premier League,Liverpool FC,Crystal Palace FC,1,False
2026-04-25,15:00,Premier League,West Ham United FC,Everton FC,1,False
2026-04-25,15:00,Premier League,Wolverhampton Wanderers FC,Tottenham Hotspur FC,1,False
2026-04-25,15:15,La Liga,Getafe CF,FC Barcelona,1,False
2026-04-25,17:30,Premier League,Arsenal FC,Newcastle United FC,1,False
2026-04-25,17:30,Bundesliga,Hamburger SV,TSG 1899 Hoffenheim,1,False
2026-04-25,17:30,La Liga,Valencia CF,Girona FC,1,False
2026-04-25,20:00,La Liga,Club Atlético de Madrid,Athletic Club,1,False
2026-04-26,13:00,La Liga,Rayo Vallecano de Madrid,Real Sociedad de Fútbol,1,False
2026-04-26,14:30,Bundesliga,VfB Stuttgart,SV Werder Bremen,1,False
2026-04-26,15:15,La Liga,Real Oviedo,Elche CF,1,False
2026-04-26,16:30,Bundesliga,Borussia Dortmund,SC Freiburg,1,False
2026-04-26,17:30,La Liga,CA Osasuna,Sevilla FC,1,False
2026-04-26,20:00,La Liga,Villarreal CF,RC Celta de Vigo,1,False
2026-04-27,20:00,Premier League,Manchester United FC,Brentford FC,1,False
2026-04-27,20:00,La Liga,RCD Espanyol de Barcelona,Levante UD,1,False
2026-04-28,20:00,Champions League,Paris Saint-Germain FC,FC Bayern München,2,False
2026-04-29,20:00,Champions League,Club Atlético de Madrid,Arsenal FC,2,False
2026-05-01,20:00,Premier League,Leeds United FC,Burnley FC,1,False
2026-05-01,20:00,La Liga,Girona FC,RCD Mallorca,1,False
2026-05-02,13:00,La Liga,Villarreal CF,Levante UD,1,False
2026-05-02,14:30,Bundesliga,TSG 1899 Hoffenheim,VfB Stuttgart,1,False
2026-05-02,14:30,Bundesliga,SV Werder Bremen,FC Augsburg,1,False
2026-05-02,14:30,Bundesliga,FC Bayern München,1. FC Heidenheim 1846,1,False
2026-05-02,14:30,Bundesliga,1. FC Union Berlin,1. FC Köln,1,False
2026-05-02,14:30,Bundesliga,Eintracht Frankfurt,Hamburger SV,1,False
2026-05-02,15:00,Premier League,Brentford FC,West Ham United FC,1,False
2026-05-02,15:00,Premier League,Newcastle United FC,Brighton & Hove Albion FC,1,False
2026-05-02,15:00,Premier League,Wolverhampton Wanderers FC,Sunderland AFC,1,False
2026-05-02,15:15,La Liga,Valencia CF,Club Atlético de Madrid,1,False
2026-05-02,17:30,Premier League,Arsenal FC,Fulham FC,1,False
2026-05-02,17:30,Bundesliga,Bayer 04 Leverkusen,RB Leipzig,1,False
2026-05-02,17:30,La Liga,Deportivo Alavés,Athletic Club,1,False
2026-05-02,20:00,La Liga,CA Osasuna,FC Barcelona,1,False
2026-05-03,13:00,La Liga,RC Celta de Vigo,Elche CF,1,False
2026-05-03,14:00,Premier League,AFC Bournemouth,Crystal Palace FC,1,False
2026-05-03,14:30,Bundesliga,FC St. Pauli 1910,1. FSV Mainz 05,1,False
2026-05-03,15:15,La Liga,Getafe CF,Rayo Vallecano de Madrid,1,False
2026-05-03,15:30,Premier League,Manchester United FC,Liverpool FC,2,False
2026-05-03,16:30,Bundesliga,Borussia Mönchengladbach,Borussia Dortmund,1,False
2026-05-03,17:30,La Liga,Real Betis Balompié,Real Oviedo,1,False
2026-05-03,18:30,Bundesliga,SC Freiburg,VfL Wolfsburg,1,False
2026-05-03,19:00,Premier League,Aston Villa FC,Tottenham Hotspur FC,1,False
2026-05-03,20:00,La Liga,RCD Espanyol de Barcelona,Real Madrid CF,1,False
2026-05-04,15:00,Premier League,Chelsea FC,Nottingham Forest FC,1,False
2026-05-04,20:00,Premier League,Everton FC,Manchester City FC,1,False
2026-05-04,20:00,La Liga,Sevilla FC,Real Sociedad de Fútbol,1,False
2026-05-05,20:00,Champions League,Arsenal FC,Club Atlético de Madrid,2,False
2026-05-06,20:00,Champions League,FC Bayern München,Paris Saint-Germain FC,2,False
2026-05-08,19:30,Bundesliga,Borussia Dortmund,Eintracht Frankfurt,1,False
2026-05-08,20:00,La Liga,Levante UD,CA Osasuna,1,False
2026-05-09,12:30,Premier League,Liverpool FC,Chelsea FC,2,False
2026-05-09,13:00,La Liga,Elche CF,Deportivo Alavés,1,False
2026-05-09,14:30,Bundesliga,VfB Stuttgart,Bayer 04 Leverkusen,1,False
2026-05-09,14:30,Bundesliga,TSG 1899 Hoffenheim,SV Werder Bremen,1,False
2026-05-09,14:30,Bundesliga,FC Augsburg,Borussia Mönchengladbach,1,False
2026-05-09,14:30,Bundesliga,RB Leipzig,FC St. Pauli 1910,1,False
2026-05-09,15:00,Premier League,Sunderland AFC,Manchester United FC,1,False
2026-05-09,15:00,Premier League,Brighton & Hove Albion FC,Wolverhampton Wanderers FC,1,False
2026-05-09,15:00,Premier League,Fulham FC,AFC Bournemouth,1,False
2026-05-09,15:15,La Liga,Sevilla FC,RCD Espanyol de Barcelona,1,False
2026-05-09,17:30,Premier League,Manchester City FC,Brentford FC,1,False
2026-05-09,17:30,Bundesliga,VfL Wolfsburg,FC Bayern München,1,False
2026-05-09,17:30,La Liga,Club Atlético de Madrid,RC Celta de Vigo,1,False
2026-05-09,20:00,La Liga,Real Sociedad de Fútbol,Real Betis Balompié,1,False
2026-05-10,13:00,La Liga,RCD Mallorca,Villarreal CF,1,False
2026-05-10,14:00,Premier League,Crystal Palace FC,Everton FC,1,False
2026-05-10,14:00,Premier League,Burnley FC,Aston Villa FC,1,False
2026-05-10,14:00,Premier League,Nottingham Forest FC,Newcastle United FC,1,False
2026-05-10,14:30,Bundesliga,Hamburger SV,SC Freiburg,1,False
2026-05-10,15:15,La Liga,Athletic Club,Valencia CF,1,False
2026-05-10,16:30,Premier League,West Ham United FC,Arsenal FC,1,False
2026-05-10,16:30,Bundesliga,1. FC Köln,1. FC Heidenheim 1846,1,False
2026-05-10,17:30,La Liga,Real Oviedo,Getafe CF,1,False
2026-05-10,18:30,Bundesliga,1. FSV Mainz 05,1. FC Union Berlin,1,False
2026-05-10,20:00,La Liga,FC Barcelona,Real Madrid CF,1,False
2026-05-11,20:00,Premier League,Tottenham Hotspur FC,Leeds United FC,1,False
2026-05-11,20:00,La Liga,Rayo Vallecano de Madrid,Girona FC,1,False
2026-05-12,18:00,La Liga,RC Celta de Vigo,Levante UD,1,False
2026-05-12,19:00,La Liga,Real Betis Balompié,Elche CF,1,False
2026-05-12,20:30,La Liga,CA Osasuna,Club Atlético de Madrid,1,False
2026-05-13,18:00,La Liga,RCD Espanyol de Barcelona,Athletic Club,1,False
2026-05-13,18:00,La Liga,Villarreal CF,Sevilla FC,1,False
2026-05-13,20:00,Premier League,Manchester City FC,Crystal Palace FC,1,False
2026-05-13,20:30,La Liga,Deportivo Alavés,FC Barcelona,1,False
2026-05-13,20:30,La Liga,Getafe CF,RCD Mallorca,1,False
2026-05-14,18:00,La Liga,Valencia CF,Rayo Vallecano de Madrid,1,False
2026-05-14,19:00,La Liga,Girona FC,Real Sociedad de Fútbol,1,False
2026-05-14,20:30,La Liga,Real Madrid CF,Real Oviedo,1,False
2026-05-15,20:00,Premier League,Aston Villa FC,Liverpool FC,1,False
2026-05-16,14:30,Bundesliga,SV Werder Bremen,Borussia Dortmund,1,False
2026-05-16,14:30,Bundesliga,1. FC Heidenheim 1846,1. FSV Mainz 05,1,False
2026-05-16,14:30,Bundesliga,SC Freiburg,RB Leipzig,1,False
2026-05-16,14:30,Bundesliga,Eintracht Frankfurt,VfB Stuttgart,1,False
2026-05-16,14:30,Bundesliga,FC St. Pauli 1910,VfL Wolfsburg,1,False
2026-05-16,14:30,Bundesliga,1. FC Union Berlin,FC Augsburg,1,False
2026-05-16,14:30,Bundesliga,Borussia Mönchengladbach,TSG 1899 Hoffenheim,1,False
2026-05-16,14:30,Bundesliga,FC Bayern München,1. FC Köln,1,False
2026-05-16,14:30,Bundesliga,Bayer 04 Leverkusen,Hamburger SV,1,False
2026-05-17,12:30,Premier League,Manchester United FC,Nottingham Forest FC,1,False
2026-05-17,15:00,Premier League,Brentford FC,Crystal Palace FC,1,False
2026-05-17,15:00,Premier League,Everton FC,Sunderland AFC,1,False
2026-05-17,15:00,Premier League,Leeds United FC,Brighton & Hove Albion FC,1,False
2026-05-17,15:00,Premier League,Wolverhampton Wanderers FC,Fulham FC,1,False
2026-05-17,17:30,Premier League,Newcastle United FC,West Ham United FC,1,False
2026-05-17,18:00,La Liga,Athletic Club,RC Celta de Vigo,1,False
2026-05-17,18:00,La Liga,Club Atlético de Madrid,Girona FC,1,False
2026-05-17,18:00,La Liga,Elche CF,Getafe CF,1,False
2026-05-17,18:00,La Liga,Levante UD,RCD Mallorca,1,False
2026-05-17,18:00,La Liga,Rayo Vallecano de Madrid,Villarreal CF,1,False
2026-05-17,18:00,La Liga,Real Sociedad de Fútbol,Valencia CF,1,False
2026-05-17,18:00,La Liga,Real Oviedo,Deportivo Alavés,1,False
2026-05-17,18:00,La Liga,CA Osasuna,RCD Espanyol de Barcelona,1,False
2026-05-17,18:00,La Liga,Sevilla FC,Real Madrid CF,1,False
2026-05-17,20:15,La Liga,FC Barcelona,Real Betis Balompié,1,False
2026-05-18,20:00,Premier League,Arsenal FC,Burnley FC,1,False
2026-05-19,19:30,Premier League,AFC Bournemouth,Manchester City FC,1,False
2026-05-19,20:15,Premier League,Chelsea FC,Tottenham Hotspur FC,2,False
2026-05-23,20:00,La Liga,Deportivo Alavés,Rayo Vallecano de Madrid,1,False
2026-05-23,20:00,La Liga,Real Betis Balompié,Levante UD,1,False
2026-05-23,20:00,La Liga,RC Celta de Vigo,Sevilla FC,1,False
2026-05-23,20:00,La Liga,RCD Espanyol de Barcelona,Real Sociedad de Fútbol,1,False
2026-05-23,20:00,La Liga,Getafe CF,CA Osasuna,1,False
2026-05-23,20:00,La Liga,RCD Mallorca,Real Oviedo,1,False
2026-05-23,20:00,La Liga,Real Madrid CF,Athletic Club,1,False
2026-05-23,20:00,La Liga,Valencia CF,FC Barcelona,1,False
2026-05-23,20:00,La Liga,Girona FC,Elche CF,1,False
2026-05-24,16:00,Premier League,Sunderland AFC,Chelsea FC,1,False
2026-05-24,16:00,Premier League,Brighton & Hove Albion FC,Manchester United FC,1,False
2026-05-24,16:00,Premier League,Crystal Palace FC,Arsenal FC,1,False
2026-05-24,16:00,Premier League,Burnley FC,Wolverhampton Wanderers FC,1,False
2026-05-24,16:00,Premier League,Fulham FC,Newcastle United FC,1,False
2026-05-24,16:00,Premier League,Liverpool FC,Brentford FC,1,False
2026-05-24,16:00,Premier League,Manchester City FC,Aston Villa FC,1,False
2026-05-24,16:00,Premier League,Nottingham Forest FC,AFC Bournemouth,1,False
2026-05-24,16:00,Premier League,Tottenham Hotspur FC,Everton FC,1,False
2026-05-24,16:00,Premier League,West Ham United FC,Leeds United FC,1,False
2026-05-24,20:00,La Liga,Villarreal CF,Club Atlético de Madrid,1,False
2026-05-30,17:00,Champions League,Paris Saint-Germain FC,Arsenal FC,3,False
2026-06-11,20:00,World Cup,Mexico,South Africa,2,False
2026-06-12,03:00,World Cup,South Korea,Czechia,2,False
2026-06-12,20:00,World Cup,Canada,Bosnia-Herzegovina,2,False
2026-06-13,02:00,World Cup,United States,Paraguay,2,False
2026-06-13,20:00,World Cup,Qatar,Switzerland,2,False
2026-06-13,23:00,World Cup,Brazil,Morocco,2,False
2026-06-14,02:00,World Cup,Haiti,Scotland,2,False
2026-06-14,05:00,World Cup,Australia,Turkey,2,False
2026-06-14,18:00,World Cup,Germany,Curaçao,2,False
2026-06-14,21:00,World Cup,Netherlands,Japan,2,False
2026-06-15,00:00,World Cup,Ivory Coast,Ecuador,2,False
2026-06-15,03:00,World Cup,Sweden,Tunisia,2,False
2026-06-15,17:00,World Cup,Spain,Cape Verde Islands,2,False
2026-06-15,20:00,World Cup,Belgium,Egypt,2,False
2026-06-15,23:00,World Cup,Saudi Arabia,Uruguay,2,False
2026-06-16,02:00,World Cup,Iran,New Zealand,2,False
2026-06-16,20:00,World Cup,France,Senegal,2,False
2026-06-16,23:00,World Cup,Iraq,Norway,2,False
2026-06-17,02:00,World Cup,Argentina,Algeria,2,False
2026-06-17,05:00,World Cup,Austria,Jordan,2,False
2026-06-17,18:00,World Cup,Portugal,Congo DR,2,False
2026-06-17,21:00,World Cup,England,Croatia,2,False
2026-06-18,00:00,World Cup,Ghana,Panama,2,False
2026-06-18,03:00,World Cup,Uzbekistan,Colombia,2,False
2026-06-18,17:00,World Cup,Czechia,South Africa,2,False
2026-06-18,20:00,World Cup,Switzerland,Bosnia-Herzegovina,2,False
2026-06-18,23:00,World Cup,Canada,Qatar,2,False
2026-06-19,02:00,World Cup,Mexico,South Korea,2,False
2026-06-19,20:00,World Cup,United States,Australia,2,False
2026-06-19,23:00,World Cup,Scotland,Morocco,2,False
2026-06-20,01:30,World Cup,Brazil,Haiti,2,False
2026-06-20,04:00,World Cup,Turkey,Paraguay,2,False
2026-06-20,18:00,World Cup,Netherlands,Sweden,2,False
2026-06-20,21:00,World Cup,Germany,Ivory Coast,2,False
2026-06-21,01:00,World Cup,Ecuador,Curaçao,2,False
2026-06-21,05:00,World Cup,Tunisia,Japan,2,False
2026-06-21,17:00,World Cup,Spain,Saudi Arabia,2,False
2026-06-21,20:00,World Cup,Belgium,Iran,2,False
2026-06-21,23:00,World Cup,Uruguay,Cape Verde Islands,2,False
2026-06-22,02:00,World Cup,New Zealand,Egypt,2,False
2026-06-22,18:00,World Cup,Argentina,Austria,2,False
2026-06-22,22:00,World Cup,France,Iraq,2,False
2026-06-23,01:00,World Cup,Norway,Senegal,2,False
2026-06-23,04:00,World Cup,Jordan,Algeria,2,False
2026-06-23,18:00,World Cup,Portugal,Uzbekistan,2,False
2026-06-23,21:00,World Cup,England,Ghana,2,False
2026-06-24,00:00,World Cup,Panama,Croatia,2,False
2026-06-24,03:00,World Cup,Colombia,Congo DR,2,False
2026-06-24,20:00,World Cup,Switzerland,Canada,2,False
2026-06-24,20:00,World Cup,Bosnia-Herzegovina,Qatar,2,False
2026-06-24,23:00,World Cup,Morocco,Haiti,2,False
2026-06-24,23:00,World Cup,Scotland,Brazil,2,False
2026-06-25,02:00,World Cup,Czechia,Mexico,2,False
2026-06-25,02:00,World Cup,South Africa,South Korea,2,False
2026-06-25,21:00,World Cup,Ecuador,Germany,2,False
2026-06-25,21:00,World Cup,Curaçao,Ivory Coast,2,False
2026-06-26,00:00,World Cup,Tunisia,Netherlands,2,False
2026-06-26,00:00,World Cup,Japan,Sweden,2,False
2026-06-26,03:00,World Cup,Turkey,United States,2,False
2026-06-26,03:00,World Cup,Paraguay,Australia,2,False
2026-06-26,20:00,World Cup,Norway,France,2,False
2026-06-26,20:00,World Cup,Senegal,Iraq,2,False
2026-06-27,01:00,World Cup,Uruguay,Spain,2,False
2026-06-27,01:00,World Cup,Cape Verde Islands,Saudi Arabia,2,False
2026-06-27,04:00,World Cup,New Zealand,Belgium,2,False
2026-06-27,04:00,World Cup,Egypt,Iran,2,False
2026-06-27,22:00,World Cup,Panama,England,2,False
2026-06-27,22:00,World Cup,Croatia,Ghana,2,False
2026-06-28,00:30,World Cup,Colombia,Portugal,2,False
2026-06-28,00:30,World Cup,Congo DR,Uzbekistan,2,False
2026-06-28,03:00,World Cup,Jordan,Argentina,2,False
2026-06-28,03:00,World Cup,Algeria,Austria,2,False
2026-06-28,20:00,World Cup,South Africa,Canada,3,False
2026-06-29,18:00,World Cup,Brazil,Japan,3,False
2026-06-29,21:30,World Cup,Germany,Paraguay,3,False
2026-06-30,02:00,World Cup,Netherlands,Morocco,3,False
2026-06-30,18:00,World Cup,Ivory Coast,Norway,3,False
2026-06-30,22:00,World Cup,France,Sweden,3,False
2026-07-01,03:00,World Cup,Mexico,Ecuador,3,False
2026-07-01,17:00,World Cup,England,Congo DR,3,False
2026-07-01,21:00,World Cup,Belgium,Senegal,3,False
2026-07-02,01:00,World Cup,United States,Bosnia-Herzegovina,3,False
2026-07-02,20:00,World Cup,Spain,Austria,3,False
2026-07-03,00:00,World Cup,Portugal,Croatia,3,False
2026-07-03,04:00,World Cup,Switzerland,Algeria,3,False
2026-07-03,19:00,World Cup,Australia,Egypt,3,False
2026-07-03,23:00,World Cup,Argentina,Cape Verde Islands,3,False
2026-07-04,02:30,World Cup,Colombia,Ghana,3,False
2026-07-04,18:00,World Cup,Canada,Morocco,3,False
2026-07-04,22:00,World Cup,Paraguay,France,3,False
2026-07-05,21:00,World Cup,Brazil,Norway,3,False
2026-07-06,02:00,World Cup,Mexico,England,3,False
2026-07-06,20:00,World Cup,Portugal,Spain,3,False
2026-07-07,01:00,World Cup,United States,Belgium,3,False
2026-07-07,17:00,World Cup,Argentina,Egypt,3,False
2026-07-07,21:00,World Cup,Switzerland,Colombia,3,False
2026-07-09,21:00,World Cup,France,Morocco,3,False
2026-07-10,20:00,World Cup,Spain,Belgium,3,False
2026-07-11,22:00,World Cup,Norway,England,3,False
2026-07-12,02:00,World Cup,Argentina,Switzerland,3,False
2026-07-14,20:00,World Cup,France,Spain,3,False
2026-07-15,20:00,World Cup,England,Argentina,3,False
2026-07-18,22:00,World Cup,France,England,3,False
2026-07-19,20:00,World Cup,Spain,Argentina,3,False
