timestamp_hour,actual,predicted,fold,residual
2024-04-08 01:00:00,0.0,0.40821913,0,0.4082191288471222
2024-04-08 09:00:00,0.0,0.40821913,0,0.4082191288471222
2024-04-08 10:00:00,0.0,0.40821913,0,0.4082191288471222
2024-04-08 11:00:00,0.0,0.40821913,0,0.4082191288471222
2024-04-08 12:00:00,6.6,6.122607,0,-0.4773927688598629
2024-04-08 13:00:00,8.3,7.1447034,0,-1.1552966117858894
2024-04-08 14:00:00,7.2,6.1393614,0,-1.0606386184692385
2024-04-08 15:00:00,4.4,5.47988,0,1.0798798561096188
2024-04-08 16:00:00,2.2,2.3980606,0,0.19806056022644025
2024-04-08 17:00:00,5.8,5.97711,0,0.17710990905761737
2024-04-08 18:00:00,7.7,7.0475106,0,-0.6524893760681154
2024-04-08 19:00:00,6.9,6.225996,0,-0.6740039825439457
2024-04-08 20:00:00,5.0,5.694582,0,0.6945819854736328
2024-04-08 21:00:00,0.0,0.40821913,0,0.4082191288471222
2024-04-08 22:00:00,0.0,0.40821913,0,0.4082191288471222
2024-04-08 23:00:00,0.0,0.40821913,0,0.4082191288471222
2024-04-09 00:00:00,0.0,0.40821913,0,0.4082191288471222
2024-04-09 01:00:00,0.0,0.40821913,0,0.4082191288471222
2024-04-09 09:00:00,0.0,0.40821913,0,0.4082191288471222
2024-04-09 10:00:00,0.0,0.40821913,0,0.4082191288471222
2024-04-09 11:00:00,0.0,0.40821913,0,0.4082191288471222
2024-04-09 12:00:00,5.7,7.1550565,0,1.4550564765930174
2024-04-09 13:00:00,7.2,8.09909,0,0.8990896224975584
2024-04-09 14:00:00,6.2,7.896469,0,1.6964691162109373
2024-04-09 15:00:00,3.8,5.6731105,0,1.8731104850769045
2024-04-09 16:00:00,1.9,2.7396815,0,0.8396814823150636
2024-04-09 17:00:00,5.0,7.0117364,0,2.0117363929748535
2024-04-09 18:00:00,6.7,7.588894,0,0.8888938903808592
2024-04-09 19:00:00,6.0,7.510375,0,1.5103750228881836
2024-04-09 20:00:00,4.3,6.101692,0,1.8016921997070314
2024-04-09 21:00:00,0.0,0.40821913,0,0.4082191288471222
2024-04-09 22:00:00,0.0,0.40821913,0,0.4082191288471222
2024-04-09 23:00:00,0.0,0.40821913,0,0.4082191288471222
2024-04-10 00:00:00,0.0,0.40821913,0,0.4082191288471222
2024-04-10 01:00:00,0.0,0.40821913,0,0.4082191288471222
2024-04-10 09:00:00,0.0,0.40821913,0,0.4082191288471222
2024-04-10 10:00:00,0.0,0.40927625,0,0.40927624702453613
2024-04-10 11:00:00,0.0,0.48138484,0,0.48138484358787537
2024-04-10 12:00:00,4.4,6.823132,0,2.4231320381164547
2024-04-10 13:00:00,5.5,7.8537836,0,2.35378360748291
2024-04-10 14:00:00,4.8,6.6825175,0,1.8825175285339357
2024-04-10 15:00:00,2.9,5.3836465,0,2.4836464881896974
2024-04-10 16:00:00,1.5,2.9292274,0,1.429227352142334
2024-04-10 17:00:00,3.9,6.707794,0,2.807794189453125
2024-04-10 18:00:00,5.1,6.9560227,0,1.8560227394104007
2024-04-10 19:00:00,4.6,6.273253,0,1.6732529640197757
2024-04-10 20:00:00,3.3,5.26946,0,1.969460201263428
2024-04-10 21:00:00,0.0,0.40821913,0,0.4082191288471222
2024-04-10 22:00:00,0.0,0.40821913,0,0.4082191288471222
2024-04-10 23:00:00,0.0,0.40821913,0,0.4082191288471222
2024-04-11 00:00:00,0.0,0.40821913,0,0.4082191288471222
2024-04-11 01:00:00,0.0,0.40821913,0,0.4082191288471222
2024-04-11 09:00:00,0.0,0.40821913,0,0.4082191288471222
2024-04-11 10:00:00,0.0,0.40821913,0,0.4082191288471222
2024-04-11 11:00:00,0.0,0.4212324,0,0.4212324023246765
2024-04-11 12:00:00,8.7,8.267,0,-0.4329998016357415
2024-04-11 13:00:00,10.8,10.868021,0,0.06802101135253835
2024-04-11 14:00:00,9.4,8.73326,0,-0.6667398452758793
2024-04-11 15:00:00,5.8,6.4934926,0,0.6934926033020021
2024-04-11 16:00:00,2.9,4.3740835,0,1.4740835189819337
2024-04-11 17:00:00,7.6,8.075087,0,0.47508659362793004
2024-04-11 18:00:00,10.1,10.316642,0,0.2166418075561527
2024-04-11 19:00:00,9.0,8.506079,0,-0.49392127990722656
2024-04-11 20:00:00,6.5,7.189739,0,0.6897392272949219
2024-04-11 21:00:00,0.0,0.40821913,0,0.4082191288471222
2024-04-11 22:00:00,0.0,0.40821913,0,0.4082191288471222
2024-04-11 23:00:00,0.0,0.40821913,0,0.4082191288471222
2024-04-12 00:00:00,0.0,0.40821913,0,0.4082191288471222
2024-04-12 01:00:00,0.0,0.40821913,0,0.4082191288471222
2024-04-12 09:00:00,0.0,0.40821913,0,0.4082191288471222
2024-04-12 10:00:00,0.0,0.40821913,0,0.4082191288471222
2024-04-12 11:00:00,0.0,0.40821913,0,0.4082191288471222
2024-04-12 12:00:00,11.4,14.526021,0,3.126021003723144
2024-04-12 13:00:00,14.2,16.449911,0,2.2499111175537116
2024-04-12 14:00:00,12.3,14.9315195,0,2.6315195083618157
2024-04-12 15:00:00,7.6,9.573475,0,1.9734748840332035
2024-04-12 16:00:00,3.8,5.7881303,0,1.988130283355713
2024-04-12 17:00:00,9.9,13.062319,0,3.1623188018798825
2024-04-12 18:00:00,13.2,15.441749,0,2.2417486190795906
2024-04-12 19:00:00,11.8,14.746511,0,2.9465114593505852
2024-04-12 20:00:00,8.5,10.78288,0,2.2828798294067383
2024-04-12 21:00:00,0.0,0.40821913,0,0.4082191288471222
2024-04-12 22:00:00,0.0,0.40821913,0,0.4082191288471222
2024-04-12 23:00:00,0.0,0.40821913,0,0.4082191288471222
2024-04-13 00:00:00,0.0,0.40821913,0,0.4082191288471222
2024-04-13 01:00:00,0.0,0.40821913,0,0.4082191288471222
2024-04-13 09:00:00,0.0,0.40821913,0,0.4082191288471222
2024-04-13 10:00:00,0.0,0.40821913,0,0.4082191288471222
2024-04-13 11:00:00,0.0,0.40821913,0,0.4082191288471222
2024-04-13 12:00:00,15.8,16.770731,0,0.9707309722900384
2024-04-13 13:00:00,19.8,19.709566,0,-0.0904338836669929
2024-04-13 14:00:00,17.2,17.512617,0,0.3126171112060554
2024-04-13 15:00:00,10.6,12.887503,0,2.2875026702880863
2024-04-13 16:00:00,5.3,7.940924,0,2.640924167633057
2024-04-13 17:00:00,13.9,16.008352,0,2.1083522796630856
2024-04-13 18:00:00,18.5,18.395676,0,-0.1043243408203125
2024-04-13 19:00:00,16.5,17.171682,0,0.6716823577880859
2024-04-13 20:00:00,11.9,14.675052,0,2.775051689147949
2024-04-13 21:00:00,0.0,0.40821913,0,0.4082191288471222
2024-04-13 22:00:00,0.0,0.40821913,0,0.4082191288471222
2024-04-13 23:00:00,0.0,0.40821913,0,0.4082191288471222
2024-04-14 00:00:00,0.0,0.40821913,0,0.4082191288471222
2024-04-14 01:00:00,0.0,0.40821913,0,0.4082191288471222
2024-04-14 09:00:00,0.0,0.40821913,0,0.4082191288471222
2024-04-14 10:00:00,0.0,0.40821913,0,0.4082191288471222
2024-04-14 11:00:00,0.0,0.40821913,0,0.4082191288471222
2024-04-14 12:00:00,10.1,14.696633,0,4.596633338928223
2024-04-14 13:00:00,12.6,20.038511,0,7.4385112762451175
2024-04-14 14:00:00,10.9,17.93663,0,7.036630249023437
2024-04-14 15:00:00,6.7,9.098934,0,2.398934173583984
2024-04-14 16:00:00,3.4,6.1824374,0,2.7824374198913575
2024-04-14 17:00:00,8.8,12.1264715,0,3.326471519470214
2024-04-14 18:00:00,11.8,18.302166,0,6.502165985107421
2024-04-14 19:00:00,10.5,16.675018,0,6.175018310546875
2024-04-14 20:00:00,7.6,10.258701,0,2.658701324462891
2024-04-14 21:00:00,0.0,0.40821913,0,0.4082191288471222
2024-04-14 22:00:00,0.0,0.40821913,0,0.4082191288471222
2024-04-14 23:00:00,0.0,0.40821913,0,0.4082191288471222
2024-04-15 00:00:00,0.0,0.40821913,0,0.4082191288471222
2024-04-15 01:00:00,0.0,0.40821913,0,0.4082191288471222
2024-04-15 09:00:00,0.0,0.40821913,0,0.4082191288471222
2024-04-15 10:00:00,0.0,0.40821913,0,0.4082191288471222
2024-04-15 11:00:00,0.0,0.40821913,0,0.4082191288471222
2024-04-15 12:00:00,6.0,6.6138034,0,0.6138033866882324
2024-04-15 13:00:00,7.5,8.1342945,0,0.6342945098876953
2024-04-15 14:00:00,6.5,7.736358,0,1.2363581657409668
2024-04-15 15:00:00,4.0,5.6638694,0,1.6638693809509277
2024-04-15 16:00:00,2.0,2.7563624,0,0.7563624382019043
2024-04-15 17:00:00,5.3,6.5284967,0,1.2284967422485353
2024-04-15 18:00:00,7.0,7.882117,0,0.8821167945861816
2024-04-15 19:00:00,6.3,7.453757,0,1.1537568092346193
2024-04-15 20:00:00,4.5,5.772944,0,1.2729439735412598
2024-04-15 21:00:00,0.0,0.40821913,0,0.4082191288471222
2024-04-15 22:00:00,0.0,0.40821913,0,0.4082191288471222
2024-04-15 23:00:00,0.0,0.40821913,0,0.4082191288471222
2024-04-16 00:00:00,0.0,0.40821913,0,0.4082191288471222
2024-04-16 01:00:00,0.0,0.40821913,0,0.4082191288471222
2024-04-16 09:00:00,0.0,0.40821913,0,0.4082191288471222
2024-04-16 10:00:00,0.0,0.40821913,0,0.4082191288471222
2024-04-16 11:00:00,0.0,0.48703846,0,0.4870384633541107
2024-04-16 12:00:00,6.7,6.1333694,0,-0.5666305541992189
2024-04-16 13:00:00,8.3,7.440126,0,-0.8598740577697761
2024-04-16 14:00:00,7.2,6.0486665,0,-1.151333522796631
2024-04-16 15:00:00,4.4,4.897117,0,0.4971171379089352
2024-04-16 16:00:00,2.2,2.361299,0,0.16129903793334943
2024-04-16 17:00:00,5.8,6.493519,0,0.6935188293457033
2024-04-16 18:00:00,7.8,7.2434382,0,-0.556561756134033
2024-04-16 19:00:00,7.0,6.5913057,0,-0.4086942672729492
2024-04-16 20:00:00,5.0,5.942504,0,0.9425039291381836
2024-04-16 21:00:00,0.0,0.40821913,0,0.4082191288471222
2024-04-16 22:00:00,0.0,0.40821913,0,0.4082191288471222
2024-04-16 23:00:00,0.0,0.40821913,0,0.4082191288471222
2024-04-17 00:00:00,0.0,0.40821913,0,0.4082191288471222
2024-04-17 01:00:00,0.0,0.40821913,0,0.4082191288471222
2024-04-17 09:00:00,0.0,0.40821913,0,0.4082191288471222
2024-04-17 10:00:00,0.0,0.40821913,0,0.4082191288471222
2024-04-17 11:00:00,0.0,0.42226967,0,0.42226967215538025
2024-04-17 12:00:00,7.9,6.2378235,0,-1.6621765136718754
2024-04-17 13:00:00,9.9,6.7505903,0,-3.149409675598145
2024-04-17 14:00:00,8.6,6.5870595,0,-2.0129405021667477
2024-04-17 15:00:00,5.3,4.718685,0,-0.5813148498535154
2024-04-17 16:00:00,2.6,2.1636882,0,-0.43631181716918954
2024-04-17 17:00:00,7.0,5.452842,0,-1.5471577644348145
2024-04-17 18:00:00,9.3,6.573851,0,-2.7261488914489753
2024-04-17 19:00:00,8.3,6.3654704,0,-1.9345295906066902
2024-04-17 20:00:00,6.0,5.011286,0,-0.9887142181396484
2024-04-17 21:00:00,0.0,0.40821913,0,0.4082191288471222
2024-04-17 22:00:00,0.0,0.40821913,0,0.4082191288471222
2024-04-17 23:00:00,0.0,0.40821913,0,0.4082191288471222
2024-04-18 00:00:00,0.0,0.40821913,0,0.4082191288471222
2024-04-18 01:00:00,0.0,0.40821913,0,0.4082191288471222
2024-04-18 09:00:00,0.0,0.40821913,0,0.4082191288471222
2024-04-18 10:00:00,0.0,0.40821913,0,0.4082191288471222
2024-04-18 11:00:00,0.0,0.40821913,0,0.4082191288471222
2024-04-18 12:00:00,6.9,8.250971,0,1.3509708404541012
2024-04-18 13:00:00,8.7,10.691064,0,1.9910638809204109
2024-04-18 14:00:00,7.5,8.7071705,0,1.2071704864501953
2024-04-18 15:00:00,4.6,6.035738,0,1.4357379913330082
2024-04-18 16:00:00,2.3,3.635023,0,1.3350231170654299
2024-04-18 17:00:00,6.1,7.313037,0,1.213036918640137
2024-04-18 18:00:00,8.1,9.894335,0,1.7943347930908207
2024-04-18 19:00:00,7.2,8.109698,0,0.9096982955932615
2024-04-18 20:00:00,5.2,6.590778,0,1.3907778739929197
2024-04-18 21:00:00,0.0,0.40821913,0,0.4082191288471222
2024-04-18 22:00:00,0.0,0.40821913,0,0.4082191288471222
2024-04-18 23:00:00,0.0,0.40821913,0,0.4082191288471222
2024-04-19 00:00:00,0.0,0.40821913,0,0.4082191288471222
2024-04-19 01:00:00,0.0,0.40821913,0,0.4082191288471222
2024-04-19 09:00:00,0.0,0.40821913,0,0.4082191288471222
2024-04-19 10:00:00,0.0,0.40821913,0,0.4082191288471222
2024-04-19 11:00:00,0.0,0.40821913,0,0.4082191288471222
2024-04-19 12:00:00,12.2,12.331037,0,0.131036567687989
2024-04-19 13:00:00,15.2,15.312484,0,0.1124837875366218
2024-04-19 14:00:00,13.2,14.229245,0,1.0292451858520515
2024-04-19 15:00:00,8.1,8.764533,0,0.6645330429077152
2024-04-19 16:00:00,4.1,5.079928,0,0.9799279212951664
2024-04-19 17:00:00,10.6,11.96515,0,1.3651498794555668
2024-04-19 18:00:00,14.2,14.890457,0,0.6904571533203132
2024-04-19 19:00:00,12.7,14.347332,0,1.6473320007324226
2024-04-19 20:00:00,9.1,10.056582,0,0.9565824508666996
2024-04-19 21:00:00,0.0,0.40821913,0,0.4082191288471222
2024-04-19 22:00:00,0.0,0.40821913,0,0.4082191288471222
2024-04-19 23:00:00,0.0,0.40821913,0,0.4082191288471222
2024-04-20 00:00:00,0.0,0.40821913,0,0.4082191288471222
2024-04-20 01:00:00,0.0,0.40821913,0,0.4082191288471222
2024-04-20 09:00:00,0.0,0.40821913,0,0.4082191288471222
2024-04-20 10:00:00,0.0,0.40821913,0,0.4082191288471222
2024-04-20 11:00:00,0.0,0.40821913,0,0.4082191288471222
2024-04-20 12:00:00,16.8,16.366035,0,-0.43396453857421946
2024-04-20 13:00:00,21.1,19.904493,0,-1.1955066680908217
2024-04-20 14:00:00,18.2,17.75834,0,-0.4416591644287102
2024-04-20 15:00:00,11.2,13.125943,0,1.9259431838989265
2024-04-20 16:00:00,5.6,6.30444,0,0.7044400215148929
2024-04-20 17:00:00,14.7,15.595694,0,0.8956935882568366
2024-04-20 18:00:00,19.6,19.147503,0,-0.45249710083007955
2024-04-20 19:00:00,17.5,17.751575,0,0.2515754699707031
2024-04-20 20:00:00,12.6,14.978144,0,2.378143692016602
2024-04-20 21:00:00,0.0,0.40821913,0,0.4082191288471222
2024-04-20 22:00:00,0.0,0.40821913,0,0.4082191288471222
2024-04-20 23:00:00,0.0,0.40821913,0,0.4082191288471222
2024-04-21 00:00:00,0.0,0.40821913,0,0.4082191288471222
2024-04-21 01:00:00,0.0,0.40821913,0,0.4082191288471222
2024-04-21 09:00:00,0.0,0.40821913,0,0.4082191288471222
2024-04-21 10:00:00,0.0,0.40821913,0,0.4082191288471222
2024-04-21 11:00:00,0.0,0.40821913,0,0.4082191288471222
2024-04-21 12:00:00,7.3,15.09724,0,7.797240447998047
2024-04-21 13:00:00,9.1,17.696333,0,8.596332931518555
2024-04-21 14:00:00,7.9,15.512635,0,7.612635231018066
2024-04-21 15:00:00,4.9,6.449422,0,1.5494218826293942
2024-04-21 16:00:00,2.4,4.827095,0,2.4270950317382813
2024-04-21 17:00:00,6.4,11.498291,0,5.098291015625
2024-04-21 18:00:00,8.5,17.242365,0,8.742364883422852
2024-04-21 19:00:00,7.6,14.76149,0,7.161489868164063
2024-04-21 20:00:00,5.5,7.9988723,0,2.4988722801208496
2024-04-21 21:00:00,0.0,0.40821913,0,0.4082191288471222
2024-04-21 22:00:00,0.0,0.40821913,0,0.4082191288471222
2024-04-21 23:00:00,0.0,0.40821913,0,0.4082191288471222
2024-04-22 00:00:00,0.0,0.40821913,0,0.4082191288471222
2024-04-22 01:00:00,0.0,0.40821913,0,0.4082191288471222
2024-04-22 09:00:00,0.0,0.40821913,0,0.4082191288471222
2024-04-22 10:00:00,0.0,0.40821913,0,0.4082191288471222
2024-04-22 11:00:00,0.0,0.40821913,0,0.4082191288471222
2024-04-22 12:00:00,6.5,5.7097173,0,-0.7902827262878418
2024-04-22 13:00:00,8.1,7.7124047,0,-0.38759527206420863
2024-04-22 14:00:00,7.0,6.5938134,0,-0.406186580657959
2024-04-22 15:00:00,4.3,5.1743727,0,0.8743726730346681
2024-04-22 16:00:00,2.2,2.3985145,0,0.19851450920104963
2024-04-22 17:00:00,5.7,5.8725557,0,0.1725557327270506
2024-04-22 18:00:00,7.6,6.7782054,0,-0.8217946052551266
2024-04-22 19:00:00,6.8,5.397514,0,-1.4024861335754393
2024-04-22 20:00:00,4.9,5.3894243,0,0.4894243240356442
2024-04-22 21:00:00,0.0,0.40821913,0,0.4082191288471222
2024-04-22 22:00:00,0.0,0.40821913,0,0.4082191288471222
2024-04-22 23:00:00,0.0,0.40821913,0,0.4082191288471222
2024-04-23 00:00:00,0.0,0.40821913,0,0.4082191288471222
2024-04-23 01:00:00,0.0,0.40821913,0,0.4082191288471222
2024-04-23 09:00:00,0.0,0.40821913,0,0.4082191288471222
2024-04-23 10:00:00,0.0,0.40821913,0,0.4082191288471222
2024-04-23 11:00:00,0.0,0.40821913,0,0.4082191288471222
2024-04-23 12:00:00,5.5,5.907122,0,0.4071221351623535
2024-04-23 13:00:00,6.9,8.273208,0,1.3732076644897457
2024-04-23 14:00:00,6.0,6.62576,0,0.6257600784301758
2024-04-23 15:00:00,3.7,4.955051,0,1.2550509452819822
2024-04-23 16:00:00,1.8,2.5688217,0,0.7688216686248779
2024-04-23 17:00:00,4.8,6.03878,0,1.238780212402344
2024-04-23 18:00:00,6.4,7.24429,0,0.8442898750305172
2024-04-23 19:00:00,5.7,5.8336873,0,0.13368730545043928
2024-04-23 20:00:00,4.1,5.0990033,0,0.9990033149719242
2024-04-23 21:00:00,0.0,0.40821913,0,0.4082191288471222
2024-04-23 22:00:00,0.0,0.40821913,0,0.4082191288471222
2024-04-23 23:00:00,0.0,0.40821913,0,0.4082191288471222
2024-04-24 00:00:00,0.0,0.40821913,0,0.4082191288471222
2024-04-24 01:00:00,0.0,0.40821913,0,0.4082191288471222
2024-04-24 09:00:00,0.0,0.40821913,0,0.4082191288471222
2024-04-24 10:00:00,0.0,0.40821913,0,0.4082191288471222
2024-04-24 11:00:00,0.0,0.40821913,0,0.4082191288471222
2024-04-24 12:00:00,6.9,5.755213,0,-1.1447872161865238
2024-04-24 13:00:00,8.6,7.6060405,0,-0.9939595222473141
2024-04-24 14:00:00,7.5,6.3089437,0,-1.191056251525879
2024-04-24 15:00:00,4.6,4.781472,0,0.181472206115723
2024-04-24 16:00:00,2.3,2.5625608,0,0.2625607967376711
2024-04-24 17:00:00,6.0,5.844635,0,-0.155364990234375
2024-04-24 18:00:00,8.1,7.717554,0,-0.3824459075927731
2024-04-24 19:00:00,7.2,6.373399,0,-0.8266012191772463
2024-04-24 20:00:00,5.2,5.2787237,0,0.07872371673583967
2024-04-24 21:00:00,0.0,0.40821913,0,0.4082191288471222
2024-04-24 22:00:00,0.0,0.40821913,0,0.4082191288471222
2024-04-24 23:00:00,0.0,0.40821913,0,0.4082191288471222
2024-04-25 00:00:00,0.0,0.40821913,0,0.4082191288471222
2024-04-25 01:00:00,0.0,0.40821913,0,0.4082191288471222
2024-04-25 09:00:00,0.0,0.40821913,0,0.4082191288471222
2024-04-25 10:00:00,0.0,0.40821913,0,0.4082191288471222
2024-04-25 11:00:00,0.0,0.40821913,0,0.4082191288471222
2024-04-25 12:00:00,8.9,10.727499,0,1.8274990081787106
2024-04-25 13:00:00,11.1,12.386181,0,1.2861808776855472
2024-04-25 14:00:00,9.6,11.127843,0,1.5278429031372074
2024-04-25 15:00:00,5.9,6.6406856,0,0.7406855583190914
2024-04-25 16:00:00,3.0,4.1941247,0,1.194124698638916
2024-04-25 17:00:00,7.7,10.475135,0,2.7751348495483397
2024-04-25 18:00:00,10.3,12.297659,0,1.9976589202880852
2024-04-25 19:00:00,9.2,11.020055,0,1.8200548171997077
2024-04-25 20:00:00,6.6,8.657772,0,2.0577720642089847
2024-04-25 21:00:00,0.0,0.40821913,0,0.4082191288471222
2024-04-25 22:00:00,0.0,0.40821913,0,0.4082191288471222
2024-04-25 23:00:00,0.0,0.40821913,0,0.4082191288471222
2024-04-26 00:00:00,0.0,0.40821913,0,0.4082191288471222
2024-04-26 01:00:00,0.0,0.40821913,0,0.4082191288471222
2024-04-26 09:00:00,0.0,0.40821913,0,0.4082191288471222
2024-04-26 10:00:00,0.0,0.40821913,0,0.4082191288471222
2024-04-26 11:00:00,0.0,0.40821913,0,0.4082191288471222
2024-04-26 12:00:00,14.3,13.294519,0,-1.0054805755615241
2024-04-26 13:00:00,17.8,15.906239,0,-1.8937614440917976
2024-04-26 14:00:00,15.5,14.928127,0,-0.5718727111816406
2024-04-26 15:00:00,9.5,11.10645,0,1.606450080871582
2024-04-26 16:00:00,4.8,5.1973104,0,0.39731044769287127
2024-04-26 17:00:00,12.5,12.696715,0,0.1967153549194336
2024-04-26 18:00:00,16.7,14.994184,0,-1.705816459655761
2024-04-26 19:00:00,14.9,14.296966,0,-0.6030344009399418
2024-04-26 20:00:00,10.7,11.891216,0,1.1912162780761726
2024-04-26 21:00:00,0.0,0.40821913,0,0.4082191288471222
2024-04-26 22:00:00,0.0,0.40821913,0,0.4082191288471222
2024-04-26 23:00:00,0.0,0.40821913,0,0.4082191288471222
2024-04-27 00:00:00,0.0,0.40821913,0,0.4082191288471222
2024-04-27 01:00:00,0.0,0.40821913,0,0.4082191288471222
2024-04-27 09:00:00,0.0,0.40821913,0,0.4082191288471222
2024-04-27 10:00:00,0.0,0.40821913,0,0.4082191288471222
2024-04-27 11:00:00,0.0,0.40821913,0,0.4082191288471222
2024-04-27 12:00:00,21.5,17.980421,0,-3.5195789337158203
2024-04-27 13:00:00,26.8,20.453264,0,-6.346735763549805
2024-04-27 14:00:00,23.2,18.837734,0,-4.36226577758789
2024-04-27 15:00:00,14.3,12.956935,0,-1.3430650711059577
2024-04-27 16:00:00,7.2,6.405996,0,-0.7940041542053224
2024-04-27 17:00:00,18.8,15.788191,0,-3.011809158325196
2024-04-27 18:00:00,25.0,21.15698,0,-3.843019485473633
2024-04-27 19:00:00,22.3,18.902618,0,-3.3973815917968757
2024-04-27 20:00:00,16.1,14.308422,0,-1.7915779113769545
2024-04-27 21:00:00,0.0,0.40821913,0,0.4082191288471222
2024-04-27 22:00:00,0.0,0.40821913,0,0.4082191288471222
2024-04-27 23:00:00,0.0,0.40821913,0,0.4082191288471222
2024-04-28 00:00:00,0.0,0.40821913,0,0.4082191288471222
2024-04-28 01:00:00,0.0,0.40821913,0,0.4082191288471222
2024-04-28 09:00:00,0.0,0.40821913,0,0.4082191288471222
2024-04-28 10:00:00,0.0,0.40821913,0,0.4082191288471222
2024-04-28 11:00:00,0.0,0.40821913,0,0.4082191288471222
2024-04-28 12:00:00,8.1,13.279327,0,5.179327392578125
2024-04-28 13:00:00,10.2,17.734112,0,7.534111785888673
2024-04-28 14:00:00,8.8,15.706505,0,6.906504821777343
2024-04-28 15:00:00,5.4,7.912442,0,2.5124422073364254
2024-04-28 16:00:00,2.7,5.5612864,0,2.861286449432373
2024-04-28 17:00:00,7.1,11.52085,0,4.42085018157959
2024-04-28 18:00:00,9.5,16.769875,0,7.269874572753906
2024-04-28 19:00:00,8.5,16.198273,0,7.698272705078125
2024-04-28 20:00:00,6.1,9.145426,0,3.0454257965087894
2024-04-28 21:00:00,0.0,0.40821913,0,0.4082191288471222
2024-04-28 22:00:00,0.0,0.40821913,0,0.4082191288471222
2024-04-28 23:00:00,0.0,0.40821913,0,0.4082191288471222
2024-04-29 00:00:00,0.0,0.40821913,0,0.4082191288471222
2024-04-29 01:00:00,0.0,0.40821913,0,0.4082191288471222
2024-04-29 09:00:00,0.0,0.40821913,0,0.4082191288471222
2024-04-29 10:00:00,0.0,0.40821913,0,0.4082191288471222
2024-04-29 11:00:00,0.0,0.40927625,0,0.40927624702453613
2024-04-29 12:00:00,6.8,6.1302037,0,-0.6697962760925291
2024-04-29 13:00:00,8.5,8.248774,0,-0.25122642517089844
2024-04-29 14:00:00,7.4,7.036307,0,-0.3636931419372562
2024-04-29 15:00:00,4.5,6.0283933,0,1.528393268585205
2024-04-29 16:00:00,2.3,2.448581,0,0.1485809803009035
2024-04-29 17:00:00,6.0,6.0779905,0,0.07799053192138672
2024-04-29 18:00:00,7.9,7.1984873,0,-0.701512718200684
2024-04-29 19:00:00,7.1,6.9892483,0,-0.11075172424316371
2024-04-29 20:00:00,5.1,5.874024,0,0.7740239143371586
2024-04-29 21:00:00,0.0,0.40821913,0,0.4082191288471222
2024-04-29 22:00:00,0.0,0.40821913,0,0.4082191288471222
2024-04-29 23:00:00,0.0,0.40821913,0,0.4082191288471222
2024-04-30 00:00:00,0.0,0.40821913,0,0.4082191288471222
2024-04-30 01:00:00,0.0,0.40821913,0,0.4082191288471222
2024-04-30 09:00:00,0.0,0.40821913,0,0.4082191288471222
2024-04-30 10:00:00,0.0,0.40821913,0,0.4082191288471222
2024-04-30 11:00:00,0.0,0.40821913,0,0.4082191288471222
2024-04-30 12:00:00,5.7,6.2329397,0,0.5329397201538084
2024-04-30 13:00:00,7.2,7.165465,0,-0.03453512191772479
2024-04-30 14:00:00,6.2,6.7877336,0,0.5877335548400877
2024-04-30 15:00:00,3.8,5.0729403,0,1.2729403495788576
2024-04-30 16:00:00,1.9,2.6687527,0,0.768752670288086
2024-04-30 17:00:00,5.0,6.533903,0,1.5339031219482422
2024-04-30 18:00:00,6.7,6.8173313,0,0.11733131408691388
2024-04-30 19:00:00,6.0,6.0456557,0,0.04565572738647461
2024-04-30 20:00:00,4.3,5.6393,0,1.3392998695373537
2024-04-30 21:00:00,0.0,0.40821913,0,0.4082191288471222
2024-04-30 22:00:00,0.0,0.40821913,0,0.4082191288471222
2024-04-30 23:00:00,0.0,0.40821913,0,0.4082191288471222
2024-05-01 00:00:00,0.0,0.40821913,0,0.4082191288471222
2024-05-01 01:00:00,0.0,0.40821913,0,0.4082191288471222
2024-05-01 09:00:00,0.0,0.40821913,0,0.4082191288471222
2024-05-01 10:00:00,0.0,0.40821913,0,0.4082191288471222
2024-05-01 11:00:00,0.0,0.40821913,0,0.4082191288471222
2024-05-01 12:00:00,5.7,7.0844045,0,1.3844044685363768
2024-05-01 13:00:00,7.1,8.935768,0,1.8357681274414066
2024-05-01 14:00:00,6.1,7.2202935,0,1.1202935218811039
2024-05-01 15:00:00,3.8,5.2422347,0,1.4422347068786623
2024-05-01 16:00:00,1.9,2.7201185,0,0.8201185226440431
2024-05-01 17:00:00,4.9,6.226063,0,1.3260627746582028
2024-05-01 18:00:00,6.6,7.816144,0,1.2161439895629886
2024-05-01 19:00:00,5.9,7.2027407,0,1.302740669250488
2024-05-01 20:00:00,4.2,5.7084227,0,1.5084226608276365
2024-05-01 21:00:00,0.0,0.40821913,0,0.4082191288471222
2024-05-01 22:00:00,0.0,0.40821913,0,0.4082191288471222
2024-05-01 23:00:00,0.0,0.40821913,0,0.4082191288471222
2024-05-02 00:00:00,0.0,0.40821913,0,0.4082191288471222
2024-05-02 01:00:00,0.0,0.40821913,0,0.4082191288471222
2024-05-02 09:00:00,0.0,0.40821913,0,0.4082191288471222
2024-05-02 10:00:00,0.0,0.40821913,0,0.4082191288471222
2024-05-02 11:00:00,0.0,0.40821913,0,0.4082191288471222
2024-05-02 12:00:00,8.7,9.031493,0,0.3314931869506843
2024-05-02 13:00:00,10.9,11.337382,0,0.4373823165893551
2024-05-02 14:00:00,9.4,9.609964,0,0.2099643707275387
2024-05-02 15:00:00,5.8,6.3138685,0,0.5138685226440431
2024-05-02 16:00:00,2.9,3.8941338,0,0.9941338062286378
2024-05-02 17:00:00,7.6,7.822478,0,0.22247781753540075
2024-05-02 18:00:00,10.1,10.966341,0,0.8663410186767582
2024-05-02 19:00:00,9.1,9.650189,0,0.5501893997192386
2024-05-02 20:00:00,6.5,6.915653,0,0.4156532287597656
2024-05-02 21:00:00,0.0,0.40821913,0,0.4082191288471222
2024-05-02 22:00:00,0.0,0.40821913,0,0.4082191288471222
2024-05-02 23:00:00,0.0,0.40821913,0,0.4082191288471222
2024-05-03 00:00:00,0.0,0.40821913,0,0.4082191288471222
2024-05-03 01:00:00,0.0,0.40821913,0,0.4082191288471222
2024-05-03 09:00:00,0.0,0.40821913,0,0.4082191288471222
2024-05-03 10:00:00,0.0,0.40821913,0,0.4082191288471222
2024-05-03 11:00:00,0.0,0.40821913,0,0.4082191288471222
2024-05-03 12:00:00,12.4,13.577179,0,1.1771789550781246
2024-05-03 13:00:00,15.5,15.168289,0,-0.3317108154296875
2024-05-03 14:00:00,13.5,13.860975,0,0.3609752655029297
2024-05-03 15:00:00,8.3,8.669713,0,0.3697130203247063
2024-05-03 16:00:00,4.1,5.3091593,0,1.2091592788696293
2024-05-03 17:00:00,10.9,11.5599375,0,0.659937477111816
2024-05-03 18:00:00,14.5,14.587277,0,0.08727741241455078
2024-05-03 19:00:00,12.9,13.622185,0,0.7221847534179684
2024-05-03 20:00:00,9.3,10.345119,0,1.0451194763183587
2024-05-03 21:00:00,0.0,0.40821913,0,0.4082191288471222
2024-05-03 22:00:00,0.0,0.40821913,0,0.4082191288471222
2024-05-03 23:00:00,0.0,0.40821913,0,0.4082191288471222
2024-05-04 00:00:00,0.0,0.40821913,0,0.4082191288471222
2024-05-04 01:00:00,0.0,0.40821913,0,0.4082191288471222
2024-05-04 09:00:00,0.0,0.40821913,0,0.4082191288471222
2024-05-04 10:00:00,0.0,0.40821913,0,0.4082191288471222
2024-05-04 11:00:00,0.0,0.40821913,0,0.4082191288471222
2024-05-04 12:00:00,20.8,16.12091,0,-4.679089355468751
2024-05-04 13:00:00,26.0,19.98788,0,-6.012119293212891
2024-05-04 14:00:00,22.5,17.85368,0,-4.646320343017578
2024-05-04 15:00:00,13.9,13.334401,0,-0.5655988693237308
2024-05-04 16:00:00,6.9,6.8969955,0,-0.0030044555664066053
2024-05-04 17:00:00,18.2,15.876809,0,-2.3231908798217766
2024-05-04 18:00:00,24.3,19.346792,0,-4.953207778930665
2024-05-04 19:00:00,21.7,17.62024,0,-4.079760742187499
2024-05-04 20:00:00,15.6,14.645492,0,-0.9545083999633786
2024-05-04 21:00:00,0.0,0.40821913,0,0.4082191288471222
2024-05-04 22:00:00,0.0,0.40821913,0,0.4082191288471222
2024-05-04 23:00:00,0.0,0.40821913,0,0.4082191288471222
2024-05-05 00:00:00,0.0,0.40821913,0,0.4082191288471222
2024-05-05 01:00:00,0.0,0.40821913,0,0.4082191288471222
2024-05-05 09:00:00,0.0,0.40821913,0,0.4082191288471222
2024-05-05 10:00:00,0.0,0.40821913,0,0.4082191288471222
2024-05-05 11:00:00,0.0,0.40821913,0,0.4082191288471222
2024-05-05 12:00:00,11.5,15.075554,0,3.5755538940429688
2024-05-05 13:00:00,14.4,17.815075,0,3.4150749206542965
2024-05-05 14:00:00,12.5,14.3345,0,1.8345003128051758
2024-05-05 15:00:00,7.7,8.909262,0,1.2092617034912108
2024-05-05 16:00:00,3.8,5.3751225,0,1.5751225471496584
2024-05-05 17:00:00,10.1,10.430158,0,0.33015766143798864
2024-05-05 18:00:00,13.4,16.852213,0,3.4522129058837887
2024-05-05 19:00:00,12.0,13.4689045,0,1.4689044952392578
2024-05-05 20:00:00,8.6,8.669672,0,0.06967201232910192
2024-05-05 21:00:00,0.0,0.40821913,0,0.4082191288471222
2024-05-05 22:00:00,0.0,0.40821913,0,0.4082191288471222
2024-05-05 23:00:00,0.0,0.40821913,0,0.4082191288471222
2024-05-06 00:00:00,0.0,0.40821913,0,0.4082191288471222
2024-08-11 09:00:00,0.0,0.0,1,0.0
2024-08-11 10:00:00,0.0,0.0,1,0.0
2024-08-11 11:00:00,0.0,0.0,1,0.0
2024-08-11 12:00:00,12.1,11.26154,1,-0.8384595870971676
2024-08-11 13:00:00,15.2,14.295467,1,-0.9045326232910149
2024-08-11 14:00:00,13.2,12.053394,1,-1.1466056823730462
2024-08-11 15:00:00,8.1,7.720719,1,-0.37928113937377894
2024-08-11 16:00:00,4.0,4.160278,1,0.1602778434753418
2024-08-11 17:00:00,10.6,9.603488,1,-0.9965120315551754
2024-08-11 18:00:00,14.2,12.3843155,1,-1.815684509277343
2024-08-11 19:00:00,12.6,11.280149,1,-1.3198505401611325
2024-08-11 20:00:00,9.1,7.683532,1,-1.4164677619934078
2024-08-11 21:00:00,0.0,0.0,1,0.0
2024-08-11 22:00:00,0.0,0.0,1,0.0
2024-08-11 23:00:00,0.0,0.0,1,0.0
2024-08-12 00:00:00,0.0,0.0,1,0.0
2024-08-12 01:00:00,0.0,0.0,1,0.0
2024-08-12 09:00:00,0.0,0.0,1,0.0
2024-08-12 10:00:00,0.0,0.0,1,0.0
2024-08-12 11:00:00,0.0,0.0,1,0.0
2024-08-12 12:00:00,7.8,7.289045,1,-0.5109551429748533
2024-08-12 13:00:00,9.8,8.41298,1,-1.3870199203491218
2024-08-12 14:00:00,8.5,7.4485393,1,-1.0514607429504395
2024-08-12 15:00:00,5.2,5.35757,1,0.157570171356201
2024-08-12 16:00:00,2.6,2.926444,1,0.32644405364990225
2024-08-12 17:00:00,6.9,6.8007474,1,-0.09925260543823278
2024-08-12 18:00:00,9.1,7.6360927,1,-1.4639073371887203
2024-08-12 19:00:00,8.2,7.0395136,1,-1.1604864120483391
2024-08-12 20:00:00,5.9,6.0403934,1,0.14039335250854457
2024-08-12 21:00:00,0.0,0.0,1,0.0
2024-08-12 22:00:00,0.0,0.0,1,0.0
2024-08-12 23:00:00,0.0,0.0,1,0.0
2024-08-13 00:00:00,0.0,0.0,1,0.0
2024-08-13 01:00:00,0.0,0.0,1,0.0
2024-08-13 09:00:00,0.0,0.0,1,0.0
2024-08-13 10:00:00,0.0,0.0,1,0.0
2024-08-13 11:00:00,0.0,0.0040059304,1,0.004005930386483669
2024-08-13 12:00:00,9.9,6.9371543,1,-2.9628457069396976
2024-08-13 13:00:00,12.4,7.506691,1,-4.893309020996094
2024-08-13 14:00:00,10.8,7.20456,1,-3.5954401969909675
2024-08-13 15:00:00,6.6,4.745123,1,-1.8548770904541012
2024-08-13 16:00:00,3.3,2.2881444,1,-1.01185564994812
2024-08-13 17:00:00,8.7,6.28923,1,-2.41077013015747
2024-08-13 18:00:00,11.6,7.135612,1,-4.464387989044189
2024-08-13 19:00:00,10.4,6.858239,1,-3.54176082611084
2024-08-13 20:00:00,7.5,5.324784,1,-2.1752161979675293
2024-08-13 21:00:00,0.0,0.0,1,0.0
2024-08-13 22:00:00,0.0,0.0,1,0.0
2024-08-13 23:00:00,0.0,0.0,1,0.0
2024-08-14 00:00:00,0.0,0.054224767,1,0.05422476679086685
2024-08-14 01:00:00,0.0,0.054224767,1,0.05422476679086685
2024-08-14 09:00:00,0.0,0.054224767,1,0.05422476679086685
2024-08-14 10:00:00,0.0,0.047140982,1,0.04714098200201988
2024-08-14 11:00:00,0.0,0.02779005,1,0.027790049090981483
2024-08-14 12:00:00,10.0,8.428835,1,-1.5711650848388672
2024-08-14 13:00:00,12.4,8.568684,1,-3.8313163757324222
2024-08-14 14:00:00,10.8,8.631114,1,-2.1688859939575202
2024-08-14 15:00:00,6.6,6.942093,1,0.34209289550781286
2024-08-14 16:00:00,3.3,3.0736215,1,-0.22637848854064924
2024-08-14 17:00:00,8.7,7.708795,1,-0.9912049293518059
2024-08-14 18:00:00,11.6,8.693046,1,-2.9069543838500973
2024-08-14 19:00:00,10.4,8.264034,1,-2.135965728759766
2024-08-14 20:00:00,7.5,6.903079,1,-0.5969209671020508
2024-08-14 21:00:00,0.0,0.039508678,1,0.03950867801904678
2024-08-14 22:00:00,0.0,0.039508678,1,0.03950867801904678
2024-08-14 23:00:00,0.0,0.040938295,1,0.04093829542398453
2024-08-15 00:00:00,0.0,0.0,1,0.0
2024-08-15 01:00:00,0.0,0.0,1,0.0
2024-08-15 09:00:00,0.0,0.0,1,0.0
2024-08-15 10:00:00,0.0,0.0,1,0.0
2024-08-15 11:00:00,0.0,0.0,1,0.0
2024-08-15 12:00:00,12.1,8.397085,1,-3.7029148101806637
2024-08-15 13:00:00,15.1,9.861801,1,-5.238198852539062
2024-08-15 14:00:00,13.1,7.9482584,1,-5.151741600036621
2024-08-15 15:00:00,8.1,6.6912427,1,-1.4087573051452633
2024-08-15 16:00:00,4.0,3.4988687,1,-0.5011312961578369
2024-08-15 17:00:00,10.6,7.2874746,1,-3.312525367736816
2024-08-15 18:00:00,14.1,9.585627,1,-4.514373397827148
2024-08-15 19:00:00,12.6,7.8853936,1,-4.714606380462646
2024-08-15 20:00:00,9.1,7.00809,1,-2.0919099807739254
2024-08-15 21:00:00,0.0,0.0,1,0.0
2024-08-15 22:00:00,0.0,0.0,1,0.0
2024-08-15 23:00:00,0.0,0.0,1,0.0
2024-08-16 00:00:00,0.0,0.022788854,1,0.02278885431587696
2024-08-16 01:00:00,0.0,0.024218472,1,0.024218471720814705
2024-08-16 09:00:00,0.0,0.0,1,0.0
2024-08-16 10:00:00,0.0,0.0,1,0.0
2024-08-16 11:00:00,0.0,0.0,1,0.0
2024-08-16 12:00:00,16.3,11.659499,1,-4.640500831604005
2024-08-16 13:00:00,20.4,14.971693,1,-5.428306961059569
2024-08-16 14:00:00,17.7,12.553088,1,-5.146911811828613
2024-08-16 15:00:00,10.9,7.623643,1,-3.2763570785522464
2024-08-16 16:00:00,5.4,4.6778717,1,-0.7221282958984379
2024-08-16 17:00:00,14.3,9.658058,1,-4.6419418334960945
2024-08-16 18:00:00,19.1,13.792652,1,-5.307347869873048
2024-08-16 19:00:00,17.0,12.217657,1,-4.782342910766602
2024-08-16 20:00:00,12.3,9.15753,1,-3.1424701690673835
2024-08-16 21:00:00,0.0,0.0,1,0.0
2024-08-16 22:00:00,0.0,0.0,1,0.0
2024-08-16 23:00:00,0.0,0.0,1,0.0
2024-08-17 00:00:00,0.0,0.0,1,0.0
2024-08-17 01:00:00,0.0,0.024218472,1,0.024218471720814705
2024-08-17 09:00:00,0.0,0.0,1,0.0
2024-08-17 10:00:00,0.0,0.0,1,0.0
2024-08-17 11:00:00,0.0,0.0,1,0.0
2024-08-17 12:00:00,21.6,17.675451,1,-3.924548721313478
2024-08-17 13:00:00,27.0,19.79216,1,-7.2078399658203125
2024-08-17 14:00:00,23.4,19.359756,1,-4.040243530273436
2024-08-17 15:00:00,14.4,14.673375,1,0.2733751296997067
2024-08-17 16:00:00,7.2,6.4738374,1,-0.726162624359131
2024-08-17 17:00:00,18.9,19.17918,1,0.2791801452636733
2024-08-17 18:00:00,25.2,22.309856,1,-2.8901435852050774
2024-08-17 19:00:00,22.5,21.29093,1,-1.2090702056884766
2024-08-17 20:00:00,16.2,17.818111,1,1.618111419677735
2024-08-17 21:00:00,0.0,0.0,1,0.0
2024-08-17 22:00:00,0.0,0.0,1,0.0
2024-08-17 23:00:00,0.0,0.0,1,0.0
2024-08-18 00:00:00,0.0,0.0,1,0.0
2024-08-18 01:00:00,0.0,0.024218472,1,0.024218471720814705
2024-08-18 09:00:00,0.0,0.0,1,0.0
2024-08-18 10:00:00,0.0,0.0,1,0.0
2024-08-18 11:00:00,0.0,0.0,1,0.0
2024-08-18 12:00:00,14.3,12.912601,1,-1.387398529052735
2024-08-18 13:00:00,17.9,14.389109,1,-3.5108913421630845
2024-08-18 14:00:00,15.5,12.374271,1,-3.1257286071777344
2024-08-18 15:00:00,9.6,10.64822,1,1.0482200622558597
2024-08-18 16:00:00,4.8,5.8469324,1,1.0469324111938478
2024-08-18 17:00:00,12.5,12.642829,1,0.14282894134521484
2024-08-18 18:00:00,16.7,13.80511,1,-2.8948900222778313
2024-08-18 19:00:00,14.9,12.343005,1,-2.5569948196411136
2024-08-18 20:00:00,10.7,8.479357,1,-2.220643234252929
2024-08-18 21:00:00,0.0,0.0,1,0.0
2024-08-18 22:00:00,0.0,0.0,1,0.0
2024-08-18 23:00:00,0.0,0.022788854,1,0.02278885431587696
2024-08-19 00:00:00,0.0,0.02532479,1,0.025324789807200432
2024-08-19 01:00:00,0.0,0.02532479,1,0.025324789807200432
2024-08-19 09:00:00,0.0,0.0,1,0.0
2024-08-19 10:00:00,0.0,0.013824718,1,0.013824718073010445
2024-08-19 11:00:00,0.0,0.0,1,0.0
2024-08-19 12:00:00,9.9,7.6366386,1,-2.2633613586425785
2024-08-19 13:00:00,12.4,8.567901,1,-3.8320993423461918
2024-08-19 14:00:00,10.8,7.530795,1,-3.2692049026489265
2024-08-19 15:00:00,6.6,5.956623,1,-0.6433769226074215
2024-08-19 16:00:00,3.3,2.8673306,1,-0.4326694488525389
2024-08-19 17:00:00,8.7,7.902699,1,-0.797301006317138
2024-08-19 18:00:00,11.6,9.143752,1,-2.4562479019165036
2024-08-19 19:00:00,10.3,7.0750275,1,-3.224972534179688
2024-08-19 20:00:00,7.4,6.2275724,1,-1.1724275588989261
2024-08-19 21:00:00,0.0,0.0,1,0.0
2024-08-19 22:00:00,0.0,0.0,1,0.0
2024-08-19 23:00:00,0.0,0.0,1,0.0
2024-08-20 00:00:00,0.0,0.0,1,0.0
2024-08-20 01:00:00,0.0,0.0,1,0.0
2024-08-20 09:00:00,0.0,0.024218472,1,0.024218471720814705
2024-08-20 10:00:00,0.0,0.0,1,0.0
2024-08-20 11:00:00,0.0,0.0,1,0.0
2024-08-20 12:00:00,7.8,6.88158,1,-0.9184201240539549
2024-08-20 13:00:00,9.8,7.3215775,1,-2.478422451019288
2024-08-20 14:00:00,8.5,6.7264414,1,-1.7735586166381836
2024-08-20 15:00:00,5.2,4.9679303,1,-0.23206968307495135
2024-08-20 16:00:00,2.6,2.6666324,1,0.06663241386413565
2024-08-20 17:00:00,6.8,6.5277405,1,-0.2722595214843748
2024-08-20 18:00:00,9.1,7.0123777,1,-2.087622261047363
2024-08-20 19:00:00,8.1,6.6149077,1,-1.4850922584533688
2024-08-20 20:00:00,5.9,5.4673095,1,-0.432690525054932
2024-08-20 21:00:00,0.0,0.022788854,1,0.02278885431587696
2024-08-20 22:00:00,0.0,0.022788854,1,0.02278885431587696
2024-08-20 23:00:00,0.0,0.024218472,1,0.024218471720814705
2024-08-21 00:00:00,0.0,0.024218472,1,0.024218471720814705
2024-08-21 01:00:00,0.0,0.024218472,1,0.024218471720814705
2024-08-21 09:00:00,0.0,0.0,1,0.0
2024-08-21 10:00:00,0.0,0.0,1,0.0
2024-08-21 11:00:00,0.0,0.0,1,0.0
2024-08-21 12:00:00,7.7,6.921555,1,-0.7784449577331545
2024-08-21 13:00:00,9.6,7.6635685,1,-1.936431503295898
2024-08-21 14:00:00,8.3,7.2313404,1,-1.0686595916748054
2024-08-21 15:00:00,5.1,5.7382507,1,0.6382507324218754
2024-08-21 16:00:00,2.6,2.8468761,1,0.2468761444091796
2024-08-21 17:00:00,6.7,6.747828,1,0.04782800674438459
2024-08-21 18:00:00,8.9,7.0247464,1,-1.8752535820007328
2024-08-21 19:00:00,8.0,6.7898064,1,-1.2101936340332031
2024-08-21 20:00:00,5.8,6.361378,1,0.5613781929016115
2024-08-21 21:00:00,0.0,0.0,1,0.0
2024-08-21 22:00:00,0.0,0.0,1,0.0
2024-08-21 23:00:00,0.0,0.0,1,0.0
2024-08-22 00:00:00,0.0,0.10614932,1,0.10614932328462601
2024-08-22 01:00:00,0.0,0.10618774,1,0.10618773847818375
2024-08-22 09:00:00,0.0,0.047140982,1,0.04714098200201988
2024-08-22 10:00:00,0.0,0.047140982,1,0.04714098200201988
2024-08-22 11:00:00,0.0,0.045711365,1,0.04571136459708214
2024-08-22 12:00:00,10.6,8.830982,1,-1.7690177917480465
2024-08-22 13:00:00,13.3,10.50217,1,-2.7978303909301765
2024-08-22 14:00:00,11.5,9.579921,1,-1.920079231262207
2024-08-22 15:00:00,7.1,7.751792,1,0.6517919540405277
2024-08-22 16:00:00,3.5,3.7305052,1,0.23050522804260254
2024-08-22 17:00:00,9.3,8.342581,1,-0.9574192047119148
2024-08-22 18:00:00,12.4,9.344891,1,-3.0551094055175785
2024-08-22 19:00:00,11.0,8.646128,1,-2.353872299194336
2024-08-22 20:00:00,8.0,8.139966,1,0.13996601104736328
2024-08-22 21:00:00,0.0,0.05279515,1,0.05279514938592911
2024-08-22 22:00:00,0.0,0.05279515,1,0.05279514938592911
2024-08-22 23:00:00,0.0,0.054224767,1,0.05422476679086685
2024-08-23 00:00:00,0.0,0.022788854,1,0.02278885431587696
2024-08-23 01:00:00,0.0,0.024218472,1,0.024218471720814705
2024-08-23 09:00:00,0.0,0.024256887,1,0.024256886914372444
2024-08-23 10:00:00,0.0,0.0,1,0.0
2024-08-23 11:00:00,0.0,0.0,1,0.0
2024-08-23 12:00:00,16.6,11.72852,1,-4.871479606628419
2024-08-23 13:00:00,20.7,15.893349,1,-4.806651306152343
2024-08-23 14:00:00,18.0,13.250301,1,-4.749698638916016
2024-08-23 15:00:00,11.1,8.029815,1,-3.070185279846191
2024-08-23 16:00:00,5.5,4.799123,1,-0.7008771896362305
2024-08-23 17:00:00,14.5,9.970948,1,-4.529051780700684
2024-08-23 18:00:00,19.3,14.025341,1,-5.274658966064454
2024-08-23 19:00:00,17.3,12.594578,1,-4.70542221069336
2024-08-23 20:00:00,12.4,9.680837,1,-2.719163322448731
2024-08-23 21:00:00,0.0,0.022788854,1,0.02278885431587696
2024-08-23 22:00:00,0.0,0.022788854,1,0.02278885431587696
2024-08-23 23:00:00,0.0,0.022788854,1,0.02278885431587696
2024-08-24 00:00:00,0.0,0.022788854,1,0.02278885431587696
2024-08-24 01:00:00,0.0,0.024218472,1,0.024218471720814705
2024-08-24 09:00:00,0.0,0.024218472,1,0.024218471720814705
2024-08-24 10:00:00,0.0,0.022788854,1,0.02278885431587696
2024-08-24 11:00:00,0.0,0.0,1,0.0
2024-08-24 12:00:00,22.5,17.69312,1,-4.806880950927734
2024-08-24 13:00:00,28.1,20.552893,1,-7.547107315063478
2024-08-24 14:00:00,24.3,20.881336,1,-3.4186637878417976
2024-08-24 15:00:00,15.0,16.643719,1,1.6437187194824219
2024-08-24 16:00:00,7.5,8.762626,1,1.2626256942749023
2024-08-24 17:00:00,19.7,27.53356,1,7.833559799194337
2024-08-24 18:00:00,26.2,30.445465,1,4.245465087890626
2024-08-24 19:00:00,23.4,27.286196,1,3.8861957550048842
2024-08-24 20:00:00,16.9,23.621675,1,6.721675491333009
2024-08-24 21:00:00,0.0,0.09764493,1,0.09764493256807327
2024-08-24 22:00:00,0.0,0.09764493,1,0.09764493256807327
2024-08-24 23:00:00,0.0,0.09764493,1,0.09764493256807327
2024-08-25 00:00:00,0.0,0.01761789,1,0.01761789061129093
2024-08-25 01:00:00,0.0,0.01761789,1,0.01761789061129093
2024-08-25 09:00:00,0.0,0.01761789,1,0.01761789061129093
2024-08-25 10:00:00,0.0,0.0,1,0.0
2024-08-25 11:00:00,0.0,0.051357165,1,0.05135716497898102
2024-08-25 12:00:00,11.0,17.359468,1,6.359468460083008
2024-08-25 13:00:00,13.7,20.878645,1,7.178644943237305
2024-08-25 14:00:00,11.9,13.340735,1,1.4407354354858395
2024-08-25 15:00:00,7.3,9.362562,1,2.06256217956543
2024-08-25 16:00:00,3.7,5.7089505,1,2.0089505195617674
2024-08-25 17:00:00,9.6,10.651136,1,1.05113639831543
2024-08-25 18:00:00,12.8,12.477893,1,-0.322107124328614
2024-08-25 19:00:00,11.4,10.964421,1,-0.4355787277221683
2024-08-25 20:00:00,8.2,9.640137,1,1.4401367187500007
2024-08-25 21:00:00,0.0,0.0,1,0.0
2024-08-25 22:00:00,0.0,0.0,1,0.0
2024-08-25 23:00:00,0.0,0.0,1,0.0
2024-08-26 00:00:00,0.0,0.0,1,0.0
2024-08-26 01:00:00,0.0,0.0,1,0.0
2024-08-26 09:00:00,0.0,0.0,1,0.0
2024-08-26 10:00:00,0.0,0.0,1,0.0
2024-08-26 11:00:00,0.0,0.0,1,0.0
2024-08-26 12:00:00,7.1,8.674034,1,1.574034118652344
2024-08-26 13:00:00,8.9,9.102427,1,0.2024265289306637
2024-08-26 14:00:00,7.7,9.234014,1,1.5340135574340819
2024-08-26 15:00:00,4.7,5.95577,1,1.2557700157165526
2024-08-26 16:00:00,2.4,3.0783696,1,0.6783696174621583
2024-08-26 17:00:00,6.2,7.686605,1,1.4866049766540526
2024-08-26 18:00:00,8.3,8.937229,1,0.6372291564941399
2024-08-26 19:00:00,7.4,8.124256,1,0.7242561340332028
2024-08-26 20:00:00,5.3,6.3916283,1,1.0916282653808596
2024-08-26 21:00:00,0.0,0.0,1,0.0
2024-08-26 22:00:00,0.0,0.0,1,0.0
2024-08-26 23:00:00,0.0,0.0,1,0.0
2024-08-27 00:00:00,0.0,0.0,1,0.0
2024-08-27 01:00:00,0.0,0.0,1,0.0
2024-08-27 09:00:00,0.0,0.0,1,0.0
2024-08-27 10:00:00,0.0,0.0,1,0.0
2024-08-27 11:00:00,0.0,0.007026878,1,0.00702687818557024
2024-08-27 12:00:00,7.2,8.238609,1,1.0386093139648436
2024-08-27 13:00:00,9.0,9.550044,1,0.550044059753418
2024-08-27 14:00:00,7.8,8.436786,1,0.6367856979370119
2024-08-27 15:00:00,4.8,5.319497,1,0.5194971084594728
2024-08-27 16:00:00,2.4,2.9504228,1,0.550422763824463
2024-08-27 17:00:00,6.3,7.268316,1,0.9683157920837404
2024-08-27 18:00:00,8.4,8.522329,1,0.12232933044433558
2024-08-27 19:00:00,7.5,7.9707227,1,0.47072267532348633
2024-08-27 20:00:00,5.4,5.6987042,1,0.2987042427062985
2024-08-27 21:00:00,0.0,0.0,1,0.0
2024-08-27 22:00:00,0.0,0.0,1,0.0
2024-08-27 23:00:00,0.0,0.0,1,0.0
2024-08-28 00:00:00,0.0,0.0,1,0.0
2024-08-28 01:00:00,0.0,0.0,1,0.0
2024-08-28 09:00:00,0.0,0.0,1,0.0
2024-08-28 10:00:00,0.0,0.0,1,0.0
2024-08-28 11:00:00,0.0,0.025016349,1,0.02501634880900383
2024-08-28 12:00:00,6.1,8.280237,1,2.180237197875977
2024-08-28 13:00:00,7.6,9.935317,1,2.3353170394897464
2024-08-28 14:00:00,6.6,8.536952,1,1.9369520187377933
2024-08-28 15:00:00,4.1,5.9029813,1,1.802981281280518
2024-08-28 16:00:00,2.0,2.8938339,1,0.8938338756561279
2024-08-28 17:00:00,5.3,6.912239,1,1.6122390747070314
2024-08-28 18:00:00,7.1,8.262279,1,1.1622785568237308
2024-08-28 19:00:00,6.3,7.641861,1,1.3418609619140627
2024-08-28 20:00:00,4.6,6.0165653,1,1.416565322875977
2024-08-28 21:00:00,0.0,0.0,1,0.0
2024-08-28 22:00:00,0.0,0.024218472,1,0.024218471720814705
2024-08-28 23:00:00,0.0,0.024218472,1,0.024218471720814705
2024-08-29 00:00:00,0.0,0.024218472,1,0.024218471720814705
2024-08-29 01:00:00,0.0,0.024218472,1,0.024218471720814705
2024-08-29 09:00:00,0.0,0.024218472,1,0.024218471720814705
2024-08-29 10:00:00,0.0,0.0,1,0.0
2024-08-29 11:00:00,0.0,0.010440041,1,0.010440041311085224
2024-08-29 12:00:00,12.0,9.028954,1,-2.9710464477539062
2024-08-29 13:00:00,15.0,10.705538,1,-4.294462203979492
2024-08-29 14:00:00,13.0,9.446584,1,-3.5534162521362305
2024-08-29 15:00:00,8.0,7.0755763,1,-0.9244236946105957
2024-08-29 16:00:00,4.0,4.000045,1,4.482269287109375e-05
2024-08-29 17:00:00,10.5,8.175485,1,-2.3245153427124023
2024-08-29 18:00:00,14.0,11.016415,1,-2.9835853576660156
2024-08-29 19:00:00,12.5,9.506219,1,-2.993781089782715
2024-08-29 20:00:00,9.0,7.8953853,1,-1.1046147346496582
2024-08-29 21:00:00,0.0,0.0,1,0.0
2024-08-29 22:00:00,0.0,0.022788854,1,0.02278885431587696
2024-08-29 23:00:00,0.0,0.024218472,1,0.024218471720814705
2024-08-30 00:00:00,0.0,0.022788854,1,0.02278885431587696
2024-08-30 01:00:00,0.0,0.024218472,1,0.024218471720814705
2024-08-30 09:00:00,0.0,0.024218472,1,0.024218471720814705
2024-08-30 10:00:00,0.0,0.0,1,0.0
2024-08-30 11:00:00,0.0,0.0,1,0.0
2024-08-30 12:00:00,15.0,13.281822,1,-1.7181777954101562
2024-08-30 13:00:00,18.8,17.673355,1,-1.1266448974609382
2024-08-30 14:00:00,16.3,14.672705,1,-1.6272953033447273
2024-08-30 15:00:00,10.0,8.519232,1,-1.4807682037353516
2024-08-30 16:00:00,5.0,4.994108,1,-0.0058917999267578125
2024-08-30 17:00:00,13.2,11.882817,1,-1.3171827316284173
2024-08-30 18:00:00,17.5,16.363792,1,-1.1362075805664062
2024-08-30 19:00:00,15.7,14.270589,1,-1.4294111251831048
2024-08-30 20:00:00,11.3,9.630474,1,-1.6695259094238288
2024-08-30 21:00:00,0.0,0.022788854,1,0.02278885431587696
2024-08-30 22:00:00,0.0,0.022788854,1,0.02278885431587696
2024-08-30 23:00:00,0.0,0.022788854,1,0.02278885431587696
2024-08-31 00:00:00,0.0,0.022788854,1,0.02278885431587696
2024-08-31 01:00:00,0.0,0.024218472,1,0.024218471720814705
2024-08-31 09:00:00,0.0,0.0,1,0.0
2024-08-31 10:00:00,0.0,0.0,1,0.0
2024-08-31 11:00:00,0.0,0.0,1,0.0
2024-08-31 12:00:00,17.8,17.741997,1,-0.05800323486328196
2024-08-31 13:00:00,22.2,19.383339,1,-2.816661071777343
2024-08-31 14:00:00,19.2,18.585875,1,-0.6141254425048821
2024-08-31 15:00:00,11.8,11.638478,1,-0.16152172088623118
2024-08-31 16:00:00,5.9,6.5556054,1,0.6556054115295407
2024-08-31 17:00:00,15.5,16.054098,1,0.5540981292724609
2024-08-31 18:00:00,20.7,19.680632,1,-1.019368362426757
2024-08-31 19:00:00,18.5,18.137356,1,-0.3626441955566406
2024-08-31 20:00:00,13.3,13.18896,1,-0.11103992462158274
2024-08-31 21:00:00,0.0,0.0,1,0.0
2024-08-31 22:00:00,0.0,0.022788854,1,0.02278885431587696
2024-08-31 23:00:00,0.0,0.022788854,1,0.02278885431587696
2024-09-01 00:00:00,0.0,0.0,1,0.0
2024-09-01 01:00:00,0.0,0.0,1,0.0
2024-09-01 09:00:00,0.0,0.0,1,0.0
2024-09-01 10:00:00,0.0,0.0,1,0.0
2024-09-01 11:00:00,0.0,0.11676614,1,0.11676613986492157
2024-09-01 12:00:00,11.7,10.6138935,1,-1.0861064910888665
2024-09-01 13:00:00,14.6,14.062736,1,-0.5372644424438473
2024-09-01 14:00:00,12.6,11.4164715,1,-1.1835285186767575
2024-09-01 15:00:00,7.8,9.485164,1,1.6851636886596681
2024-09-01 16:00:00,3.9,5.0689163,1,1.1689163208007813
2024-09-01 17:00:00,10.2,10.891982,1,0.6919820785522468
2024-09-01 18:00:00,13.6,12.68989,1,-0.9101100921630856
2024-09-01 19:00:00,12.2,11.077887,1,-1.1221134185791009
2024-09-01 20:00:00,8.8,9.405744,1,0.6057435989379876
2024-09-01 21:00:00,0.0,0.0,1,0.0
2024-09-01 22:00:00,0.0,0.0,1,0.0
2024-09-01 23:00:00,0.0,0.0,1,0.0
2024-09-02 00:00:00,0.0,0.0,1,0.0
2024-09-02 01:00:00,0.0,0.0,1,0.0
2024-09-02 09:00:00,0.0,0.0,1,0.0
2024-09-02 10:00:00,0.0,0.0,1,0.0
2024-09-02 11:00:00,0.0,0.0,1,0.0
2024-09-02 12:00:00,9.2,9.029744,1,-0.17025585174560476
2024-09-02 13:00:00,11.5,10.718913,1,-0.7810869216918945
2024-09-02 14:00:00,10.0,9.527586,1,-0.4724140167236328
2024-09-02 15:00:00,6.1,6.27566,1,0.17566003799438512
2024-09-02 16:00:00,3.1,3.243991,1,0.14399089813232413
2024-09-02 17:00:00,8.0,8.137153,1,0.13715267181396484
2024-09-02 18:00:00,10.7,8.672623,1,-2.027377319335937
2024-09-02 19:00:00,9.6,8.1362,1,-1.4638000488281246
2024-09-02 20:00:00,6.9,6.5486574,1,-0.3513425827026371
2024-09-02 21:00:00,0.0,0.0,1,0.0
2024-09-02 22:00:00,0.0,0.024218472,1,0.024218471720814705
2024-09-02 23:00:00,0.0,0.024218472,1,0.024218471720814705
2024-09-03 00:00:00,0.0,0.024218472,1,0.024218471720814705
2024-09-03 01:00:00,0.0,0.024218472,1,0.024218471720814705
2024-09-03 09:00:00,0.0,0.024218472,1,0.024218471720814705
2024-09-03 10:00:00,0.0,0.0,1,0.0
2024-09-03 11:00:00,0.0,0.0,1,0.0
2024-09-03 12:00:00,8.7,8.155835,1,-0.544164848327636
2024-09-03 13:00:00,10.9,8.641684,1,-2.2583164215087894
2024-09-03 14:00:00,9.5,8.062558,1,-1.4374418258666992
2024-09-03 15:00:00,5.8,5.475217,1,-0.32478313446044904
2024-09-03 16:00:00,2.9,3.01148,1,0.11148009300231942
2024-09-03 17:00:00,7.6,7.502394,1,-0.09760580062866175
2024-09-03 18:00:00,10.2,7.98349,1,-2.2165100097656243
2024-09-03 19:00:00,9.1,7.3668547,1,-1.7331453323364254
2024-09-03 20:00:00,6.6,6.0450783,1,-0.554921722412109
2024-09-03 21:00:00,0.0,0.024218472,1,0.024218471720814705
2024-09-03 22:00:00,0.0,0.024218472,1,0.024218471720814705
2024-09-03 23:00:00,0.0,0.024218472,1,0.024218471720814705
2024-09-04 00:00:00,0.0,0.024218472,1,0.024218471720814705
2024-09-04 01:00:00,0.0,0.024218472,1,0.024218471720814705
2024-09-04 09:00:00,0.0,0.024218472,1,0.024218471720814705
2024-09-04 10:00:00,0.0,0.024218472,1,0.024218471720814705
2024-09-04 11:00:00,0.0,0.0,1,0.0
2024-09-04 12:00:00,5.3,7.907724,1,2.607723903656006
2024-09-04 13:00:00,6.7,8.449809,1,1.7498090744018553
2024-09-04 14:00:00,5.8,8.228698,1,2.4286977767944338
2024-09-04 15:00:00,3.6,6.200664,1,2.6006640434265136
2024-09-04 16:00:00,1.8,2.9958801,1,1.195880126953125
2024-09-04 17:00:00,4.7,6.940476,1,2.2404759407043455
2024-09-04 18:00:00,6.2,8.034879,1,1.8348787307739256
2024-09-04 19:00:00,5.6,7.431717,1,1.8317169189453129
2024-09-04 20:00:00,4.0,5.4478436,1,1.4478435516357422
2024-09-04 21:00:00,0.0,0.022788854,1,0.02278885431587696
2024-09-04 22:00:00,0.0,0.024218472,1,0.024218471720814705
2024-09-04 23:00:00,0.0,0.024218472,1,0.024218471720814705
2024-09-05 00:00:00,0.0,0.024218472,1,0.024218471720814705
2024-09-05 01:00:00,0.0,0.024218472,1,0.024218471720814705
2024-09-05 09:00:00,0.0,0.0,1,0.0
2024-09-05 10:00:00,0.0,0.0,1,0.0
2024-09-05 11:00:00,0.0,0.0,1,0.0
2024-09-05 12:00:00,8.7,7.928869,1,-0.771131229400634
2024-09-05 13:00:00,10.8,10.74939,1,-0.05061035156250071
2024-09-05 14:00:00,9.4,8.797113,1,-0.6028865814208988
2024-09-05 15:00:00,5.8,6.9900665,1,1.1900665283203127
2024-09-05 16:00:00,2.9,4.0478554,1,1.1478553771972657
2024-09-05 17:00:00,7.6,7.9307046,1,0.3307045936584476
2024-09-05 18:00:00,10.1,9.928831,1,-0.17116889953613246
2024-09-05 19:00:00,9.0,8.745667,1,-0.2543325424194336
2024-09-05 20:00:00,6.5,7.2423286,1,0.7423286437988281
2024-09-05 21:00:00,0.0,0.0,1,0.0
2024-09-05 22:00:00,0.0,0.0,1,0.0
2024-09-05 23:00:00,0.0,0.0,1,0.0
2024-09-06 00:00:00,0.0,0.0,1,0.0
2024-09-06 01:00:00,0.0,0.0,1,0.0
2024-09-06 09:00:00,0.0,0.0,1,0.0
2024-09-06 10:00:00,0.0,0.0,1,0.0
2024-09-06 11:00:00,0.0,0.0,1,0.0
2024-09-06 12:00:00,15.6,13.328611,1,-2.2713886260986325
2024-09-06 13:00:00,19.6,16.730629,1,-2.869371032714845
2024-09-06 14:00:00,17.0,14.428471,1,-2.5715293884277344
2024-09-06 15:00:00,10.4,8.575899,1,-1.8241008758544925
2024-09-06 16:00:00,5.2,4.8793244,1,-0.32067556381225604
2024-09-06 17:00:00,13.7,11.797181,1,-1.9028188705444329
2024-09-06 18:00:00,18.3,15.731091,1,-2.568909454345704
2024-09-06 19:00:00,16.3,14.596095,1,-1.7039049148559577
2024-09-06 20:00:00,11.7,10.613075,1,-1.086924743652343
2024-09-06 21:00:00,0.0,0.0,1,0.0
2024-09-06 22:00:00,0.0,0.0,1,0.0
2024-09-06 23:00:00,0.0,0.0,1,0.0
2024-09-07 00:00:00,0.0,0.0,1,0.0
2024-09-07 01:00:00,0.0,0.0,1,0.0
2024-09-07 09:00:00,0.0,0.0,1,0.0
2024-09-07 10:00:00,0.0,0.0,1,0.0
2024-09-07 11:00:00,0.0,0.0,1,0.0
2024-09-07 12:00:00,23.8,18.768177,1,-5.031822967529298
2024-09-07 13:00:00,29.7,20.512814,1,-9.187186431884765
2024-09-07 14:00:00,25.7,20.384403,1,-5.315596771240234
2024-09-07 15:00:00,15.8,12.893848,1,-2.9061515808105476
2024-09-07 16:00:00,7.9,7.543472,1,-0.35652818679809606
2024-09-07 17:00:00,20.8,19.297512,1,-1.5024879455566413
2024-09-07 18:00:00,27.7,23.48613,1,-4.213870239257812
2024-09-07 19:00:00,24.7,21.25269,1,-3.4473106384277337
2024-09-07 20:00:00,17.8,19.228765,1,1.4287654876708977
2024-09-07 21:00:00,0.0,0.0,1,0.0
2024-09-07 22:00:00,0.0,0.022788854,1,0.02278885431587696
2024-09-07 23:00:00,0.0,0.058440942,1,0.05844094231724739
2024-09-08 00:00:00,0.0,0.0064403657,1,0.006440365687012672
2024-09-08 01:00:00,0.0,0.01761789,1,0.01761789061129093
2024-12-14 14:00:00,30.5,25.137829,2,-5.362171173095703
2024-12-14 15:00:00,18.8,22.366512,2,3.5665122985839837
2024-12-14 16:00:00,9.4,11.162553,2,1.7625528335571286
2024-12-14 17:00:00,24.7,20.528358,2,-4.171641540527343
2024-12-14 18:00:00,32.9,25.306421,2,-7.593578720092772
2024-12-14 19:00:00,29.4,23.61663,2,-5.78336944580078
2024-12-14 20:00:00,21.1,22.467045,2,1.3670448303222642
2024-12-14 21:00:00,0.0,0.017806841,2,0.01780684106051922
2024-12-14 22:00:00,0.0,0.020064807,2,0.020064806565642357
2024-12-14 23:00:00,0.0,0.0,2,0.0
2024-12-15 00:00:00,0.0,0.066204086,2,0.06620408594608307
2024-12-15 01:00:00,0.0,0.017919786,2,0.017919786274433136
2024-12-15 09:00:00,0.0,0.008522661,2,0.00852266140282154
2024-12-15 10:00:00,0.0,0.0,2,0.0
2024-12-15 11:00:00,0.0,0.025585882,2,0.025585882365703583
2024-12-15 12:00:00,11.2,18.89142,2,7.6914203643798835
2024-12-15 13:00:00,14.0,20.425442,2,6.425441741943359
2024-12-15 14:00:00,12.1,19.0587,2,6.958700561523438
2024-12-15 15:00:00,7.5,8.004695,2,0.504694938659668
2024-12-15 16:00:00,3.7,4.5094733,2,0.8094733238220213
2024-12-15 17:00:00,9.8,13.570391,2,3.7703907012939446
2024-12-15 18:00:00,13.1,17.156332,2,4.056332015991211
2024-12-15 19:00:00,11.7,9.59336,2,-2.1066400527954094
2024-12-15 20:00:00,8.4,7.480432,2,-0.919567966461182
2024-12-15 21:00:00,0.0,0.0,2,0.0
2024-12-15 22:00:00,0.0,0.0,2,0.0
2024-12-15 23:00:00,0.0,0.013716818,2,0.01371681783348322
2024-12-16 00:00:00,0.0,0.0,2,0.0
2024-12-16 01:00:00,0.0,0.0,2,0.0
2024-12-16 09:00:00,0.0,0.0,2,0.0
2024-12-16 10:00:00,0.0,0.0,2,0.0
2024-12-16 11:00:00,0.0,0.0,2,0.0
2024-12-16 12:00:00,5.8,5.5876293,2,-0.21237068176269513
2024-12-16 13:00:00,7.3,6.271747,2,-1.02825288772583
2024-12-16 14:00:00,6.3,5.9696617,2,-0.33033828735351545
2024-12-16 15:00:00,3.9,4.25984,2,0.3598400115966798
2024-12-16 16:00:00,1.9,2.2720175,2,0.3720174789428712
2024-12-16 17:00:00,5.1,5.1612787,2,0.06127872467041051
2024-12-16 18:00:00,6.8,6.457043,2,-0.34295682907104474
2024-12-16 19:00:00,6.1,5.519703,2,-0.5802970886230465
2024-12-16 20:00:00,4.4,4.5245404,2,0.12454042434692347
2024-12-16 21:00:00,0.0,0.0,2,0.0
2024-12-16 22:00:00,0.0,0.0,2,0.0
2024-12-16 23:00:00,0.0,0.0,2,0.0
2024-12-17 00:00:00,0.0,0.0,2,0.0
2024-12-17 01:00:00,0.0,0.0,2,0.0
2024-12-17 09:00:00,0.0,0.0,2,0.0
2024-12-17 10:00:00,0.0,0.0,2,0.0
2024-12-17 11:00:00,0.0,0.0,2,0.0
2024-12-17 12:00:00,8.3,4.885635,2,-3.4143651008605964
2024-12-17 13:00:00,10.4,5.650647,2,-4.749352836608887
2024-12-17 14:00:00,9.0,5.3602376,2,-3.6397624015808105
2024-12-17 15:00:00,5.5,3.3536205,2,-2.1463794708251953
2024-12-17 16:00:00,2.8,2.0512118,2,-0.7487881660461424
2024-12-17 17:00:00,7.3,4.6180997,2,-2.6819003105163572
2024-12-17 18:00:00,9.7,6.485022,2,-3.2149779319763176
2024-12-17 19:00:00,8.7,5.487533,2,-3.21246690750122
2024-12-17 20:00:00,6.2,4.449027,2,-1.7509729385375978
2024-12-17 21:00:00,0.0,0.0021707662,2,0.0021707662381231785
2024-12-17 22:00:00,0.0,0.0,2,0.0
2024-12-17 23:00:00,0.0,0.0013715134,2,0.0013715133536607027
2024-12-18 00:00:00,0.0,0.0,2,0.0
2024-12-18 01:00:00,0.0,0.0,2,0.0
2024-12-18 09:00:00,0.0,0.0,2,0.0
2024-12-18 10:00:00,0.0,0.0,2,0.0
2024-12-18 11:00:00,0.0,0.0,2,0.0
2024-12-18 12:00:00,13.2,7.1314,2,-6.068599891662597
2024-12-18 13:00:00,16.5,8.149062,2,-8.350937843322754
2024-12-18 14:00:00,14.3,8.160019,2,-6.139981079101563
2024-12-18 15:00:00,8.8,5.070045,2,-3.7299550056457527
2024-12-18 16:00:00,4.4,2.5953255,2,-1.8046745300292972
2024-12-18 17:00:00,11.6,7.590108,2,-4.009892082214355
2024-12-18 18:00:00,15.4,10.253501,2,-5.146499061584473
2024-12-18 19:00:00,13.8,9.117903,2,-4.682097244262696
2024-12-18 20:00:00,9.9,6.071147,2,-3.828853034973145
2024-12-18 21:00:00,0.0,0.0,2,0.0
2024-12-18 22:00:00,0.0,0.0,2,0.0
2024-12-18 23:00:00,0.0,0.0,2,0.0
2024-12-19 00:00:00,0.0,0.0,2,0.0
2024-12-19 01:00:00,0.0,0.0,2,0.0
2024-12-19 09:00:00,0.0,0.0,2,0.0
2024-12-19 10:00:00,0.0,0.0,2,0.0
2024-12-19 11:00:00,0.0,0.0,2,0.0
2024-12-19 12:00:00,15.5,10.382763,2,-5.117237091064453
2024-12-19 13:00:00,19.3,11.425656,2,-7.87434368133545
2024-12-19 14:00:00,16.7,10.436621,2,-6.263379287719726
2024-12-19 15:00:00,10.3,8.469887,2,-1.8301132202148445
2024-12-19 16:00:00,5.2,4.605663,2,-0.5943371772766115
2024-12-19 17:00:00,13.5,10.108003,2,-3.3919973373413086
2024-12-19 18:00:00,18.0,10.981211,2,-7.018789291381836
2024-12-19 19:00:00,16.1,10.778039,2,-5.321961021423341
2024-12-19 20:00:00,11.6,9.002019,2,-2.5979810714721676
2024-12-19 21:00:00,0.0,0.0,2,0.0
2024-12-19 22:00:00,0.0,0.0054234373,2,0.005423437338322401
2024-12-19 23:00:00,0.0,0.0,2,0.0
2024-12-20 00:00:00,0.0,0.0,2,0.0
2024-12-20 01:00:00,0.0,0.00088660483,2,0.0008866048301570117
2024-12-20 09:00:00,0.0,0.0,2,0.0
2024-12-20 10:00:00,0.0,0.0,2,0.0
2024-12-20 11:00:00,0.0,0.0,2,0.0
2024-12-20 12:00:00,25.8,18.2511,2,-7.548899459838868
2024-12-20 13:00:00,32.2,23.585768,2,-8.614232254028323
2024-12-20 14:00:00,27.9,20.21483,2,-7.685169601440428
2024-12-20 15:00:00,17.2,12.664113,2,-4.53588695526123
2024-12-20 16:00:00,8.6,6.5015087,2,-2.098491287231445
2024-12-20 17:00:00,22.6,15.590914,2,-7.009086227416994
2024-12-20 18:00:00,30.1,21.632555,2,-8.467444992065431
2024-12-20 19:00:00,26.9,20.420301,2,-6.479698562622069
2024-12-20 20:00:00,19.3,20.88038,2,1.5803806304931634
2024-12-20 21:00:00,0.0,0.0,2,0.0
2024-12-20 22:00:00,0.0,0.0,2,0.0
2024-12-20 23:00:00,0.0,0.0,2,0.0
2024-12-21 00:00:00,0.0,0.0,2,0.0
2024-12-21 01:00:00,0.0,0.0,2,0.0
2024-12-21 09:00:00,0.0,0.0,2,0.0
2024-12-21 10:00:00,0.0,0.0,2,0.0
2024-12-21 11:00:00,0.0,0.0,2,0.0
2024-12-21 12:00:00,29.2,24.869146,2,-4.330853652954101
2024-12-21 13:00:00,36.5,27.628473,2,-8.871526718139648
2024-12-21 14:00:00,31.6,26.814783,2,-4.785216903686525
2024-12-21 15:00:00,19.5,22.531475,2,3.031475067138672
2024-12-21 16:00:00,9.7,14.844901,2,5.144901084899903
2024-12-21 17:00:00,25.5,21.39939,2,-4.100610733032227
2024-12-21 18:00:00,34.0,26.676111,2,-7.323888778686523
2024-12-21 19:00:00,30.4,24.980062,2,-5.419937515258788
2024-12-21 20:00:00,21.9,20.516775,2,-1.3832248687744126
2024-12-21 21:00:00,0.0,0.045625787,2,0.04562578722834587
2024-12-21 22:00:00,0.0,0.047335856,2,0.04733585566282272
2024-12-21 23:00:00,0.0,0.091250435,2,0.09125043451786041
2024-12-22 00:00:00,0.0,0.13132857,2,0.13132856786251068
2024-12-22 01:00:00,0.0,0.023931736,2,0.02393173612654209
2024-12-22 09:00:00,0.0,0.03132767,2,0.03132766857743263
2024-12-22 10:00:00,0.0,0.027266858,2,0.027266858145594597
2024-12-22 11:00:00,0.0,0.0,2,0.0
2024-12-22 12:00:00,15.3,19.799454,2,4.499453735351562
2024-12-22 13:00:00,19.1,21.244694,2,2.144693756103514
2024-12-22 14:00:00,16.5,22.096273,2,5.596273422241211
2024-12-22 15:00:00,10.2,12.495163,2,2.295162963867188
2024-12-22 16:00:00,5.1,5.033287,2,-0.0667129516601559
2024-12-22 17:00:00,13.4,15.920479,2,2.520478820800781
2024-12-22 18:00:00,17.8,19.865942,2,2.0659420013427727
2024-12-22 19:00:00,15.9,16.692543,2,0.7925430297851559
2024-12-22 20:00:00,11.5,9.872305,2,-1.627695083618164
2024-12-22 21:00:00,0.0,0.0,2,0.0
2024-12-22 22:00:00,0.0,0.0,2,0.0
2024-12-22 23:00:00,0.0,0.008164576,2,0.008164576254785061
2024-12-23 00:00:00,0.0,0.0012350939,2,0.0012350939214229584
2024-12-23 01:00:00,0.0,0.0,2,0.0
2024-12-23 09:00:00,0.0,0.0,2,0.0
2024-12-23 10:00:00,0.0,0.0,2,0.0
2024-12-23 11:00:00,0.0,0.0,2,0.0
2024-12-23 12:00:00,13.8,6.4836106,2,-7.3163893699646
2024-12-23 13:00:00,17.2,7.5727367,2,-9.627263259887695
2024-12-23 14:00:00,14.9,6.651488,2,-8.248512172698975
2024-12-23 15:00:00,9.2,4.5012903,2,-4.698709678649902
2024-12-23 16:00:00,4.6,2.793331,2,-1.8066690921783444
2024-12-23 17:00:00,12.1,6.026185,2,-6.073814964294433
2024-12-23 18:00:00,16.1,8.535969,2,-7.564031219482423
2024-12-23 19:00:00,14.4,7.179084,2,-7.2209161758422855
2024-12-23 20:00:00,10.3,5.459511,2,-4.8404891967773445
2024-12-23 21:00:00,0.0,0.019408597,2,0.01940859667956829
2024-12-23 22:00:00,0.0,0.01751779,2,0.01751779019832611
2024-12-23 23:00:00,0.0,0.009140655,2,0.009140655398368835
2024-12-24 00:00:00,0.0,0.0,2,0.0
2024-12-24 01:00:00,0.0,0.0,2,0.0
2024-12-24 09:00:00,0.0,0.0,2,0.0
2024-12-24 10:00:00,0.0,0.0,2,0.0
2024-12-24 11:00:00,0.0,0.0,2,0.0
2024-12-24 12:00:00,7.3,6.508641,2,-0.791359233856201
2024-12-24 13:00:00,9.1,7.2912345,2,-1.8087655067443844
2024-12-24 14:00:00,7.9,6.726467,2,-1.173532867431641
2024-12-24 15:00:00,4.9,4.504663,2,-0.395337009429932
2024-12-24 16:00:00,2.4,2.7898858,2,0.3898857593536378
2024-12-24 17:00:00,6.4,6.0184546,2,-0.381545448303223
2024-12-24 18:00:00,8.5,7.5360203,2,-0.9639797210693359
2024-12-24 19:00:00,7.6,6.7108216,2,-0.889178371429443
2024-12-24 20:00:00,5.5,5.0139227,2,-0.48607730865478516
2024-12-24 21:00:00,0.0,0.017566685,2,0.017566684633493423
2024-12-24 22:00:00,0.0,0.011301556,2,0.011301555670797825
2024-12-24 23:00:00,0.0,0.0011668919,2,0.0011668918887153268
2024-12-25 00:00:00,0.0,0.0,2,0.0
2024-12-25 01:00:00,0.0,0.0,2,0.0
2024-12-25 09:00:00,0.0,0.009875309,2,0.009875308722257614
2024-12-25 10:00:00,0.0,0.0,2,0.0
2024-12-25 11:00:00,0.0,0.0,2,0.0
2024-12-25 12:00:00,0.0,7.491095,2,7.491095066070557
2024-12-25 13:00:00,0.0,9.615846,2,9.615845680236816
2024-12-25 14:00:00,0.0,7.178803,2,7.178802967071533
2024-12-25 15:00:00,0.0,4.564642,2,4.564641952514648
2024-12-25 16:00:00,0.0,2.8376315,2,2.8376314640045166
2024-12-25 17:00:00,0.0,5.7071395,2,5.707139492034912
2024-12-25 18:00:00,0.0,8.855606,2,8.855606079101562
2024-12-25 19:00:00,0.0,7.1475945,2,7.147594451904297
2024-12-25 20:00:00,0.0,4.9212623,2,4.921262264251709
2024-12-25 21:00:00,0.0,0.0,2,0.0
2024-12-25 22:00:00,0.0,0.0,2,0.0
2024-12-25 23:00:00,0.0,0.0,2,0.0
2024-12-26 00:00:00,0.0,0.0,2,0.0
2024-12-26 01:00:00,0.0,0.0,2,0.0
2024-12-26 09:00:00,0.0,0.0,2,0.0
2024-12-26 10:00:00,0.0,0.04155666,2,0.04155666008591652
2024-12-26 11:00:00,0.0,0.078621365,2,0.07862136512994766
2024-12-26 12:00:00,7.0,11.532148,2,4.532148361206055
2024-12-26 13:00:00,8.8,12.8757925,2,4.075792503356933
2024-12-26 14:00:00,7.6,11.629997,2,4.029997253417969
2024-12-26 15:00:00,4.7,6.636065,2,1.9360650062561033
2024-12-26 16:00:00,2.3,4.077735,2,1.77773494720459
2024-12-26 17:00:00,6.1,9.371803,2,3.2718032836914066
2024-12-26 18:00:00,8.2,12.038359,2,3.838358688354493
2024-12-26 19:00:00,7.3,11.551989,2,4.2519886016845705
2024-12-26 20:00:00,5.3,8.426913,2,3.1269132614135744
2024-12-26 21:00:00,0.0,0.0,2,0.0
2024-12-26 22:00:00,0.0,0.0,2,0.0
2024-12-26 23:00:00,0.0,0.0,2,0.0
2024-12-27 00:00:00,0.0,0.0,2,0.0
2024-12-27 01:00:00,0.0,0.0,2,0.0
2024-12-27 09:00:00,0.0,0.001961423,2,0.001961423084139824
2024-12-27 10:00:00,0.0,0.029175593,2,0.029175592586398125
2024-12-27 11:00:00,0.0,0.036073543,2,0.03607354313135147
2024-12-27 12:00:00,12.0,15.767773,2,3.767772674560547
2024-12-27 13:00:00,15.0,19.787771,2,4.787771224975586
2024-12-27 14:00:00,13.0,16.981663,2,3.9816627502441406
2024-12-27 15:00:00,8.0,10.89172,2,2.8917198181152344
2024-12-27 16:00:00,4.0,6.249173,2,2.249173164367676
2024-12-27 17:00:00,10.5,13.697603,2,3.197603225708008
2024-12-27 18:00:00,14.0,18.301897,2,4.301897048950195
2024-12-27 19:00:00,12.5,15.2783,2,2.7783002853393555
2024-12-27 20:00:00,9.0,11.819326,2,2.819326400756836
2024-12-27 21:00:00,0.0,0.0,2,0.0
2024-12-27 22:00:00,0.0,0.0,2,0.0
2024-12-27 23:00:00,0.0,0.0,2,0.0
2024-12-28 00:00:00,0.0,0.0,2,0.0
2024-12-28 01:00:00,0.0,0.0,2,0.0
2024-12-28 09:00:00,0.0,0.0,2,0.0
2024-12-28 10:00:00,0.0,0.017888661,2,0.017888661473989487
2024-12-28 11:00:00,0.0,0.0,2,0.0
2024-12-28 12:00:00,13.5,21.8152,2,8.315200805664062
2024-12-28 13:00:00,16.9,22.427835,2,5.5278354644775405
2024-12-28 14:00:00,14.6,21.13269,2,6.5326904296875
2024-12-28 15:00:00,9.0,14.182969,2,5.182969093322754
2024-12-28 16:00:00,4.5,8.083324,2,3.583324432373047
2024-12-28 17:00:00,11.8,18.318254,2,6.518254470825195
2024-12-28 18:00:00,15.7,20.914185,2,5.214184570312501
2024-12-28 19:00:00,14.0,20.154373,2,6.1543731689453125
2024-12-28 20:00:00,10.1,15.421203,2,5.321202659606934
2024-12-28 21:00:00,0.0,0.0,2,0.0
2024-12-28 22:00:00,0.0,0.0,2,0.0
2024-12-28 23:00:00,0.0,0.0,2,0.0
2024-12-29 00:00:00,0.0,0.0,2,0.0
2024-12-29 01:00:00,0.0,0.0,2,0.0
2024-12-29 09:00:00,0.0,0.0,2,0.0
2024-12-29 10:00:00,0.0,0.014645852,2,0.014645852148532867
2024-12-29 11:00:00,0.0,0.030148074,2,0.03014807403087616
2024-12-29 12:00:00,9.4,9.719903,2,0.3199029922485348
2024-12-29 13:00:00,11.8,10.587377,2,-1.2126234054565437
2024-12-29 14:00:00,10.2,9.895261,2,-0.3047391891479485
2024-12-29 15:00:00,6.3,7.155984,2,0.8559839248657228
2024-12-29 16:00:00,3.1,3.633451,2,0.5334509849548339
2024-12-29 17:00:00,8.3,8.283958,2,-0.01604156494140696
2024-12-29 18:00:00,11.0,9.599797,2,-1.400202751159668
2024-12-29 19:00:00,9.8,9.113855,2,-0.6861446380615241
2024-12-29 20:00:00,7.1,7.874043,2,0.7740429878234867
2024-12-29 21:00:00,0.0,0.0,2,0.0
2024-12-29 22:00:00,0.0,0.0,2,0.0
2024-12-29 23:00:00,0.0,0.0,2,0.0
2024-12-30 00:00:00,0.0,0.0,2,0.0
2024-12-30 01:00:00,0.0,0.0,2,0.0
2024-12-30 09:00:00,0.0,0.0,2,0.0
2024-12-30 10:00:00,0.0,0.001986229,2,0.001986229093745351
2024-12-30 11:00:00,0.0,0.0,2,0.0
2024-12-30 12:00:00,10.8,7.477383,2,-3.322616863250733
2024-12-30 13:00:00,13.5,8.439848,2,-5.060152053833008
2024-12-30 14:00:00,11.7,7.6552625,2,-4.044737529754638
2024-12-30 15:00:00,7.2,4.884516,2,-2.3154842376708986
2024-12-30 16:00:00,3.6,2.5731564,2,-1.0268436431884767
2024-12-30 17:00:00,9.4,6.730065,2,-2.6699351310729984
2024-12-30 18:00:00,12.6,9.024974,2,-3.575026130676269
2024-12-30 19:00:00,11.2,7.893971,2,-3.306029033660888
2024-12-30 20:00:00,8.1,5.877334,2,-2.2226658821105953
2024-12-30 21:00:00,0.0,0.0,2,0.0
2024-12-30 22:00:00,0.0,0.0,2,0.0
2024-12-30 23:00:00,0.0,0.001827077,2,0.0018270770087838173
2024-12-31 00:00:00,0.0,0.012182232,2,0.012182231992483139
2024-12-31 01:00:00,0.0,0.00625992,2,0.006259920075535774
2024-12-31 09:00:00,0.0,0.0075816414,2,0.007581641431897879
2024-12-31 10:00:00,0.0,0.011311544,2,0.011311544105410576
2024-12-31 11:00:00,0.0,0.0018471791,2,0.001847179140895605
2024-12-31 12:00:00,12.9,7.1001425,2,-5.799857521057129
2024-12-31 13:00:00,16.2,8.347847,2,-7.852153015136718
2024-12-31 14:00:00,14.0,7.821946,2,-6.178053855895996
2024-12-31 15:00:00,8.6,5.347169,2,-3.2528310775756832
2024-12-31 16:00:00,4.3,2.794789,2,-1.5052109241485594
2024-12-31 17:00:00,11.3,6.99303,2,-4.306969928741456
2024-12-31 18:00:00,15.1,9.29562,2,-5.80438003540039
2024-12-31 19:00:00,13.5,8.207404,2,-5.292595863342285
2024-12-31 20:00:00,9.7,6.4930367,2,-3.2069632530212395
2024-12-31 21:00:00,0.0,0.012140818,2,0.012140817940235138
2024-12-31 22:00:00,0.0,0.0077418233,2,0.007741823326796293
2024-12-31 23:00:00,0.0,0.014228464,2,0.014228464104235172
2025-01-01 00:00:00,0.0,0.0,2,0.0
2025-01-01 01:00:00,0.0,0.0,2,0.0
2025-01-01 09:00:00,0.0,0.0,2,0.0
2025-01-01 10:00:00,0.0,0.0,2,0.0
2025-01-01 11:00:00,0.0,0.0,2,0.0
2025-01-01 12:00:00,6.7,8.956941,2,2.2569406509399412
2025-01-01 13:00:00,8.4,9.840001,2,1.4400011062622067
2025-01-01 14:00:00,7.3,9.424723,2,2.1247226715087892
2025-01-01 15:00:00,4.5,5.8904285,2,1.3904285430908203
2025-01-01 16:00:00,2.2,2.740252,2,0.5402520179748533
2025-01-01 17:00:00,5.9,7.595412,2,1.6954117774963375
2025-01-01 18:00:00,7.8,8.843452,2,1.0434524536132814
2025-01-01 19:00:00,7.0,7.9198318,2,0.9198317527770996
2025-01-01 20:00:00,5.0,5.5207047,2,0.5207047462463379
2025-01-01 21:00:00,0.0,0.0,2,0.0
2025-01-01 22:00:00,0.0,0.0,2,0.0
2025-01-01 23:00:00,0.0,0.0,2,0.0
2025-01-02 00:00:00,0.0,0.0,2,0.0
2025-01-02 01:00:00,0.0,0.0,2,0.0
2025-01-02 09:00:00,0.0,0.0,2,0.0
2025-01-02 10:00:00,0.0,0.0,2,0.0
2025-01-02 11:00:00,0.0,0.0,2,0.0
2025-01-02 12:00:00,7.3,9.760529,2,2.460528564453125
2025-01-02 13:00:00,9.2,11.629265,2,2.4292648315429695
2025-01-02 14:00:00,7.9,10.061396,2,2.161395645141601
2025-01-02 15:00:00,4.9,7.476428,2,2.5764280319213864
2025-01-02 16:00:00,2.4,4.4689293,2,2.0689292907714845
2025-01-02 17:00:00,6.4,8.701773,2,2.3017726898193356
2025-01-02 18:00:00,8.6,10.365003,2,1.7650026321411136
2025-01-02 19:00:00,7.6,9.430615,2,1.8306154251098636
2025-01-02 20:00:00,5.5,8.162166,2,2.662165641784668
2025-01-02 21:00:00,0.0,0.0,2,0.0
2025-01-02 22:00:00,0.0,0.0,2,0.0
2025-01-02 23:00:00,0.0,0.0,2,0.0
2025-01-03 00:00:00,0.0,0.0,2,0.0
2025-01-03 01:00:00,0.0,0.0,2,0.0
2025-01-03 09:00:00,0.0,0.0,2,0.0
2025-01-03 10:00:00,0.0,0.0,2,0.0
2025-01-03 11:00:00,0.0,0.0,2,0.0
2025-01-03 12:00:00,9.6,15.914751,2,6.314751052856446
2025-01-03 13:00:00,11.9,19.975609,2,8.075608825683593
2025-01-03 14:00:00,10.3,17.220554,2,6.92055435180664
2025-01-03 15:00:00,6.4,11.385556,2,4.9855562210083
2025-01-03 16:00:00,3.2,6.369341,2,3.169340896606445
2025-01-03 17:00:00,8.4,14.545032,2,6.145031547546386
2025-01-03 18:00:00,11.1,18.241835,2,7.14183464050293
2025-01-03 19:00:00,9.9,15.255267,2,5.355267143249511
2025-01-03 20:00:00,7.2,12.301932,2,5.101932334899902
2025-01-03 21:00:00,0.0,0.0,2,0.0
2025-01-03 22:00:00,0.0,0.0,2,0.0
2025-01-03 23:00:00,0.0,0.0,2,0.0
2025-01-04 00:00:00,0.0,0.0,2,0.0
2025-01-04 01:00:00,0.0,0.0,2,0.0
2025-01-04 09:00:00,0.0,0.0,2,0.0
2025-01-04 10:00:00,0.0,0.0,2,0.0
2025-01-04 11:00:00,0.0,0.0,2,0.0
2025-01-04 12:00:00,9.2,19.662426,2,10.462425994873048
2025-01-04 13:00:00,11.5,20.2136,2,8.713600158691406
2025-01-04 14:00:00,10.0,19.454664,2,9.45466423034668
2025-01-04 15:00:00,6.1,13.141434,2,7.041433715820313
2025-01-04 16:00:00,3.1,8.233036,2,5.133036041259766
2025-01-04 17:00:00,8.1,16.237867,2,8.13786735534668
2025-01-04 18:00:00,10.7,19.004225,2,8.30422477722168
2025-01-04 19:00:00,9.6,18.632032,2,9.03203239440918
2025-01-04 20:00:00,6.9,13.832693,2,6.932693099975586
2025-01-04 21:00:00,0.0,0.0,2,0.0
2025-01-04 22:00:00,0.0,0.0,2,0.0
2025-01-04 23:00:00,0.0,0.0,2,0.0
2025-01-05 00:00:00,0.0,0.0,2,0.0
2025-01-05 01:00:00,0.0,0.0,2,0.0
2025-01-05 09:00:00,0.0,0.0,2,0.0
2025-01-05 10:00:00,0.0,0.0,2,0.0
2025-01-05 11:00:00,0.0,0.0,2,0.0
2025-01-05 12:00:00,2.7,9.278491,2,6.5784910202026365
2025-01-05 13:00:00,3.4,11.510613,2,8.110613441467285
2025-01-05 14:00:00,2.9,9.939904,2,7.03990421295166
2025-01-05 15:00:00,1.8,6.6884384,2,4.888438415527344
2025-01-05 16:00:00,0.9,3.7881823,2,2.888182258605957
2025-01-05 17:00:00,2.4,7.900572,2,5.500571823120117
2025-01-05 18:00:00,3.2,10.014573,2,6.814573097229004
2025-01-05 19:00:00,2.8,9.258141,2,6.458140563964844
2025-01-05 20:00:00,2.0,6.835567,2,4.835566997528076
2025-01-05 21:00:00,0.0,0.018944515,2,0.0189445149153471
2025-01-05 22:00:00,0.0,0.0,2,0.0
2025-01-05 23:00:00,0.0,0.009367628,2,0.009367628023028374
2025-01-06 00:00:00,0.0,0.0,2,0.0
2025-01-06 01:00:00,0.0,0.0,2,0.0
2025-01-06 09:00:00,0.0,0.0,2,0.0
2025-01-06 10:00:00,0.0,0.0,2,0.0
2025-01-06 11:00:00,0.0,0.0,2,0.0
2025-01-06 12:00:00,2.5,6.134036,2,3.634036064147949
2025-01-06 13:00:00,3.1,8.125385,2,5.0253852844238285
2025-01-06 14:00:00,2.7,6.5722694,2,3.8722694396972654
2025-01-06 15:00:00,1.7,3.5071478,2,1.8071477890014649
2025-01-06 16:00:00,0.8,2.0910335,2,1.2910334587097168
2025-01-06 17:00:00,2.2,4.4524803,2,2.252480316162109
2025-01-06 18:00:00,2.9,7.0365343,2,4.136534309387207
2025-01-06 19:00:00,2.6,6.340907,2,3.740907096862793
2025-01-06 20:00:00,1.9,3.7584064,2,1.858406400680542
2025-01-06 21:00:00,0.0,0.0,2,0.0
2025-01-06 22:00:00,0.0,0.0,2,0.0
2025-01-06 23:00:00,0.0,0.0,2,0.0
2025-01-07 00:00:00,0.0,0.0010154627,2,0.0010154626797884703
2025-01-07 01:00:00,0.0,0.0010154627,2,0.0010154626797884703
2025-01-07 09:00:00,0.0,0.018821353,2,0.01882135309278965
2025-01-07 10:00:00,0.0,0.015404232,2,0.01540423184633255
2025-01-07 11:00:00,0.0,0.0065908264,2,0.006590826436877251
2025-01-07 12:00:00,2.4,5.603695,2,3.2036949157714845
2025-01-07 13:00:00,3.0,7.450598,2,4.450597763061523
2025-01-07 14:00:00,2.6,6.6642213,2,4.064221286773682
2025-01-07 15:00:00,1.6,3.8545628,2,2.254562759399414
2025-01-07 16:00:00,0.8,1.6516224,2,0.8516224145889282
2025-01-07 17:00:00,2.1,4.646988,2,2.5469879150390624
2025-01-07 18:00:00,2.8,6.4242215,2,3.6242215156555178
2025-01-07 19:00:00,2.5,5.8085146,2,3.3085145950317383
2025-01-07 20:00:00,1.8,4.2720637,2,2.472063732147217
2025-01-07 21:00:00,0.0,0.01381851,2,0.013818509876728058
2025-01-07 22:00:00,0.0,0.01381851,2,0.013818509876728058
2025-01-07 23:00:00,0.0,0.01381851,2,0.013818509876728058
2025-01-08 00:00:00,0.0,0.02019857,2,0.02019857056438923
2025-01-08 01:00:00,0.0,0.02019857,2,0.02019857056438923
2025-01-08 09:00:00,0.0,0.02019857,2,0.02019857056438923
2025-01-08 10:00:00,0.0,0.02019857,2,0.02019857056438923
2025-01-08 11:00:00,0.0,0.011074762,2,0.011074761860072613
2025-01-08 12:00:00,2.7,5.620734,2,2.9207342147827147
2025-01-08 13:00:00,3.4,7.827792,2,4.427792167663574
2025-01-08 14:00:00,2.9,6.231368,2,3.331368064880371
2025-01-08 15:00:00,1.8,3.443872,2,1.6438719749450683
2025-01-08 16:00:00,0.9,1.3511021,2,0.45110211372375486
2025-01-08 17:00:00,2.4,4.390293,2,1.9902931213378907
2025-01-08 18:00:00,3.2,6.3260994,2,3.126099395751953
2025-01-08 19:00:00,2.8,5.4190073,2,2.6190073013305666
2025-01-08 20:00:00,2.0,4.008001,2,2.0080008506774902
2025-01-08 21:00:00,0.0,0.020479335,2,0.020479334518313408
2025-01-08 22:00:00,0.0,0.020479335,2,0.020479334518313408
2025-01-08 23:00:00,0.0,0.020479335,2,0.020479334518313408
2025-01-09 00:00:00,0.0,0.02019857,2,0.02019857056438923
2025-01-09 01:00:00,0.0,0.02019857,2,0.02019857056438923
2025-01-09 09:00:00,0.0,0.02019857,2,0.02019857056438923
2025-01-09 10:00:00,0.0,0.02019857,2,0.02019857056438923
2025-01-09 11:00:00,0.0,0.016312718,2,0.016312718391418457
2025-01-09 12:00:00,3.3,9.718307,2,6.418306541442871
2025-01-09 13:00:00,4.2,10.850816,2,6.650815773010254
2025-01-09 14:00:00,3.6,10.573718,2,6.973718070983887
2025-01-09 15:00:00,2.2,5.3581214,2,3.158121395111084
2025-01-09 16:00:00,1.1,2.8918872,2,1.7918871879577636
2025-01-09 17:00:00,2.9,7.9147005,2,5.014700508117675
2025-01-09 18:00:00,3.9,10.161848,2,6.261848068237304
2025-01-09 19:00:00,3.5,9.35408,2,5.8540802001953125
2025-01-09 20:00:00,2.5,6.3103404,2,3.810340404510498
2025-01-09 21:00:00,0.0,0.020762498,2,0.020762497559189796
2025-01-09 22:00:00,0.0,0.020762498,2,0.020762497559189796
2025-01-09 23:00:00,0.0,0.020479335,2,0.020479334518313408
2025-01-10 00:00:00,0.0,0.018571282,2,0.0185712818056345
2025-01-10 01:00:00,0.0,0.018288119,2,0.01828811876475811
2025-01-10 09:00:00,0.0,0.017889464,2,0.017889464274048805
2025-01-10 10:00:00,0.0,0.017889464,2,0.017889464274048805
2025-01-10 11:00:00,0.0,0.017110331,2,0.01711033098399639
2025-01-10 12:00:00,7.8,14.617566,2,6.8175661087036135
2025-01-10 13:00:00,9.8,19.270905,2,9.470904541015624
2025-01-10 14:00:00,8.5,15.919625,2,7.419625282287598
2025-01-10 15:00:00,5.2,10.644651,2,5.444651412963867
2025-01-10 16:00:00,2.6,4.3032155,2,1.7032155036926269
2025-01-10 17:00:00,6.8,12.868585,2,6.068584632873535
2025-01-10 18:00:00,9.1,16.369265,2,7.269264602661133
2025-01-10 19:00:00,8.1,14.244906,2,6.144906425476075
2025-01-10 20:00:00,5.9,11.044681,2,5.144680595397949
2025-01-10 21:00:00,0.0,0.016944716,2,0.01694471575319767
2025-01-10 22:00:00,0.0,0.0203523,2,0.020352300256490707
2025-01-10 23:00:00,0.0,0.0203523,2,0.020352300256490707
2025-01-11 00:00:00,0.0,0.024973007,2,0.024973006919026375
2025-01-11 01:00:00,0.0,0.039778788,2,0.03977878764271736
2025-01-11 09:00:00,0.0,0.039778788,2,0.03977878764271736
2025-01-11 10:00:00,0.0,0.039778788,2,0.03977878764271736
2025-01-11 11:00:00,0.0,0.03558254,2,0.035582538694143295
2025-01-11 12:00:00,13.8,19.02919,2,5.229190063476562
2025-01-11 13:00:00,17.3,20.946898,2,3.6468975067138665
2025-04-18 21:00:00,0.0,0.00038776328,3,0.0003877632843796164
2025-04-18 22:00:00,0.0,0.00038776328,3,0.0003877632843796164
2025-04-18 23:00:00,0.0,0.00038776328,3,0.0003877632843796164
2025-04-19 00:00:00,0.0,0.0,3,0.0
2025-04-19 01:00:00,0.0,0.012033356,3,0.012033356353640556
2025-04-19 09:00:00,0.0,0.012033356,3,0.012033356353640556
2025-04-19 10:00:00,0.0,0.0016015453,3,0.001601545256562531
2025-04-19 11:00:00,0.0,0.0,3,0.0
2025-04-19 12:00:00,14.6,18.339222,3,3.7392219543457035
2025-04-19 13:00:00,18.3,21.90722,3,3.607220840454101
2025-04-19 14:00:00,15.9,18.719517,3,2.8195167541503903
2025-04-19 15:00:00,9.8,11.032247,3,1.2322465896606438
2025-04-19 16:00:00,4.9,5.56021,3,0.6602102279663082
2025-04-19 17:00:00,12.8,15.072987,3,2.2729866027832024
2025-04-19 18:00:00,17.1,18.974169,3,1.874168777465819
2025-04-19 19:00:00,15.3,17.943798,3,2.643798065185546
2025-04-19 20:00:00,11.0,12.526887,3,1.5268869400024414
2025-04-19 21:00:00,0.0,0.0,3,0.0
2025-04-19 22:00:00,0.0,0.0,3,0.0
2025-04-19 23:00:00,0.0,0.0,3,0.0
2025-04-20 00:00:00,0.0,0.016920976,3,0.01692097634077072
2025-04-20 01:00:00,0.0,0.019283885,3,0.01928388513624668
2025-04-20 09:00:00,0.0,0.019283885,3,0.01928388513624668
2025-04-20 10:00:00,0.0,0.019317051,3,0.019317051395773888
2025-04-20 11:00:00,0.0,0.016945016,3,0.016945015639066696
2025-04-20 12:00:00,8.9,9.456661,3,0.556661224365234
2025-04-20 13:00:00,11.1,11.011248,3,-0.08875236511230433
2025-04-20 14:00:00,9.6,9.671534,3,0.07153358459472692
2025-04-20 15:00:00,5.9,6.9793816,3,1.0793815612792965
2025-04-20 16:00:00,3.0,3.1052282,3,0.10522818565368652
2025-04-20 17:00:00,7.8,8.464534,3,0.6645338058471681
2025-04-20 18:00:00,10.4,10.364278,3,-0.035722160339355824
2025-04-20 19:00:00,9.2,8.74565,3,-0.4543497085571282
2025-04-20 20:00:00,6.7,7.1330214,3,0.4330213546752928
2025-04-20 21:00:00,0.0,0.013504533,3,0.013504533097147942
2025-04-20 22:00:00,0.0,0.015900606,3,0.01590060628950596
2025-04-20 23:00:00,0.0,0.015900606,3,0.01590060628950596
2025-04-21 00:00:00,0.0,0.0048976955,3,0.004897695500403643
2025-04-21 01:00:00,0.0,0.0048976955,3,0.004897695500403643
2025-04-21 09:00:00,0.0,0.004886488,3,0.00488648796454072
2025-04-21 10:00:00,0.0,0.0048976955,3,0.004897695500403643
2025-04-21 11:00:00,0.0,0.014112703,3,0.014112702570855618
2025-04-21 12:00:00,7.6,7.4874873,3,-0.11251268386840785
2025-04-21 13:00:00,9.5,9.302088,3,-0.19791221618652344
2025-04-21 14:00:00,8.2,8.320348,3,0.12034778594970774
2025-04-21 15:00:00,5.1,4.4763675,3,-0.6236325263977047
2025-04-21 16:00:00,2.5,2.218879,3,-0.28112101554870605
2025-04-21 17:00:00,6.6,6.7019396,3,0.10193958282470739
2025-04-21 18:00:00,8.8,9.168438,3,0.36843795776367116
2025-04-21 19:00:00,7.9,7.817864,3,-0.0821360588073734
2025-04-21 20:00:00,5.7,5.44269,3,-0.25731010437011737
2025-04-21 21:00:00,0.0,0.0072606024,3,0.007260602433234453
2025-04-21 22:00:00,0.0,0.0072606024,3,0.007260602433234453
2025-04-21 23:00:00,0.0,0.0072606024,3,0.007260602433234453
2025-04-22 00:00:00,0.0,0.009190319,3,0.00919031910598278
2025-04-22 01:00:00,0.0,0.009190319,3,0.00919031910598278
2025-04-22 09:00:00,0.0,0.006225777,3,0.006225776858627796
2025-04-22 10:00:00,0.0,0.006225777,3,0.006225776858627796
2025-04-22 11:00:00,0.0,0.061174795,3,0.061174795031547546
2025-04-22 12:00:00,6.4,6.7975087,3,0.3975087165832516
2025-04-22 13:00:00,8.0,8.176206,3,0.17620563507080078
2025-04-22 14:00:00,7.0,6.949478,3,-0.0505218505859375
2025-04-22 15:00:00,4.3,4.378842,3,0.07884187698364276
2025-04-22 16:00:00,2.1,2.454166,3,0.35416593551635733
2025-04-22 17:00:00,5.6,5.5611057,3,-0.03889427185058558
2025-04-22 18:00:00,7.5,7.6445637,3,0.1445636749267578
2025-04-22 19:00:00,6.7,6.5426683,3,-0.15733165740966815
2025-04-22 20:00:00,4.8,4.8360734,3,0.03607339859008807
2025-04-22 21:00:00,0.0,0.009190319,3,0.00919031910598278
2025-04-22 22:00:00,0.0,0.009190319,3,0.00919031910598278
2025-04-22 23:00:00,0.0,0.009190319,3,0.00919031910598278
2025-04-23 00:00:00,0.0,0.0118367635,3,0.011836763471364975
2025-04-23 01:00:00,0.0,0.0118367635,3,0.011836763471364975
2025-04-23 09:00:00,0.0,0.0118367635,3,0.011836763471364975
2025-04-23 10:00:00,0.0,0.0014049477,3,0.0014049477176740766
2025-04-23 11:00:00,0.0,0.009377841,3,0.009377840906381607
2025-04-23 12:00:00,4.7,5.939689,3,1.2396891593933104
2025-04-23 13:00:00,5.8,7.4552364,3,1.6552364349365236
2025-04-23 14:00:00,5.1,6.0092225,3,0.909222507476807
2025-04-23 15:00:00,3.1,3.8905282,3,0.7905282020568847
2025-04-23 16:00:00,1.6,1.8618225,3,0.261822485923767
2025-04-23 17:00:00,4.1,4.9987764,3,0.8987764358520511
2025-04-23 18:00:00,5.5,5.942403,3,0.44240283966064453
2025-04-23 19:00:00,4.9,5.4090295,3,0.5090294837951657
2025-04-23 20:00:00,3.5,4.1400466,3,0.6400465965270996
2025-04-23 21:00:00,0.0,0.009282671,3,0.0092826709151268
2025-04-23 22:00:00,0.0,0.009282671,3,0.0092826709151268
2025-04-23 23:00:00,0.0,0.009282671,3,0.0092826709151268
2025-04-24 00:00:00,0.0,0.03192026,3,0.031920261681079865
2025-04-24 01:00:00,0.0,0.03192026,3,0.031920261681079865
2025-04-24 09:00:00,0.0,0.0034313493,3,0.0034313492942601442
2025-04-24 10:00:00,0.0,0.0034313493,3,0.0034313492942601442
2025-04-24 11:00:00,0.0,0.1380124,3,0.13801239430904388
2025-04-24 12:00:00,7.3,8.178207,3,0.8782073974609377
2025-04-24 13:00:00,9.1,9.125326,3,0.025326156616211293
2025-04-24 14:00:00,7.9,8.39835,3,0.49834976196289027
2025-04-24 15:00:00,4.9,4.9583764,3,0.05837640762329066
2025-04-24 16:00:00,2.4,2.3164825,3,-0.08351745605468741
2025-04-24 17:00:00,6.4,6.508321,3,0.10832080841064418
2025-04-24 18:00:00,8.5,8.812203,3,0.31220340728759766
2025-04-24 19:00:00,7.6,8.323181,3,0.7231811523437504
2025-04-24 20:00:00,5.5,6.229077,3,0.7290768623352051
2025-04-24 21:00:00,0.0,0.034676895,3,0.034676894545555115
2025-04-24 22:00:00,0.0,0.034676895,3,0.034676894545555115
2025-04-24 23:00:00,0.0,0.034676895,3,0.034676894545555115
2025-04-25 00:00:00,0.0,0.0,3,0.0
2025-04-25 01:00:00,0.0,0.010595422,3,0.010595422238111496
2025-04-25 09:00:00,0.0,0.010595422,3,0.010595422238111496
2025-04-25 10:00:00,0.0,0.02288852,3,0.02288852073252201
2025-04-25 11:00:00,0.0,0.02724224,3,0.02724223956465721
2025-04-25 12:00:00,14.4,13.62639,3,-0.77360954284668
2025-04-25 13:00:00,17.9,16.160257,3,-1.7397426605224595
2025-04-25 14:00:00,15.6,14.61492,3,-0.9850803375244137
2025-04-25 15:00:00,9.6,9.147403,3,-0.4525972366333004
2025-04-25 16:00:00,4.8,4.570647,3,-0.22935323715209943
2025-04-25 17:00:00,12.6,12.36509,3,-0.234909629821777
2025-04-25 18:00:00,16.7,15.337933,3,-1.3620674133300774
2025-04-25 19:00:00,15.0,14.292834,3,-0.7071657180786133
2025-04-25 20:00:00,10.8,10.35731,3,-0.44268970489502024
2025-04-25 21:00:00,0.0,0.0,3,0.0
2025-04-25 22:00:00,0.0,0.0,3,0.0
2025-04-25 23:00:00,0.0,0.0,3,0.0
2025-04-26 00:00:00,0.0,0.0,3,0.0
2025-04-26 01:00:00,0.0,0.014664825,3,0.014664825052022934
2025-04-26 09:00:00,0.0,0.014664825,3,0.014664825052022934
2025-04-26 10:00:00,0.0,0.014664825,3,0.014664825052022934
2025-04-26 11:00:00,0.0,0.03606744,3,0.03606744110584259
2025-04-26 12:00:00,15.1,17.747078,3,2.6470779418945316
2025-04-26 13:00:00,18.9,22.544802,3,3.6448017120361342
2025-04-26 14:00:00,16.4,18.101282,3,1.701282119750978
2025-04-26 15:00:00,10.1,11.1320915,3,1.0320915222167972
2025-04-26 16:00:00,5.0,5.198642,3,0.19864177703857422
2025-04-26 17:00:00,13.2,15.898448,3,2.698447990417481
2025-04-26 18:00:00,17.6,18.83948,3,1.2394794464111314
2025-04-26 19:00:00,15.7,18.00734,3,2.307339477539063
2025-04-26 20:00:00,11.3,13.034575,3,1.7345754623413079
2025-04-26 21:00:00,0.0,0.0,3,0.0
2025-04-26 22:00:00,0.0,0.0,3,0.0
2025-04-26 23:00:00,0.0,0.0,3,0.0
2025-04-27 00:00:00,0.0,0.012301916,3,0.012301916256546974
2025-04-27 01:00:00,0.0,0.012301916,3,0.012301916256546974
2025-04-27 09:00:00,0.0,0.011993887,3,0.011993886902928352
2025-04-27 10:00:00,0.0,0.007463914,3,0.007463913876563311
2025-04-27 11:00:00,0.0,0.0074879527,3,0.007487952709197998
2025-04-27 12:00:00,5.1,11.010695,3,5.9106954574584964
2025-04-27 13:00:00,6.3,13.158378,3,6.8583776473999025
2025-04-27 14:00:00,5.5,11.875935,3,6.375934600830078
2025-04-27 15:00:00,3.4,6.791978,3,3.391977882385254
2025-04-27 16:00:00,1.7,3.2362823,3,1.5362823486328125
2025-04-27 17:00:00,4.4,8.871525,3,4.471524810791015
2025-04-27 18:00:00,5.9,11.141892,3,5.2418924331665036
2025-04-27 19:00:00,5.3,9.115218,3,3.8152181625366213
2025-04-27 20:00:00,3.8,6.262687,3,2.4626872062683107
2025-04-27 21:00:00,0.0,0.08450988,3,0.08450987935066223
2025-04-27 22:00:00,0.0,0.08481791,3,0.08481790870428085
2025-04-27 23:00:00,0.0,0.009915069,3,0.009915068745613098
2025-04-28 00:00:00,0.0,0.0,3,0.0
2025-04-28 01:00:00,0.0,0.0,3,0.0
2025-04-28 09:00:00,0.0,0.0,3,0.0
2025-04-28 10:00:00,0.0,0.0,3,0.0
2025-04-28 11:00:00,0.0,0.0,3,0.0
2025-04-28 12:00:00,5.0,6.200952,3,1.2009520530700684
2025-04-28 13:00:00,6.2,8.435027,3,2.2350271224975584
2025-04-28 14:00:00,5.4,7.383707,3,1.9837070465087887
2025-04-28 15:00:00,3.3,3.9723003,3,0.6723002910614015
2025-04-28 16:00:00,1.7,1.8656673,3,0.16566734313964848
2025-04-28 17:00:00,4.4,5.3463345,3,0.9463344573974606
2025-04-28 18:00:00,5.8,7.7080536,3,1.9080535888671877
2025-04-28 19:00:00,5.2,6.9922023,3,1.7922022819519041
2025-04-28 20:00:00,3.7,4.543083,3,0.8430831909179686
2025-04-28 21:00:00,0.0,0.0,3,0.0
2025-04-28 22:00:00,0.0,0.0,3,0.0
2025-04-28 23:00:00,0.0,0.0,3,0.0
2025-04-29 00:00:00,0.0,0.0026463016,3,0.0026463016401976347
2025-04-29 01:00:00,0.0,0.0026463016,3,0.0026463016401976347
2025-04-29 09:00:00,0.0,0.0026463016,3,0.0026463016401976347
2025-04-29 10:00:00,0.0,0.006568471,3,0.006568470969796181
2025-04-29 11:00:00,0.0,0.0,3,0.0
2025-04-29 12:00:00,5.4,5.2435718,3,-0.15642824172973668
2025-04-29 13:00:00,6.7,6.6962013,3,-0.0037986755371095526
2025-04-29 14:00:00,5.8,5.850873,3,0.05087299346923846
2025-04-29 15:00:00,3.6,3.3379219,3,-0.2620781421661378
2025-04-29 16:00:00,1.8,1.5298638,3,-0.27013616561889653
2025-04-29 17:00:00,4.7,4.496698,3,-0.20330209732055682
2025-04-29 18:00:00,6.3,5.7802157,3,-0.5197842597961424
2025-04-29 19:00:00,5.6,5.4231133,3,-0.17688665390014613
2025-04-29 20:00:00,4.0,4.139978,3,0.13997793197631836
2025-04-29 21:00:00,0.0,0.012443356,3,0.012443356215953827
2025-04-29 22:00:00,0.0,0.012443356,3,0.012443356215953827
2025-04-29 23:00:00,0.0,0.012443356,3,0.012443356215953827
2025-04-30 00:00:00,0.0,0.0032523803,3,0.003252380294725299
2025-04-30 01:00:00,0.0,0.0032523803,3,0.003252380294725299
2025-04-30 09:00:00,0.0,0.0,3,0.0
2025-04-30 10:00:00,0.0,0.058368485,3,0.058368485420942307
2025-04-30 11:00:00,0.0,0.0,3,0.0
2025-04-30 12:00:00,4.9,5.224141,3,0.3241411209106442
2025-04-30 13:00:00,6.1,6.917959,3,0.8179592132568363
2025-04-30 14:00:00,5.3,5.9912558,3,0.6912557601928713
2025-04-30 15:00:00,3.2,3.5834727,3,0.38347272872924787
2025-04-30 16:00:00,1.6,1.6845604,3,0.0845604181289672
2025-04-30 17:00:00,4.3,4.377858,3,0.07785816192626971
2025-04-30 18:00:00,5.7,5.9200773,3,0.22007732391357404
2025-04-30 19:00:00,5.1,5.046713,3,-0.05328712463378871
2025-04-30 20:00:00,3.7,4.1763124,3,0.4763124465942381
2025-04-30 21:00:00,0.0,0.009968251,3,0.00996825098991394
2025-04-30 22:00:00,0.0,0.014040699,3,0.014040699228644371
2025-04-30 23:00:00,0.0,0.014806259,3,0.014806259423494339
2025-05-01 00:00:00,0.0,0.0077878404,3,0.007787840440869331
2025-05-01 01:00:00,0.0,0.0077878404,3,0.007787840440869331
2025-05-01 09:00:00,0.0,0.007012369,3,0.0070123691111803055
2025-05-01 10:00:00,0.0,0.030904107,3,0.03090410679578781
2025-05-01 11:00:00,0.0,0.108603574,3,0.1086035743355751
2025-05-01 12:00:00,9.2,7.796601,3,-1.403399181365966
2025-05-01 13:00:00,11.5,9.07259,3,-2.427410125732422
2025-05-01 14:00:00,9.9,8.41504,3,-1.484959983825684
2025-05-01 15:00:00,6.1,5.517873,3,-0.5821271896362301
2025-05-01 16:00:00,3.1,2.7133906,3,-0.3866094112396241
2025-05-01 17:00:00,8.0,6.9828916,3,-1.01710844039917
2025-05-01 18:00:00,10.7,9.7777195,3,-0.9222805023193352
2025-05-01 19:00:00,9.5,8.785647,3,-0.7143526077270508
2025-05-01 20:00:00,6.9,6.861575,3,-0.038424873352051137
2025-05-01 21:00:00,0.0,0.010201108,3,0.0102011077105999
2025-05-01 22:00:00,0.0,0.010201108,3,0.0102011077105999
2025-05-01 23:00:00,0.0,0.008857951,3,0.008857950568199158
2025-05-02 00:00:00,0.0,0.0,3,0.0
2025-05-02 01:00:00,0.0,0.0,3,0.0
2025-05-02 09:00:00,0.0,0.0,3,0.0
2025-05-02 10:00:00,0.0,0.0,3,0.0
2025-05-02 11:00:00,0.0,0.033431876,3,0.033431876450777054
2025-05-02 12:00:00,12.3,14.856907,3,2.55690689086914
2025-05-02 13:00:00,15.3,17.60398,3,2.3039791107177727
2025-05-02 14:00:00,13.3,15.401928,3,2.101927947998046
2025-05-02 15:00:00,8.2,10.051463,3,1.8514631271362312
2025-05-02 16:00:00,4.1,4.778228,3,0.678227806091309
2025-05-02 17:00:00,10.7,13.16737,3,2.4673698425292976
2025-05-02 18:00:00,14.3,15.334755,3,1.0347549438476555
2025-05-02 19:00:00,12.8,14.8632,3,2.0632001876831048
2025-05-02 20:00:00,9.2,11.085891,3,1.8858907699584968
2025-05-02 21:00:00,0.0,0.0,3,0.0
2025-05-02 22:00:00,0.0,0.0,3,0.0
2025-05-02 23:00:00,0.0,0.0,3,0.0
2025-05-03 00:00:00,0.0,0.036647297,3,0.03664729744195938
2025-05-03 01:00:00,0.0,0.04237216,3,0.04237215965986252
2025-05-03 09:00:00,0.0,0.04237216,3,0.04237215965986252
2025-05-03 10:00:00,0.0,0.04237216,3,0.04237215965986252
2025-05-03 11:00:00,0.0,0.0423962,3,0.04239619895815849
2025-05-03 12:00:00,14.8,18.108038,3,3.3080379486083977
2025-05-03 13:00:00,18.5,22.134922,3,3.6349220275878906
2025-05-03 14:00:00,16.1,19.188171,3,3.0881713867187486
2025-05-03 15:00:00,9.9,12.354717,3,2.4547172546386715
2025-05-03 16:00:00,4.9,5.3893847,3,0.4893847465515133
2025-05-03 17:00:00,13.0,15.36183,3,2.3618297576904297
2025-05-03 18:00:00,17.3,18.964487,3,1.6644870758056634
2025-05-03 19:00:00,15.5,17.561506,3,2.0615062713623047
2025-05-03 20:00:00,11.1,14.057409,3,2.957409286499024
2025-05-03 21:00:00,0.0,0.02508116,3,0.02508115954697132
2025-05-03 22:00:00,0.0,0.020456389,3,0.020456388592720032
2025-05-03 23:00:00,0.0,0.02508116,3,0.02508115954697132
2025-05-04 00:00:00,0.0,0.033128332,3,0.03312833234667778
2025-05-04 01:00:00,0.0,0.0377531,3,0.03775310143828392
2025-05-04 09:00:00,0.0,0.0377531,3,0.03775310143828392
2025-05-04 10:00:00,0.0,0.0377531,3,0.03775310143828392
2025-05-04 11:00:00,0.0,0.03315237,3,0.033152371644973755
2025-05-04 12:00:00,12.1,10.428017,3,-1.6719833374023434
2025-05-04 13:00:00,15.1,11.902192,3,-3.1978078842163082
2025-05-04 14:00:00,13.1,11.25385,3,-1.8461500167846676
2025-05-04 15:00:00,8.1,6.824339,3,-1.2756610870361325
2025-05-04 16:00:00,4.0,3.5778759,3,-0.42212414741516113
2025-05-04 17:00:00,10.6,8.633365,3,-1.9666353225708004
2025-05-04 18:00:00,14.1,12.070171,3,-2.0298286437988278
2025-05-04 19:00:00,12.6,10.260741,3,-2.339258766174316
2025-05-04 20:00:00,9.1,7.373644,3,-1.7263561248779293
2025-05-04 21:00:00,0.0,0.03402393,3,0.03402392938733101
2025-05-04 22:00:00,0.0,0.03402393,3,0.03402392938733101
2025-05-04 23:00:00,0.0,0.03402393,3,0.03402392938733101
2025-05-05 00:00:00,0.0,0.014247419,3,0.014247419312596321
2025-05-05 01:00:00,0.0,0.014247419,3,0.014247419312596321
2025-05-05 09:00:00,0.0,0.014247419,3,0.014247419312596321
2025-05-05 10:00:00,0.0,0.014247419,3,0.014247419312596321
2025-05-05 11:00:00,0.0,0.15420166,3,0.1542016565799713
2025-05-05 12:00:00,5.8,8.650607,3,2.8506071090698244
2025-05-05 13:00:00,7.3,11.219514,3,3.9195138931274416
2025-05-05 14:00:00,6.3,9.578474,3,3.278474044799805
2025-05-05 15:00:00,3.9,5.904086,3,2.0040861129760743
2025-05-05 16:00:00,1.9,3.2240624,3,1.324062442779541
2025-05-05 17:00:00,5.1,7.4590464,3,2.3590463638305668
2025-05-05 18:00:00,6.8,9.565265,3,2.765264701843262
2025-05-05 19:00:00,6.1,8.097927,3,1.9979270935058597
2025-05-05 20:00:00,4.4,5.427153,3,1.02715311050415
2025-05-05 21:00:00,0.0,0.014027279,3,0.014027278870344162
2025-05-05 22:00:00,0.0,0.014027279,3,0.014027278870344162
2025-05-05 23:00:00,0.0,0.014027279,3,0.014027278870344162
2025-05-06 00:00:00,0.0,0.011365693,3,0.011365693062543869
2025-05-06 01:00:00,0.0,0.011365693,3,0.011365693062543869
2025-05-06 09:00:00,0.0,0.011365693,3,0.011365693062543869
2025-05-06 10:00:00,0.0,0.011365693,3,0.011365693062543869
2025-05-06 11:00:00,0.0,0.049992673,3,0.049992673099040985
2025-05-06 12:00:00,4.1,5.8448334,3,1.7448333740234379
2025-05-06 13:00:00,5.1,6.9481344,3,1.8481344223022464
2025-05-06 14:00:00,4.4,5.8541765,3,1.4541765213012692
2025-05-06 15:00:00,2.7,4.01291,3,1.3129098892211912
2025-05-06 16:00:00,1.4,1.7457893,3,0.3457892894744874
2025-05-06 17:00:00,3.6,4.6862736,3,1.0862735748291015
2025-05-06 18:00:00,4.8,6.0996475,3,1.2996475219726564
2025-05-06 19:00:00,4.3,5.2298913,3,0.9298913002014162
2025-05-06 20:00:00,3.1,3.8636205,3,0.7636205196380614
2025-05-06 21:00:00,0.0,0.018205103,3,0.018205102533102036
2025-05-06 22:00:00,0.0,0.018205103,3,0.018205102533102036
2025-05-06 23:00:00,0.0,0.018205103,3,0.018205102533102036
2025-05-07 00:00:00,0.0,0.009014137,3,0.009014137089252472
2025-05-07 01:00:00,0.0,0.009014137,3,0.009014137089252472
2025-05-07 09:00:00,0.0,0.09470823,3,0.09470822662115097
2025-05-07 10:00:00,0.0,0.06496187,3,0.06496187299489975
2025-05-07 11:00:00,0.0,0.0019842146,3,0.0019842146430164576
2025-05-07 12:00:00,4.0,5.158573,3,1.1585731506347656
2025-05-07 13:00:00,5.0,6.142142,3,1.1421418190002441
2025-05-07 14:00:00,4.4,5.2686667,3,0.8686667442321774
2025-05-07 15:00:00,2.7,2.9145682,3,0.21456818580627424
2025-05-07 16:00:00,1.3,1.6745131,3,0.37451310157775874
2025-05-07 17:00:00,3.5,4.133983,3,0.6339831352233887
2025-05-07 18:00:00,4.7,5.1806736,3,0.4806735992431639
2025-05-07 19:00:00,4.2,4.7191377,3,0.519137668609619
2025-05-07 20:00:00,3.0,3.5046618,3,0.5046617984771729
2025-05-07 21:00:00,0.0,0.018205103,3,0.018205102533102036
2025-05-07 22:00:00,0.0,0.018205103,3,0.018205102533102036
2025-05-07 23:00:00,0.0,0.018205103,3,0.018205102533102036
2025-05-08 00:00:00,0.0,0.0056152884,3,0.005615288391709328
2025-05-08 01:00:00,0.0,0.0056152884,3,0.005615288391709328
2025-05-08 09:00:00,0.0,0.08882544,3,0.08882544189691544
2025-05-08 10:00:00,0.0,0.02385181,3,0.02385181002318859
2025-05-08 11:00:00,0.0,0.0671097,3,0.06710969656705856
2025-05-08 12:00:00,7.1,7.0608153,3,-0.039184665679931285
2025-05-08 13:00:00,8.9,8.89949,3,-0.0005096435546878553
2025-05-08 14:00:00,7.7,8.083715,3,0.38371543884277326
2025-05-08 15:00:00,4.8,4.811967,3,0.011966896057129084
2025-05-08 16:00:00,2.4,2.3602912,3,-0.039708757400512606
2025-05-08 17:00:00,6.2,6.513846,3,0.31384592056274396
2025-05-08 18:00:00,8.3,8.659482,3,0.35948200225830007
2025-05-08 19:00:00,7.4,7.8108826,3,0.41088256835937464
2025-05-08 20:00:00,5.3,6.2622557,3,0.9622556686401369
2025-05-08 21:00:00,0.0,0.008169381,3,0.008169380947947502
2025-05-08 22:00:00,0.0,0.008169381,3,0.008169380947947502
2025-05-08 23:00:00,0.0,0.0066853995,3,0.006685399450361729
2025-05-09 00:00:00,0.0,0.0041878107,3,0.004187810700386763
2025-05-09 01:00:00,0.0,0.009912681,3,0.009912680834531784
2025-05-09 09:00:00,0.0,0.06235163,3,0.06235162913799286
2025-05-09 10:00:00,0.0,0.06277552,3,0.06277552247047424
2025-05-09 11:00:00,0.0,0.061874393,3,0.0618743933737278
2025-05-09 12:00:00,8.9,14.172066,3,5.272065734863281
2025-05-09 13:00:00,11.1,17.447865,3,6.3478645324707035
2025-05-09 14:00:00,9.7,15.42195,3,5.721950340270997
2025-05-09 15:00:00,5.9,8.635556,3,2.7355562210083004
2025-05-09 16:00:00,3.0,4.4058557,3,1.405855655670166
2025-05-09 17:00:00,7.8,11.315708,3,3.515708160400391
2025-05-09 18:00:00,10.4,15.525833,3,5.125833129882812
2025-05-09 19:00:00,9.3,13.524154,3,4.22415370941162
2025-05-09 20:00:00,6.7,9.695214,3,2.99521427154541
2025-05-09 21:00:00,0.0,0.0041878107,3,0.004187810700386763
2025-05-09 22:00:00,0.0,0.0,3,0.0
2025-05-09 23:00:00,0.0,0.0,3,0.0
2025-05-10 00:00:00,0.0,0.015308259,3,0.015308259055018425
2025-05-10 01:00:00,0.0,0.02103313,3,0.02103313058614731
2025-05-10 09:00:00,0.0,0.0,3,0.0
2025-05-10 10:00:00,0.0,0.06083731,3,0.060837309807538986
2025-05-10 11:00:00,0.0,0.07315445,3,0.07315444946289062
2025-05-10 12:00:00,10.1,16.725584,3,6.6255840301513675
2025-05-10 13:00:00,12.6,19.123539,3,6.523538970947266
2025-05-10 14:00:00,10.9,16.820454,3,5.920453643798828
2025-05-10 15:00:00,6.7,11.122345,3,4.422344970703125
2025-05-10 16:00:00,3.4,5.2912226,3,1.8912225723266602
2025-05-10 17:00:00,8.8,13.405649,3,4.605649185180663
2025-05-10 18:00:00,11.7,15.958038,3,4.258038330078126
2025-05-10 19:00:00,10.5,14.540502,3,4.040501594543457
2025-05-10 20:00:00,7.5,11.381176,3,3.881175994873047
2025-05-10 21:00:00,0.0,0.04455187,3,0.044551871716976166
2025-05-10 22:00:00,0.0,0.003982137,3,0.003982136957347393
2025-05-10 23:00:00,0.0,0.003982137,3,0.003982136957347393
2025-05-11 00:00:00,0.0,0.0107953325,3,0.010795332491397858
2025-05-11 01:00:00,0.0,0.0107953325,3,0.010795332491397858
2025-05-11 09:00:00,0.0,0.010487303,3,0.010487303137779236
2025-05-11 10:00:00,0.0,0.0,3,0.0
2025-05-11 11:00:00,0.0,0.048831824,3,0.04883182421326637
2025-05-11 12:00:00,8.2,10.039837,3,1.8398368835449226
2025-05-11 13:00:00,10.3,12.262848,3,1.9628479003906243
2025-05-11 14:00:00,8.9,11.228265,3,2.328264808654785
2025-05-11 15:00:00,5.5,7.0111446,3,1.5111446380615234
2025-05-11 16:00:00,2.7,3.3164384,3,0.6164384365081785
2025-05-11 17:00:00,7.2,8.444356,3,1.2443559646606444
2025-05-11 18:00:00,9.6,10.025137,3,0.4251369476318363
2025-05-11 19:00:00,8.6,9.162113,3,0.562113189697266
2025-05-11 20:00:00,6.2,7.761985,3,1.5619848251342772
2025-05-11 21:00:00,0.0,0.005717317,3,0.00571731710806489
2025-05-11 22:00:00,0.0,0.01024729,3,0.010247290134429932
2025-05-11 23:00:00,0.0,0.01024729,3,0.010247290134429932
2025-05-12 00:00:00,0.0,0.0033274826,3,0.0033274826128035784
2025-05-12 01:00:00,0.0,0.0033274826,3,0.0033274826128035784
2025-05-12 09:00:00,0.0,0.0030194533,3,0.0030194532591849566
2025-05-12 10:00:00,0.0,0.0030194533,3,0.0030194532591849566
2025-05-12 11:00:00,0.0,0.0,3,0.0
2025-05-12 12:00:00,5.8,8.31631,3,2.516309928894043
2025-05-12 13:00:00,7.2,9.71205,3,2.512050437927246
2025-05-12 14:00:00,6.2,9.081933,3,2.88193302154541
2025-05-12 15:00:00,3.8,5.446158,3,1.6461579322814943
2025-05-12 16:00:00,1.9,2.6884553,3,0.78845534324646
2025-05-12 17:00:00,5.0,6.955965,3,1.9559650421142578
2025-05-12 18:00:00,6.7,9.092424,3,2.392424392700195
2025-05-12 19:00:00,6.0,7.4874372,3,1.4874372482299805
2025-05-12 20:00:00,4.3,5.148176,3,0.8481761932373049
2025-05-12 21:00:00,0.0,0.0019493408,3,0.0019493408035486937
2025-05-12 22:00:00,0.0,0.0022573702,3,0.0022573701571673155
2025-05-12 23:00:00,0.0,0.0022573702,3,0.0022573701571673155
2025-05-13 00:00:00,0.0,0.05355352,3,0.05355352163314819
2025-05-13 01:00:00,0.0,0.05355352,3,0.05355352163314819
2025-05-13 09:00:00,0.0,0.0,3,0.0
2025-05-13 10:00:00,0.0,0.0,3,0.0
2025-05-13 11:00:00,0.0,0.11044819,3,0.1104481890797615
2025-05-13 12:00:00,6.0,5.5204105,3,-0.47958946228027344
2025-05-13 13:00:00,7.5,7.1317306,3,-0.3682694435119629
2025-05-13 14:00:00,6.5,6.268715,3,-0.23128509521484375
2025-05-13 15:00:00,4.0,4.2245812,3,0.22458124160766602
2025-05-13 16:00:00,2.0,2.2315748,3,0.23157477378845215
2025-05-13 17:00:00,5.2,4.7808824,3,-0.4191176414489748
2025-05-13 18:00:00,7.0,6.694517,3,-0.3054828643798828
2025-05-13 19:00:00,6.2,5.747244,3,-0.45275611877441424
2025-05-13 20:00:00,4.5,4.0728316,3,-0.4271683692932129
2025-05-13 21:00:00,0.0,0.053858086,3,0.053858086466789246
2025-05-13 22:00:00,0.0,0.05431561,3,0.054315611720085144
2025-05-13 23:00:00,0.0,0.05431561,3,0.054315611720085144
2025-05-14 00:00:00,0.0,0.0037459026,3,0.0037459025625139475
2025-05-14 01:00:00,0.0,0.0037459026,3,0.0037459025625139475
2025-05-14 09:00:00,0.0,0.0011115373,3,0.001111537334509194
2025-05-14 10:00:00,0.0,0.084242195,3,0.08424219489097595
2025-05-14 11:00:00,0.0,0.017434347,3,0.017434347420930862
2025-05-14 12:00:00,3.8,4.8536596,3,1.0536596298217775
2025-05-14 13:00:00,4.7,6.1146235,3,1.4146235466003416
2025-05-14 14:00:00,4.1,5.1454134,3,1.0454133987426761
2025-05-14 15:00:00,2.5,3.5711226,3,1.071122646331787
2025-05-14 16:00:00,1.3,1.641917,3,0.3419169902801513
2025-05-14 17:00:00,3.3,4.1032567,3,0.8032567024230959
2025-05-14 18:00:00,4.4,5.5265245,3,1.1265245437622067
2025-05-14 19:00:00,4.0,4.3944545,3,0.3944544792175293
2025-05-14 20:00:00,2.8,3.4384546,3,0.6384546279907228
2025-05-14 21:00:00,0.0,0.0029838185,3,0.002983818529173732
2025-05-14 22:00:00,0.0,0.0029838185,3,0.002983818529173732
2025-05-14 23:00:00,0.0,0.0029838185,3,0.002983818529173732
2025-05-15 00:00:00,0.0,0.0153439585,3,0.015343958511948586
2025-05-15 01:00:00,0.0,0.0153439585,3,0.015343958511948586
2025-05-15 09:00:00,0.0,0.015035929,3,0.015035929158329964
2025-05-15 10:00:00,0.0,0.021961264,3,0.021961264312267303
2025-05-15 11:00:00,0.0,0.0022054787,3,0.0022054787259548903
2025-05-15 12:00:00,5.7,6.584283,3,0.884282875061035
2025-05-15 13:00:00,7.2,8.285826,3,1.085825729370117
2025-05-15 14:00:00,6.2,7.6369276,3,1.4369276046752928
2025-05-15 15:00:00,3.8,4.3482594,3,0.5482594490051271
2025-05-15 16:00:00,1.9,2.5289264,3,0.6289263725280763
2025-05-15 17:00:00,5.0,6.119814,3,1.1198139190673828
2025-05-15 18:00:00,6.7,7.5547595,3,0.8547595024108885
2025-05-15 19:00:00,6.0,6.740172,3,0.7401719093322754
2025-05-15 20:00:00,4.3,5.2353563,3,0.9353563308715822
2025-05-15 21:00:00,0.0,0.015035929,3,0.015035929158329964
2025-05-15 22:00:00,0.0,0.015035929,3,0.015035929158329964
2025-05-15 23:00:00,0.0,0.0153439585,3,0.015343958511948586
2025-05-16 00:00:00,0.0,0.009619087,3,0.009619086980819702
2025-05-16 01:00:00,0.0,0.0153439585,3,0.015343958511948586
2025-05-16 09:00:00,0.0,0.07064726,3,0.07064726203680038
2025-05-16 10:00:00,0.0,0.015035929,3,0.015035929158329964
2025-05-16 11:00:00,0.0,0.015059968,3,0.015059968456625938
2025-05-16 12:00:00,9.7,12.093196,3,2.3931959152221687
2025-05-16 13:00:00,12.1,16.517218,3,4.417217636108399
2025-05-16 14:00:00,10.5,13.926694,3,3.426693916320801
2025-05-16 15:00:00,6.5,7.7135744,3,1.2135744094848633
2025-05-16 16:00:00,3.2,4.344222,3,1.144222068786621
2025-05-16 17:00:00,8.5,10.648672,3,2.148672103881836
2025-05-16 18:00:00,11.3,14.792261,3,3.492261123657226
2025-05-16 19:00:00,10.1,12.523816,3,2.4238161087036136
2025-05-16 20:00:00,7.3,9.632867,3,2.3328668594360353
2025-08-22 09:00:00,0.0,0.0017259612,4,0.001725961221382022
2025-08-22 10:00:00,0.0,0.013574596,4,0.01357459556311369
2025-08-22 11:00:00,0.0,0.02794318,4,0.02794318087399006
2025-08-22 12:00:00,18.6,13.471626,4,-5.12837371826172
2025-08-22 13:00:00,23.2,18.21018,4,-4.989819717407226
2025-08-22 14:00:00,20.1,15.033482,4,-5.066518402099611
2025-08-22 15:00:00,12.4,8.941757,4,-3.458242797851563
2025-08-22 16:00:00,6.2,4.146448,4,-2.0535518646240236
2025-08-22 17:00:00,16.2,12.160978,4,-4.039021682739257
2025-08-22 18:00:00,21.7,17.846573,4,-3.853427124023437
2025-08-22 19:00:00,19.3,15.35964,4,-3.9403598785400398
2025-08-22 20:00:00,13.9,10.458255,4,-3.441745185852051
2025-08-22 21:00:00,0.0,0.13285987,4,0.13285987079143524
2025-08-22 22:00:00,0.0,0.13763289,4,0.13763289153575897
2025-08-22 23:00:00,0.0,0.1452806,4,0.1452805995941162
2025-08-23 00:00:00,0.0,0.08131853,4,0.08131852746009827
2025-08-23 01:00:00,0.0,0.11201627,4,0.11201626807451248
2025-08-23 09:00:00,0.0,0.0545976,4,0.05459760129451752
2025-08-23 10:00:00,0.0,0.057324376,4,0.057324375957250595
2025-08-23 11:00:00,0.0,0.11759938,4,0.11759938299655914
2025-08-23 12:00:00,20.7,21.581,4,0.8809993743896491
2025-08-23 13:00:00,25.8,25.774948,4,-0.02505187988281321
2025-08-23 14:00:00,22.4,23.14661,4,0.746610260009767
2025-08-23 15:00:00,13.8,12.365758,4,-1.4342420578002937
2025-08-23 16:00:00,6.9,6.7696652,4,-0.13033475875854528
2025-08-23 17:00:00,18.1,19.297361,4,1.1973613739013658
2025-08-23 18:00:00,24.1,25.257149,4,1.1571487426757798
2025-08-23 19:00:00,21.5,23.104763,4,1.6047630310058594
2025-08-23 20:00:00,15.5,14.654772,4,-0.8452281951904297
2025-08-23 21:00:00,0.0,0.19703117,4,0.197031170129776
2025-08-23 22:00:00,0.0,0.20653114,4,0.20653113722801208
2025-08-23 23:00:00,0.0,0.08944246,4,0.08944246172904968
2025-08-24 00:00:00,0.0,0.08089713,4,0.08089713007211685
2025-08-24 01:00:00,0.0,0.064746775,4,0.06474677473306656
2025-08-24 09:00:00,0.0,0.015483784,4,0.015483783558011055
2025-08-24 10:00:00,0.0,0.00088703923,4,0.000887039233930409
2025-08-24 11:00:00,0.0,0.116937324,4,0.11693732440471649
2025-08-24 12:00:00,13.2,11.555417,4,-1.6445829391479485
2025-08-24 13:00:00,16.5,14.693507,4,-1.806492805480957
2025-08-24 14:00:00,14.3,12.433645,4,-1.8663547515869148
2025-08-24 15:00:00,8.8,7.479872,4,-1.3201277732849128
2025-08-24 16:00:00,4.4,4.1921997,4,-0.20780029296875036
2025-08-24 17:00:00,11.6,10.776297,4,-0.8237033843994137
2025-08-24 18:00:00,15.4,14.545508,4,-0.8544916152954105
2025-08-24 19:00:00,13.8,11.547722,4,-2.252278137207032
2025-08-24 20:00:00,9.9,7.605815,4,-2.294185066223145
2025-08-24 21:00:00,0.0,0.0,4,0.0
2025-08-24 22:00:00,0.0,0.0,4,0.0
2025-08-24 23:00:00,0.0,0.0,4,0.0
2025-08-25 00:00:00,0.0,0.0,4,0.0
2025-08-25 01:00:00,0.0,0.0,4,0.0
2025-08-25 09:00:00,0.0,0.0,4,0.0
2025-08-25 10:00:00,0.0,0.0,4,0.0
2025-08-25 11:00:00,0.0,0.0,4,0.0
2025-08-25 12:00:00,9.0,7.4699545,4,-1.530045509338379
2025-08-25 13:00:00,11.2,9.208607,4,-1.9913932800292962
2025-08-25 14:00:00,9.7,8.0949745,4,-1.6050254821777337
2025-08-25 15:00:00,6.0,5.1767073,4,-0.8232927322387695
2025-08-25 16:00:00,3.0,2.3208392,4,-0.6791608333587646
2025-08-25 17:00:00,7.9,7.057681,4,-0.8423189163208011
2025-08-25 18:00:00,10.5,9.033397,4,-1.4666032791137695
2025-08-25 19:00:00,9.4,7.5390434,4,-1.8609565734863285
2025-08-25 20:00:00,6.7,5.3457193,4,-1.3542806625366213
2025-08-25 21:00:00,0.0,0.0,4,0.0
2025-08-25 22:00:00,0.0,0.0,4,0.0
2025-08-25 23:00:00,0.0,0.0,4,0.0
2025-08-26 00:00:00,0.0,0.0,4,0.0
2025-08-26 01:00:00,0.0,0.0,4,0.0
2025-08-26 09:00:00,0.0,0.0,4,0.0
2025-08-26 10:00:00,0.0,0.0,4,0.0
2025-08-26 11:00:00,0.0,0.014156947,4,0.014156946912407875
2025-08-26 12:00:00,8.3,7.447078,4,-0.8529217720031745
2025-08-26 13:00:00,10.3,8.867872,4,-1.432127761840821
2025-08-26 14:00:00,9.0,8.006323,4,-0.9936771392822266
2025-08-26 15:00:00,5.5,5.386503,4,-0.11349678039550781
2025-08-26 16:00:00,2.8,2.3868213,4,-0.41317873001098615
2025-08-26 17:00:00,7.2,7.0373073,4,-0.16269273757934588
2025-08-26 18:00:00,9.6,8.948672,4,-0.6513277053833004
2025-08-26 19:00:00,8.6,8.072008,4,-0.5279918670654293
2025-08-26 20:00:00,6.2,5.834308,4,-0.36569185256958026
2025-08-26 21:00:00,0.0,0.0,4,0.0
2025-08-26 22:00:00,0.0,0.0,4,0.0
2025-08-26 23:00:00,0.0,0.0,4,0.0
2025-08-27 00:00:00,0.0,0.0,4,0.0
2025-08-27 01:00:00,0.0,0.0,4,0.0
2025-08-27 09:00:00,0.0,0.0,4,0.0
2025-08-27 10:00:00,0.0,0.0,4,0.0
2025-08-27 11:00:00,0.0,0.0,4,0.0
2025-08-27 12:00:00,8.1,7.742973,4,-0.3570271492004391
2025-08-27 13:00:00,10.1,9.285936,4,-0.8140636444091793
2025-08-27 14:00:00,8.8,8.127321,4,-0.6726787567138679
2025-08-27 15:00:00,5.4,5.720227,4,0.3202267646789547
2025-08-27 16:00:00,2.7,2.8660574,4,0.16605739593505842
2025-08-27 17:00:00,7.1,6.6361775,4,-0.4638224601745602
2025-08-27 18:00:00,9.4,8.877774,4,-0.5222257614135746
2025-08-27 19:00:00,8.4,7.7394605,4,-0.660539531707764
2025-08-27 20:00:00,6.1,5.9238195,4,-0.1761804580688473
2025-08-27 21:00:00,0.0,0.0,4,0.0
2025-08-27 22:00:00,0.0,0.0,4,0.0
2025-08-27 23:00:00,0.0,0.0,4,0.0
2025-08-28 00:00:00,0.0,0.0,4,0.0
2025-08-28 01:00:00,0.0,0.0,4,0.0
2025-08-28 09:00:00,0.0,0.0,4,0.0
2025-08-28 10:00:00,0.0,0.0,4,0.0
2025-08-28 11:00:00,0.0,0.027005188,4,0.027005188167095184
2025-08-28 12:00:00,12.2,9.600067,4,-2.5999328613281243
2025-08-28 13:00:00,15.3,10.924,4,-4.376000213623048
2025-08-28 14:00:00,13.3,10.129103,4,-3.170897293090821
2025-08-28 15:00:00,8.2,6.7355065,4,-1.4644934654235833
2025-08-28 16:00:00,4.1,3.5712545,4,-0.5287455081939694
2025-08-28 17:00:00,10.7,9.257901,4,-1.4420988082885735
2025-08-28 18:00:00,14.3,11.811955,4,-2.4880445480346687
2025-08-28 19:00:00,12.7,11.137297,4,-1.562703323364257
2025-08-28 20:00:00,9.2,7.8127065,4,-1.3872935295104973
2025-08-28 21:00:00,0.0,0.011981063,4,0.011981062591075897
2025-08-28 22:00:00,0.0,0.0,4,0.0
2025-08-28 23:00:00,0.0,0.011981063,4,0.011981062591075897
2025-08-29 00:00:00,0.0,0.0,4,0.0
2025-08-29 01:00:00,0.0,0.0,4,0.0
2025-08-29 09:00:00,0.0,0.0,4,0.0
2025-08-29 10:00:00,0.0,0.0,4,0.0
2025-08-29 11:00:00,0.0,0.058571786,4,0.05857178568840027
2025-08-29 12:00:00,14.1,14.956089,4,0.856089019775391
2025-08-29 13:00:00,17.6,18.156597,4,0.5565971374511705
2025-08-29 14:00:00,15.3,16.26253,4,0.9625293731689446
2025-08-29 15:00:00,9.4,9.126236,4,-0.27376403808593786
2025-08-29 16:00:00,4.7,4.958892,4,0.2588918685913084
2025-08-29 17:00:00,12.3,12.073121,4,-0.2268789291381843
2025-08-29 18:00:00,16.4,16.833887,4,0.433887100219728
2025-08-29 19:00:00,14.7,14.870427,4,0.17042713165283274
2025-08-29 20:00:00,10.6,9.883811,4,-0.7161890029907223
2025-08-29 21:00:00,0.0,0.0,4,0.0
2025-08-29 22:00:00,0.0,0.0,4,0.0
2025-08-29 23:00:00,0.0,0.0,4,0.0
2025-08-30 00:00:00,0.0,0.0,4,0.0
2025-08-30 01:00:00,0.0,0.008481768,4,0.00848176795989275
2025-08-30 09:00:00,0.0,0.0048954412,4,0.004895441234111786
2025-08-30 10:00:00,0.0,0.0,4,0.0
2025-08-30 11:00:00,0.0,0.007241889,4,0.007241888903081417
2025-08-30 12:00:00,14.9,17.395205,4,2.4952045440673825
2025-08-30 13:00:00,18.7,19.944105,4,1.2441051483154304
2025-08-30 14:00:00,16.2,18.743523,4,2.5435226440429695
2025-08-30 15:00:00,10.0,11.480756,4,1.4807558059692383
2025-08-30 16:00:00,5.0,5.3753266,4,0.37532663345336914
2025-08-30 17:00:00,13.1,15.718792,4,2.6187919616699222
2025-08-30 18:00:00,17.4,18.539518,4,1.1395183563232436
2025-08-30 19:00:00,15.5,17.266083,4,1.766082763671875
2025-08-30 20:00:00,11.2,12.539672,4,1.3396718978881843
2025-08-30 21:00:00,0.0,0.0,4,0.0
2025-08-30 22:00:00,0.0,0.0,4,0.0
2025-08-30 23:00:00,0.0,0.0,4,0.0
2025-08-31 00:00:00,0.0,0.0,4,0.0
2025-08-31 01:00:00,0.0,0.0,4,0.0
2025-08-31 09:00:00,0.0,0.0,4,0.0
2025-08-31 10:00:00,0.0,0.014457405,4,0.014457404613494873
2025-08-31 11:00:00,0.0,0.013243919,4,0.013243919238448143
2025-08-31 12:00:00,9.3,11.558502,4,2.2585021972656243
2025-08-31 13:00:00,11.6,14.111272,4,2.5112718582153324
2025-08-31 14:00:00,10.0,12.710941,4,2.7109413146972656
2025-08-31 15:00:00,6.2,7.639868,4,1.4398677825927733
2025-08-31 16:00:00,3.1,3.7384999,4,0.638499879837036
2025-08-31 17:00:00,8.1,10.415575,4,2.3155750274658207
2025-08-31 18:00:00,10.8,12.071464,4,1.2714635848999016
2025-08-31 19:00:00,9.6,10.428889,4,0.8288892745971683
2025-08-31 20:00:00,6.9,7.6155086,4,0.7155085563659664
2025-08-31 21:00:00,0.0,0.0,4,0.0
2025-08-31 22:00:00,0.0,0.0,4,0.0
2025-08-31 23:00:00,0.0,0.0,4,0.0
2025-09-01 00:00:00,0.0,0.0,4,0.0
2025-09-01 01:00:00,0.0,0.0,4,0.0
2025-09-01 09:00:00,0.0,0.0,4,0.0
2025-09-01 10:00:00,0.0,0.0,4,0.0
2025-09-01 11:00:00,0.0,0.0,4,0.0
2025-09-01 12:00:00,6.3,7.785255,4,1.4852549552917482
2025-09-01 13:00:00,7.9,9.6412945,4,1.7412944793701168
2025-09-01 14:00:00,6.9,8.318304,4,1.418304061889648
2025-09-01 15:00:00,4.2,5.4474874,4,1.2474873542785643
2025-09-01 16:00:00,2.1,2.2140203,4,0.11402025222778311
2025-09-01 17:00:00,5.5,6.4096136,4,0.9096136093139648
2025-09-01 18:00:00,7.4,8.185177,4,0.785176849365234
2025-09-01 19:00:00,6.6,6.687505,4,0.08750476837158239
2025-09-01 20:00:00,4.7,4.810399,4,0.11039905548095685
2025-09-01 21:00:00,0.0,0.0,4,0.0
2025-09-01 22:00:00,0.0,0.0,4,0.0
2025-09-01 23:00:00,0.0,0.0,4,0.0
2025-09-02 00:00:00,0.0,0.0,4,0.0
2025-09-02 01:00:00,0.0,0.0,4,0.0
2025-09-02 09:00:00,0.0,0.0,4,0.0
2025-09-02 10:00:00,0.0,0.0,4,0.0
2025-09-02 11:00:00,0.0,0.0,4,0.0
2025-09-02 12:00:00,6.0,6.143679,4,0.14367914199829102
2025-09-02 13:00:00,7.5,6.9987345,4,-0.5012655258178711
2025-09-02 14:00:00,6.5,6.1491876,4,-0.3508124351501465
2025-09-02 15:00:00,4.0,3.870901,4,-0.12909889221191406
2025-09-02 16:00:00,2.0,2.2318852,4,0.23188519477844238
2025-09-02 17:00:00,5.3,4.7840242,4,-0.515975761413574
2025-09-02 18:00:00,7.0,6.579801,4,-0.420198917388916
2025-09-02 19:00:00,6.3,5.926914,4,-0.3730857849121092
2025-09-02 20:00:00,4.5,4.0852857,4,-0.41471433639526367
2025-09-02 21:00:00,0.0,0.0,4,0.0
2025-09-02 22:00:00,0.0,0.0,4,0.0
2025-09-02 23:00:00,0.0,0.0,4,0.0
2025-09-03 00:00:00,0.0,0.0,4,0.0
2025-09-03 01:00:00,0.0,0.0,4,0.0
2025-09-03 09:00:00,0.0,0.0,4,0.0
2025-09-03 10:00:00,0.0,0.0,4,0.0
2025-09-03 11:00:00,0.0,0.0,4,0.0
2025-09-03 12:00:00,8.0,6.34685,4,-1.6531500816345215
2025-09-03 13:00:00,10.0,8.081651,4,-1.918349266052246
2025-09-03 14:00:00,8.6,6.9654365,4,-1.6345635414123532
2025-09-03 15:00:00,5.3,4.9806633,4,-0.31933670043945295
2025-09-03 16:00:00,2.7,2.572224,4,-0.12777609825134295
2025-09-03 17:00:00,7.0,6.5566335,4,-0.44336652755737305
2025-09-03 18:00:00,9.3,7.632559,4,-1.6674411773681648
2025-09-03 19:00:00,8.3,7.31306,4,-0.9869401931762702
2025-09-03 20:00:00,6.0,5.519664,4,-0.48033618927001953
2025-09-03 21:00:00,0.0,0.0,4,0.0
2025-09-03 22:00:00,0.0,0.0,4,0.0
2025-09-03 23:00:00,0.0,0.0,4,0.0
2025-09-04 00:00:00,0.0,0.0,4,0.0
2025-09-04 01:00:00,0.0,0.0,4,0.0
2025-09-04 09:00:00,0.0,0.0,4,0.0
2025-09-04 10:00:00,0.0,0.0,4,0.0
2025-09-04 11:00:00,0.0,0.0,4,0.0
2025-09-04 12:00:00,10.4,9.310745,4,-1.0892547607421879
2025-09-04 13:00:00,12.9,11.0187845,4,-1.8812154769897464
2025-09-04 14:00:00,11.2,10.832502,4,-0.3674976348876946
2025-09-04 15:00:00,6.9,6.6858635,4,-0.21413650512695348
2025-09-04 16:00:00,3.5,3.4494293,4,-0.05057072639465332
2025-09-04 17:00:00,9.1,8.797079,4,-0.3029209136962887
2025-09-04 18:00:00,12.1,11.66965,4,-0.4303499221801754
2025-09-04 19:00:00,10.8,10.286034,4,-0.513966369628907
2025-09-04 20:00:00,7.8,7.9749103,4,0.17491025924682635
2025-09-04 21:00:00,0.0,0.0,4,0.0
2025-09-04 22:00:00,0.0,0.0,4,0.0
2025-09-04 23:00:00,0.0,7.8922545e-05,4,7.892254507169127e-05
2025-09-05 00:00:00,0.0,0.0,4,0.0
2025-09-05 01:00:00,0.0,0.0,4,0.0
2025-09-05 09:00:00,0.0,0.0,4,0.0
2025-09-05 10:00:00,0.0,0.0,4,0.0
2025-09-05 11:00:00,0.0,0.0,4,0.0
2025-09-05 12:00:00,18.1,15.433802,4,-2.666198348999025
2025-09-05 13:00:00,22.6,17.456852,4,-5.143148040771486
2025-09-05 14:00:00,19.6,15.281372,4,-4.318627929687501
2025-09-05 15:00:00,12.1,9.690201,4,-2.409799194335937
2025-09-05 16:00:00,6.0,4.5243306,4,-1.4756693840026855
2025-09-05 17:00:00,15.8,12.830476,4,-2.9695241928100593
2025-09-05 18:00:00,21.1,17.44977,4,-3.6502300262451186
2025-09-05 19:00:00,18.9,15.345186,4,-3.5548137664794908
2025-09-05 20:00:00,13.6,11.799524,4,-1.800475692749023
2025-09-05 21:00:00,0.0,0.0,4,0.0
2025-09-05 22:00:00,0.0,0.0,4,0.0
2025-09-05 23:00:00,0.0,0.0,4,0.0
2025-09-06 00:00:00,0.0,0.0,4,0.0
2025-09-06 01:00:00,0.0,0.0,4,0.0
2025-09-06 09:00:00,0.0,0.0,4,0.0
2025-09-06 10:00:00,0.0,0.0,4,0.0
2025-09-06 11:00:00,0.0,0.0,4,0.0
2025-09-06 12:00:00,17.6,19.726746,4,2.1267456054687486
2025-09-06 13:00:00,22.0,25.67498,4,3.6749801635742188
2025-09-06 14:00:00,19.1,20.724789,4,1.624788665771483
2025-09-06 15:00:00,11.7,12.380518,4,0.6805179595947273
2025-09-06 16:00:00,5.9,6.790744,4,0.8907438278198239
2025-09-06 17:00:00,15.4,17.55302,4,2.1530204772949215
2025-09-06 18:00:00,20.5,24.357347,4,3.8573474884033203
2025-09-06 19:00:00,18.3,21.07378,4,2.7737800598144524
2025-09-06 20:00:00,13.2,14.506289,4,1.3062885284423835
2025-09-06 21:00:00,0.0,0.13664824,4,0.1366482377052307
2025-09-06 22:00:00,0.0,0.12462373,4,0.12462373077869415
2025-09-06 23:00:00,0.0,0.12765145,4,0.12765145301818848
2025-09-07 00:00:00,0.0,0.22127855,4,0.22127854824066162
2025-09-07 01:00:00,0.0,0.19295876,4,0.1929587572813034
2025-09-07 09:00:00,0.0,0.0016504414,4,0.001650441437959671
2025-09-07 10:00:00,0.0,0.17734791,4,0.17734791338443756
2025-09-07 11:00:00,0.0,0.1931999,4,0.19319990277290344
2025-09-07 12:00:00,9.0,9.257004,4,0.2570037841796875
2025-09-07 13:00:00,11.2,12.868301,4,1.6683013916015632
2025-09-07 14:00:00,9.7,10.598643,4,0.8986433029174812
2025-09-07 15:00:00,6.0,6.3149285,4,0.3149285316467285
2025-09-07 16:00:00,3.0,3.1997075,4,0.1997075080871582
2025-09-07 17:00:00,7.9,8.280457,4,0.38045654296874964
2025-09-07 18:00:00,10.5,11.472731,4,0.9727306365966797
2025-09-07 19:00:00,9.4,9.302376,4,-0.0976242065429691
2025-09-07 20:00:00,6.7,7.129404,4,0.4294040679931639
2025-09-07 21:00:00,0.0,0.0,4,0.0
2025-09-07 22:00:00,0.0,0.0,4,0.0
2025-09-07 23:00:00,0.0,0.0,4,0.0
2025-09-08 00:00:00,0.0,0.0,4,0.0
2025-09-08 01:00:00,0.0,0.0,4,0.0
2025-09-08 09:00:00,0.0,0.0,4,0.0
2025-09-08 10:00:00,0.0,0.0,4,0.0
2025-09-08 11:00:00,0.0,0.0,4,0.0
2025-09-08 12:00:00,7.6,6.6202245,4,-0.9797755241394039
2025-09-08 13:00:00,9.5,8.385398,4,-1.1146020889282227
2025-09-08 14:00:00,8.2,7.1065392,4,-1.0934607505798333
2025-09-08 15:00:00,5.1,4.6318364,4,-0.46816358566284144
2025-09-08 16:00:00,2.5,2.3980575,4,-0.10194253921508789
2025-09-08 17:00:00,6.6,5.8530426,4,-0.7469573974609371
2025-09-08 18:00:00,8.9,8.28701,4,-0.6129898071289066
2025-09-08 19:00:00,7.9,6.737496,4,-1.162504100799561
2025-09-08 20:00:00,5.7,5.0514965,4,-0.6485034942626955
2025-09-08 21:00:00,0.0,0.0,4,0.0
2025-09-08 22:00:00,0.0,0.0,4,0.0
2025-09-08 23:00:00,0.0,0.0,4,0.0
2025-09-09 00:00:00,0.0,0.0,4,0.0
2025-09-09 01:00:00,0.0,0.0,4,0.0
2025-09-09 09:00:00,0.0,0.0,4,0.0
2025-09-09 10:00:00,0.0,0.0,4,0.0
2025-09-09 11:00:00,0.0,0.0,4,0.0
2025-09-09 12:00:00,7.3,6.6054034,4,-0.6945965766906737
2025-09-09 13:00:00,9.1,7.183385,4,-1.9166151046752926
2025-09-09 14:00:00,7.9,6.1653104,4,-1.7346896171569828
2025-09-09 15:00:00,4.8,4.628867,4,-0.17113285064697248
2025-09-09 16:00:00,2.4,2.2821476,4,-0.11785235404968253
2025-09-09 17:00:00,6.4,5.5907655,4,-0.8092345237731937
2025-09-09 18:00:00,8.5,6.678527,4,-1.8214731216430664
2025-09-09 19:00:00,7.6,6.2136,4,-1.3863998413085934
2025-09-09 20:00:00,5.5,5.2063417,4,-0.2936582565307617
2025-09-09 21:00:00,0.0,0.0,4,0.0
2025-09-09 22:00:00,0.0,0.0,4,0.0
2025-09-09 23:00:00,0.0,0.0,4,0.0
2025-09-10 00:00:00,0.0,0.0,4,0.0
2025-09-10 01:00:00,0.0,0.0,4,0.0
2025-09-10 09:00:00,0.0,0.0,4,0.0
2025-09-10 10:00:00,0.0,0.0,4,0.0
2025-09-10 11:00:00,0.0,0.0,4,0.0
2025-09-10 12:00:00,8.0,7.334327,4,-0.665672779083252
2025-09-10 13:00:00,9.9,9.317673,4,-0.5823272705078129
2025-09-10 14:00:00,8.6,7.8274126,4,-0.7725873947143551
2025-09-10 15:00:00,5.3,5.2238784,4,-0.07612161636352521
2025-09-10 16:00:00,2.7,2.5798743,4,-0.12012572288513201
2025-09-10 17:00:00,7.0,6.665708,4,-0.334291934967041
2025-09-10 18:00:00,9.3,8.953049,4,-0.3469512939453132
2025-09-10 19:00:00,8.3,7.6194205,4,-0.6805794715881355
2025-09-10 20:00:00,6.0,5.6675334,4,-0.33246660232543945
2025-09-10 21:00:00,0.0,0.0,4,0.0
2025-09-10 22:00:00,0.0,0.0,4,0.0
2025-09-10 23:00:00,0.0,0.0,4,0.0
2025-09-11 00:00:00,0.0,0.0,4,0.0
2025-09-11 01:00:00,0.0,0.0,4,0.0
2025-09-11 09:00:00,0.0,0.0,4,0.0
2025-09-11 10:00:00,0.0,0.0,4,0.0
2025-09-11 11:00:00,0.0,0.0,4,0.0
2025-09-11 12:00:00,8.9,9.109431,4,0.2094312667846676
2025-09-11 13:00:00,11.1,10.894081,4,-0.2059188842773434
2025-09-11 14:00:00,9.6,10.182809,4,0.582808876037598
2025-09-11 15:00:00,5.9,6.423414,4,0.5234142303466793
2025-09-11 16:00:00,3.0,3.6113176,4,0.6113176345825195
2025-09-11 17:00:00,7.8,8.50906,4,0.7090599060058596
2025-09-11 18:00:00,10.4,11.045699,4,0.6456991195678707
2025-09-11 19:00:00,9.3,9.915541,4,0.615540695190429
2025-09-11 20:00:00,6.7,7.551361,4,0.8513610839843748
2025-09-11 21:00:00,0.0,0.0,4,0.0
2025-09-11 22:00:00,0.0,0.0,4,0.0
2025-09-11 23:00:00,0.0,0.0,4,0.0
2025-09-12 00:00:00,0.0,0.0,4,0.0
2025-09-12 01:00:00,0.0,0.0,4,0.0
2025-09-12 09:00:00,0.0,0.0,4,0.0
2025-09-12 10:00:00,0.0,0.0,4,0.0
2025-09-12 11:00:00,0.0,0.0,4,0.0
2025-09-12 12:00:00,11.4,13.463213,4,2.063212966918945
2025-09-12 13:00:00,14.3,15.605084,4,1.3050844192504876
2025-09-12 14:00:00,12.4,14.01755,4,1.6175504684448239
2025-09-12 15:00:00,7.6,8.969551,4,1.3695510864257816
2025-09-12 16:00:00,3.8,4.7369585,4,0.9369585037231447
2025-09-12 17:00:00,10.0,12.003041,4,2.0030412673950195
2025-09-12 18:00:00,13.3,14.113547,4,0.8135473251342766
2025-09-12 19:00:00,11.9,13.227597,4,1.3275972366333004
2025-09-12 20:00:00,8.6,10.589281,4,1.9892810821533207
2025-09-12 21:00:00,0.0,0.0,4,0.0
2025-09-12 22:00:00,0.0,0.0,4,0.0
2025-09-12 23:00:00,0.0,0.0,4,0.0
2025-09-13 00:00:00,0.0,0.0,4,0.0
2025-09-13 01:00:00,0.0,0.010246532,4,0.010246532037854195
2025-09-13 09:00:00,0.0,0.0017269658,4,0.0017269657691940665
2025-09-13 10:00:00,0.0,0.0017269658,4,0.0017269657691940665
2025-09-13 11:00:00,0.0,0.0,4,0.0
2025-09-13 12:00:00,15.3,16.952131,4,1.652131271362304
2025-09-13 13:00:00,19.1,20.031267,4,0.9312671661376939
2025-09-13 14:00:00,16.6,17.237606,4,0.637606048583983
2025-09-13 15:00:00,10.2,10.038482,4,-0.1615182876586907
2025-09-13 16:00:00,5.1,5.163617,4,0.06361713409423864
2025-09-13 17:00:00,13.4,13.555624,4,0.15562400817871058
2025-09-13 18:00:00,17.9,19.230574,4,1.330573654174806
2025-09-13 19:00:00,15.9,15.849434,4,-0.050566101074219105
2025-09-13 20:00:00,11.5,11.123182,4,-0.3768177032470703
2025-09-13 21:00:00,0.0,0.020418879,4,0.02041887864470482
2025-09-13 22:00:00,0.0,0.0,4,0.0
2025-09-13 23:00:00,0.0,0.00014016304,4,0.00014016304339747876
2025-09-14 00:00:00,0.0,0.0,4,0.0
2025-09-14 01:00:00,0.0,0.0,4,0.0
2025-09-14 09:00:00,0.0,0.0,4,0.0
2025-09-14 10:00:00,0.0,0.0,4,0.0
2025-09-14 11:00:00,0.0,0.0,4,0.0
2025-09-14 12:00:00,9.4,8.536024,4,-0.8639759063720707
2025-09-14 13:00:00,11.7,10.022697,4,-1.6773025512695305
2025-09-14 14:00:00,10.1,9.704825,4,-0.3951745986938473
2025-09-14 15:00:00,6.2,5.8946576,4,-0.30534238815307635
2025-09-14 16:00:00,3.1,3.0656374,4,-0.03436264991760263
2025-09-14 17:00:00,8.2,7.48239,4,-0.7176100730895989
2025-09-14 18:00:00,10.9,10.018092,4,-0.8819078445434574
2025-09-14 19:00:00,9.8,8.254696,4,-1.5453041076660163
2025-09-14 20:00:00,7.0,6.005415,4,-0.9945850372314453
2025-09-14 21:00:00,0.0,0.0,4,0.0
2025-09-14 22:00:00,0.0,0.0,4,0.0
2025-09-14 23:00:00,0.0,0.0,4,0.0
2025-09-15 00:00:00,0.0,0.0,4,0.0
2025-09-15 01:00:00,0.0,0.0,4,0.0
2025-09-15 09:00:00,0.0,0.0,4,0.0
2025-09-15 10:00:00,0.0,0.0,4,0.0
2025-09-15 11:00:00,0.0,0.0,4,0.0
2025-09-15 12:00:00,7.4,6.4357185,4,-0.9642814636230472
2025-09-15 13:00:00,9.2,7.658036,4,-1.5419637680053704
2025-09-15 14:00:00,8.0,6.9221234,4,-1.0778765678405762
2025-09-15 15:00:00,4.9,4.6536026,4,-0.2463973999023441
2025-09-15 16:00:00,2.5,2.1098647,4,-0.3901352882385254
2025-09-15 17:00:00,6.5,5.7993903,4,-0.7006096839904785
2025-09-15 18:00:00,8.6,8.342952,4,-0.2570482254028317
2025-09-15 19:00:00,7.7,7.2846503,4,-0.4153496742248537
2025-09-15 20:00:00,5.5,5.0925465,4,-0.4074535369873047
2025-09-15 21:00:00,0.0,0.0,4,0.0
2025-09-15 22:00:00,0.0,0.0,4,0.0
2025-09-15 23:00:00,0.0,0.0,4,0.0
2025-09-16 00:00:00,0.0,0.0049348106,4,0.004934810567647219
2025-09-16 01:00:00,0.0,0.0049348106,4,0.004934810567647219
2025-09-16 09:00:00,0.0,0.0025506327,4,0.002550632692873478
2025-09-16 10:00:00,0.0,0.0001482953,4,0.0001482952939113602
2025-09-16 11:00:00,0.0,0.0,4,0.0
2025-09-16 12:00:00,5.6,6.344567,4,0.7445668220520023
2025-09-16 13:00:00,7.0,7.671053,4,0.6710529327392578
2025-09-16 14:00:00,6.0,6.4685283,4,0.46852827072143555
2025-09-16 15:00:00,3.7,4.5459404,4,0.8459403991699217
2025-09-16 16:00:00,1.9,2.0919173,4,0.19191727638244638
2025-09-16 17:00:00,4.9,5.461789,4,0.5617891311645504
2025-09-16 18:00:00,6.5,6.5626926,4,0.06269264221191406
2025-09-16 19:00:00,5.8,5.88692,4,0.0869199752807619
2025-09-16 20:00:00,4.2,4.5062184,4,0.3062184333801268
2025-09-16 21:00:00,0.0,0.0,4,0.0
2025-09-16 22:00:00,0.0,0.00064475974,4,0.0006447597406804562
2025-09-16 23:00:00,0.0,0.0015387833,4,0.001538783311843872
2025-09-17 00:00:00,0.0,0.0100534,4,0.010053399950265884
2025-09-17 01:00:00,0.0,0.0100534,4,0.010053399950265884
2025-09-17 09:00:00,0.0,0.05074396,4,0.050743959844112396
2025-09-17 10:00:00,0.0,0.05743713,4,0.05743712931871414
2025-09-17 11:00:00,0.0,0.05744689,4,0.05744688957929611
2025-09-17 12:00:00,8.1,7.191139,4,-0.9088607788085934
2025-09-17 13:00:00,10.1,8.559695,4,-1.5403047561645504
2025-09-17 14:00:00,8.8,7.598095,4,-1.2019050598144538
2025-09-17 15:00:00,5.4,5.1306596,4,-0.26934041976928746
2025-09-17 16:00:00,2.7,2.748806,4,0.0488059997558592
2025-09-17 17:00:00,7.1,6.4823585,4,-0.6176415443420407
2025-09-17 18:00:00,9.5,8.047301,4,-1.4526987075805664
2025-09-17 19:00:00,8.5,7.5671883,4,-0.9328117370605469
2025-09-17 20:00:00,6.1,5.6660886,4,-0.43391141891479457
2025-09-17 21:00:00,0.0,0.014469931,4,0.014469930902123451
2025-09-17 22:00:00,0.0,0.015116619,4,0.015116618946194649
2025-09-17 23:00:00,0.0,0.018716851,4,0.018716851249337196
2025-09-18 00:00:00,0.0,0.0075942846,4,0.007594284601509571
2025-09-18 01:00:00,0.0,0.010075246,4,0.01007524598389864
2025-09-18 09:00:00,0.0,0.0412149,4,0.041214898228645325
2025-09-18 10:00:00,0.0,0.003340578,4,0.0033405779395252466
2025-09-18 11:00:00,0.0,0.0046347748,4,0.0046347747556865215
2025-09-18 12:00:00,10.8,9.768045,4,-1.0319545745849616
2025-09-18 13:00:00,13.5,10.638117,4,-2.8618831634521484
2025-09-18 14:00:00,11.7,10.259626,4,-1.4403736114501946
2025-09-18 15:00:00,7.2,6.6057706,4,-0.5942294120788576
2025-09-18 16:00:00,3.6,3.0585468,4,-0.5414532184600831
2025-09-18 17:00:00,9.5,8.525964,4,-0.9740362167358398
2025-09-18 18:00:00,12.6,10.422035,4,-2.1779647827148434
2025-09-18 19:00:00,11.3,9.623394,4,-1.6766059875488288
2025-09-18 20:00:00,8.1,7.648395,4,-0.4516049385070797
2025-09-18 21:00:00,0.0,0.0,4,0.0
2025-09-18 22:00:00,0.0,0.0,4,0.0
2025-09-18 23:00:00,0.0,0.0,4,0.0
2025-09-19 00:00:00,0.0,0.04500212,4,0.04500212147831917
2025-09-19 01:00:00,0.0,0.08168724,4,0.08168724179267883
2025-12-25 10:00:00,0.0,0.0,5,0.0
2025-12-25 11:00:00,0.0,0.0,5,0.0
2025-12-25 12:00:00,0.0,9.791259,5,9.791258811950684
2025-12-25 13:00:00,0.0,13.614801,5,13.614801406860352
2025-12-25 14:00:00,0.0,9.691581,5,9.691580772399902
2025-12-25 15:00:00,0.0,2.2062225,5,2.2062225341796875
2025-12-25 16:00:00,0.0,2.0300581,5,2.0300581455230713
2025-12-25 17:00:00,0.0,5.444205,5,5.444204807281494
2025-12-25 18:00:00,0.0,9.001825,5,9.001825332641602
2025-12-25 19:00:00,0.0,7.746228,5,7.746228218078613
2025-12-25 20:00:00,0.0,2.9962945,5,2.9962944984436035
2025-12-25 21:00:00,0.0,0.0,5,0.0
2025-12-25 22:00:00,0.0,0.0,5,0.0
2025-12-25 23:00:00,0.0,0.0,5,0.0
2025-12-26 00:00:00,0.0,0.0,5,0.0
2025-12-26 01:00:00,0.0,0.0,5,0.0
2025-12-26 09:00:00,0.0,0.0,5,0.0
2025-12-26 10:00:00,0.0,0.0,5,0.0
2025-12-26 11:00:00,0.0,0.0,5,0.0
2025-12-26 12:00:00,13.1,10.6879225,5,-2.4120775222778317
2025-12-26 13:00:00,16.3,13.17199,5,-3.1280096054077156
2025-12-26 14:00:00,14.2,11.982642,5,-2.2173578262329094
2025-12-26 15:00:00,8.7,5.348786,5,-3.351214122772216
2025-12-26 16:00:00,4.4,2.6107154,5,-1.7892846107482914
2025-12-26 17:00:00,11.4,8.901342,5,-2.498657608032227
2025-12-26 18:00:00,15.2,12.523969,5,-2.676031303405761
2025-12-26 19:00:00,13.6,11.840361,5,-1.7596393585205075
2025-12-26 20:00:00,9.8,9.291322,5,-0.5086782455444343
2025-12-26 21:00:00,0.0,0.0,5,0.0
2025-12-26 22:00:00,0.0,0.0059061153,5,0.005906115286052227
2025-12-26 23:00:00,0.0,0.015895098,5,0.015895098447799683
2025-12-27 00:00:00,0.0,0.020001452,5,0.020001452416181564
2025-12-27 01:00:00,0.0,0.0069849067,5,0.0069849067367613316
2025-12-27 09:00:00,0.0,0.0,5,0.0
2025-12-27 10:00:00,0.0,0.0,5,0.0
2025-12-27 11:00:00,0.0,0.0,5,0.0
2025-12-27 12:00:00,14.1,17.353285,5,3.25328483581543
2025-12-27 13:00:00,17.6,18.864355,5,1.264355087280272
2025-12-27 14:00:00,15.3,17.927061,5,2.6270610809326165
2025-12-27 15:00:00,9.4,10.81522,5,1.4152198791503903
2025-12-27 16:00:00,4.7,7.8852735,5,3.185273456573486
2025-12-27 17:00:00,12.3,13.367423,5,1.0674230575561516
2025-12-27 18:00:00,16.4,17.433002,5,1.0330024719238295
2025-12-27 19:00:00,14.7,15.868507,5,1.168507385253907
2025-12-27 20:00:00,10.6,12.0744295,5,1.4744295120239261
2025-12-27 21:00:00,0.0,0.0042243213,5,0.004224321339279413
2025-12-27 22:00:00,0.0,0.0,5,0.0
2025-12-27 23:00:00,0.0,0.0,5,0.0
2025-12-28 00:00:00,0.0,0.02024132,5,0.02024132013320923
2025-12-28 01:00:00,0.0,0.020415395,5,0.020415395498275757
2025-12-28 09:00:00,0.0,0.019783182,5,0.019783182069659233
2025-12-28 10:00:00,0.0,0.0025729227,5,0.002572922734543681
2025-12-28 11:00:00,0.0,0.028126137,5,0.02812613733112812
2025-12-28 12:00:00,11.4,10.187484,5,-1.2125162124633793
2025-12-28 13:00:00,14.2,12.676511,5,-1.5234891891479485
2025-12-28 14:00:00,12.3,11.471699,5,-0.8283012390136726
2025-12-28 15:00:00,7.6,7.3204217,5,-0.27957830429077113
2025-12-28 16:00:00,3.8,3.8676982,5,0.06769819259643572
2025-12-28 17:00:00,9.9,9.058052,5,-0.8419479370117191
2025-12-28 18:00:00,13.3,10.900073,5,-2.399926948547364
2025-12-28 19:00:00,11.8,10.165087,5,-1.6349132537841804
2025-12-28 20:00:00,8.5,8.352313,5,-0.14768695831298828
2025-12-28 21:00:00,0.0,0.006730868,5,0.006730868015438318
2025-12-28 22:00:00,0.0,0.00045611142,5,0.00045611141831614077
2025-12-28 23:00:00,0.0,0.0,5,0.0
2025-12-29 00:00:00,0.0,0.006136141,5,0.006136140786111355
2025-12-29 01:00:00,0.0,0.0039068237,5,0.003906823694705963
2025-12-29 09:00:00,0.0,0.0037017995,5,0.003701799549162388
2025-12-29 10:00:00,0.0,0.0,5,0.0
2025-12-29 11:00:00,0.0,0.058727656,5,0.058727655559778214
2025-12-29 12:00:00,11.6,9.117185,5,-2.482815361022949
2025-12-29 13:00:00,14.5,10.568415,5,-3.9315853118896484
2025-12-29 14:00:00,12.6,9.429859,5,-3.1701408386230465
2025-12-29 15:00:00,7.7,6.4656024,5,-1.234397602081299
2025-12-29 16:00:00,3.9,3.5800292,5,-0.31997075080871573
2025-12-29 17:00:00,10.1,9.449337,5,-0.6506629943847653
2025-12-29 18:00:00,13.5,10.774115,5,-2.7258853912353516
2025-12-29 19:00:00,12.1,9.918973,5,-2.181027030944824
2025-12-29 20:00:00,8.7,7.8082805,5,-0.8917195320129387
2025-12-29 21:00:00,0.0,0.014890702,5,0.014890702441334724
2025-12-29 22:00:00,0.0,0.013018047,5,0.0130180474370718
2025-12-29 23:00:00,0.0,0.0,5,0.0
2025-12-30 00:00:00,0.0,0.0060965307,5,0.006096530705690384
2025-12-30 01:00:00,0.0,0.0023193804,5,0.002319380408152938
2025-12-30 09:00:00,0.0,0.0062424694,5,0.006242469418793917
2025-12-30 10:00:00,0.0,0.0062424694,5,0.006242469418793917
2025-12-30 11:00:00,0.0,0.015836371,5,0.01583637110888958
2025-12-30 12:00:00,11.6,9.802251,5,-1.7977491378784176
2025-12-30 13:00:00,14.5,10.877715,5,-3.6222848892211914
2025-12-30 14:00:00,12.6,10.207084,5,-2.3929162979125973
2025-12-30 15:00:00,7.7,7.23517,5,-0.46483011245727557
2025-12-30 16:00:00,3.9,3.7370534,5,-0.16294660568237296
2025-12-30 17:00:00,10.2,9.960685,5,-0.23931522369384695
2025-12-30 18:00:00,13.5,12.20745,5,-1.2925500869750977
2025-12-30 19:00:00,12.1,10.38162,5,-1.7183795928955075
2025-12-30 20:00:00,8.7,8.262974,5,-0.43702621459960866
2025-12-30 21:00:00,0.0,0.0,5,0.0
2025-12-30 22:00:00,0.0,0.0,5,0.0
2025-12-30 23:00:00,0.0,0.007456685,5,0.007456684950739145
2025-12-31 00:00:00,0.0,0.0,5,0.0
2025-12-31 01:00:00,0.0,0.0,5,0.0
2025-12-31 09:00:00,0.0,0.0,5,0.0
2025-12-31 10:00:00,0.0,0.0,5,0.0
2025-12-31 11:00:00,0.0,0.0,5,0.0
2025-12-31 12:00:00,16.4,10.975447,5,-5.424553298950194
2025-12-31 13:00:00,20.6,10.498575,5,-10.101424789428712
2025-12-31 14:00:00,17.8,10.736119,5,-7.063880729675294
2025-12-31 15:00:00,11.0,7.702364,5,-3.297636032104492
2025-12-31 16:00:00,5.5,3.7719352,5,-1.728064775466919
2025-12-31 17:00:00,14.4,11.036226,5,-3.3637737274169925
2025-12-31 18:00:00,19.2,14.620937,5,-4.57906265258789
2025-12-31 19:00:00,17.1,12.720145,5,-4.379854774475099
2025-12-31 20:00:00,12.3,9.270447,5,-3.0295532226562507
2025-12-31 21:00:00,0.0,0.0,5,0.0
2025-12-31 22:00:00,0.0,0.0,5,0.0
2025-12-31 23:00:00,0.0,0.0,5,0.0
2026-01-01 00:00:00,0.0,0.063301,5,0.06330099701881409
2026-01-01 01:00:00,0.0,0.055340894,5,0.05534089356660843
2026-01-01 09:00:00,0.0,0.044528317,5,0.04452831670641899
2026-01-01 10:00:00,0.0,0.044797283,5,0.04479728266596794
2026-01-01 11:00:00,0.0,0.06767382,5,0.06767381727695465
2026-01-01 12:00:00,10.9,9.325786,5,-1.5742143630981449
2026-01-01 13:00:00,13.6,10.769613,5,-2.8303867340087887
2026-01-01 14:00:00,11.8,9.416384,5,-2.383616256713868
2026-01-01 15:00:00,7.2,6.313331,5,-0.8866688728332521
2026-01-01 16:00:00,3.6,4.612979,5,1.0129789352416991
2026-01-01 17:00:00,9.5,8.18188,5,-1.318120002746582
2026-01-01 18:00:00,12.7,10.976482,5,-1.7235176086425774
2026-01-01 19:00:00,11.3,9.806059,5,-1.4939411163330085
2026-01-01 20:00:00,8.2,8.060042,5,-0.1399576187133782
2026-01-01 21:00:00,0.0,0.0,5,0.0
2026-01-01 22:00:00,0.0,0.0,5,0.0
2026-01-01 23:00:00,0.0,0.1307848,5,0.1307847946882248
2026-01-02 00:00:00,0.0,0.03760764,5,0.03760764002799988
2026-01-02 01:00:00,0.0,0.03930793,5,0.03930792957544327
2026-01-02 09:00:00,0.0,0.043920975,5,0.04392097517848015
2026-01-02 10:00:00,0.0,0.042275462,5,0.04227546229958534
2026-01-02 11:00:00,0.0,0.091348045,5,0.09134804457426071
2026-01-02 12:00:00,11.0,13.440132,5,2.4401321411132812
2026-01-02 13:00:00,13.8,17.763025,5,3.963025283813476
2026-01-02 14:00:00,11.9,14.320699,5,2.420698738098144
2026-01-02 15:00:00,7.4,8.576131,5,1.1761308670043942
2026-01-02 16:00:00,3.7,5.170894,5,1.470894145965576
2026-01-02 17:00:00,9.7,9.669743,5,-0.030257415771483664
2026-01-02 18:00:00,12.9,13.84875,5,0.9487501144409176
2026-01-02 19:00:00,11.5,11.567543,5,0.06754302978515625
2026-01-02 20:00:00,8.3,7.868938,5,-0.43106203079223704
2026-01-02 21:00:00,0.0,0.0,5,0.0
2026-01-02 22:00:00,0.0,0.0,5,0.0
2026-01-02 23:00:00,0.0,0.012629031,5,0.012629031203687191
2026-01-03 00:00:00,0.0,0.0,5,0.0
2026-01-03 01:00:00,0.0,0.011508238,5,0.011508237570524216
2026-01-03 09:00:00,0.0,0.0,5,0.0
2026-01-03 10:00:00,0.0,0.015755204,5,0.01575520448386669
2026-01-03 11:00:00,0.0,0.0,5,0.0
2026-01-03 12:00:00,12.3,15.825847,5,3.5258466720581048
2026-01-03 13:00:00,15.4,18.08024,5,2.6802402496337887
2026-01-03 14:00:00,13.4,15.253821,5,1.8538213729858395
2026-01-03 15:00:00,8.2,7.81489,5,-0.3851100921630852
2026-01-03 16:00:00,4.1,5.4930615,5,1.3930615425109867
2026-01-03 17:00:00,10.8,11.431273,5,0.6312734603881829
2026-01-03 18:00:00,14.4,15.123163,5,0.7231632232666012
2026-01-03 19:00:00,12.9,13.944115,5,1.0441146850585934
2026-01-03 20:00:00,9.3,9.422782,5,0.12278194427490163
2026-01-03 21:00:00,0.0,0.0,5,0.0
2026-01-03 22:00:00,0.0,0.0,5,0.0
2026-01-03 23:00:00,0.0,0.0,5,0.0
2026-01-04 00:00:00,0.0,0.009643685,5,0.009643685072660446
2026-01-04 01:00:00,0.0,0.009643685,5,0.009643685072660446
2026-01-04 09:00:00,0.0,0.000479307,5,0.0004793069965671748
2026-01-04 10:00:00,0.0,0.029671216,5,0.029671216383576393
2026-01-04 11:00:00,0.0,0.00045987027,5,0.0004598702653311193
2026-01-04 12:00:00,11.9,9.037233,5,-2.8627666473388675
2026-01-04 13:00:00,14.8,11.848203,5,-2.9517972946167
2026-01-04 14:00:00,12.9,9.285966,5,-3.6140340805053714
2026-01-04 15:00:00,7.9,6.4309964,5,-1.4690035820007328
2026-01-04 16:00:00,4.0,3.5912266,5,-0.40877342224121094
2026-01-04 17:00:00,10.4,7.663198,5,-2.7368020057678226
2026-01-04 18:00:00,13.8,10.233965,5,-3.5660350799560554
2026-01-04 19:00:00,12.4,9.554871,5,-2.8451293945312504
2026-01-04 20:00:00,8.9,7.5487103,5,-1.3512896537780765
2026-01-04 21:00:00,0.0,0.013639401,5,0.013639400713145733
2026-01-04 22:00:00,0.0,0.03748263,5,0.03748263046145439
2026-01-04 23:00:00,0.0,0.0,5,0.0
2026-01-05 00:00:00,0.0,0.0030419491,5,0.0030419491231441498
2026-01-05 01:00:00,0.0,0.0030419491,5,0.0030419491231441498
2026-01-05 09:00:00,0.0,0.002939719,5,0.002939719008281827
2026-01-05 10:00:00,0.0,0.022394681,5,0.022394681349396706
2026-01-05 11:00:00,0.0,0.022940634,5,0.022940633818507195
2026-01-05 12:00:00,3.8,8.200005,5,4.400004577636719
2026-01-05 13:00:00,4.8,9.444976,5,4.644975852966309
2026-01-05 14:00:00,4.1,8.278835,5,4.17883529663086
2026-01-05 15:00:00,2.6,5.8080945,5,3.2080945014953612
2026-01-05 16:00:00,1.3,3.3336313,5,2.0336312770843508
2026-01-05 17:00:00,3.4,6.0184793,5,2.618479347229004
2026-01-05 18:00:00,4.5,6.8933845,5,2.3933844566345215
2026-01-05 19:00:00,4.0,5.7085743,5,1.7085742950439453
2026-01-05 20:00:00,2.9,4.505915,5,1.6059151649475099
2026-01-05 21:00:00,0.0,0.0,5,0.0
2026-01-05 22:00:00,0.0,0.0,5,0.0
2026-01-05 23:00:00,0.0,0.0,5,0.0
2026-01-06 00:00:00,0.0,0.0,5,0.0
2026-01-06 01:00:00,0.0,0.0,5,0.0
2026-01-06 09:00:00,0.0,0.034966588,5,0.03496658802032471
2026-01-06 10:00:00,0.0,0.004595218,5,0.004595218226313591
2026-01-06 11:00:00,0.0,0.010329194,5,0.010329194366931915
2026-01-06 12:00:00,2.2,4.3989415,5,2.1989415168762205
2026-01-06 13:00:00,2.7,5.046948,5,2.346947956085205
2026-01-06 14:00:00,2.4,4.1676683,5,1.7676683425903321
2026-01-06 15:00:00,1.5,2.9613032,5,1.4613032341003418
2026-01-06 16:00:00,0.7,1.6556838,5,0.9556837558746338
2026-01-06 17:00:00,1.9,3.5881605,5,1.688160514831543
2026-01-06 18:00:00,2.5,4.28094,5,1.780940055847168
2026-01-06 19:00:00,2.3,3.5867822,5,1.286782217025757
2026-01-06 20:00:00,1.6,3.229816,5,1.6298159599304198
2026-01-06 21:00:00,0.0,0.0,5,0.0
2026-01-06 22:00:00,0.0,0.0,5,0.0
2026-01-06 23:00:00,0.0,0.0,5,0.0
2026-01-07 00:00:00,0.0,0.0,5,0.0
2026-01-07 01:00:00,0.0,0.0,5,0.0
2026-01-07 09:00:00,0.0,0.08125739,5,0.08125738799571991
2026-01-07 10:00:00,0.0,0.040271435,5,0.04027143493294716
2026-01-07 11:00:00,0.0,0.0,5,0.0
2026-01-07 12:00:00,3.0,4.3805394,5,1.3805394172668457
2026-01-07 13:00:00,3.7,6.325113,5,2.6251128196716307
2026-01-07 14:00:00,3.2,4.3194494,5,1.1194494247436522
2026-01-07 15:00:00,2.0,3.257116,5,1.2571160793304443
2026-01-07 16:00:00,1.0,1.8265537,5,0.8265537023544312
2026-01-07 17:00:00,2.6,3.9023318,5,1.3023318290710448
2026-01-07 18:00:00,3.5,5.3799505,5,1.8799505233764648
2026-01-07 19:00:00,3.1,4.5399604,5,1.4399603843688964
2026-01-07 20:00:00,2.2,3.4672413,5,1.2672412872314451
2026-01-07 21:00:00,0.0,4.6668545e-05,5,4.666854511015117e-05
2026-01-07 22:00:00,0.0,0.04428355,5,0.04428355023264885
2026-01-07 23:00:00,0.0,0.047369476,5,0.04736947640776634
2026-01-08 00:00:00,0.0,0.0999134,5,0.09991340339183807
2026-01-08 01:00:00,0.0,0.09129066,5,0.0912906602025032
2026-01-08 09:00:00,0.0,0.09677484,5,0.09677483886480331
2026-01-08 10:00:00,0.0,0.06380157,5,0.06380157172679901
2026-01-08 11:00:00,0.0,0.0889483,5,0.08894830197095871
2026-01-08 12:00:00,3.1,6.5320106,5,3.432010555267334
2026-01-08 13:00:00,3.9,8.865892,5,4.96589241027832
2026-01-08 14:00:00,3.4,6.9013014,5,3.501301383972168
2026-01-08 15:00:00,2.1,4.4360604,5,2.3360604286193847
2026-01-08 16:00:00,1.0,2.1234233,5,1.1234233379364014
2026-01-08 17:00:00,2.7,5.299546,5,2.5995457649230955
2026-01-08 18:00:00,3.7,8.567362,5,4.867361831665039
2026-01-08 19:00:00,3.3,6.754686,5,3.4546858787536623
2026-01-08 20:00:00,2.4,4.7009034,5,2.3009034156799317
2026-01-08 21:00:00,0.0,0.034276694,5,0.03427669405937195
2026-01-08 22:00:00,0.0,0.05570564,5,0.05570564046502113
2026-01-08 23:00:00,0.0,0.06824003,5,0.06824003159999847
2026-01-09 00:00:00,0.0,0.0,5,0.0
2026-01-09 01:00:00,0.0,0.0,5,0.0
2026-01-09 09:00:00,0.0,0.028978525,5,0.02897852472960949
2026-01-09 10:00:00,0.0,0.018142203,5,0.018142202869057655
2026-01-09 11:00:00,0.0,0.020560076,5,0.02056007646024227
2026-01-09 12:00:00,8.1,7.1612763,5,-0.9387236595153805
2026-01-09 13:00:00,10.2,10.433426,5,0.2334259033203132
2026-01-09 14:00:00,8.8,8.636666,5,-0.16333370208740305
2026-01-09 15:00:00,5.4,5.2736874,5,-0.12631263732910192
2026-01-09 16:00:00,2.7,2.7143364,5,0.014336395263671697
2026-01-09 17:00:00,7.1,6.575675,5,-0.5243249893188473
2026-01-09 18:00:00,9.5,8.994394,5,-0.5056056976318359
2026-01-09 19:00:00,8.5,7.6782427,5,-0.8217573165893555
2026-01-09 20:00:00,6.1,4.638101,5,-1.4618988990783688
2026-01-09 21:00:00,0.0,0.0,5,0.0
2026-01-09 22:00:00,0.0,0.07892577,5,0.07892577350139618
2026-01-09 23:00:00,0.0,0.02161247,5,0.021612469106912613
2026-01-10 00:00:00,0.0,0.0,5,0.0
2026-01-10 01:00:00,0.0,0.0,5,0.0
2026-01-10 09:00:00,0.0,0.02024352,5,0.02024351991713047
2026-01-10 10:00:00,0.0,0.0033646433,5,0.0033646433148533106
2026-01-10 11:00:00,0.0,0.0,5,0.0
2026-01-10 12:00:00,14.7,12.310766,5,-2.389233779907226
2026-01-10 13:00:00,18.4,14.729996,5,-3.670004272460936
2026-01-10 14:00:00,16.0,13.755858,5,-2.2441415786743164
2026-01-10 15:00:00,9.8,9.130125,5,-0.6698749542236335
2026-01-10 16:00:00,4.9,4.7538304,5,-0.14616956710815465
2026-01-10 17:00:00,12.9,12.636119,5,-0.2638811111450199
2026-01-10 18:00:00,17.2,15.369083,5,-1.8309165954589837
2026-01-10 19:00:00,15.3,14.448866,5,-0.851134109497071
2026-01-10 20:00:00,11.0,11.15372,5,0.15371990203857422
2026-01-10 21:00:00,0.0,0.0,5,0.0
2026-01-10 22:00:00,0.0,0.002940184,5,0.0029401839710772038
2026-01-10 23:00:00,0.0,0.0,5,0.0
2026-01-11 00:00:00,0.0,0.032352105,5,0.032352104783058167
2026-01-11 01:00:00,0.0,0.023928603,5,0.023928603157401085
2026-01-11 09:00:00,0.0,0.025226269,5,0.02522626891732216
2026-01-11 10:00:00,0.0,0.026613044,5,0.02661304362118244
2026-01-11 11:00:00,0.0,0.07742735,5,0.07742734998464584
2026-01-11 12:00:00,4.2,11.103313,5,6.903313446044922
2026-01-11 13:00:00,5.2,13.077626,5,7.877626228332519
2026-01-11 14:00:00,4.5,11.047901,5,6.547901153564453
2026-01-11 15:00:00,2.8,6.480125,5,3.6801249504089357
2026-01-11 16:00:00,1.4,3.7876883,5,2.3876882553100587
2026-01-11 17:00:00,3.7,6.7958384,5,3.0958383560180662
2026-01-11 18:00:00,4.9,10.0631485,5,5.163148498535156
2026-01-11 19:00:00,4.4,7.6932473,5,3.293247318267822
2026-01-11 20:00:00,3.1,5.1023955,5,2.0023955345153808
2026-01-11 21:00:00,0.0,0.006146564,5,0.006146564148366451
2026-01-11 22:00:00,0.0,0.010190853,5,0.010190852917730808
2026-01-11 23:00:00,0.0,0.009006758,5,0.009006758220493793
2026-01-12 00:00:00,0.0,0.017570635,5,0.017570635303854942
2026-01-12 01:00:00,0.0,0.013182131,5,0.013182130642235279
2026-01-12 09:00:00,0.0,0.021274567,5,0.021274566650390625
2026-01-12 10:00:00,0.0,0.036203783,5,0.036203783005476
2026-01-12 11:00:00,0.0,0.03057084,5,0.03057084046304226
2026-01-12 12:00:00,2.5,2.9443183,5,0.4443182945251465
2026-01-12 13:00:00,3.1,4.3594327,5,1.2594326972961425
2026-01-12 14:00:00,2.7,3.2519672,5,0.5519671916961668
2026-01-12 15:00:00,1.7,2.248086,5,0.5480859756469727
2026-01-12 16:00:00,0.8,1.5626065,5,0.7626064538955688
2026-01-12 17:00:00,2.2,2.4812043,5,0.28120427131652814
2026-01-12 18:00:00,2.9,3.5994642,5,0.6994641780853272
2026-01-12 19:00:00,2.6,2.9574208,5,0.35742082595825186
2026-01-12 20:00:00,1.9,2.2712648,5,0.37126479148864755
2026-01-12 21:00:00,0.0,0.0,5,0.0
2026-01-12 22:00:00,0.0,0.0,5,0.0
2026-01-12 23:00:00,0.0,0.0,5,0.0
2026-01-13 00:00:00,0.0,0.0007725434,5,0.0007725434261374176
2026-01-13 01:00:00,0.0,0.0014639806,5,0.001463980646803975
2026-01-13 09:00:00,0.0,0.031190211,5,0.031190210953354836
2026-01-13 10:00:00,0.0,0.013421685,5,0.013421685434877872
2026-01-13 11:00:00,0.0,0.0,5,0.0
2026-01-13 12:00:00,2.6,3.3260186,5,0.7260185718536376
2026-01-13 13:00:00,3.2,4.0056787,5,0.8056786537170408
2026-01-13 14:00:00,2.8,3.2079675,5,0.407967519760132
2026-01-13 15:00:00,1.7,2.5205433,5,0.8205433368682862
2026-01-13 16:00:00,0.9,1.502456,5,0.6024559497833252
2026-01-13 17:00:00,2.3,2.9029555,5,0.6029555320739748
2026-01-13 18:00:00,3.0,3.5030603,5,0.5030603408813477
2026-01-13 19:00:00,2.7,2.9606051,5,0.26060514450073224
2026-01-13 20:00:00,1.9,2.423967,5,0.5239668846130372
2026-01-13 21:00:00,0.0,0.0,5,0.0
2026-01-13 22:00:00,0.0,0.0014122876,5,0.001412287587299943
2026-01-13 23:00:00,0.0,0.0037645756,5,0.003764575580134988
2026-01-14 00:00:00,0.0,0.009471629,5,0.009471628814935684
2026-01-14 01:00:00,0.0,0.010536978,5,0.010536978021264076
2026-01-14 09:00:00,0.0,0.0,5,0.0
2026-01-14 10:00:00,0.0,0.019571273,5,0.019571272656321526
2026-01-14 11:00:00,0.0,0.027643522,5,0.02764352224767208
2026-01-14 12:00:00,2.0,4.672315,5,2.6723151206970215
2026-01-14 13:00:00,2.5,5.493638,5,2.993638038635254
2026-01-14 14:00:00,2.1,4.8583527,5,2.7583526611328124
2026-01-14 15:00:00,1.3,2.9989128,5,1.6989128112792968
2026-01-14 16:00:00,0.7,1.7534552,5,1.0534551620483399
2026-01-14 17:00:00,1.7,3.3946004,5,1.6946003913879395
2026-01-14 18:00:00,2.3,4.551207,5,2.2512070655822756
2026-01-14 19:00:00,2.1,4.0562706,5,1.9562705993652343
2026-01-14 20:00:00,1.5,2.7728562,5,1.2728562355041504
2026-01-14 21:00:00,0.0,0.0,5,0.0
2026-01-14 22:00:00,0.0,0.006186694,5,0.006186693906784058
2026-01-14 23:00:00,0.0,0.008514116,5,0.00851411558687687
2026-01-15 00:00:00,0.0,0.0,5,0.0
2026-01-15 01:00:00,0.0,0.0,5,0.0
2026-01-15 09:00:00,0.0,0.07477504,5,0.07477504014968872
2026-01-15 10:00:00,0.0,0.00948071,5,0.00948071014136076
2026-01-15 11:00:00,0.0,0.0,5,0.0
2026-01-15 12:00:00,4.1,4.9748764,5,0.8748764038085941
2026-01-15 13:00:00,5.1,6.6768746,5,1.5768746376037601
2026-01-15 14:00:00,4.4,5.0999904,5,0.6999903678894039
2026-01-15 15:00:00,2.7,3.319734,5,0.6197340965270994
2026-01-15 16:00:00,1.4,2.1525874,5,0.7525874137878419
2026-01-15 17:00:00,3.6,4.127861,5,0.5278610229492187
2026-01-15 18:00:00,4.8,5.5584793,5,0.7584793090820314
2026-01-15 19:00:00,4.3,5.0635004,5,0.7635004043579103
2026-01-15 20:00:00,3.1,3.357895,5,0.2578948974609374
2026-01-15 21:00:00,0.0,0.0,5,0.0
2026-01-15 22:00:00,0.0,0.0,5,0.0
2026-01-15 23:00:00,0.0,0.0,5,0.0
2026-01-16 00:00:00,0.0,0.0,5,0.0
2026-01-16 01:00:00,0.0,0.0,5,0.0
2026-01-16 09:00:00,0.0,0.003387261,5,0.003387260949239135
2026-01-16 10:00:00,0.0,0.0,5,0.0
2026-01-16 11:00:00,0.0,0.0,5,0.0
2026-01-16 12:00:00,10.4,10.22272,5,-0.17727985382080114
2026-01-16 13:00:00,13.0,13.367353,5,0.3673534393310547
2026-01-16 14:00:00,11.2,11.029103,5,-0.17089672088622976
2026-01-16 15:00:00,6.9,6.8134327,5,-0.08656730651855504
2026-01-16 16:00:00,3.5,3.5117552,5,0.011755228042602539
2026-01-16 17:00:00,9.1,8.624874,5,-0.47512588500976527
2026-01-16 18:00:00,12.1,10.890008,5,-1.2099920272827145
2026-01-16 19:00:00,10.8,9.913156,5,-0.886844444274903
2026-01-16 20:00:00,7.8,7.3379307,5,-0.46206932067871076
2026-01-16 21:00:00,0.0,0.0,5,0.0
2026-01-16 22:00:00,0.0,0.031808965,5,0.031808964908123016
2026-01-16 23:00:00,0.0,0.011450448,5,0.01145044807344675
2026-01-17 00:00:00,0.0,0.0,5,0.0
2026-01-17 01:00:00,0.0,0.0,5,0.0
2026-01-17 09:00:00,0.0,0.042425238,5,0.042425237596035004
2026-01-17 10:00:00,0.0,0.011927304,5,0.011927303858101368
2026-01-17 11:00:00,0.0,0.008460595,5,0.008460595272481441
2026-01-17 12:00:00,14.9,13.9782,5,-0.9218000411987308
2026-01-17 13:00:00,18.6,18.21533,5,-0.38466987609863423
2026-01-17 14:00:00,16.1,17.30238,5,1.2023796081542955
2026-01-17 15:00:00,9.9,10.891868,5,0.991867637634277
2026-01-17 16:00:00,5.0,5.4174824,5,0.4174823760986328
2026-01-17 17:00:00,13.0,13.10866,5,0.10865974426269531
2026-01-17 18:00:00,17.3,17.938595,5,0.6385948181152337
2026-01-17 19:00:00,15.5,16.671677,5,1.1716766357421875
2026-01-17 20:00:00,11.2,11.703227,5,0.5032270431518562
2026-01-17 21:00:00,0.0,0.0,5,0.0
2026-01-17 22:00:00,0.0,0.09090375,5,0.09090375155210495
2026-01-17 23:00:00,0.0,0.0508208,5,0.05082080140709877
2026-01-18 00:00:00,0.0,0.015266732,5,0.015266732312738895
2026-01-18 01:00:00,0.0,0.018601498,5,0.018601497635245323
2026-01-18 09:00:00,0.0,0.027501486,5,0.027501486241817474
2026-01-18 10:00:00,0.0,0.0,5,0.0
2026-01-18 11:00:00,0.0,0.0,5,0.0
2026-01-18 12:00:00,6.3,7.459993,5,1.1599928855895998
2026-01-18 13:00:00,7.9,9.555108,5,1.6551080703735348
2026-01-18 14:00:00,6.9,7.9059057,5,1.005905723571777
2026-01-18 15:00:00,4.2,5.380969,5,1.1809690475463865
2026-01-18 16:00:00,2.1,3.1283007,5,1.028300666809082
2026-01-18 17:00:00,5.5,5.9556403,5,0.4556403160095215
2026-01-18 18:00:00,7.4,7.2221813,5,-0.17781867980957067
2026-01-18 19:00:00,6.6,6.3710775,5,-0.22892246246337855
2026-01-18 20:00:00,4.8,4.526857,5,-0.2731431007385252
2026-01-18 21:00:00,0.0,0.0,5,0.0
2026-01-18 22:00:00,0.0,0.0,5,0.0
2026-01-18 23:00:00,0.0,0.0,5,0.0
2026-01-19 00:00:00,0.0,0.0,5,0.0
2026-01-19 01:00:00,0.0,0.0,5,0.0
2026-01-19 09:00:00,0.0,0.0056185336,5,0.005618533585220575
2026-01-19 10:00:00,0.0,0.0,5,0.0
2026-01-19 11:00:00,0.0,0.0,5,0.0
2026-01-19 12:00:00,3.1,3.823408,5,0.7234078884124755
2026-01-19 13:00:00,3.9,4.9886017,5,1.0886016845703126
2026-01-19 14:00:00,3.3,4.0398417,5,0.7398416519165041
2026-01-19 15:00:00,2.1,2.5894754,5,0.489475393295288
2026-01-19 16:00:00,1.0,1.6183767,5,0.6183767318725586
2026-01-19 17:00:00,2.7,3.3804672,5,0.6804671764373778
2026-01-19 18:00:00,3.6,3.6728137,5,0.07281365394592276
2026-01-19 19:00:00,3.2,3.498906,5,0.29890589714050275
2026-01-19 20:00:00,2.3,2.3944952,5,0.09449524879455584
2026-01-19 21:00:00,0.0,0.0,5,0.0
2026-01-19 22:00:00,0.0,0.0,5,0.0
2026-01-19 23:00:00,0.0,0.0,5,0.0
2026-01-20 00:00:00,0.0,0.0,5,0.0
2026-01-20 01:00:00,0.0,0.0,5,0.0
2026-01-20 09:00:00,0.0,0.03213973,5,0.03213972970843315
2026-01-20 10:00:00,0.0,0.0,5,0.0
2026-01-20 11:00:00,0.0,0.045599785,5,0.04559978470206261
2026-01-20 12:00:00,4.1,3.0524614,5,-1.047538614273071
2026-01-20 13:00:00,5.1,3.491347,5,-1.6086529254913327
2026-01-20 14:00:00,4.4,3.5193427,5,-0.8806573390960697
2026-01-20 15:00:00,2.7,2.5939112,5,-0.10608882904052752
2026-01-20 16:00:00,1.4,1.3891895,5,-0.010810518264770419
2026-01-20 17:00:00,3.6,2.980576,5,-0.6194239616394044
2026-01-20 18:00:00,4.7,4.003928,5,-0.6960718154907228
2026-01-20 19:00:00,4.2,3.4447775,5,-0.7552225112915041
2026-01-20 20:00:00,3.1,2.7736237,5,-0.32637629508972177
2026-01-20 21:00:00,0.0,0.0003396307,5,0.0003396307001821697
2026-01-20 22:00:00,0.0,0.026619593,5,0.026619592681527138
2026-01-20 23:00:00,0.0,0.0,5,0.0
2026-01-21 00:00:00,0.0,0.0,5,0.0
2026-01-21 01:00:00,0.0,0.003859835,5,0.0038598349783569574
2026-01-21 09:00:00,0.0,0.036870137,5,0.036870136857032776
2026-01-21 10:00:00,0.0,0.020232813,5,0.02023281343281269
2026-01-21 11:00:00,0.0,0.009685826,5,0.009685825556516647
2026-01-21 12:00:00,3.1,4.50229,5,1.4022897720336913
2026-01-21 13:00:00,3.9,5.2512236,5,1.3512235641479493
2026-01-21 14:00:00,3.4,4.7136607,5,1.3136607170104981
2026-01-21 15:00:00,2.1,3.0154986,5,0.9154986381530761
2026-01-21 16:00:00,1.0,1.6547807,5,0.6547807455062866
2026-01-21 17:00:00,2.7,3.6296158,5,0.9296157836914061
2026-01-21 18:00:00,3.7,4.7783947,5,1.0783946990966795
2026-01-21 19:00:00,3.3,4.174481,5,0.8744809150695803
2026-01-21 20:00:00,2.3,2.9385517,5,0.6385516643524172
2026-01-21 21:00:00,0.0,0.0,5,0.0
2026-01-21 22:00:00,0.0,0.0,5,0.0
2026-01-21 23:00:00,0.0,0.0,5,0.0
2026-01-22 00:00:00,0.0,0.0,5,0.0
2026-01-22 01:00:00,0.0,0.0,5,0.0
2026-01-22 09:00:00,0.0,0.0,5,0.0
2026-04-29 17:00:00,5.1,5.0589156,6,-0.041084384918212535
2026-04-29 18:00:00,6.8,6.856816,6,0.056815814971924006
2026-04-29 19:00:00,6.1,5.8315415,6,-0.26845846176147425
2026-04-29 20:00:00,4.4,4.3553023,6,-0.044697666168213246
2026-04-29 21:00:00,0.0,0.012155903,6,0.012155902571976185
2026-04-29 22:00:00,0.0,0.0,6,0.0
2026-04-29 23:00:00,0.0,0.0,6,0.0
2026-04-30 00:00:00,0.0,0.007645193,6,0.00764519302174449
2026-04-30 01:00:00,0.0,0.007729297,6,0.007729297038167715
2026-04-30 09:00:00,0.0,0.11359106,6,0.11359106004238129
2026-04-30 10:00:00,0.0,0.093980946,6,0.09398094564676285
2026-04-30 11:00:00,0.0,0.0668069,6,0.06680689752101898
2026-04-30 12:00:00,9.7,9.207857,6,-0.4921428680419915
2026-04-30 13:00:00,12.1,11.434834,6,-0.6651664733886715
2026-04-30 14:00:00,10.5,9.611117,6,-0.8888826370239258
2026-04-30 15:00:00,6.4,6.055017,6,-0.344983005523682
2026-04-30 16:00:00,3.2,2.9307597,6,-0.26924033164978045
2026-04-30 17:00:00,8.5,8.399708,6,-0.10029220581054688
2026-04-30 18:00:00,11.3,10.81209,6,-0.4879100799560554
2026-04-30 19:00:00,10.1,9.429431,6,-0.6705690383911129
2026-04-30 20:00:00,7.2,6.6104765,6,-0.589523506164551
2026-04-30 21:00:00,0.0,0.0,6,0.0
2026-04-30 22:00:00,0.0,0.0,6,0.0
2026-04-30 23:00:00,0.0,0.0,6,0.0
2026-05-01 00:00:00,0.0,0.0,6,0.0
2026-05-01 01:00:00,0.0,0.0,6,0.0
2026-05-01 09:00:00,0.0,0.0,6,0.0
2026-05-01 10:00:00,0.0,0.0,6,0.0
2026-05-01 11:00:00,0.0,0.0,6,0.0
2026-05-01 12:00:00,16.4,14.084692,6,-2.315307998657225
2026-05-01 13:00:00,20.5,18.899076,6,-1.6009235382080078
2026-05-01 14:00:00,17.8,15.783821,6,-2.0161788940429695
2026-05-01 15:00:00,11.0,10.7128525,6,-0.28714752197265625
2026-05-01 16:00:00,5.5,4.984097,6,-0.5159029960632324
2026-05-01 17:00:00,14.4,13.613041,6,-0.7869590759277347
2026-05-01 18:00:00,19.2,16.89496,6,-2.3050395965576165
2026-05-01 19:00:00,17.1,15.045169,6,-2.054831123352052
2026-05-01 20:00:00,12.3,12.22063,6,-0.07937030792236399
2026-05-01 21:00:00,0.0,0.0,6,0.0
2026-05-01 22:00:00,0.0,0.0,6,0.0
2026-05-01 23:00:00,0.0,0.13466476,6,0.13466475903987885
2026-05-02 00:00:00,0.0,0.0,6,0.0
2026-05-02 01:00:00,0.0,0.014210685,6,0.014210685156285763
2026-05-02 09:00:00,0.0,0.0,6,0.0
2026-05-02 10:00:00,0.0,0.0,6,0.0
2026-05-02 11:00:00,0.0,0.026177892,6,0.026177892461419106
2026-05-02 12:00:00,19.8,20.271114,6,0.47111434936523366
2026-05-02 13:00:00,24.7,23.874117,6,-0.8258831024169915
2026-05-02 14:00:00,21.4,21.271507,6,-0.12849273681640483
2026-05-02 15:00:00,13.2,13.167111,6,-0.03288860321044851
2026-05-02 16:00:00,6.6,6.398026,6,-0.20197401046752894
2026-05-02 17:00:00,17.3,17.995794,6,0.6957942962646477
2026-05-02 18:00:00,23.1,24.17206,6,1.0720600128173814
2026-05-02 19:00:00,20.6,22.044483,6,1.4444831848144517
2026-05-02 20:00:00,14.8,17.119389,6,2.319388580322265
2026-05-02 21:00:00,0.0,0.111597285,6,0.11159728467464447
2026-05-02 22:00:00,0.0,0.18342093,6,0.18342092633247375
2026-05-02 23:00:00,0.0,0.18008399,6,0.1800839900970459
2026-05-03 00:00:00,0.0,0.022622123,6,0.02262212336063385
2026-05-03 01:00:00,0.0,0.03227515,6,0.03227515146136284
2026-05-03 09:00:00,0.0,0.0611251,6,0.061125099658966064
2026-05-03 10:00:00,0.0,0.060444504,6,0.06044450402259827
2026-05-03 11:00:00,0.0,0.0,6,0.0
2026-05-03 12:00:00,14.3,12.031628,6,-2.268372344970704
2026-05-03 13:00:00,17.9,14.891646,6,-3.0083536148071275
2026-05-03 14:00:00,15.5,13.195816,6,-2.3041839599609375
2026-05-03 15:00:00,9.6,7.716936,6,-1.8830638885498043
2026-05-03 16:00:00,4.8,4.136105,6,-0.6638949394226072
2026-05-03 17:00:00,12.5,11.688664,6,-0.811335563659668
2026-05-03 18:00:00,16.7,16.602808,6,-0.09719200134277273
2026-05-03 19:00:00,14.9,14.315567,6,-0.5844329833984379
2026-05-03 20:00:00,10.7,10.35374,6,-0.3462602615356438
2026-05-03 21:00:00,0.0,0.11076762,6,0.11076761782169342
2026-05-03 22:00:00,0.0,0.10918011,6,0.10918010771274567
2026-05-03 23:00:00,0.0,0.05098177,6,0.05098177120089531
2026-05-04 00:00:00,0.0,0.028238727,6,0.028238726779818535
2026-05-04 01:00:00,0.0,0.02592231,6,0.02592230960726738
2026-05-04 09:00:00,0.0,0.0,6,0.0
2026-05-04 10:00:00,0.0,0.0,6,0.0
2026-05-04 11:00:00,0.0,0.0,6,0.0
2026-05-04 12:00:00,7.5,7.799397,6,0.29939699172973633
2026-05-04 13:00:00,9.3,9.981427,6,0.6814271926879876
2026-05-04 14:00:00,8.1,8.227118,6,0.1271175384521488
2026-05-04 15:00:00,5.0,5.2308455,6,0.23084545135498047
2026-05-04 16:00:00,2.5,2.4327478,6,-0.06725215911865234
2026-05-04 17:00:00,6.5,6.827222,6,0.3272218704223633
2026-05-04 18:00:00,8.7,8.637429,6,-0.06257076263427663
2026-05-04 19:00:00,7.8,7.328453,6,-0.4715469360351561
2026-05-04 20:00:00,5.6,5.5850854,6,-0.014914608001708629
2026-05-04 21:00:00,0.0,0.04310604,6,0.043106041848659515
2026-05-04 22:00:00,0.0,0.1159419,6,0.11594189703464508
2026-05-04 23:00:00,0.0,0.040677965,6,0.04067796468734741
2026-05-05 00:00:00,0.0,0.03075274,6,0.030752740800380707
2026-05-05 01:00:00,0.0,0.023370724,6,0.02337072417140007
2026-05-05 09:00:00,0.0,0.0,6,0.0
2026-05-05 10:00:00,0.0,0.05380795,6,0.053807951509952545
2026-05-05 11:00:00,0.0,0.0,6,0.0
2026-05-05 12:00:00,6.4,7.090625,6,0.6906248092651364
2026-05-05 13:00:00,8.0,9.016415,6,1.0164146423339844
2026-05-05 14:00:00,7.0,7.432183,6,0.43218278884887695
2026-05-05 15:00:00,4.3,4.634994,6,0.3349940299987795
2026-05-05 16:00:00,2.1,2.366271,6,0.2662710189819335
2026-05-05 17:00:00,5.6,6.453529,6,0.8535288810729984
2026-05-05 18:00:00,7.5,7.6492047,6,0.14920473098754883
2026-05-05 19:00:00,6.7,7.4278784,6,0.7278783798217772
2026-05-05 20:00:00,4.8,5.287478,6,0.4874779701232912
2026-05-05 21:00:00,0.0,0.0253187,6,0.025318700820207596
2026-05-05 22:00:00,0.0,0.034741037,6,0.03474103659391403
2026-05-05 23:00:00,0.0,0.024014197,6,0.024014197289943695
2026-05-06 00:00:00,0.0,0.0043676076,6,0.004367607645690441
2026-05-06 01:00:00,0.0,0.0043676076,6,0.004367607645690441
2026-05-06 09:00:00,0.0,0.0,6,0.0
2026-05-06 10:00:00,0.0,0.0,6,0.0
2026-05-06 11:00:00,0.0,0.0,6,0.0
2026-05-06 12:00:00,5.5,5.651118,6,0.15111780166625977
2026-05-06 13:00:00,6.9,7.133398,6,0.23339805603027308
2026-05-06 14:00:00,5.9,6.190344,6,0.2903438568115231
2026-05-06 15:00:00,3.7,3.8953485,6,0.19534854888915998
2026-05-06 16:00:00,1.8,1.8080235,6,0.008023452758789018
2026-05-06 17:00:00,4.8,4.736416,6,-0.06358413696289045
2026-05-06 18:00:00,6.4,6.3588285,6,-0.041171455383301137
2026-05-06 19:00:00,5.7,5.513063,6,-0.18693704605102557
2026-05-06 20:00:00,4.1,4.1951537,6,0.09515371322631871
2026-05-06 21:00:00,0.0,0.0,6,0.0
2026-05-06 22:00:00,0.0,0.0,6,0.0
2026-05-06 23:00:00,0.0,0.0,6,0.0
2026-05-07 00:00:00,0.0,0.0,6,0.0
2026-05-07 01:00:00,0.0,0.0,6,0.0
2026-05-07 09:00:00,0.0,0.0,6,0.0
2026-05-07 10:00:00,0.0,0.0,6,0.0
2026-05-07 11:00:00,0.0,0.0,6,0.0
2026-05-07 12:00:00,8.1,9.427798,6,1.3277982711791996
2026-05-07 13:00:00,10.1,10.987785,6,0.8877853393554691
2026-05-07 14:00:00,8.8,9.911086,6,1.1110860824584954
2026-05-07 15:00:00,5.4,5.723978,6,0.3239780426025387
2026-05-07 16:00:00,2.7,2.8920157,6,0.19201569557189924
2026-05-07 17:00:00,7.1,7.4776444,6,0.37764444351196325
2026-05-07 18:00:00,9.5,10.659409,6,1.1594085693359375
2026-05-07 19:00:00,8.5,9.172561,6,0.6725606918334961
2026-05-07 20:00:00,6.1,6.1591744,6,0.05917444229126012
2026-05-07 21:00:00,0.0,0.0,6,0.0
2026-05-07 22:00:00,0.0,0.08237864,6,0.08237864077091217
2026-05-07 23:00:00,0.0,0.0,6,0.0
2026-05-08 00:00:00,0.0,0.0,6,0.0
2026-05-08 01:00:00,0.0,0.016044812,6,0.01604481227695942
2026-05-08 09:00:00,0.0,0.0,6,0.0
2026-05-08 10:00:00,0.0,0.0,6,0.0
2026-05-08 11:00:00,0.0,0.0,6,0.0
2026-05-08 12:00:00,10.1,12.357153,6,2.257152938842774
2026-05-08 13:00:00,12.6,15.020934,6,2.420934104919434
2026-05-08 14:00:00,10.9,13.809406,6,2.9094062805175778
2026-05-08 15:00:00,6.7,8.765525,6,2.065524864196777
2026-05-08 16:00:00,3.4,4.5130506,6,1.1130505561828614
2026-05-08 17:00:00,8.8,11.026107,6,2.2261068344116204
2026-05-08 18:00:00,11.7,13.736091,6,2.0360906600952156
2026-05-08 19:00:00,10.5,12.176069,6,1.6760692596435547
2026-05-08 20:00:00,7.5,8.604221,6,1.1042213439941406
2026-05-08 21:00:00,0.0,0.0,6,0.0
2026-05-08 22:00:00,0.0,0.0,6,0.0
2026-05-08 23:00:00,0.0,0.0,6,0.0
2026-05-09 00:00:00,0.0,0.0,6,0.0
2026-05-09 01:00:00,0.0,0.0,6,0.0
2026-05-09 09:00:00,0.0,0.0,6,0.0
2026-05-09 10:00:00,0.0,0.0,6,0.0
2026-05-09 11:00:00,0.0,0.0,6,0.0
2026-05-09 12:00:00,18.4,16.415386,6,-1.9846138000488267
2026-05-09 13:00:00,23.0,19.205767,6,-3.7942333221435547
2026-05-09 14:00:00,19.9,17.114553,6,-2.7854465484619126
2026-05-09 15:00:00,12.2,10.905803,6,-1.2941972732543938
2026-05-09 16:00:00,6.1,5.3127203,6,-0.7872797012329098
2026-05-09 17:00:00,16.1,14.164636,6,-1.9353643417358413
2026-05-09 18:00:00,21.4,19.414661,6,-1.9853385925292955
2026-05-09 19:00:00,19.1,17.75487,6,-1.345130538940431
2026-05-09 20:00:00,13.8,13.796833,6,-0.0031669616699225855
2026-05-09 21:00:00,0.0,0.016851371,6,0.01685137115418911
2026-05-09 22:00:00,0.0,0.066007346,6,0.0660073459148407
2026-05-09 23:00:00,0.0,0.0,6,0.0
2026-05-10 00:00:00,0.0,0.0,6,0.0
2026-05-10 01:00:00,0.0,0.0,6,0.0
2026-05-10 09:00:00,0.0,0.0,6,0.0
2026-05-10 10:00:00,0.0,0.0,6,0.0
2026-05-10 11:00:00,0.0,0.044508904,6,0.044508904218673706
2026-05-10 12:00:00,8.7,8.282924,6,-0.4170763015747063
2026-05-10 13:00:00,10.9,10.300903,6,-0.5990966796875004
2026-05-10 14:00:00,9.4,8.862419,6,-0.5375808715820316
2026-05-10 15:00:00,5.8,5.410905,6,-0.3890951156616209
2026-05-10 16:00:00,2.9,2.5916212,6,-0.30837883949279776
2026-05-10 17:00:00,7.6,6.674437,6,-0.9255629539489743
2026-05-10 18:00:00,10.2,9.311084,6,-0.8889162063598626
2026-05-10 19:00:00,9.1,7.4973783,6,-1.6026216506958004
2026-05-10 20:00:00,6.5,5.9236803,6,-0.576319694519043
2026-05-10 21:00:00,0.0,0.0,6,0.0
2026-05-10 22:00:00,0.0,0.0,6,0.0
2026-05-10 23:00:00,0.0,0.01283321,6,0.012833209708333015
2026-05-11 00:00:00,0.0,0.027408384,6,0.027408383786678314
2026-05-11 01:00:00,0.0,0.028166845,6,0.028166845440864563
2026-05-11 09:00:00,0.0,0.0108608445,6,0.010860844515264034
2026-05-11 10:00:00,0.0,0.0,6,0.0
2026-05-11 11:00:00,0.0,0.0,6,0.0
2026-05-11 12:00:00,5.5,7.3957314,6,1.8957314491271973
2026-05-11 13:00:00,6.9,8.531184,6,1.6311841964721676
2026-05-11 14:00:00,6.0,7.2715597,6,1.271559715270996
2026-05-11 15:00:00,3.7,5.002975,6,1.3029749870300291
2026-05-11 16:00:00,1.8,2.204699,6,0.40469903945922847
2026-05-11 17:00:00,4.8,6.2618604,6,1.4618603706359865
2026-05-11 18:00:00,6.4,7.437109,6,1.037108993530273
2026-05-11 19:00:00,5.7,6.6675835,6,0.9675834655761717
2026-05-11 20:00:00,4.1,4.9177628,6,0.8177627563476566
2026-05-11 21:00:00,0.0,0.0,6,0.0
2026-05-11 22:00:00,0.0,0.0,6,0.0
2026-05-11 23:00:00,0.0,0.0,6,0.0
2026-05-12 00:00:00,0.0,0.0,6,0.0
2026-05-12 01:00:00,0.0,0.0,6,0.0
2026-05-12 09:00:00,0.0,0.06296716,6,0.06296715885400772
2026-05-12 10:00:00,0.0,0.046680488,6,0.04668048769235611
2026-05-12 11:00:00,0.0,0.0,6,0.0
2026-05-12 12:00:00,5.8,7.276191,6,1.4761912345886232
2026-05-12 13:00:00,7.3,8.789733,6,1.4897329330444338
2026-05-12 14:00:00,6.3,7.660502,6,1.3605019569396974
2026-05-12 15:00:00,3.9,4.5557857,6,0.6557856559753419
2026-05-12 16:00:00,1.9,2.293502,6,0.3935020923614503
2026-05-12 17:00:00,5.1,6.0205865,6,0.9205864906311039
2026-05-12 18:00:00,6.8,8.139429,6,1.3394290924072267
2026-05-12 19:00:00,6.1,7.2067466,6,1.106746578216553
2026-05-12 20:00:00,4.4,4.8069572,6,0.4069572448730465
2026-05-12 21:00:00,0.0,0.052725326,6,0.052725326269865036
2026-05-12 22:00:00,0.0,0.010349088,6,0.010349088348448277
2026-05-12 23:00:00,0.0,0.0,6,0.0
2026-05-13 00:00:00,0.0,0.0,6,0.0
2026-05-13 01:00:00,0.0,0.0,6,0.0
2026-05-13 09:00:00,0.0,0.039619323,6,0.0396193228662014
2026-05-13 10:00:00,0.0,0.033422,6,0.03342200070619583
2026-05-13 11:00:00,0.0,0.0,6,0.0
2026-05-13 12:00:00,6.0,5.867115,6,-0.13288497924804688
2026-05-13 13:00:00,7.5,7.6630273,6,0.16302728652954102
2026-05-13 14:00:00,6.5,6.590368,6,0.09036779403686523
2026-05-13 15:00:00,4.0,4.1660547,6,0.16605472564697266
2026-05-13 16:00:00,2.0,1.9912477,6,-0.00875234603881836
2026-05-13 17:00:00,5.2,4.848861,6,-0.3511387825012209
2026-05-13 18:00:00,7.0,6.859813,6,-0.14018678665161133
2026-05-13 19:00:00,6.2,6.056962,6,-0.14303798675537127
2026-05-13 20:00:00,4.5,4.6181874,6,0.11818742752075195
2026-05-13 21:00:00,0.0,0.0,6,0.0
2026-05-13 22:00:00,0.0,0.0,6,0.0
2026-05-13 23:00:00,0.0,0.0,6,0.0
2026-05-14 00:00:00,0.0,0.0,6,0.0
2026-05-14 01:00:00,0.0,0.0,6,0.0
2026-05-14 09:00:00,0.0,0.03654939,6,0.036549389362335205
2026-05-14 10:00:00,0.0,0.035137247,6,0.035137247294187546
2026-05-14 11:00:00,0.0,0.05835695,6,0.05835694819688797
2026-05-14 12:00:00,12.2,9.431988,6,-2.7680122375488274
2026-05-14 13:00:00,15.3,11.247777,6,-4.052223014831544
2026-05-14 14:00:00,13.3,9.663318,6,-3.636682319641114
2026-05-14 15:00:00,8.2,6.8696785,6,-1.3303215026855462
2026-05-14 16:00:00,4.1,3.2159948,6,-0.8840051651000973
2026-05-14 17:00:00,10.7,9.306686,6,-1.3933135986328118
2026-05-14 18:00:00,14.3,11.934342,6,-2.365657615661622
2026-05-14 19:00:00,12.7,11.354877,6,-1.3451225280761712
2026-05-14 20:00:00,9.2,7.7834945,6,-1.4165055274963372
2026-05-14 21:00:00,0.0,0.0,6,0.0
2026-05-14 22:00:00,0.0,0.0,6,0.0
2026-05-14 23:00:00,0.0,0.0069866283,6,0.006986628286540508
2026-05-15 00:00:00,0.0,0.0,6,0.0
2026-05-15 01:00:00,0.0,0.015585556,6,0.01558555569499731
2026-05-15 09:00:00,0.0,0.0,6,0.0
2026-05-15 10:00:00,0.0,0.0,6,0.0
2026-05-15 11:00:00,0.0,0.0,6,0.0
2026-05-15 12:00:00,13.6,14.582916,6,0.9829162597656254
2026-05-15 13:00:00,17.0,18.834711,6,1.8347110748291016
2026-05-15 14:00:00,14.7,15.825009,6,1.1250093460083015
2026-05-15 15:00:00,9.0,9.171574,6,0.17157363891601562
2026-05-15 16:00:00,4.5,4.604017,6,0.10401678085327148
2026-05-15 17:00:00,11.9,12.140657,6,0.24065742492675746
2026-05-15 18:00:00,15.8,16.925173,6,1.125172805786132
2026-05-15 19:00:00,14.1,15.105221,6,1.0052207946777347
2026-05-15 20:00:00,10.2,9.810842,6,-0.38915843963622976
2026-05-15 21:00:00,0.0,0.0,6,0.0
2026-05-15 22:00:00,0.0,0.0,6,0.0
2026-05-15 23:00:00,0.0,0.0,6,0.0
2026-05-16 00:00:00,0.0,0.0,6,0.0
2026-05-16 01:00:00,0.0,0.0,6,0.0
2026-05-16 09:00:00,0.0,0.0,6,0.0
2026-05-16 10:00:00,0.0,0.0,6,0.0
2026-05-16 11:00:00,0.0,0.0,6,0.0
2026-05-16 12:00:00,19.0,18.139572,6,-0.8604278564453125
2026-05-16 13:00:00,23.8,21.994574,6,-1.8054264068603523
2026-05-16 14:00:00,20.6,19.814613,6,-0.7853866577148452
2026-05-16 15:00:00,12.7,12.305808,6,-0.39419193267822195
2026-05-16 16:00:00,6.3,6.3021574,6,0.0021574020385743964
2026-05-16 17:00:00,16.7,16.508007,6,-0.19199295043945241
2026-05-16 18:00:00,22.2,22.41482,6,0.21481971740722727
2026-05-16 19:00:00,19.8,20.040129,6,0.24012870788574148
2026-05-16 20:00:00,14.3,14.972565,6,0.6725646972656243
2026-05-16 21:00:00,0.0,0.0,6,0.0
2026-05-16 22:00:00,0.0,0.0,6,0.0
2026-05-16 23:00:00,0.0,0.0,6,0.0
2026-05-17 00:00:00,0.0,0.0,6,0.0
2026-05-17 01:00:00,0.0,0.004058138,6,0.0040581380017101765
2026-05-17 09:00:00,0.0,0.0,6,0.0
2026-05-17 10:00:00,0.0,0.0,6,0.0
2026-05-17 11:00:00,0.0,0.0,6,0.0
2026-05-17 12:00:00,9.3,8.605331,6,-0.6946685791015632
2026-05-17 13:00:00,11.7,11.278207,6,-0.42179317474365163
2026-05-17 14:00:00,10.1,9.143802,6,-0.9561983108520504
2026-05-17 15:00:00,6.2,5.3741674,6,-0.8258325576782228
2026-05-17 16:00:00,3.1,3.2979589,6,0.19795885086059561
2026-05-17 17:00:00,8.2,8.233984,6,0.03398399353027415
2026-05-17 18:00:00,10.9,10.71191,6,-0.18808975219726598
2026-05-17 19:00:00,9.7,9.207377,6,-0.4926225662231438
2026-05-17 20:00:00,7.0,7.1306763,6,0.13067626953125
2026-05-17 21:00:00,0.0,0.0,6,0.0
2026-05-17 22:00:00,0.0,0.0,6,0.0
2026-05-17 23:00:00,0.0,0.0,6,0.0
2026-05-18 00:00:00,0.0,0.0,6,0.0
2026-05-18 01:00:00,0.0,0.0,6,0.0
2026-05-18 09:00:00,0.0,0.0,6,0.0
2026-05-18 10:00:00,0.0,0.0,6,0.0
2026-05-18 11:00:00,0.0,0.0,6,0.0
2026-05-18 12:00:00,6.8,5.697606,6,-1.1023939132690428
2026-05-18 13:00:00,8.5,7.5730457,6,-0.9269542694091797
2026-05-18 14:00:00,7.3,6.550636,6,-0.7493641853332518
2026-05-18 15:00:00,4.5,4.148208,6,-0.3517918586730957
2026-05-18 16:00:00,2.3,2.0501707,6,-0.24982933998107892
2026-05-18 17:00:00,5.9,5.4279084,6,-0.4720915794372562
2026-05-18 18:00:00,7.9,7.554176,6,-0.3458241462707523
2026-05-18 19:00:00,7.0,6.7837896,6,-0.21621036529541016
2026-05-18 20:00:00,5.1,4.963785,6,-0.13621482849121058
2026-05-18 21:00:00,0.0,0.0,6,0.0
2026-05-18 22:00:00,0.0,0.037788887,6,0.037788886576890945
2026-05-18 23:00:00,0.0,0.0219935,6,0.021993499249219894
2026-05-19 00:00:00,0.0,0.021383574,6,0.02138357423245907
2026-05-19 01:00:00,0.0,0.01797598,6,0.017975980415940285
2026-05-19 09:00:00,0.0,0.09907439,6,0.09907439351081848
2026-05-19 10:00:00,0.0,0.03424575,6,0.034245751798152924
2026-05-19 11:00:00,0.0,0.06093408,6,0.06093408167362213
2026-05-19 12:00:00,6.2,6.149951,6,-0.05004901885986346
2026-05-19 13:00:00,7.8,7.315957,6,-0.48404293060302717
2026-05-19 14:00:00,6.7,6.514374,6,-0.18562622070312518
2026-05-19 15:00:00,4.1,4.141501,6,0.041500949859619496
2026-05-19 16:00:00,2.1,2.0892253,6,-0.010774707794189542
2026-05-19 17:00:00,5.4,5.635529,6,0.23552904129028285
2026-05-19 18:00:00,7.2,7.344689,6,0.14468889236450178
2026-05-19 19:00:00,6.5,6.1581135,6,-0.3418865203857422
2026-05-19 20:00:00,4.7,4.7263584,6,0.026358413696288885
2026-05-19 21:00:00,0.0,0.031252224,6,0.03125222399830818
2026-05-19 22:00:00,0.0,0.016973734,6,0.01697373390197754
2026-05-19 23:00:00,0.0,0.014155059,6,0.01415505912154913
2026-05-20 00:00:00,0.0,0.0,6,0.0
2026-05-20 01:00:00,0.0,3.0148069e-05,6,3.0148068617563695e-05
2026-05-20 09:00:00,0.0,0.03067385,6,0.03067385032773018
2026-05-20 10:00:00,0.0,0.0014134054,6,0.0014134054072201252
2026-05-20 11:00:00,0.0,0.0,6,0.0
2026-05-20 12:00:00,6.5,6.0729585,6,-0.42704153060913086
2026-05-20 13:00:00,8.1,6.9681983,6,-1.1318017005920407
2026-05-20 14:00:00,7.0,6.478291,6,-0.5217089653015137
2026-05-20 15:00:00,4.3,4.1422696,6,-0.15773038864135724
2026-05-20 16:00:00,2.2,1.9346255,6,-0.26537449359893817
2026-05-20 17:00:00,5.7,4.959505,6,-0.7404949188232424
2026-05-20 18:00:00,7.6,7.404801,6,-0.19519910812377894
2026-05-20 19:00:00,6.8,5.808988,6,-0.9910119056701658
2026-05-20 20:00:00,4.9,4.4150596,6,-0.4849404335021976
2026-05-20 21:00:00,0.0,0.0,6,0.0
2026-05-20 22:00:00,0.0,0.0,6,0.0
2026-05-20 23:00:00,0.0,0.0,6,0.0
2026-05-21 00:00:00,0.0,0.0074909353,6,0.007490935269743204
2026-05-21 01:00:00,0.0,0.007316707,6,0.007316707167774439
2026-05-21 09:00:00,0.0,0.0,6,0.0
2026-05-21 10:00:00,0.0,0.0,6,0.0
2026-05-21 11:00:00,0.0,0.0,6,0.0
2026-05-21 12:00:00,10.4,9.406396,6,-0.9936040878295902
2026-05-21 13:00:00,13.0,10.848518,6,-2.1514816284179688
2026-05-21 14:00:00,11.3,10.011666,6,-1.288333702087403
2026-05-21 15:00:00,6.9,6.632183,6,-0.2678169250488285
2026-05-21 16:00:00,3.5,3.0702024,6,-0.4297976493835449
2026-05-21 17:00:00,9.1,9.044091,6,-0.05590877532958949
2026-05-21 18:00:00,12.1,11.210864,6,-0.8891359329223629
2026-05-21 19:00:00,10.8,10.224844,6,-0.5751560211181648
2026-05-21 20:00:00,7.8,7.61258,6,-0.18742017745971662
2026-05-21 21:00:00,0.0,0.04241329,6,0.042413290590047836
2026-05-21 22:00:00,0.0,0.070390835,6,0.07039083540439606
2026-05-21 23:00:00,0.0,0.04932563,6,0.04932563006877899
2026-05-22 00:00:00,0.0,0.0,6,0.0
2026-05-22 01:00:00,0.0,0.0,6,0.0
2026-05-22 09:00:00,0.0,0.0,6,0.0
2026-05-22 10:00:00,0.0,0.0,6,0.0
2026-05-22 11:00:00,0.0,0.0,6,0.0
2026-05-22 12:00:00,13.9,14.710454,6,0.8104539871215817
2026-05-22 13:00:00,17.4,18.032232,6,0.6322322845458999
2026-05-22 14:00:00,15.1,16.072096,6,0.97209587097168
2026-05-22 15:00:00,9.3,9.323063,6,0.023062896728514914
2026-05-22 16:00:00,4.6,4.3262005,6,-0.27379951477050746
2026-05-22 17:00:00,12.2,12.471597,6,0.27159671783447337
2026-05-22 18:00:00,16.2,16.429382,6,0.2293823242187507
2026-05-22 19:00:00,14.5,15.683604,6,1.1836042404174805
2026-05-22 20:00:00,10.4,10.671695,6,0.27169475555419886
2026-05-22 21:00:00,0.0,0.0,6,0.0
2026-05-22 22:00:00,0.0,0.0,6,0.0
2026-05-22 23:00:00,0.0,0.0,6,0.0
2026-05-23 00:00:00,0.0,0.014789703,6,0.0147897033020854
2026-05-23 01:00:00,0.0,0.039523806,6,0.03952380642294884
2026-05-23 09:00:00,0.0,0.021418389,6,0.021418388932943344
2026-05-23 10:00:00,0.0,0.03149552,6,0.03149551898241043
2026-05-23 11:00:00,0.0,0.0,6,0.0
2026-05-23 12:00:00,17.2,19.783974,6,2.583973693847657
2026-05-23 13:00:00,21.6,23.8938,6,2.2938007354736314
2026-05-23 14:00:00,18.7,20.954966,6,2.2549655914306648
2026-05-23 15:00:00,11.5,13.566704,6,2.0667037963867188
2026-05-23 16:00:00,5.7,6.390425,6,0.6904252052307127
2026-05-23 17:00:00,15.1,17.033205,6,1.9332050323486332
2026-05-23 18:00:00,20.1,20.716734,6,0.6167339324951158
2026-05-23 19:00:00,18.0,19.135534,6,1.1355342864990234
2026-05-23 20:00:00,12.9,15.308882,6,2.4088817596435543
2026-05-23 21:00:00,0.0,0.1389992,6,0.13899919390678406
2026-05-23 22:00:00,0.0,0.16339195,6,0.16339194774627686
2026-05-23 23:00:00,0.0,0.05985197,6,0.05985197052359581
2026-05-24 00:00:00,0.0,0.14121857,6,0.14121857285499573
2026-05-24 01:00:00,0.0,0.047559965,6,0.047559965401887894
2026-05-24 09:00:00,0.0,0.031116216,6,0.031116215512156487
2026-05-24 10:00:00,0.0,0.13645923,6,0.13645923137664795
2026-05-24 11:00:00,0.0,0.1258557,6,0.1258556991815567
2026-05-24 12:00:00,13.1,11.213548,6,-1.8864522933959957
2026-05-24 13:00:00,16.4,14.055925,6,-2.3440746307373033
2026-05-24 14:00:00,14.2,12.411285,6,-1.7887145996093743
2026-05-24 15:00:00,8.8,7.1382623,6,-1.6617377281188972
2026-05-24 16:00:00,4.4,3.7453227,6,-0.6546772956848148
2026-05-24 17:00:00,11.5,10.163268,6,-1.3367319107055664
2026-05-24 18:00:00,15.3,14.782487,6,-0.5175130844116218
2026-05-24 19:00:00,13.7,12.081868,6,-1.6181318283081048
2026-05-24 20:00:00,9.9,9.405569,6,-0.4944309234619144
2026-05-24 21:00:00,0.0,0.0,6,0.0
2026-05-24 22:00:00,0.0,0.05227711,6,0.052277110517024994
2026-05-24 23:00:00,0.0,0.008084492,6,0.008084491826593876
2026-05-25 00:00:00,0.0,0.07111829,6,0.07111828774213791
2026-05-25 01:00:00,0.0,0.066832,6,0.06683199852705002
2026-05-25 09:00:00,0.0,0.0,6,0.0
2026-05-25 10:00:00,0.0,0.0,6,0.0
2026-05-25 11:00:00,0.0,0.0,6,0.0
2026-05-25 12:00:00,0.0,6.7932363,6,6.793236255645752
2026-05-25 13:00:00,0.0,9.578859,6,9.578859329223633
2026-05-25 14:00:00,0.0,8.187924,6,8.1879243850708
2026-05-25 15:00:00,0.0,5.1776857,6,5.177685737609863
2026-05-25 16:00:00,0.0,2.6356301,6,2.6356301307678223
2026-05-25 17:00:00,0.0,4.897266,6,4.897265911102295
2026-05-25 18:00:00,0.0,6.450622,6,6.450622081756592
2026-05-25 19:00:00,0.0,4.66657,6,4.66657018661499
2026-05-25 20:00:00,0.0,3.9927082,6,3.992708206176758
2026-05-25 21:00:00,0.0,0.022163438,6,0.02216343767940998
2026-05-25 22:00:00,0.0,0.06703796,6,0.06703796237707138
2026-05-25 23:00:00,0.0,0.008401923,6,0.008401922881603241
2026-05-26 00:00:00,0.0,0.008113161,6,0.008113160729408264
2026-05-26 01:00:00,0.0,0.0038976304,6,0.00389763037674129
2026-05-26 09:00:00,0.0,0.11715613,6,0.11715613305568695
2026-05-26 10:00:00,0.0,0.0,6,0.0
2026-05-26 11:00:00,0.0,0.03831236,6,0.038312360644340515
2026-05-26 12:00:00,0.0,4.584434,6,4.5844340324401855
2026-05-26 13:00:00,0.0,6.4074116,6,6.407411575317383
2026-05-26 14:00:00,0.0,5.255104,6,5.255104064941406
2026-05-26 15:00:00,0.0,2.9175467,6,2.9175467491149902
2026-05-26 16:00:00,0.0,1.4536445,6,1.4536445140838623
2026-05-26 17:00:00,0.0,3.5819557,6,3.581955671310425
2026-05-26 18:00:00,0.0,5.156862,6,5.156861782073975
2026-05-26 19:00:00,0.0,4.598861,6,4.598861217498779
2026-05-26 20:00:00,0.0,2.865987,6,2.8659870624542236
2026-05-26 21:00:00,0.0,0.0,6,0.0
2026-05-26 22:00:00,0.0,0.0,6,0.0
2026-05-26 23:00:00,0.0,0.00043823497,6,0.00043823497253470123
2026-05-27 00:00:00,0.0,0.0,6,0.0
2026-05-27 01:00:00,0.0,0.0,6,0.0
2026-05-27 09:00:00,0.0,0.0,6,0.0
2026-05-27 10:00:00,0.0,0.051817242,6,0.05181724205613136
2026-05-27 11:00:00,0.0,0.052972607,6,0.05297260731458664
2026-05-27 12:00:00,0.0,4.854167,6,4.8541669845581055
2026-05-27 13:00:00,0.0,6.1709747,6,6.1709747314453125
2026-05-27 14:00:00,0.0,5.32872,6,5.3287200927734375
2026-05-27 15:00:00,0.0,2.8124814,6,2.81248140335083
2026-05-27 16:00:00,0.0,1.1896274,6,1.1896274089813232
2026-09-02 00:00:00,0.0,0.13741766,7,0.13741765916347504
2026-09-02 01:00:00,0.0,0.12207531,7,0.12207531183958054
2026-09-02 09:00:00,0.0,0.11705336,7,0.11705335974693298
2026-09-02 10:00:00,0.0,0.19268334,7,0.19268333911895752
2026-09-02 11:00:00,0.0,0.17399353,7,0.1739935278892517
2026-09-02 12:00:00,7.2,7.072207,7,-0.12779302597045916
2026-09-02 13:00:00,9.0,9.233146,7,0.23314571380615234
2026-09-02 14:00:00,7.8,8.148345,7,0.34834499359130877
2026-09-02 15:00:00,4.8,5.851868,7,1.0518681526184084
2026-09-02 16:00:00,2.4,3.3859718,7,0.9859717845916749
2026-09-02 17:00:00,6.3,6.7076435,7,0.407643508911133
2026-09-02 18:00:00,8.4,7.8777695,7,-0.5222305297851566
2026-09-02 19:00:00,7.5,7.068686,7,-0.43131399154663086
2026-09-02 20:00:00,5.4,5.273816,7,-0.12618389129638707
2026-09-02 21:00:00,0.0,0.16822746,7,0.16822746396064758
2026-09-02 22:00:00,0.0,0.20841482,7,0.20841482281684875
2026-09-02 23:00:00,0.0,0.26240382,7,0.26240381598472595
2026-09-03 00:00:00,0.0,0.08208419,7,0.08208418637514114
2026-09-03 01:00:00,0.0,0.045613527,7,0.04561352729797363
2026-09-03 09:00:00,0.0,0.025846664,7,0.025846663862466812
2026-09-03 10:00:00,0.0,0.0,7,0.0
2026-09-03 11:00:00,0.0,0.0,7,0.0
2026-09-03 12:00:00,9.1,8.592413,7,-0.5075870513916012
2026-09-03 13:00:00,11.4,10.884498,7,-0.5155023574829105
2026-09-03 14:00:00,9.9,10.235288,7,0.3352876663208004
2026-09-03 15:00:00,6.1,6.3317013,7,0.2317012786865238
2026-09-03 16:00:00,3.0,2.9649825,7,-0.03501749038696289
2026-09-03 17:00:00,8.0,7.6422186,7,-0.35778141021728516
2026-09-03 18:00:00,10.7,9.796406,7,-0.9035942077636712
2026-09-03 19:00:00,9.5,8.55013,7,-0.9498701095581055
2026-09-03 20:00:00,6.9,6.7473288,7,-0.15267124176025426
2026-09-03 21:00:00,0.0,0.0,7,0.0
2026-09-03 22:00:00,0.0,0.0,7,0.0
2026-09-03 23:00:00,0.0,0.0,7,0.0
2026-09-04 00:00:00,0.0,0.0,7,0.0
2026-09-04 01:00:00,0.0,0.0,7,0.0
2026-09-04 09:00:00,0.0,0.0,7,0.0
2026-09-04 10:00:00,0.0,0.0,7,0.0
2026-09-04 11:00:00,0.0,0.0072749904,7,0.007274990435689688
2026-09-04 12:00:00,14.6,12.458166,7,-2.141833877563476
2026-09-04 13:00:00,18.2,15.646372,7,-2.5536281585693352
2026-09-04 14:00:00,15.8,13.401433,7,-2.3985670089721687
2026-09-04 15:00:00,9.7,9.330736,7,-0.369263839721679
2026-09-04 16:00:00,4.9,3.726793,7,-1.1732069492340091
2026-09-04 17:00:00,12.8,11.428778,7,-1.3712223052978523
2026-09-04 18:00:00,17.0,16.233374,7,-0.7666263580322266
2026-09-04 19:00:00,15.2,14.317829,7,-0.8821708679199212
2026-09-04 20:00:00,10.9,9.939891,7,-0.9601091384887699
2026-09-04 21:00:00,0.0,0.0,7,0.0
2026-09-04 22:00:00,0.0,0.0,7,0.0
2026-09-04 23:00:00,0.0,0.0,7,0.0
2026-09-05 00:00:00,0.0,0.0,7,0.0
2026-09-05 01:00:00,0.0,0.0,7,0.0
2026-09-05 09:00:00,0.0,0.0,7,0.0
2026-09-05 10:00:00,0.0,0.0,7,0.0
2026-09-05 11:00:00,0.0,0.0,7,0.0
2026-09-05 12:00:00,22.5,20.924276,7,-1.575723648071289
2026-09-05 13:00:00,28.1,25.626677,7,-2.4733234405517592
2026-09-05 14:00:00,24.4,22.2992,7,-2.1007999420166
2026-09-05 15:00:00,15.0,17.119959,7,2.1199588775634766
2026-09-05 16:00:00,7.5,10.29573,7,2.795729637145996
2026-09-05 17:00:00,19.7,18.117401,7,-1.5825988769531243
2026-09-05 18:00:00,26.2,23.586515,7,-2.613484573364257
2026-09-05 19:00:00,23.4,20.114843,7,-3.285156631469725
2026-09-05 20:00:00,16.9,18.88436,7,1.9843593597412124
2026-09-05 21:00:00,0.0,0.0,7,0.0
2026-09-05 22:00:00,0.0,0.0,7,0.0
2026-09-05 23:00:00,0.0,0.0,7,0.0
2026-09-06 00:00:00,0.0,0.0,7,0.0
2026-09-06 01:00:00,0.0,0.0,7,0.0
2026-09-06 09:00:00,0.0,0.0,7,0.0
2026-09-06 10:00:00,0.0,0.021104133,7,0.021104132756590843
2026-09-06 11:00:00,0.0,0.0,7,0.0
2026-09-06 12:00:00,11.8,12.282227,7,0.4822265624999993
2026-09-06 13:00:00,14.7,15.124691,7,0.4246910095214851
2026-09-06 14:00:00,12.7,12.905137,7,0.20513706207275462
2026-09-06 15:00:00,7.8,8.094314,7,0.29431362152099627
2026-09-06 16:00:00,3.9,3.5921443,7,-0.30785574913024893
2026-09-06 17:00:00,10.3,10.749112,7,0.44911212921142507
2026-09-06 18:00:00,13.7,13.960281,7,0.2602813720703132
2026-09-06 19:00:00,12.2,10.585676,7,-1.6143238067626946
2026-09-06 20:00:00,8.8,7.5759974,7,-1.224002647399903
2026-09-06 21:00:00,0.0,0.0,7,0.0
2026-09-06 22:00:00,0.0,0.0,7,0.0
2026-09-06 23:00:00,0.0,0.0,7,0.0
2026-09-07 00:00:00,0.0,0.010831493,7,0.010831492953002453
2026-09-07 01:00:00,0.0,0.0,7,0.0
2026-09-07 09:00:00,0.0,0.0,7,0.0
2026-09-07 10:00:00,0.0,0.0,7,0.0
2026-09-07 11:00:00,0.0,0.005062399,7,0.005062398966401815
2026-09-07 12:00:00,8.2,7.996713,7,-0.20328683853149343
2026-09-07 13:00:00,10.3,9.474957,7,-0.8250425338745124
2026-09-07 14:00:00,8.9,8.446876,7,-0.4531244277954105
2026-09-07 15:00:00,5.5,5.6482134,7,0.14821338653564453
2026-09-07 16:00:00,2.7,3.098578,7,0.39857797622680646
2026-09-07 17:00:00,7.2,7.0238767,7,-0.1761233329772951
2026-09-07 18:00:00,9.6,8.999987,7,-0.6000133514404293
2026-09-07 19:00:00,8.6,7.605872,7,-0.9941278457641598
2026-09-07 20:00:00,6.2,5.758605,7,-0.4413949966430666
2026-09-07 21:00:00,0.0,0.0,7,0.0
2026-09-07 22:00:00,0.0,0.0,7,0.0
2026-09-07 23:00:00,0.0,0.0,7,0.0
2026-09-08 00:00:00,0.0,0.0,7,0.0
2026-09-08 01:00:00,0.0,0.0,7,0.0
2026-09-08 09:00:00,0.0,0.0,7,0.0
2026-09-08 10:00:00,0.0,0.031872272,7,0.03187227249145508
2026-09-08 11:00:00,0.0,0.031847905,7,0.03184790536761284
2026-09-08 12:00:00,6.0,6.4528904,7,0.45289039611816406
2026-09-08 13:00:00,7.5,7.7963314,7,0.29633140563964844
2026-09-08 14:00:00,6.5,7.00902,7,0.5090198516845703
2026-09-08 15:00:00,4.0,4.859042,7,0.8590421676635742
2026-09-08 16:00:00,2.0,2.307827,7,0.3078269958496094
2026-09-08 17:00:00,5.3,5.8376,7,0.5376002311706545
2026-09-08 18:00:00,7.0,6.943039,7,-0.0569610595703125
2026-09-08 19:00:00,6.3,6.056841,7,-0.2431591033935545
2026-09-08 20:00:00,4.5,4.82245,7,0.3224501609802246
2026-09-08 21:00:00,0.0,0.0,7,0.0
2026-09-08 22:00:00,0.0,0.0,7,0.0
2026-09-08 23:00:00,0.0,0.0,7,0.0
2026-09-09 00:00:00,0.0,0.0,7,0.0
2026-09-09 01:00:00,0.0,0.0,7,0.0
2026-09-09 09:00:00,0.0,0.0,7,0.0
2026-09-09 10:00:00,0.0,0.0,7,0.0
2026-09-09 11:00:00,0.0,0.0,7,0.0
2026-09-09 12:00:00,6.6,6.244682,7,-0.3553181648254391
2026-09-09 13:00:00,8.3,8.390894,7,0.09089393615722585
2026-09-09 14:00:00,7.2,6.8146057,7,-0.3853942871093752
2026-09-09 15:00:00,4.4,4.7587686,7,0.3587685585021969
2026-09-09 16:00:00,2.2,2.5917883,7,0.39178829193115217
2026-09-09 17:00:00,5.8,6.231209,7,0.4312088012695314
2026-09-09 18:00:00,7.8,7.504548,7,-0.2954519271850584
2026-09-09 19:00:00,6.9,6.5269127,7,-0.373087310791016
2026-09-09 20:00:00,5.0,4.9135194,7,-0.08648061752319336
2026-09-09 21:00:00,0.0,0.0,7,0.0
2026-09-09 22:00:00,0.0,0.0,7,0.0
2026-09-09 23:00:00,0.0,0.0,7,0.0
2026-09-10 00:00:00,0.0,0.0,7,0.0
2026-09-10 01:00:00,0.0,0.0,7,0.0
2026-09-10 09:00:00,0.0,0.0,7,0.0
2026-09-10 10:00:00,0.0,0.0,7,0.0
2026-09-10 11:00:00,0.0,0.0,7,0.0
2026-09-10 12:00:00,8.5,9.528322,7,1.0283222198486328
2026-09-10 13:00:00,10.7,11.441683,7,0.7416828155517585
2026-09-10 14:00:00,9.2,9.792803,7,0.592802810668946
2026-09-10 15:00:00,5.7,6.243446,7,0.5434458732604979
2026-09-10 16:00:00,2.8,2.9091914,7,0.10919137001037615
2026-09-10 17:00:00,7.5,7.209283,7,-0.29071712493896484
2026-09-10 18:00:00,10.0,9.811631,7,-0.1883687973022461
2026-09-10 19:00:00,8.9,8.340657,7,-0.5593427658081058
2026-09-10 20:00:00,6.4,6.228427,7,-0.17157306671142614
2026-09-10 21:00:00,0.0,0.0,7,0.0
2026-09-10 22:00:00,0.0,0.0,7,0.0
2026-09-10 23:00:00,0.0,0.0,7,0.0
2026-09-11 00:00:00,0.0,0.0,7,0.0
2026-09-11 01:00:00,0.0,0.0,7,0.0
2026-09-11 09:00:00,0.0,0.0,7,0.0
2026-09-11 10:00:00,0.0,0.0,7,0.0
2026-09-11 11:00:00,0.0,0.0,7,0.0
2026-09-11 12:00:00,15.2,12.342347,7,-2.857652854919433
2026-09-11 13:00:00,19.0,16.40619,7,-2.593809127807617
2026-09-11 14:00:00,16.5,13.989636,7,-2.5103635787963867
2026-09-11 15:00:00,10.1,9.355077,7,-0.7449232101440426
2026-09-11 16:00:00,5.1,4.037296,7,-1.0627041816711422
2026-09-11 17:00:00,13.3,11.57158,7,-1.7284200668334968
2026-09-11 18:00:00,17.7,16.261997,7,-1.4380027770996087
2026-09-11 19:00:00,15.8,14.2920265,7,-1.50797348022461
2026-09-11 20:00:00,11.4,10.615386,7,-0.7846139907836918
2026-09-11 21:00:00,0.0,0.0,7,0.0
2026-09-11 22:00:00,0.0,0.0,7,0.0
2026-09-11 23:00:00,0.0,0.0,7,0.0
2026-09-12 00:00:00,0.0,0.0,7,0.0
2026-09-12 01:00:00,0.0,0.0,7,0.0
2026-09-12 09:00:00,0.0,0.0,7,0.0
2026-09-12 10:00:00,0.0,0.0,7,0.0
2026-09-12 11:00:00,0.0,0.0,7,0.0
2026-09-12 12:00:00,17.9,18.914734,7,1.0147338867187514
2026-09-12 13:00:00,22.4,22.957693,7,0.5576930999755874
2026-09-12 14:00:00,19.4,19.87355,7,0.4735504150390639
2026-09-12 15:00:00,11.9,11.523865,7,-0.37613525390625036
2026-09-12 16:00:00,6.0,5.7707806,7,-0.2292194366455078
2026-09-12 17:00:00,15.7,15.763302,7,0.06330184936523509
2026-09-12 18:00:00,20.9,21.3781,7,0.47809944152832173
2026-09-12 19:00:00,18.6,19.206717,7,0.6067165374755845
2026-09-12 20:00:00,13.4,14.067448,7,0.6674476623535153
2026-09-12 21:00:00,0.0,0.0,7,0.0
2026-09-12 22:00:00,0.0,0.0,7,0.0
2026-09-12 23:00:00,0.0,0.0,7,0.0
2026-09-13 00:00:00,0.0,0.005554604,7,0.00555460387840867
2026-09-13 01:00:00,0.0,0.0,7,0.0
2026-09-13 09:00:00,0.0,0.015111389,7,0.015111388638615608
2026-09-13 10:00:00,0.0,0.026759515,7,0.026759514585137367
2026-09-13 11:00:00,0.0,0.018642131,7,0.018642131239175797
2026-09-13 12:00:00,9.4,11.269157,7,1.8691574096679684
2026-09-13 13:00:00,11.7,13.819298,7,2.1192977905273445
2026-09-13 14:00:00,10.2,12.388052,7,2.1880519866943366
2026-09-13 15:00:00,6.3,6.9023013,7,0.6023013114929201
2026-09-13 16:00:00,3.1,3.927018,7,0.8270179271697997
2026-09-13 17:00:00,8.2,9.141678,7,0.9416778564453132
2026-09-13 18:00:00,11.0,11.202702,7,0.20270156860351562
2026-09-13 19:00:00,9.8,10.001369,7,0.20136947631835866
2026-09-13 20:00:00,7.0,7.0378203,7,0.03782033920288086
2026-09-13 21:00:00,0.0,0.0,7,0.0
2026-09-13 22:00:00,0.0,0.006118293,7,0.006118292920291424
2026-09-13 23:00:00,0.0,0.015529372,7,0.015529371798038483
2026-09-14 00:00:00,0.0,0.038870595,7,0.03887059539556503
2026-09-14 01:00:00,0.0,0.0342042,7,0.03420419991016388
2026-09-14 09:00:00,0.0,0.02566609,7,0.025666089728474617
2026-09-14 10:00:00,0.0,0.013374409,7,0.013374408707022667
2026-09-14 11:00:00,0.0,0.0,7,0.0
2026-09-14 12:00:00,8.3,6.9717126,7,-1.3282874107360847
2026-09-14 13:00:00,10.3,8.84425,7,-1.4557502746582038
2026-09-14 14:00:00,8.9,8.137686,7,-0.7623142242431644
2026-09-14 15:00:00,5.5,5.701663,7,0.20166301727294922
2026-09-14 16:00:00,2.8,3.0761044,7,0.27610440254211444
2026-09-14 17:00:00,7.2,6.728267,7,-0.471732807159424
2026-09-14 18:00:00,9.6,8.725454,7,-0.8745456695556637
2026-09-14 19:00:00,8.6,7.996004,7,-0.6039958953857418
2026-09-14 20:00:00,6.2,5.5267563,7,-0.6732437133789064
2026-09-14 21:00:00,0.0,0.00495689,7,0.004956889897584915
2026-09-14 22:00:00,0.0,0.013409945,7,0.01340994518250227
2026-09-14 23:00:00,0.0,0.010462697,7,0.01046269666403532
2026-09-15 00:00:00,0.0,0.0,7,0.0
2026-09-15 01:00:00,0.0,0.024994068,7,0.02499406784772873
2026-09-15 09:00:00,0.0,0.0,7,0.0
2026-09-15 10:00:00,0.0,0.0011486899,7,0.0011486898874863982
2026-09-15 11:00:00,0.0,0.02670319,7,0.026703190058469772
2026-09-15 12:00:00,8.2,6.3120346,7,-1.8879653930664055
2026-09-15 13:00:00,10.2,7.8664436,7,-2.333556365966796
2026-09-15 14:00:00,8.9,6.9691057,7,-1.9308942794799808
2026-09-15 15:00:00,5.4,4.656032,7,-0.7439679145812992
2026-09-15 16:00:00,2.7,2.218508,7,-0.48149199485778826
2026-09-15 17:00:00,7.2,6.4542437,7,-0.7457563400268556
2026-09-15 18:00:00,9.5,8.207416,7,-1.2925844192504883
2026-09-15 19:00:00,8.5,7.55969,7,-0.940310001373291
2026-09-15 20:00:00,6.1,5.5736456,7,-0.5263544082641598
2026-09-15 21:00:00,0.0,0.0,7,0.0
2026-09-15 22:00:00,0.0,0.0,7,0.0
2026-09-15 23:00:00,0.0,0.0,7,0.0
2026-09-16 00:00:00,0.0,0.043230027,7,0.043230026960372925
2026-09-16 01:00:00,0.0,0.06010943,7,0.06010942906141281
2026-09-16 09:00:00,0.0,0.049559794,7,0.04955979436635971
2026-09-16 10:00:00,0.0,0.0352452,7,0.035245198756456375
2026-09-16 11:00:00,0.0,0.05624905,7,0.05624904856085777
2026-09-16 12:00:00,7.2,7.5563974,7,0.35639743804931623
2026-09-16 13:00:00,9.0,9.324311,7,0.3243112564086914
2026-09-16 14:00:00,7.8,8.536571,7,0.7365705490112306
2026-09-16 15:00:00,4.8,5.7024374,7,0.9024374008178713
2026-09-16 16:00:00,2.4,2.7359884,7,0.33598837852478036
2026-09-16 17:00:00,6.3,7.258518,7,0.9585182189941408
2026-09-16 18:00:00,8.4,8.26562,7,-0.1343797683715824
2026-09-16 19:00:00,7.5,7.8127337,7,0.31273365020751953
2026-09-16 20:00:00,5.4,6.332524,7,0.9325238227844235
2026-09-16 21:00:00,0.0,0.021378161,7,0.021378161385655403
2026-09-16 22:00:00,0.0,0.017479308,7,0.017479307949543
2026-09-16 23:00:00,0.0,0.07498003,7,0.07498002797365189
2026-09-17 00:00:00,0.0,0.0,7,0.0
2026-09-17 01:00:00,0.0,0.002884162,7,0.0028841618914157152
2026-09-17 09:00:00,0.0,0.0,7,0.0
2026-09-17 10:00:00,0.0,0.0,7,0.0
2026-09-17 11:00:00,0.0,0.021715103,7,0.021715102717280388
2026-09-17 12:00:00,10.3,8.704924,7,-1.5950763702392585
2026-09-17 13:00:00,12.9,11.009106,7,-1.8908943176269535
2026-09-17 14:00:00,11.2,10.294697,7,-0.9053031921386712
2026-09-17 15:00:00,6.9,6.5618863,7,-0.3381136894226078
2026-09-17 16:00:00,3.4,3.0920808,7,-0.30791916847228995
2026-09-17 17:00:00,9.0,8.518883,7,-0.48111724853515625
2026-09-17 18:00:00,12.1,10.85841,7,-1.2415901184082028
2026-09-17 19:00:00,10.8,10.041387,7,-0.7586133956909187
2026-09-17 20:00:00,7.8,7.7329,7,-0.06709985733032209
2026-09-17 21:00:00,0.0,0.0,7,0.0
2026-09-17 22:00:00,0.0,0.0,7,0.0
2026-09-17 23:00:00,0.0,0.008911854,7,0.008911853656172752
2026-09-18 00:00:00,0.0,0.0,7,0.0
2026-09-18 01:00:00,0.0,0.0,7,0.0
2026-09-18 09:00:00,0.0,0.0,7,0.0
2026-09-18 10:00:00,0.0,0.0,7,0.0
2026-09-18 11:00:00,0.0,0.012188593,7,0.012188592925667763
2026-09-18 12:00:00,14.6,14.299078,7,-0.3009220123291012
2026-09-18 13:00:00,18.3,18.345568,7,0.0455677032470696
2026-09-18 14:00:00,15.8,15.388913,7,-0.41108684539794993
2026-09-18 15:00:00,9.7,9.78286,7,0.08285980224609446
2026-09-18 16:00:00,4.9,4.776468,7,-0.1235321998596195
2026-09-18 17:00:00,12.8,12.283011,7,-0.5169885635375984
2026-09-18 18:00:00,17.1,17.078054,7,-0.021945571899415484
2026-09-18 19:00:00,15.2,15.248479,7,0.04847888946533274
2026-09-18 20:00:00,11.0,10.401772,7,-0.5982284545898438
2026-09-18 21:00:00,0.0,0.04833438,7,0.048334378749132156
2026-09-18 22:00:00,0.0,0.035218004,7,0.0352180041372776
2026-09-18 23:00:00,0.0,0.010573048,7,0.010573048144578934
2026-09-19 00:00:00,0.0,0.0,7,0.0
2026-09-19 01:00:00,0.0,0.0,7,0.0
2026-09-19 09:00:00,0.0,0.0,7,0.0
2026-09-19 10:00:00,0.0,0.011948706,7,0.011948705650866032
2026-09-19 11:00:00,0.0,0.007340441,7,0.00734044099226594
2026-09-19 12:00:00,14.6,17.530432,7,2.930431747436524
2026-09-19 13:00:00,18.3,22.113873,7,3.813872528076171
2026-09-19 14:00:00,15.8,18.989262,7,3.189261627197265
2026-09-19 15:00:00,9.7,9.980066,7,0.2800662994384773
2026-09-19 16:00:00,4.9,5.6239443,7,0.7239442825317379
2026-09-19 17:00:00,12.8,14.360148,7,1.5601484298706048
2026-09-19 18:00:00,17.1,18.48722,7,1.3872207641601548
2026-09-19 19:00:00,15.2,16.627117,7,1.4271171569824226
2026-09-19 20:00:00,11.0,11.474344,7,0.47434425354003906
2026-09-19 21:00:00,0.0,0.0,7,0.0
2026-09-19 22:00:00,0.0,0.0,7,0.0
2026-09-19 23:00:00,0.0,0.0,7,0.0
2026-09-20 00:00:00,0.0,0.0012098502,7,0.0012098501902073622
2026-09-20 01:00:00,0.0,0.0,7,0.0
2026-09-20 09:00:00,0.0,0.0,7,0.0
2026-09-20 10:00:00,0.0,0.0,7,0.0
2026-09-20 11:00:00,0.0,0.0,7,0.0
2026-09-20 12:00:00,9.0,9.208331,7,0.20833110809326172
2026-09-20 13:00:00,11.3,11.496728,7,0.19672794342040945
2026-09-20 14:00:00,9.8,9.516276,7,-0.28372364044189524
2026-09-20 15:00:00,6.0,6.667683,7,0.6676831245422363
2026-09-20 16:00:00,3.0,3.1218112,7,0.1218111515045166
2026-09-20 17:00:00,7.9,8.137824,7,0.2378240585327145
2026-09-20 18:00:00,10.5,10.189747,7,-0.3102531433105469
2026-09-20 19:00:00,9.4,8.092533,7,-1.3074668884277347
2026-09-20 20:00:00,6.8,6.8171906,7,0.017190647125244318
2026-09-20 21:00:00,0.0,0.0,7,0.0
2026-09-20 22:00:00,0.0,0.0,7,0.0
2026-09-20 23:00:00,0.0,0.0,7,0.0
2026-09-21 00:00:00,0.0,0.09366668,7,0.0936666801571846
2026-09-21 01:00:00,0.0,0.09247198,7,0.09247197955846786
2026-09-21 09:00:00,0.0,0.118089594,7,0.11808959394693375
2026-09-21 10:00:00,0.0,0.15384711,7,0.1538471132516861
2026-09-21 11:00:00,0.0,0.07842219,7,0.0784221887588501
2026-09-21 12:00:00,5.8,7.3398933,7,1.5398933410644533
2026-09-21 13:00:00,7.2,9.329139,7,2.1291387557983397
2026-09-21 14:00:00,6.3,7.9554076,7,1.6554076194763185
2026-09-21 15:00:00,3.9,5.7789426,7,1.8789425849914552
2026-09-21 16:00:00,1.9,2.8719542,7,0.9719542026519776
2026-09-21 17:00:00,5.1,5.924968,7,0.8249677658081058
2026-09-21 18:00:00,6.7,7.0825906,7,0.3825905799865721
2026-09-21 19:00:00,6.0,5.9505343,7,-0.04946565628051758
2026-09-21 20:00:00,4.3,5.0779357,7,0.7779356956481935
2026-09-21 21:00:00,0.0,0.13530052,7,0.13530051708221436
2026-09-21 22:00:00,0.0,0.12985945,7,0.12985944747924805
2026-09-21 23:00:00,0.0,0.12434592,7,0.12434592097997665
2026-09-22 00:00:00,0.0,0.0,7,0.0
2026-09-22 01:00:00,0.0,0.0,7,0.0
2026-09-22 09:00:00,0.0,0.0,7,0.0
2026-09-22 10:00:00,0.0,0.0,7,0.0
2026-09-22 11:00:00,0.0,0.0,7,0.0
2026-09-22 12:00:00,6.8,5.742673,7,-1.057327079772949
2026-09-22 13:00:00,8.5,7.534842,7,-0.9651579856872559
2026-09-22 14:00:00,7.4,6.0774736,7,-1.3225263595581058
2026-09-22 15:00:00,4.6,4.314851,7,-0.28514919281005824
2026-09-22 16:00:00,2.3,1.9694128,7,-0.3305871963500975
2026-09-22 17:00:00,6.0,5.3429575,7,-0.6570425033569336
2026-09-22 18:00:00,8.0,6.723118,7,-1.2768821716308594
2026-09-22 19:00:00,7.1,6.0778975,7,-1.0221024513244625
2026-09-22 20:00:00,5.1,4.9440365,7,-0.1559635162353512
2026-09-22 21:00:00,0.0,0.057425287,7,0.05742528662085533
2026-09-22 22:00:00,0.0,0.0,7,0.0
2026-09-22 23:00:00,0.0,0.0,7,0.0
