timestamp_hour,actual,predicted,fold,residual
2024-04-08 01:00:00,2.0,6.946922,0,4.9469218254089355
2024-04-08 09:00:00,0.0,8.335249,0,8.335248947143555
2024-04-08 10:00:00,2.0,18.932611,0,16.9326114654541
2024-04-08 11:00:00,25.0,42.349266,0,17.349266052246094
2024-04-08 12:00:00,62.0,55.36806,0,-6.631938934326172
2024-04-08 13:00:00,105.0,57.133392,0,-47.866607666015625
2024-04-08 14:00:00,53.0,49.91606,0,-3.0839385986328125
2024-04-08 15:00:00,78.0,50.230907,0,-27.769092559814453
2024-04-08 16:00:00,62.0,41.44175,0,-20.558250427246094
2024-04-08 17:00:00,57.0,41.70318,0,-15.296821594238281
2024-04-08 18:00:00,36.0,51.39786,0,15.39786148071289
2024-04-08 19:00:00,41.0,42.879745,0,1.8797454833984375
2024-04-08 20:00:00,20.0,39.99869,0,19.99869155883789
2024-04-08 21:00:00,13.0,36.884842,0,23.884841918945312
2024-04-08 22:00:00,12.0,39.650185,0,27.650184631347656
2024-04-08 23:00:00,6.0,25.170313,0,19.170312881469727
2024-04-09 00:00:00,0.0,6.2212105,0,6.221210479736328
2024-04-09 01:00:00,0.0,6.2212105,0,6.221210479736328
2024-04-09 09:00:00,0.0,4.8736506,0,4.873650550842285
2024-04-09 10:00:00,4.0,19.797922,0,15.797922134399414
2024-04-09 11:00:00,13.0,32.409847,0,19.409847259521484
2024-04-09 12:00:00,39.0,57.834858,0,18.834857940673828
2024-04-09 13:00:00,35.0,49.726433,0,14.726432800292969
2024-04-09 14:00:00,56.0,47.16026,0,-8.839740753173828
2024-04-09 15:00:00,45.0,39.972294,0,-5.027706146240234
2024-04-09 16:00:00,29.0,41.392235,0,12.392234802246094
2024-04-09 17:00:00,52.0,50.221478,0,-1.7785224914550781
2024-04-09 18:00:00,32.0,49.00433,0,17.004329681396484
2024-04-09 19:00:00,23.0,50.43751,0,27.437511444091797
2024-04-09 20:00:00,49.0,43.54699,0,-5.453010559082031
2024-04-09 21:00:00,46.0,41.50662,0,-4.493381500244141
2024-04-09 22:00:00,60.0,39.140957,0,-20.85904312133789
2024-04-09 23:00:00,18.0,19.342176,0,1.3421764373779297
2024-04-10 00:00:00,0.0,4.042428,0,4.042428016662598
2024-04-10 01:00:00,0.0,4.078724,0,4.078723907470703
2024-04-10 09:00:00,0.0,4.5761,0,4.576099872589111
2024-04-10 10:00:00,0.0,6.8246493,0,6.824649333953857
2024-04-10 11:00:00,0.0,27.646885,0,27.64688491821289
2024-04-10 12:00:00,0.0,48.221676,0,48.221675872802734
2024-04-10 13:00:00,50.0,51.70273,0,1.702728271484375
2024-04-10 14:00:00,72.0,43.99015,0,-28.009849548339844
2024-04-10 15:00:00,41.0,36.244038,0,-4.755962371826172
2024-04-10 16:00:00,48.0,37.70812,0,-10.291881561279297
2024-04-10 17:00:00,47.0,48.9038,0,1.9038009643554688
2024-04-10 18:00:00,30.0,49.09097,0,19.09096908569336
2024-04-10 19:00:00,23.0,44.52355,0,21.523548126220703
2024-04-10 20:00:00,25.0,43.986313,0,18.986312866210938
2024-04-10 21:00:00,11.0,38.07491,0,27.074909210205078
2024-04-10 22:00:00,35.0,45.637188,0,10.637187957763672
2024-04-10 23:00:00,3.0,26.779943,0,23.779943466186523
2024-04-11 00:00:00,0.0,5.5508933,0,5.550893306732178
2024-04-11 01:00:00,0.0,5.5508933,0,5.550893306732178
2024-04-11 09:00:00,2.0,5.8339105,0,3.8339104652404785
2024-04-11 10:00:00,6.0,7.146606,0,1.1466059684753418
2024-04-11 11:00:00,6.0,27.961254,0,21.961254119873047
2024-04-11 12:00:00,58.0,50.091217,0,-7.908782958984375
2024-04-11 13:00:00,52.0,53.423058,0,1.4230575561523438
2024-04-11 14:00:00,45.0,53.68813,0,8.688129425048828
2024-04-11 15:00:00,27.0,51.573727,0,24.573726654052734
2024-04-11 16:00:00,55.0,54.147995,0,-0.8520050048828125
2024-04-11 17:00:00,85.0,62.93858,0,-22.061420440673828
2024-04-11 18:00:00,102.0,74.83561,0,-27.164390563964844
2024-04-11 19:00:00,53.0,63.945732,0,10.945732116699219
2024-04-11 20:00:00,79.0,67.36477,0,-11.635231018066406
2024-04-11 21:00:00,81.0,61.79433,0,-19.205669403076172
2024-04-11 22:00:00,91.0,60.409695,0,-30.59030532836914
2024-04-11 23:00:00,14.0,29.211016,0,15.211015701293945
2024-04-12 00:00:00,19.0,51.703846,0,32.7038459777832
2024-04-12 01:00:00,0.0,7.9581747,0,7.958174705505371
2024-04-12 09:00:00,0.0,6.8045983,0,6.804598331451416
2024-04-12 10:00:00,11.0,26.464731,0,15.464731216430664
2024-04-12 11:00:00,36.0,48.15573,0,12.155731201171875
2024-04-12 12:00:00,74.0,67.583565,0,-6.416435241699219
2024-04-12 13:00:00,91.0,79.61984,0,-11.380157470703125
2024-04-12 14:00:00,74.0,76.20067,0,2.2006683349609375
2024-04-12 15:00:00,35.0,66.275505,0,31.27550506591797
2024-04-12 16:00:00,91.0,78.59428,0,-12.405723571777344
2024-04-12 17:00:00,47.0,82.03482,0,35.034820556640625
2024-04-12 18:00:00,108.0,79.17949,0,-28.820510864257812
2024-04-12 19:00:00,104.0,84.517334,0,-19.482666015625
2024-04-12 20:00:00,87.0,80.98786,0,-6.012138366699219
2024-04-12 21:00:00,59.0,72.9756,0,13.975601196289062
2024-04-12 22:00:00,120.0,99.0204,0,-20.979598999023438
2024-04-12 23:00:00,34.0,96.22985,0,62.22985076904297
2024-04-13 00:00:00,91.0,88.15976,0,-2.840240478515625
2024-04-13 01:00:00,10.0,8.162811,0,-1.837188720703125
2024-04-13 09:00:00,12.0,7.232388,0,-4.767611980438232
2024-04-13 10:00:00,6.0,49.876907,0,43.87690734863281
2024-04-13 11:00:00,18.0,82.88048,0,64.88047790527344
2024-04-13 12:00:00,119.0,82.23514,0,-36.764862060546875
2024-04-13 13:00:00,128.0,89.1343,0,-38.865699768066406
2024-04-13 14:00:00,84.0,107.15232,0,23.152320861816406
2024-04-13 15:00:00,142.0,96.0119,0,-45.98809814453125
2024-04-13 16:00:00,73.0,103.10393,0,30.103927612304688
2024-04-13 17:00:00,92.0,115.06778,0,23.067779541015625
2024-04-13 18:00:00,85.0,117.7506,0,32.75060272216797
2024-04-13 19:00:00,92.0,115.52202,0,23.522018432617188
2024-04-13 20:00:00,111.0,118.15953,0,7.1595306396484375
2024-04-13 21:00:00,79.0,116.15373,0,37.15373229980469
2024-04-13 22:00:00,114.0,143.3102,0,29.310195922851562
2024-04-13 23:00:00,125.0,121.80645,0,-3.1935501098632812
2024-04-14 00:00:00,0.0,21.371107,0,21.37110710144043
2024-04-14 01:00:00,0.0,5.1709256,0,5.170925617218018
2024-04-14 09:00:00,13.0,7.0608287,0,-5.939171314239502
2024-04-14 10:00:00,27.0,28.113281,0,1.11328125
2024-04-14 11:00:00,82.0,71.21083,0,-10.789169311523438
2024-04-14 12:00:00,105.0,89.357315,0,-15.642684936523438
2024-04-14 13:00:00,68.0,88.50248,0,20.502479553222656
2024-04-14 14:00:00,69.0,84.070076,0,15.070075988769531
2024-04-14 15:00:00,53.0,78.03224,0,25.032241821289062
2024-04-14 16:00:00,85.0,79.98641,0,-5.013587951660156
2024-04-14 17:00:00,96.0,80.42561,0,-15.574386596679688
2024-04-14 18:00:00,80.0,65.63583,0,-14.364166259765625
2024-04-14 19:00:00,60.0,56.145092,0,-3.854907989501953
2024-04-14 20:00:00,36.0,53.522003,0,17.522003173828125
2024-04-14 21:00:00,53.0,51.5578,0,-1.44219970703125
2024-04-14 22:00:00,51.0,58.363903,0,7.363903045654297
2024-04-14 23:00:00,2.0,53.599564,0,51.59956359863281
2024-04-15 00:00:00,0.0,5.8440156,0,5.844015598297119
2024-04-15 01:00:00,0.0,4.629448,0,4.629447937011719
2024-04-15 09:00:00,0.0,6.8273015,0,6.827301502227783
2024-04-15 10:00:00,13.0,15.692809,0,2.6928091049194336
2024-04-15 11:00:00,19.0,41.297207,0,22.29720687866211
2024-04-15 12:00:00,76.0,54.04851,0,-21.951488494873047
2024-04-15 13:00:00,50.0,53.4697,0,3.4696998596191406
2024-04-15 14:00:00,84.0,52.23176,0,-31.76824188232422
2024-04-15 15:00:00,55.0,43.345284,0,-11.654716491699219
2024-04-15 16:00:00,23.0,52.82115,0,29.821151733398438
2024-04-15 17:00:00,33.0,49.930473,0,16.93047332763672
2024-04-15 18:00:00,48.0,49.90961,0,1.9096107482910156
2024-04-15 19:00:00,46.0,46.377563,0,0.3775634765625
2024-04-15 20:00:00,44.0,44.107853,0,0.10785293579101562
2024-04-15 21:00:00,21.0,38.50169,0,17.501689910888672
2024-04-15 22:00:00,12.0,32.626133,0,20.62613296508789
2024-04-15 23:00:00,1.0,13.826354,0,12.826354026794434
2024-04-16 00:00:00,0.0,5.388096,0,5.388095855712891
2024-04-16 01:00:00,0.0,5.2057667,0,5.205766677856445
2024-04-16 09:00:00,0.0,4.5660753,0,4.566075325012207
2024-04-16 10:00:00,7.0,16.021265,0,9.021265029907227
2024-04-16 11:00:00,24.0,27.583708,0,3.583707809448242
2024-04-16 12:00:00,63.0,48.05711,0,-14.942890167236328
2024-04-16 13:00:00,52.0,50.919445,0,-1.0805549621582031
2024-04-16 14:00:00,50.0,49.309116,0,-0.6908836364746094
2024-04-16 15:00:00,41.0,45.656193,0,4.656192779541016
2024-04-16 16:00:00,43.0,37.98107,0,-5.018928527832031
2024-04-16 17:00:00,48.0,48.068493,0,0.06849288940429688
2024-04-16 18:00:00,49.0,52.193825,0,3.1938247680664062
2024-04-16 19:00:00,50.0,48.843693,0,-1.1563072204589844
2024-04-16 20:00:00,75.0,42.836018,0,-32.16398239135742
2024-04-16 21:00:00,48.0,44.037773,0,-3.9622268676757812
2024-04-16 22:00:00,29.0,41.251846,0,12.251846313476562
2024-04-16 23:00:00,3.0,21.698074,0,18.698074340820312
2024-04-17 00:00:00,1.0,4.629448,0,3.6294479370117188
2024-04-17 01:00:00,0.0,4.629448,0,4.629447937011719
2024-04-17 09:00:00,0.0,4.7276173,0,4.727617263793945
2024-04-17 10:00:00,0.0,7.7949944,0,7.794994354248047
2024-04-17 11:00:00,19.0,20.812357,0,1.812356948852539
2024-04-17 12:00:00,55.0,36.67084,0,-18.329158782958984
2024-04-17 13:00:00,57.0,59.063766,0,2.0637664794921875
2024-04-17 14:00:00,41.0,39.834248,0,-1.1657524108886719
2024-04-17 15:00:00,35.0,32.786987,0,-2.2130126953125
2024-04-17 16:00:00,51.0,42.91866,0,-8.081340789794922
2024-04-17 17:00:00,102.0,47.177082,0,-54.82291793823242
2024-04-17 18:00:00,71.0,53.492798,0,-17.5072021484375
2024-04-17 19:00:00,72.0,48.214916,0,-23.785083770751953
2024-04-17 20:00:00,54.0,45.069,0,-8.930999755859375
2024-04-17 21:00:00,57.0,40.26753,0,-16.732471466064453
2024-04-17 22:00:00,53.0,52.483265,0,-0.5167350769042969
2024-04-17 23:00:00,25.0,31.596685,0,6.596685409545898
2024-04-18 00:00:00,0.0,4.3473797,0,4.347379684448242
2024-04-18 01:00:00,0.0,4.3473797,0,4.347379684448242
2024-04-18 09:00:00,0.0,4.8684196,0,4.868419647216797
2024-04-18 10:00:00,0.0,8.613603,0,8.613602638244629
2024-04-18 11:00:00,2.0,27.754591,0,25.75459098815918
2024-04-18 12:00:00,41.0,56.925606,0,15.925605773925781
2024-04-18 13:00:00,46.0,61.74099,0,15.740989685058594
2024-04-18 14:00:00,50.0,55.04176,0,5.041759490966797
2024-04-18 15:00:00,37.0,48.845665,0,11.845664978027344
2024-04-18 16:00:00,27.0,53.022564,0,26.022563934326172
2024-04-18 17:00:00,71.0,68.01782,0,-2.982177734375
2024-04-18 18:00:00,85.0,80.819954,0,-4.180046081542969
2024-04-18 19:00:00,62.0,74.078156,0,12.078155517578125
2024-04-18 20:00:00,68.0,69.59669,0,1.5966873168945312
2024-04-18 21:00:00,43.0,67.78288,0,24.782882690429688
2024-04-18 22:00:00,55.0,67.87387,0,12.873870849609375
2024-04-18 23:00:00,17.0,24.993305,0,7.993305206298828
2024-04-19 00:00:00,51.0,64.52828,0,13.528282165527344
2024-04-19 01:00:00,8.0,8.255662,0,0.2556619644165039
2024-04-19 09:00:00,1.0,8.381004,0,7.381004333496094
2024-04-19 10:00:00,6.0,23.971237,0,17.971237182617188
2024-04-19 11:00:00,40.0,48.63807,0,8.638069152832031
2024-04-19 12:00:00,80.0,71.32881,0,-8.671188354492188
2024-04-19 13:00:00,108.0,84.31361,0,-23.68639373779297
2024-04-19 14:00:00,58.0,79.56971,0,21.56970977783203
2024-04-19 15:00:00,33.0,56.41839,0,23.41838836669922
2024-04-19 16:00:00,53.0,83.3893,0,30.389297485351562
2024-04-19 17:00:00,98.0,83.24035,0,-14.759651184082031
2024-04-19 18:00:00,61.0,89.34922,0,28.349220275878906
2024-04-19 19:00:00,116.0,86.322556,0,-29.677444458007812
2024-04-19 20:00:00,72.0,89.03302,0,17.03302001953125
2024-04-19 21:00:00,55.0,80.949295,0,25.949295043945312
2024-04-19 22:00:00,143.0,105.709564,0,-37.290435791015625
2024-04-19 23:00:00,78.0,97.592865,0,19.592864990234375
2024-04-20 00:00:00,75.0,90.34744,0,15.347442626953125
2024-04-20 01:00:00,2.0,8.955235,0,6.955234527587891
2024-04-20 09:00:00,0.0,8.356486,0,8.356486320495605
2024-04-20 10:00:00,31.0,37.3843,0,6.384300231933594
2024-04-20 11:00:00,38.0,76.81686,0,38.816856384277344
2024-04-20 12:00:00,75.0,82.67175,0,7.6717529296875
2024-04-20 13:00:00,84.0,103.77428,0,19.774276733398438
2024-04-20 14:00:00,92.0,102.887695,0,10.8876953125
2024-04-20 15:00:00,121.0,105.55996,0,-15.440040588378906
2024-04-20 16:00:00,91.0,109.230576,0,18.230575561523438
2024-04-20 17:00:00,127.0,118.47868,0,-8.521316528320312
2024-04-20 18:00:00,95.0,115.893745,0,20.89374542236328
2024-04-20 19:00:00,143.0,115.44309,0,-27.556907653808594
2024-04-20 20:00:00,95.0,112.141655,0,17.14165496826172
2024-04-20 21:00:00,101.0,101.03843,0,0.03842926025390625
2024-04-20 22:00:00,160.0,136.83372,0,-23.166275024414062
2024-04-20 23:00:00,139.0,117.64102,0,-21.358978271484375
2024-04-21 00:00:00,0.0,17.950819,0,17.95081901550293
2024-04-21 01:00:00,0.0,4.0833397,0,4.083339691162109
2024-04-21 09:00:00,0.0,7.5504527,0,7.550452709197998
2024-04-21 10:00:00,16.0,30.937984,0,14.937984466552734
2024-04-21 11:00:00,43.0,67.05685,0,24.056846618652344
2024-04-21 12:00:00,49.0,80.09002,0,31.09001922607422
2024-04-21 13:00:00,95.0,77.62012,0,-17.3798828125
2024-04-21 14:00:00,56.0,77.39472,0,21.39472198486328
2024-04-21 15:00:00,60.0,62.979084,0,2.979084014892578
2024-04-21 16:00:00,44.0,61.454765,0,17.45476531982422
2024-04-21 17:00:00,40.0,72.21805,0,32.218048095703125
2024-04-21 18:00:00,47.0,61.749943,0,14.749942779541016
2024-04-21 19:00:00,84.0,58.031628,0,-25.968372344970703
2024-04-21 20:00:00,42.0,43.174747,0,1.1747474670410156
2024-04-21 21:00:00,24.0,37.83082,0,13.830818176269531
2024-04-21 22:00:00,31.0,46.84901,0,15.849010467529297
2024-04-21 23:00:00,7.0,43.165558,0,36.165557861328125
2024-04-22 00:00:00,0.0,5.479877,0,5.47987699508667
2024-04-22 01:00:00,0.0,4.6475153,0,4.647515296936035
2024-04-22 09:00:00,1.0,4.7492733,0,3.7492733001708984
2024-04-22 10:00:00,11.0,13.300829,0,2.3008289337158203
2024-04-22 11:00:00,35.0,37.26416,0,2.26416015625
2024-04-22 12:00:00,46.0,58.225037,0,12.22503662109375
2024-04-22 13:00:00,79.0,54.74413,0,-24.255870819091797
2024-04-22 14:00:00,47.0,55.329506,0,8.329505920410156
2024-04-22 15:00:00,45.0,48.563515,0,3.5635147094726562
2024-04-22 16:00:00,74.0,43.7526,0,-30.247398376464844
2024-04-22 17:00:00,46.0,45.95654,0,-0.043460845947265625
2024-04-22 18:00:00,40.0,45.506523,0,5.506523132324219
2024-04-22 19:00:00,49.0,46.355865,0,-2.644134521484375
2024-04-22 20:00:00,23.0,41.32171,0,18.32170867919922
2024-04-22 21:00:00,35.0,34.45066,0,-0.5493392944335938
2024-04-22 22:00:00,32.0,33.889133,0,1.8891334533691406
2024-04-22 23:00:00,3.0,14.433198,0,11.433197975158691
2024-04-23 00:00:00,3.0,4.54399,0,1.543990135192871
2024-04-23 01:00:00,1.0,4.786319,0,3.786318778991699
2024-04-23 09:00:00,2.0,4.4925375,0,2.492537498474121
2024-04-23 10:00:00,5.0,12.38247,0,7.38247013092041
2024-04-23 11:00:00,61.0,30.36737,0,-30.63262939453125
2024-04-23 12:00:00,71.0,50.172127,0,-20.82787322998047
2024-04-23 13:00:00,54.0,49.93835,0,-4.061649322509766
2024-04-23 14:00:00,29.0,51.580494,0,22.580493927001953
2024-04-23 15:00:00,9.0,46.171543,0,37.17154312133789
2024-04-23 16:00:00,61.0,45.838306,0,-15.161693572998047
2024-04-23 17:00:00,65.0,50.321575,0,-14.678424835205078
2024-04-23 18:00:00,45.0,50.7504,0,5.750400543212891
2024-04-23 19:00:00,28.0,46.67651,0,18.676509857177734
2024-04-23 20:00:00,17.0,42.613403,0,25.6134033203125
2024-04-23 21:00:00,13.0,38.67409,0,25.674091339111328
2024-04-23 22:00:00,10.0,41.751713,0,31.751712799072266
2024-04-23 23:00:00,6.0,16.092222,0,10.092222213745117
2024-04-24 00:00:00,0.0,5.0777006,0,5.077700614929199
2024-04-24 01:00:00,0.0,5.0777006,0,5.077700614929199
2024-04-24 09:00:00,0.0,5.3299723,0,5.329972267150879
2024-04-24 10:00:00,8.0,7.505103,0,-0.49489688873291016
2024-04-24 11:00:00,35.0,28.959837,0,-6.040163040161133
2024-04-24 12:00:00,85.0,45.168736,0,-39.83126449584961
2024-04-24 13:00:00,46.0,49.04396,0,3.0439605712890625
2024-04-24 14:00:00,37.0,48.027153,0,11.027153015136719
2024-04-24 15:00:00,25.0,38.981236,0,13.98123550415039
2024-04-24 16:00:00,32.0,44.736343,0,12.736343383789062
2024-04-24 17:00:00,71.0,53.120926,0,-17.879074096679688
2024-04-24 18:00:00,83.0,49.548237,0,-33.45176315307617
2024-04-24 19:00:00,46.0,53.96047,0,7.960468292236328
2024-04-24 20:00:00,59.0,45.044296,0,-13.955703735351562
2024-04-24 21:00:00,45.0,38.86434,0,-6.135658264160156
2024-04-24 22:00:00,16.0,62.053352,0,46.05335235595703
2024-04-24 23:00:00,15.0,26.102945,0,11.102945327758789
2024-04-25 00:00:00,1.0,4.3473797,0,3.347379684448242
2024-04-25 01:00:00,0.0,4.3473797,0,4.347379684448242
2024-04-25 09:00:00,0.0,4.9670935,0,4.967093467712402
2024-04-25 10:00:00,11.0,7.096404,0,-3.9035959243774414
2024-04-25 11:00:00,21.0,24.293926,0,3.293926239013672
2024-04-25 12:00:00,83.0,57.293625,0,-25.706375122070312
2024-04-25 13:00:00,41.0,66.57349,0,25.573486328125
2024-04-25 14:00:00,41.0,56.170403,0,15.170402526855469
2024-04-25 15:00:00,27.0,48.765114,0,21.765113830566406
2024-04-25 16:00:00,51.0,58.073208,0,7.073207855224609
2024-04-25 17:00:00,86.0,78.27513,0,-7.7248687744140625
2024-04-25 18:00:00,84.0,78.18441,0,-5.815589904785156
2024-04-25 19:00:00,67.0,73.998184,0,6.9981842041015625
2024-04-25 20:00:00,77.0,72.94134,0,-4.058662414550781
2024-04-25 21:00:00,66.0,68.12005,0,2.1200485229492188
2024-04-25 22:00:00,93.0,66.58995,0,-26.410049438476562
2024-04-25 23:00:00,23.0,29.187256,0,6.187255859375
2024-04-26 00:00:00,42.0,48.324123,0,6.324123382568359
2024-04-26 01:00:00,2.0,8.650561,0,6.650561332702637
2024-04-26 09:00:00,2.0,6.203965,0,4.203965187072754
2024-04-26 10:00:00,25.0,23.696505,0,-1.3034954071044922
2024-04-26 11:00:00,80.0,49.648865,0,-30.35113525390625
2024-04-26 12:00:00,60.0,74.478874,0,14.478874206542969
2024-04-26 13:00:00,99.0,83.77365,0,-15.226348876953125
2024-04-26 14:00:00,85.0,75.50422,0,-9.495780944824219
2024-04-26 15:00:00,50.0,66.24888,0,16.248878479003906
2024-04-26 16:00:00,71.0,84.724045,0,13.724044799804688
2024-04-26 17:00:00,104.0,90.93867,0,-13.061332702636719
2024-04-26 18:00:00,119.0,91.59031,0,-27.409690856933594
2024-04-26 19:00:00,120.0,105.250824,0,-14.749176025390625
2024-04-26 20:00:00,103.0,98.96979,0,-4.03021240234375
2024-04-26 21:00:00,80.0,91.88386,0,11.883857727050781
2024-04-26 22:00:00,129.0,125.41063,0,-3.5893707275390625
2024-04-26 23:00:00,74.0,109.61916,0,35.619163513183594
2024-04-27 00:00:00,188.0,88.67255,0,-99.32745361328125
2024-04-27 01:00:00,21.0,8.546577,0,-12.453422546386719
2024-04-27 09:00:00,0.0,6.2350388,0,6.235038757324219
2024-04-27 10:00:00,38.0,38.343597,0,0.343597412109375
2024-04-27 11:00:00,70.0,71.15109,0,1.151092529296875
2024-04-27 12:00:00,114.0,101.55942,0,-12.440582275390625
2024-04-27 13:00:00,149.0,96.375595,0,-52.62440490722656
2024-04-27 14:00:00,94.0,108.08487,0,14.084869384765625
2024-04-27 15:00:00,107.0,105.9545,0,-1.045501708984375
2024-04-27 16:00:00,109.0,115.77525,0,6.7752532958984375
2024-04-27 17:00:00,147.0,125.007805,0,-21.99219512939453
2024-04-27 18:00:00,85.0,133.61768,0,48.61767578125
2024-04-27 19:00:00,142.0,136.47583,0,-5.524169921875
2024-04-27 20:00:00,135.0,127.48955,0,-7.5104522705078125
2024-04-27 21:00:00,95.0,120.29058,0,25.29058074951172
2024-04-27 22:00:00,159.0,149.41428,0,-9.585723876953125
2024-04-27 23:00:00,218.0,118.782974,0,-99.21702575683594
2024-04-28 00:00:00,0.0,20.627037,0,20.627037048339844
2024-04-28 01:00:00,0.0,4.0584593,0,4.058459281921387
2024-04-28 09:00:00,0.0,3.585528,0,3.5855278968811035
2024-04-28 10:00:00,4.0,27.663452,0,23.6634521484375
2024-04-28 11:00:00,59.0,118.203026,0,59.203025817871094
2024-04-28 12:00:00,52.0,114.56086,0,62.56085968017578
2024-04-28 13:00:00,64.0,111.76339,0,47.763389587402344
2024-04-28 14:00:00,78.0,85.08989,0,7.0898895263671875
2024-04-28 15:00:00,65.0,79.13,0,14.129997253417969
2024-04-28 16:00:00,63.0,83.97758,0,20.977577209472656
2024-04-28 17:00:00,62.0,78.5748,0,16.574798583984375
2024-04-28 18:00:00,60.0,66.8827,0,6.882698059082031
2024-04-28 19:00:00,43.0,63.30673,0,20.30672836303711
2024-04-28 20:00:00,73.0,39.620205,0,-33.37979507446289
2024-04-28 21:00:00,51.0,41.940174,0,-9.059825897216797
2024-04-28 22:00:00,34.0,42.384117,0,8.384117126464844
2024-04-28 23:00:00,1.0,38.056454,0,37.056453704833984
2024-04-29 00:00:00,0.0,5.674361,0,5.674361228942871
2024-04-29 01:00:00,0.0,4.0732994,0,4.073299407958984
2024-04-29 09:00:00,3.0,4.615371,0,1.6153712272644043
2024-04-29 10:00:00,9.0,13.441769,0,4.441768646240234
2024-04-29 11:00:00,46.0,39.206715,0,-6.793285369873047
2024-04-29 12:00:00,88.0,53.27663,0,-34.72336959838867
2024-04-29 13:00:00,75.0,48.778725,0,-26.221275329589844
2024-04-29 14:00:00,37.0,46.741055,0,9.74105453491211
2024-04-29 15:00:00,49.0,46.87412,0,-2.1258811950683594
2024-04-29 16:00:00,34.0,44.067764,0,10.067764282226562
2024-04-29 17:00:00,36.0,45.386215,0,9.386215209960938
2024-04-29 18:00:00,69.0,46.602158,0,-22.397842407226562
2024-04-29 19:00:00,43.0,41.06029,0,-1.9397087097167969
2024-04-29 20:00:00,56.0,38.368454,0,-17.631546020507812
2024-04-29 21:00:00,21.0,34.294422,0,13.294422149658203
2024-04-29 22:00:00,18.0,33.588028,0,15.588027954101562
2024-04-29 23:00:00,10.0,15.002505,0,5.002505302429199
2024-04-30 00:00:00,0.0,5.3158727,0,5.315872669219971
2024-04-30 01:00:00,0.0,4.5694036,0,4.569403648376465
2024-04-30 09:00:00,0.0,4.4595213,0,4.459521293640137
2024-04-30 10:00:00,6.0,10.267857,0,4.267856597900391
2024-04-30 11:00:00,52.0,33.21348,0,-18.786518096923828
2024-04-30 12:00:00,45.0,50.160614,0,5.160614013671875
2024-04-30 13:00:00,78.0,46.93551,0,-31.064491271972656
2024-04-30 14:00:00,57.0,45.854313,0,-11.145687103271484
2024-04-30 15:00:00,24.0,38.86934,0,14.869338989257812
2024-04-30 16:00:00,44.0,41.98239,0,-2.017608642578125
2024-04-30 17:00:00,21.0,48.47707,0,27.477069854736328
2024-04-30 18:00:00,26.0,47.938618,0,21.938617706298828
2024-04-30 19:00:00,39.0,45.835976,0,6.835975646972656
2024-04-30 20:00:00,26.0,42.600574,0,16.600574493408203
2024-04-30 21:00:00,24.0,41.051228,0,17.051227569580078
2024-04-30 22:00:00,44.0,38.696426,0,-5.3035736083984375
2024-04-30 23:00:00,15.0,15.016783,0,0.016782760620117188
2024-05-01 00:00:00,0.0,4.3844995,0,4.384499549865723
2024-05-01 01:00:00,0.0,4.2384663,0,4.238466262817383
2024-05-01 09:00:00,0.0,4.618704,0,4.618703842163086
2024-05-01 10:00:00,11.0,9.248359,0,-1.7516412734985352
2024-05-01 11:00:00,13.0,30.39754,0,17.397539138793945
2024-05-01 12:00:00,38.0,45.19829,0,7.198291778564453
2024-05-01 13:00:00,33.0,51.488094,0,18.488094329833984
2024-05-01 14:00:00,33.0,46.693584,0,13.693584442138672
2024-05-01 15:00:00,37.0,39.85287,0,2.8528709411621094
2024-05-01 16:00:00,30.0,40.285942,0,10.285942077636719
2024-05-01 17:00:00,40.0,51.894375,0,11.89437484741211
2024-05-01 18:00:00,58.0,52.92381,0,-5.076190948486328
2024-05-01 19:00:00,61.0,52.099693,0,-8.900306701660156
2024-05-01 20:00:00,30.0,53.66546,0,23.66545867919922
2024-05-01 21:00:00,46.0,58.641647,0,12.641647338867188
2024-05-01 22:00:00,36.0,48.873775,0,12.873775482177734
2024-05-01 23:00:00,27.0,31.430382,0,4.430381774902344
2024-05-02 00:00:00,0.0,4.2384663,0,4.238466262817383
2024-05-02 01:00:00,0.0,4.244694,0,4.244694232940674
2024-05-02 09:00:00,0.0,4.630417,0,4.6304168701171875
2024-05-02 10:00:00,15.0,14.329339,0,-0.6706609725952148
2024-05-02 11:00:00,34.0,22.120804,0,-11.879196166992188
2024-05-02 12:00:00,42.0,51.098286,0,9.098285675048828
2024-05-02 13:00:00,51.0,52.832016,0,1.8320159912109375
2024-05-02 14:00:00,76.0,54.251038,0,-21.74896240234375
2024-05-02 15:00:00,75.0,47.545097,0,-27.45490264892578
2024-05-02 16:00:00,59.0,51.637398,0,-7.362602233886719
2024-05-02 17:00:00,65.0,70.055,0,5.055000305175781
2024-05-02 18:00:00,88.0,75.25264,0,-12.747360229492188
2024-05-02 19:00:00,52.0,65.10233,0,13.102333068847656
2024-05-02 20:00:00,73.0,63.707912,0,-9.29208755493164
2024-05-02 21:00:00,60.0,58.90038,0,-1.0996208190917969
2024-05-02 22:00:00,42.0,56.73998,0,14.739978790283203
2024-05-02 23:00:00,26.0,34.162827,0,8.162826538085938
2024-05-03 00:00:00,34.0,44.83803,0,10.838031768798828
2024-05-03 01:00:00,0.0,8.007498,0,8.007497787475586
2024-05-03 09:00:00,14.0,7.158449,0,-6.841550827026367
2024-05-03 10:00:00,9.0,21.970995,0,12.97099494934082
2024-05-03 11:00:00,70.0,50.694664,0,-19.305335998535156
2024-05-03 12:00:00,91.0,64.05406,0,-26.945938110351562
2024-05-03 13:00:00,98.0,75.33577,0,-22.664230346679688
2024-05-03 14:00:00,70.0,76.31095,0,6.310951232910156
2024-05-03 15:00:00,37.0,58.44554,0,21.445541381835938
2024-05-03 16:00:00,67.0,83.63412,0,16.634117126464844
2024-05-03 17:00:00,84.0,87.97219,0,3.9721908569335938
2024-05-03 18:00:00,82.0,92.96043,0,10.960426330566406
2024-05-03 19:00:00,87.0,94.63081,0,7.6308135986328125
2024-05-03 20:00:00,54.0,92.89137,0,38.89137268066406
2024-05-03 21:00:00,84.0,93.0742,0,9.074203491210938
2024-05-03 22:00:00,97.0,122.21609,0,25.216087341308594
2024-05-03 23:00:00,105.0,113.99008,0,8.990081787109375
2024-05-04 00:00:00,117.0,101.26542,0,-15.734580993652344
2024-05-04 01:00:00,44.0,9.976464,0,-34.02353572845459
2024-05-04 09:00:00,18.0,9.92518,0,-8.074819564819336
2024-05-04 10:00:00,30.0,40.313736,0,10.313735961914062
2024-05-04 11:00:00,61.0,65.39247,0,4.3924713134765625
2024-05-04 12:00:00,87.0,99.22046,0,12.220458984375
2024-05-04 13:00:00,113.0,104.832924,0,-8.167076110839844
2024-05-04 14:00:00,104.0,114.210724,0,10.210723876953125
2024-05-04 15:00:00,95.0,109.49076,0,14.490760803222656
2024-05-04 16:00:00,102.0,113.07361,0,11.0736083984375
2024-05-04 17:00:00,105.0,118.747925,0,13.7479248046875
2024-05-04 18:00:00,88.0,114.81803,0,26.818031311035156
2024-05-04 19:00:00,132.0,118.98187,0,-13.01812744140625
2024-05-04 20:00:00,166.0,118.00435,0,-47.99565124511719
2024-05-04 21:00:00,164.0,114.41769,0,-49.582313537597656
2024-05-04 22:00:00,218.0,155.47467,0,-62.52532958984375
2024-05-04 23:00:00,171.0,145.48573,0,-25.514266967773438
2024-05-05 00:00:00,2.0,11.823089,0,9.823088645935059
2024-05-05 01:00:00,0.0,5.0357857,0,5.035785675048828
2024-05-05 09:00:00,8.0,6.8052297,0,-1.194770336151123
2024-05-05 10:00:00,55.0,28.944597,0,-26.055402755737305
2024-05-05 11:00:00,99.0,133.35623,0,34.356231689453125
2024-05-05 12:00:00,68.0,136.5174,0,68.51739501953125
2024-05-05 13:00:00,48.0,141.766,0,93.76600646972656
2024-05-05 14:00:00,67.0,118.77692,0,51.77691650390625
2024-05-05 15:00:00,27.0,97.21978,0,70.21977996826172
2024-05-05 16:00:00,89.0,86.29739,0,-2.702606201171875
2024-05-05 17:00:00,114.0,82.64486,0,-31.355140686035156
2024-05-05 18:00:00,69.0,80.05628,0,11.056282043457031
2024-05-05 19:00:00,67.0,70.40718,0,3.4071807861328125
2024-05-05 20:00:00,82.0,60.82348,0,-21.17652130126953
2024-05-05 21:00:00,57.0,52.38253,0,-4.617469787597656
2024-05-05 22:00:00,75.0,65.33103,0,-9.668968200683594
2024-05-05 23:00:00,76.0,35.340225,0,-40.65977478027344
2024-05-06 00:00:00,0.0,3.7990682,0,3.7990682125091553
2024-08-11 09:00:00,10.0,6.394582,1,-3.6054182052612305
2024-08-11 10:00:00,27.0,18.059387,1,-8.94061279296875
2024-08-11 11:00:00,77.0,71.03862,1,-5.9613800048828125
2024-08-11 12:00:00,74.0,70.86272,1,-3.1372833251953125
2024-08-11 13:00:00,105.0,73.375755,1,-31.624244689941406
2024-08-11 14:00:00,73.0,73.72074,1,0.7207412719726562
2024-08-11 15:00:00,72.0,69.6208,1,-2.3792037963867188
2024-08-11 16:00:00,56.0,73.323555,1,17.32355499267578
2024-08-11 17:00:00,66.0,73.769516,1,7.7695159912109375
2024-08-11 18:00:00,74.0,69.979744,1,-4.020256042480469
2024-08-11 19:00:00,96.0,68.00664,1,-27.993362426757812
2024-08-11 20:00:00,55.0,63.107426,1,8.107425689697266
2024-08-11 21:00:00,69.0,53.297565,1,-15.702434539794922
2024-08-11 22:00:00,94.0,59.689335,1,-34.310665130615234
2024-08-11 23:00:00,105.0,53.85687,1,-51.143131256103516
2024-08-12 00:00:00,3.0,4.3953667,1,1.3953666687011719
2024-08-12 01:00:00,0.0,4.435952,1,4.435952186584473
2024-08-12 09:00:00,2.0,4.2918196,1,2.2918195724487305
2024-08-12 10:00:00,8.0,12.448008,1,4.448007583618164
2024-08-12 11:00:00,19.0,46.07078,1,27.070781707763672
2024-08-12 12:00:00,30.0,68.07387,1,38.07386779785156
2024-08-12 13:00:00,111.0,66.74987,1,-44.25012969970703
2024-08-12 14:00:00,63.0,61.5054,1,-1.494598388671875
2024-08-12 15:00:00,72.0,50.60208,1,-21.397918701171875
2024-08-12 16:00:00,91.0,62.919876,1,-28.080123901367188
2024-08-12 17:00:00,60.0,56.535427,1,-3.4645729064941406
2024-08-12 18:00:00,26.0,59.33436,1,33.33435821533203
2024-08-12 19:00:00,70.0,56.930237,1,-13.06976318359375
2024-08-12 20:00:00,64.0,47.83628,1,-16.163719177246094
2024-08-12 21:00:00,30.0,31.347773,1,1.3477725982666016
2024-08-12 22:00:00,32.0,39.200897,1,7.200897216796875
2024-08-12 23:00:00,2.0,28.803896,1,26.803895950317383
2024-08-13 00:00:00,0.0,0.9806113,1,0.9806113243103027
2024-08-13 01:00:00,0.0,0.9806113,1,0.9806113243103027
2024-08-13 09:00:00,0.0,4.51017,1,4.510169982910156
2024-08-13 10:00:00,17.0,12.265234,1,-4.734766006469727
2024-08-13 11:00:00,16.0,21.578413,1,5.578413009643555
2024-08-13 12:00:00,85.0,46.482857,1,-38.51714324951172
2024-08-13 13:00:00,77.0,62.49642,1,-14.503578186035156
2024-08-13 14:00:00,116.0,46.58912,1,-69.41088104248047
2024-08-13 15:00:00,49.0,44.50991,1,-4.490089416503906
2024-08-13 16:00:00,44.0,45.471443,1,1.4714431762695312
2024-08-13 17:00:00,54.0,50.715996,1,-3.2840042114257812
2024-08-13 18:00:00,64.0,57.3809,1,-6.619098663330078
2024-08-13 19:00:00,109.0,52.470356,1,-56.52964401245117
2024-08-13 20:00:00,86.0,45.9789,1,-40.02109909057617
2024-08-13 21:00:00,59.0,37.240345,1,-21.759654998779297
2024-08-13 22:00:00,80.0,45.36383,1,-34.63616943359375
2024-08-13 23:00:00,11.0,24.709566,1,13.709566116333008
2024-08-14 00:00:00,0.0,4.9296308,1,4.929630756378174
2024-08-14 01:00:00,0.0,4.886617,1,4.886617183685303
2024-08-14 09:00:00,0.0,5.1419067,1,5.14190673828125
2024-08-14 10:00:00,11.0,13.910188,1,2.9101877212524414
2024-08-14 11:00:00,33.0,22.130976,1,-10.869024276733398
2024-08-14 12:00:00,52.0,51.441013,1,-0.5589866638183594
2024-08-14 13:00:00,76.0,67.01745,1,-8.982551574707031
2024-08-14 14:00:00,95.0,54.757736,1,-40.24226379394531
2024-08-14 15:00:00,59.0,46.665577,1,-12.334423065185547
2024-08-14 16:00:00,79.0,58.465218,1,-20.53478240966797
2024-08-14 17:00:00,80.0,72.73863,1,-7.2613677978515625
2024-08-14 18:00:00,87.0,69.40412,1,-17.59587860107422
2024-08-14 19:00:00,46.0,67.2724,1,21.27239990234375
2024-08-14 20:00:00,64.0,63.42775,1,-0.5722503662109375
2024-08-14 21:00:00,79.0,48.98768,1,-30.01232147216797
2024-08-14 22:00:00,64.0,56.824303,1,-7.175697326660156
2024-08-14 23:00:00,43.0,29.478668,1,-13.521331787109375
2024-08-15 00:00:00,0.0,3.5430381,1,3.5430381298065186
2024-08-15 01:00:00,0.0,3.5733192,1,3.57331919670105
2024-08-15 09:00:00,0.0,5.222778,1,5.222777843475342
2024-08-15 10:00:00,31.0,14.184335,1,-16.815665245056152
2024-08-15 11:00:00,53.0,37.28602,1,-15.713981628417969
2024-08-15 12:00:00,83.0,61.83281,1,-21.167190551757812
2024-08-15 13:00:00,74.0,66.282166,1,-7.71783447265625
2024-08-15 14:00:00,66.0,56.737026,1,-9.26297378540039
2024-08-15 15:00:00,60.0,57.417007,1,-2.5829925537109375
2024-08-15 16:00:00,118.0,73.23957,1,-44.76042938232422
2024-08-15 17:00:00,83.0,77.83949,1,-5.1605072021484375
2024-08-15 18:00:00,96.0,80.41622,1,-15.583778381347656
2024-08-15 19:00:00,130.0,78.46954,1,-51.53045654296875
2024-08-15 20:00:00,107.0,67.9406,1,-39.05940246582031
2024-08-15 21:00:00,58.0,70.854034,1,12.854034423828125
2024-08-15 22:00:00,68.0,73.257706,1,5.2577056884765625
2024-08-15 23:00:00,28.0,74.540016,1,46.540016174316406
2024-08-16 00:00:00,89.0,71.03989,1,-17.960113525390625
2024-08-16 01:00:00,32.0,1.5228516,1,-30.477148413658142
2024-08-16 09:00:00,0.0,2.2672293,1,2.2672293186187744
2024-08-16 10:00:00,40.0,20.044226,1,-19.955774307250977
2024-08-16 11:00:00,39.0,44.354782,1,5.3547821044921875
2024-08-16 12:00:00,85.0,66.29265,1,-18.707351684570312
2024-08-16 13:00:00,137.0,78.63383,1,-58.366172790527344
2024-08-16 14:00:00,69.0,68.781204,1,-0.2187957763671875
2024-08-16 15:00:00,70.0,77.59949,1,7.5994873046875
2024-08-16 16:00:00,83.0,81.89244,1,-1.1075592041015625
2024-08-16 17:00:00,111.0,99.698296,1,-11.301704406738281
2024-08-16 18:00:00,105.0,106.70278,1,1.7027816772460938
2024-08-16 19:00:00,127.0,111.141884,1,-15.858116149902344
2024-08-16 20:00:00,163.0,92.0537,1,-70.94629669189453
2024-08-16 21:00:00,104.0,88.2795,1,-15.720497131347656
2024-08-16 22:00:00,90.0,117.77014,1,27.7701416015625
2024-08-16 23:00:00,82.0,115.59394,1,33.59394073486328
2024-08-17 00:00:00,130.0,101.037796,1,-28.962203979492188
2024-08-17 01:00:00,12.0,10.073343,1,-1.926656723022461
2024-08-17 09:00:00,11.0,3.0930789,1,-7.906921148300171
2024-08-17 10:00:00,46.0,22.515944,1,-23.48405647277832
2024-08-17 11:00:00,112.0,49.553856,1,-62.446144104003906
2024-08-17 12:00:00,160.0,87.90662,1,-72.0933837890625
2024-08-17 13:00:00,145.0,102.914154,1,-42.085845947265625
2024-08-17 14:00:00,103.0,111.85977,1,8.859771728515625
2024-08-17 15:00:00,145.0,110.84036,1,-34.159637451171875
2024-08-17 16:00:00,121.0,121.45531,1,0.4553070068359375
2024-08-17 17:00:00,157.0,135.64514,1,-21.3548583984375
2024-08-17 18:00:00,130.0,143.19492,1,13.194915771484375
2024-08-17 19:00:00,110.0,160.47595,1,50.4759521484375
2024-08-17 20:00:00,89.0,157.09354,1,68.09353637695312
2024-08-17 21:00:00,109.0,145.44499,1,36.44499206542969
2024-08-17 22:00:00,144.0,161.0267,1,17.026702880859375
2024-08-17 23:00:00,151.0,164.93134,1,13.93133544921875
2024-08-18 00:00:00,0.0,19.4733,1,19.47330093383789
2024-08-18 01:00:00,0.0,7.1377454,1,7.137745380401611
2024-08-18 09:00:00,9.0,9.8702965,1,0.8702964782714844
2024-08-18 10:00:00,73.0,29.553282,1,-43.44671821594238
2024-08-18 11:00:00,105.0,95.08799,1,-9.912010192871094
2024-08-18 12:00:00,108.0,96.682335,1,-11.317665100097656
2024-08-18 13:00:00,68.0,110.06624,1,42.06623840332031
2024-08-18 14:00:00,133.0,105.13576,1,-27.864242553710938
2024-08-18 15:00:00,122.0,93.03706,1,-28.962936401367188
2024-08-18 16:00:00,69.0,91.22632,1,22.226318359375
2024-08-18 17:00:00,90.0,90.32303,1,0.323028564453125
2024-08-18 18:00:00,98.0,84.26124,1,-13.738761901855469
2024-08-18 19:00:00,100.0,85.173874,1,-14.826126098632812
2024-08-18 20:00:00,76.0,79.416275,1,3.4162750244140625
2024-08-18 21:00:00,69.0,74.307304,1,5.307304382324219
2024-08-18 22:00:00,92.0,94.682724,1,2.6827239990234375
2024-08-18 23:00:00,38.0,81.00305,1,43.0030517578125
2024-08-19 00:00:00,0.0,2.5614195,1,2.5614194869995117
2024-08-19 01:00:00,0.0,2.815645,1,2.8156449794769287
2024-08-19 09:00:00,11.0,1.2715974,1,-9.728402614593506
2024-08-19 10:00:00,13.0,15.34115,1,2.3411502838134766
2024-08-19 11:00:00,50.0,45.527584,1,-4.472415924072266
2024-08-19 12:00:00,64.0,72.18073,1,8.180732727050781
2024-08-19 13:00:00,79.0,74.08606,1,-4.9139404296875
2024-08-19 14:00:00,63.0,67.026596,1,4.0265960693359375
2024-08-19 15:00:00,45.0,52.591007,1,7.591007232666016
2024-08-19 16:00:00,113.0,61.907352,1,-51.092647552490234
2024-08-19 17:00:00,62.0,56.600876,1,-5.3991241455078125
2024-08-19 18:00:00,67.0,65.855255,1,-1.144744873046875
2024-08-19 19:00:00,130.0,56.842304,1,-73.15769577026367
2024-08-19 20:00:00,75.0,52.041298,1,-22.958702087402344
2024-08-19 21:00:00,30.0,36.51156,1,6.511558532714844
2024-08-19 22:00:00,53.0,41.633186,1,-11.366813659667969
2024-08-19 23:00:00,11.0,34.97623,1,23.97623062133789
2024-08-20 00:00:00,3.0,2.235556,1,-0.76444411277771
2024-08-20 01:00:00,0.0,1.9083352,1,1.9083352088928223
2024-08-20 09:00:00,0.0,2.1096513,1,2.1096513271331787
2024-08-20 10:00:00,14.0,10.38777,1,-3.6122303009033203
2024-08-20 11:00:00,7.0,21.553625,1,14.553625106811523
2024-08-20 12:00:00,57.0,42.30178,1,-14.698219299316406
2024-08-20 13:00:00,68.0,58.118088,1,-9.881912231445312
2024-08-20 14:00:00,64.0,46.014435,1,-17.985565185546875
2024-08-20 15:00:00,47.0,40.714874,1,-6.285125732421875
2024-08-20 16:00:00,45.0,37.323326,1,-7.676673889160156
2024-08-20 17:00:00,45.0,45.996838,1,0.9968376159667969
2024-08-20 18:00:00,63.0,56.982296,1,-6.017704010009766
2024-08-20 19:00:00,79.0,46.391476,1,-32.608524322509766
2024-08-20 20:00:00,53.0,39.84249,1,-13.157508850097656
2024-08-20 21:00:00,40.0,38.781532,1,-1.2184677124023438
2024-08-20 22:00:00,45.0,49.194073,1,4.194072723388672
2024-08-20 23:00:00,51.0,23.330938,1,-27.6690616607666
2024-08-21 00:00:00,0.0,1.154778,1,1.154778003692627
2024-08-21 01:00:00,0.0,2.1869233,1,2.1869232654571533
2024-08-21 09:00:00,0.0,1.2804445,1,1.2804445028305054
2024-08-21 10:00:00,16.0,9.84384,1,-6.156160354614258
2024-08-21 11:00:00,28.0,17.768911,1,-10.231088638305664
2024-08-21 12:00:00,50.0,48.291725,1,-1.7082748413085938
2024-08-21 13:00:00,100.0,63.411777,1,-36.58822250366211
2024-08-21 14:00:00,25.0,49.933067,1,24.933067321777344
2024-08-21 15:00:00,26.0,40.077724,1,14.07772445678711
2024-08-21 16:00:00,41.0,46.560417,1,5.560417175292969
2024-08-21 17:00:00,52.0,63.90385,1,11.903850555419922
2024-08-21 18:00:00,84.0,62.629757,1,-21.370243072509766
2024-08-21 19:00:00,49.0,62.507095,1,13.507095336914062
2024-08-21 20:00:00,69.0,58.047596,1,-10.952404022216797
2024-08-21 21:00:00,74.0,48.188236,1,-25.811763763427734
2024-08-21 22:00:00,38.0,54.86946,1,16.869461059570312
2024-08-21 23:00:00,17.0,31.18268,1,14.182680130004883
2024-08-22 00:00:00,0.0,6.7936378,1,6.793637752532959
2024-08-22 01:00:00,0.0,6.7400246,1,6.740024566650391
2024-08-22 09:00:00,0.0,3.9825091,1,3.982509136199951
2024-08-22 10:00:00,13.0,17.094858,1,4.094858169555664
2024-08-22 11:00:00,44.0,34.861633,1,-9.13836669921875
2024-08-22 12:00:00,44.0,64.455505,1,20.45550537109375
2024-08-22 13:00:00,120.0,65.78633,1,-54.21366882324219
2024-08-22 14:00:00,105.0,52.55751,1,-52.44248962402344
2024-08-22 15:00:00,35.0,49.196877,1,14.196876525878906
2024-08-22 16:00:00,70.0,58.887062,1,-11.112937927246094
2024-08-22 17:00:00,115.0,67.21431,1,-47.78569030761719
2024-08-22 18:00:00,82.0,78.283066,1,-3.7169342041015625
2024-08-22 19:00:00,94.0,71.696075,1,-22.303924560546875
2024-08-22 20:00:00,75.0,61.692066,1,-13.307933807373047
2024-08-22 21:00:00,22.0,62.997974,1,40.99797439575195
2024-08-22 22:00:00,75.0,70.91561,1,-4.084388732910156
2024-08-22 23:00:00,31.0,64.6733,1,33.673301696777344
2024-08-23 00:00:00,65.0,55.59486,1,-9.405139923095703
2024-08-23 01:00:00,0.0,9.810669,1,9.8106689453125
2024-08-23 09:00:00,7.0,1.7673212,1,-5.232678771018982
2024-08-23 10:00:00,20.0,14.458862,1,-5.5411376953125
2024-08-23 11:00:00,61.0,39.874958,1,-21.125041961669922
2024-08-23 12:00:00,66.0,64.33855,1,-1.6614532470703125
2024-08-23 13:00:00,145.0,67.636536,1,-77.36346435546875
2024-08-23 14:00:00,41.0,71.71979,1,30.71978759765625
2024-08-23 15:00:00,83.0,72.93604,1,-10.063957214355469
2024-08-23 16:00:00,98.0,81.12649,1,-16.873512268066406
2024-08-23 17:00:00,156.0,102.85048,1,-53.14952087402344
2024-08-23 18:00:00,151.0,104.97793,1,-46.022071838378906
2024-08-23 19:00:00,120.0,108.53046,1,-11.46954345703125
2024-08-23 20:00:00,129.0,101.30541,1,-27.69458770751953
2024-08-23 21:00:00,95.0,89.563484,1,-5.436515808105469
2024-08-23 22:00:00,144.0,117.368744,1,-26.631256103515625
2024-08-23 23:00:00,65.0,109.01314,1,44.01313781738281
2024-08-24 00:00:00,50.0,98.26398,1,48.26397705078125
2024-08-24 01:00:00,1.0,9.530133,1,8.530133247375488
2024-08-24 09:00:00,6.0,3.6053317,1,-2.3946683406829834
2024-08-24 10:00:00,35.0,13.685047,1,-21.314952850341797
2024-08-24 11:00:00,101.0,57.450333,1,-43.54966735839844
2024-08-24 12:00:00,159.0,81.63297,1,-77.36702728271484
2024-08-24 13:00:00,212.0,108.50736,1,-103.49263763427734
2024-08-24 14:00:00,240.0,105.84012,1,-134.15988159179688
2024-08-24 15:00:00,227.0,127.95392,1,-99.04608154296875
2024-08-24 16:00:00,125.0,138.09253,1,13.092529296875
2024-08-24 17:00:00,126.0,137.98648,1,11.986480712890625
2024-08-24 18:00:00,88.0,157.33975,1,69.33975219726562
2024-08-24 19:00:00,105.0,156.81442,1,51.814422607421875
2024-08-24 20:00:00,90.0,162.48016,1,72.48016357421875
2024-08-24 21:00:00,172.0,159.18571,1,-12.814285278320312
2024-08-24 22:00:00,133.0,183.47095,1,50.470947265625
2024-08-24 23:00:00,90.0,168.83156,1,78.83155822753906
2024-08-25 00:00:00,2.0,19.259506,1,17.259506225585938
2024-08-25 01:00:00,0.0,2.062762,1,2.0627620220184326
2024-08-25 09:00:00,11.0,4.891812,1,-6.108188152313232
2024-08-25 10:00:00,22.0,34.370987,1,12.370986938476562
2024-08-25 11:00:00,41.0,151.84352,1,110.84352111816406
2024-08-25 12:00:00,60.0,143.31898,1,83.31898498535156
2024-08-25 13:00:00,81.0,125.877365,1,44.87736511230469
2024-08-25 14:00:00,61.0,112.83662,1,51.83661651611328
2024-08-25 15:00:00,76.0,72.392044,1,-3.6079559326171875
2024-08-25 16:00:00,53.0,77.70623,1,24.70623016357422
2024-08-25 17:00:00,78.0,80.38672,1,2.38671875
2024-08-25 18:00:00,101.0,89.015656,1,-11.984344482421875
2024-08-25 19:00:00,96.0,73.09752,1,-22.902481079101562
2024-08-25 20:00:00,86.0,52.487183,1,-33.5128173828125
2024-08-25 21:00:00,61.0,48.682278,1,-12.31772232055664
2024-08-25 22:00:00,85.0,50.85298,1,-34.14701843261719
2024-08-25 23:00:00,42.0,42.85802,1,0.8580207824707031
2024-08-26 00:00:00,1.0,2.0575967,1,1.0575966835021973
2024-08-26 01:00:00,1.0,1.9689296,1,0.968929648399353
2024-08-26 09:00:00,0.0,2.5811555,1,2.58115553855896
2024-08-26 10:00:00,2.0,8.881693,1,6.881692886352539
2024-08-26 11:00:00,9.0,40.42944,1,31.429439544677734
2024-08-26 12:00:00,79.0,66.63888,1,-12.361122131347656
2024-08-26 13:00:00,60.0,58.47311,1,-1.5268898010253906
2024-08-26 14:00:00,68.0,57.529785,1,-10.47021484375
2024-08-26 15:00:00,53.0,48.89122,1,-4.1087799072265625
2024-08-26 16:00:00,100.0,58.27137,1,-41.72863006591797
2024-08-26 17:00:00,73.0,53.56364,1,-19.436359405517578
2024-08-26 18:00:00,48.0,57.453907,1,9.453907012939453
2024-08-26 19:00:00,20.0,59.632687,1,39.632686614990234
2024-08-26 20:00:00,57.0,47.68254,1,-9.317459106445312
2024-08-26 21:00:00,26.0,35.702446,1,9.702445983886719
2024-08-26 22:00:00,14.0,44.234283,1,30.234283447265625
2024-08-26 23:00:00,9.0,27.541876,1,18.5418758392334
2024-08-27 00:00:00,4.0,4.8293543,1,0.8293542861938477
2024-08-27 01:00:00,0.0,5.0456514,1,5.045651435852051
2024-08-27 09:00:00,0.0,4.6035037,1,4.603503704071045
2024-08-27 10:00:00,1.0,13.565834,1,12.565834045410156
2024-08-27 11:00:00,13.0,22.625103,1,9.625102996826172
2024-08-27 12:00:00,75.0,53.57752,1,-21.422481536865234
2024-08-27 13:00:00,96.0,59.094646,1,-36.90535354614258
2024-08-27 14:00:00,28.0,51.07762,1,23.077621459960938
2024-08-27 15:00:00,46.0,46.102905,1,0.1029052734375
2024-08-27 16:00:00,46.0,47.579327,1,1.5793266296386719
2024-08-27 17:00:00,60.0,59.469086,1,-0.530914306640625
2024-08-27 18:00:00,77.0,61.284504,1,-15.715496063232422
2024-08-27 19:00:00,39.0,59.98421,1,20.984210968017578
2024-08-27 20:00:00,29.0,52.983227,1,23.983226776123047
2024-08-27 21:00:00,42.0,39.23191,1,-2.7680892944335938
2024-08-27 22:00:00,36.0,51.651314,1,15.651313781738281
2024-08-27 23:00:00,33.0,19.641674,1,-13.358325958251953
2024-08-28 00:00:00,0.0,0.74267346,1,0.7426734566688538
2024-08-28 01:00:00,0.0,0.74267346,1,0.7426734566688538
2024-08-28 09:00:00,0.0,2.670851,1,2.670850992202759
2024-08-28 10:00:00,5.0,11.465498,1,6.465497970581055
2024-08-28 11:00:00,15.0,23.138412,1,8.138412475585938
2024-08-28 12:00:00,14.0,50.96435,1,36.964351654052734
2024-08-28 13:00:00,91.0,69.04435,1,-21.955650329589844
2024-08-28 14:00:00,28.0,50.6335,1,22.633499145507812
2024-08-28 15:00:00,16.0,41.994213,1,25.994213104248047
2024-08-28 16:00:00,40.0,51.217064,1,11.217063903808594
2024-08-28 17:00:00,70.0,66.01601,1,-3.9839935302734375
2024-08-28 18:00:00,89.0,65.38698,1,-23.613021850585938
2024-08-28 19:00:00,39.0,59.89048,1,20.890480041503906
2024-08-28 20:00:00,20.0,57.485138,1,37.485137939453125
2024-08-28 21:00:00,54.0,46.02989,1,-7.970111846923828
2024-08-28 22:00:00,32.0,46.80487,1,14.80487060546875
2024-08-28 23:00:00,17.0,26.41527,1,9.41526985168457
2024-08-29 00:00:00,2.0,1.9377337,1,-0.06226634979248047
2024-08-29 01:00:00,0.0,0.89411545,1,0.8941154479980469
2024-08-29 09:00:00,2.0,1.745791,1,-0.254209041595459
2024-08-29 10:00:00,16.0,12.758996,1,-3.24100399017334
2024-08-29 11:00:00,48.0,26.209076,1,-21.790924072265625
2024-08-29 12:00:00,73.0,47.481056,1,-25.518943786621094
2024-08-29 13:00:00,102.0,59.711838,1,-42.28816223144531
2024-08-29 14:00:00,72.0,54.117767,1,-17.882232666015625
2024-08-29 15:00:00,67.0,50.089394,1,-16.910606384277344
2024-08-29 16:00:00,77.0,60.969395,1,-16.03060531616211
2024-08-29 17:00:00,100.0,73.38476,1,-26.61524200439453
2024-08-29 18:00:00,117.0,79.77981,1,-37.220191955566406
2024-08-29 19:00:00,72.0,77.82567,1,5.8256683349609375
2024-08-29 20:00:00,73.0,67.89757,1,-5.1024322509765625
2024-08-29 21:00:00,89.0,77.25722,1,-11.742782592773438
2024-08-29 22:00:00,75.0,66.827385,1,-8.172615051269531
2024-08-29 23:00:00,63.0,78.69537,1,15.69537353515625
2024-08-30 00:00:00,123.0,62.960506,1,-60.039493560791016
2024-08-30 01:00:00,7.0,7.59333,1,0.593329906463623
2024-08-30 09:00:00,0.0,3.4320724,1,3.432072401046753
2024-08-30 10:00:00,43.0,19.685423,1,-23.314577102661133
2024-08-30 11:00:00,33.0,53.294067,1,20.2940673828125
2024-08-30 12:00:00,78.0,61.03752,1,-16.962478637695312
2024-08-30 13:00:00,103.0,77.631996,1,-25.368003845214844
2024-08-30 14:00:00,77.0,71.43527,1,-5.564727783203125
2024-08-30 15:00:00,61.0,78.59923,1,17.599227905273438
2024-08-30 16:00:00,63.0,81.6946,1,18.694602966308594
2024-08-30 17:00:00,111.0,97.731834,1,-13.268165588378906
2024-08-30 18:00:00,112.0,106.725075,1,-5.274925231933594
2024-08-30 19:00:00,98.0,109.86037,1,11.860366821289062
2024-08-30 20:00:00,114.0,103.66506,1,-10.334938049316406
2024-08-30 21:00:00,47.0,104.06692,1,57.066917419433594
2024-08-30 22:00:00,101.0,111.4666,1,10.466598510742188
2024-08-30 23:00:00,140.0,108.63162,1,-31.368377685546875
2024-08-31 00:00:00,97.0,106.89278,1,9.892776489257812
2024-08-31 01:00:00,13.0,7.61955,1,-5.3804497718811035
2024-08-31 09:00:00,7.0,3.7641857,1,-3.235814332962036
2024-08-31 10:00:00,2.0,22.959309,1,20.959308624267578
2024-08-31 11:00:00,90.0,63.22895,1,-26.77104949951172
2024-08-31 12:00:00,47.0,87.28669,1,40.28668975830078
2024-08-31 13:00:00,97.0,86.485985,1,-10.514015197753906
2024-08-31 14:00:00,96.0,90.52948,1,-5.47052001953125
2024-08-31 15:00:00,78.0,88.83634,1,10.836341857910156
2024-08-31 16:00:00,93.0,96.79955,1,3.7995529174804688
2024-08-31 17:00:00,89.0,106.838104,1,17.838104248046875
2024-08-31 18:00:00,145.0,107.44274,1,-37.55725860595703
2024-08-31 19:00:00,170.0,106.97807,1,-63.02192687988281
2024-08-31 20:00:00,88.0,113.16818,1,25.168182373046875
2024-08-31 21:00:00,118.0,97.07542,1,-20.924583435058594
2024-08-31 22:00:00,184.0,120.66375,1,-63.33625030517578
2024-08-31 23:00:00,133.0,143.07492,1,10.074920654296875
2024-09-01 00:00:00,0.0,19.095402,1,19.095401763916016
2024-09-01 01:00:00,0.0,8.695173,1,8.695173263549805
2024-09-01 09:00:00,21.0,8.615227,1,-12.384773254394531
2024-09-01 10:00:00,23.0,36.933727,1,13.933727264404297
2024-09-01 11:00:00,40.0,74.563065,1,34.56306457519531
2024-09-01 12:00:00,65.0,76.12513,1,11.125129699707031
2024-09-01 13:00:00,82.0,76.51833,1,-5.481666564941406
2024-09-01 14:00:00,60.0,77.61441,1,17.614410400390625
2024-09-01 15:00:00,107.0,77.33852,1,-29.661483764648438
2024-09-01 16:00:00,194.0,83.94263,1,-110.057373046875
2024-09-01 17:00:00,135.0,87.02001,1,-47.97998809814453
2024-09-01 18:00:00,61.0,85.41624,1,24.416236877441406
2024-09-01 19:00:00,51.0,74.62248,1,23.622482299804688
2024-09-01 20:00:00,31.0,59.500774,1,28.500774383544922
2024-09-01 21:00:00,38.0,47.843956,1,9.843955993652344
2024-09-01 22:00:00,86.0,55.310276,1,-30.68972396850586
2024-09-01 23:00:00,24.0,60.662464,1,36.6624641418457
2024-09-02 00:00:00,2.0,1.9243848,1,-0.07561516761779785
2024-09-02 01:00:00,3.0,0.77514356,1,-2.224856436252594
2024-09-02 09:00:00,0.0,5.573803,1,5.573802947998047
2024-09-02 10:00:00,13.0,11.57451,1,-1.425490379333496
2024-09-02 11:00:00,34.0,36.804676,1,2.804676055908203
2024-09-02 12:00:00,80.0,64.42562,1,-15.574378967285156
2024-09-02 13:00:00,77.0,58.151924,1,-18.84807586669922
2024-09-02 14:00:00,107.0,54.367977,1,-52.632022857666016
2024-09-02 15:00:00,76.0,47.675266,1,-28.32473373413086
2024-09-02 16:00:00,75.0,52.998894,1,-22.00110626220703
2024-09-02 17:00:00,68.0,53.432137,1,-14.567863464355469
2024-09-02 18:00:00,55.0,56.787155,1,1.7871551513671875
2024-09-02 19:00:00,13.0,58.79532,1,45.795318603515625
2024-09-02 20:00:00,77.0,48.186356,1,-28.813644409179688
2024-09-02 21:00:00,54.0,41.105644,1,-12.894355773925781
2024-09-02 22:00:00,43.0,42.34595,1,-0.6540489196777344
2024-09-02 23:00:00,25.0,25.936447,1,0.9364471435546875
2024-09-03 00:00:00,4.0,2.0322278,1,-1.9677722454071045
2024-09-03 01:00:00,0.0,1.5565271,1,1.5565271377563477
2024-09-03 09:00:00,1.0,1.8719883,1,0.8719882965087891
2024-09-03 10:00:00,4.0,11.918036,1,7.918036460876465
2024-09-03 11:00:00,55.0,25.41622,1,-29.58378028869629
2024-09-03 12:00:00,57.0,53.68176,1,-3.3182411193847656
2024-09-03 13:00:00,53.0,57.478424,1,4.478424072265625
2024-09-03 14:00:00,54.0,50.952522,1,-3.0474777221679688
2024-09-03 15:00:00,47.0,42.84968,1,-4.150318145751953
2024-09-03 16:00:00,46.0,45.271988,1,-0.7280120849609375
2024-09-03 17:00:00,40.0,48.97879,1,8.978790283203125
2024-09-03 18:00:00,60.0,56.546234,1,-3.453765869140625
2024-09-03 19:00:00,75.0,60.004112,1,-14.995887756347656
2024-09-03 20:00:00,62.0,50.27124,1,-11.728759765625
2024-09-03 21:00:00,60.0,45.899437,1,-14.100563049316406
2024-09-03 22:00:00,80.0,54.3186,1,-25.681400299072266
2024-09-03 23:00:00,64.0,27.639795,1,-36.36020469665527
2024-09-04 00:00:00,0.0,1.0290846,1,1.02908456325531
2024-09-04 01:00:00,0.0,1.3563055,1,1.356305480003357
2024-09-04 09:00:00,5.0,1.3946123,1,-3.6053876876831055
2024-09-04 10:00:00,7.0,7.3303623,1,0.33036231994628906
2024-09-04 11:00:00,33.0,26.253817,1,-6.746183395385742
2024-09-04 12:00:00,51.0,42.11052,1,-8.889480590820312
2024-09-04 13:00:00,61.0,67.78782,1,6.787818908691406
2024-09-04 14:00:00,20.0,48.664795,1,28.664794921875
2024-09-04 15:00:00,16.0,41.16656,1,25.166561126708984
2024-09-04 16:00:00,19.0,51.56227,1,32.56227111816406
2024-09-04 17:00:00,26.0,66.804924,1,40.80492401123047
2024-09-04 18:00:00,59.0,64.311356,1,5.3113555908203125
2024-09-04 19:00:00,52.0,49.77134,1,-2.2286605834960938
2024-09-04 20:00:00,54.0,40.412697,1,-13.587303161621094
2024-09-04 21:00:00,31.0,38.02195,1,7.021949768066406
2024-09-04 22:00:00,22.0,40.078175,1,18.078174591064453
2024-09-04 23:00:00,10.0,30.724163,1,20.724163055419922
2024-09-05 00:00:00,0.0,2.2685707,1,2.2685706615448
2024-09-05 01:00:00,0.0,1.0690392,1,1.069039225578308
2024-09-05 09:00:00,11.0,2.0666168,1,-8.933383226394653
2024-09-05 10:00:00,4.0,14.296869,1,10.296869277954102
2024-09-05 11:00:00,33.0,33.1911,1,0.19110107421875
2024-09-05 12:00:00,81.0,46.695656,1,-34.304344177246094
2024-09-05 13:00:00,38.0,54.904934,1,16.90493392944336
2024-09-05 14:00:00,28.0,57.51261,1,29.512611389160156
2024-09-05 15:00:00,57.0,50.479404,1,-6.520595550537109
2024-09-05 16:00:00,65.0,55.535057,1,-9.464942932128906
2024-09-05 17:00:00,75.0,67.27882,1,-7.721183776855469
2024-09-05 18:00:00,99.0,81.87782,1,-17.122177124023438
2024-09-05 19:00:00,119.0,74.777794,1,-44.222206115722656
2024-09-05 20:00:00,30.0,64.53678,1,34.536781311035156
2024-09-05 21:00:00,51.0,53.088604,1,2.088603973388672
2024-09-05 22:00:00,46.0,67.10402,1,21.104019165039062
2024-09-05 23:00:00,19.0,30.798193,1,11.798192977905273
2024-09-06 00:00:00,142.0,68.69329,1,-73.30670928955078
2024-09-06 01:00:00,24.0,5.83275,1,-18.167250156402588
2024-09-06 09:00:00,0.0,5.505966,1,5.5059661865234375
2024-09-06 10:00:00,10.0,16.372091,1,6.372091293334961
2024-09-06 11:00:00,53.0,39.910576,1,-13.089424133300781
2024-09-06 12:00:00,50.0,60.515793,1,10.515792846679688
2024-09-06 13:00:00,74.0,70.53852,1,-3.4614791870117188
2024-09-06 14:00:00,81.0,62.5248,1,-18.475200653076172
2024-09-06 15:00:00,71.0,62.509777,1,-8.490222930908203
2024-09-06 16:00:00,52.0,66.89061,1,14.890609741210938
2024-09-06 17:00:00,81.0,91.31531,1,10.3153076171875
2024-09-06 18:00:00,191.0,108.51737,1,-82.48262786865234
2024-09-06 19:00:00,100.0,107.97306,1,7.973060607910156
2024-09-06 20:00:00,119.0,106.974976,1,-12.0250244140625
2024-09-06 21:00:00,75.0,87.717255,1,12.717254638671875
2024-09-06 22:00:00,125.0,110.20925,1,-14.790748596191406
2024-09-06 23:00:00,117.0,103.35466,1,-13.645339965820312
2024-09-07 00:00:00,141.0,105.71623,1,-35.28376770019531
2024-09-07 01:00:00,18.0,10.429561,1,-7.570439338684082
2024-09-07 09:00:00,12.0,6.772447,1,-5.227552890777588
2024-09-07 10:00:00,62.0,17.745897,1,-44.25410270690918
2024-09-07 11:00:00,52.0,69.99323,1,17.99323272705078
2024-09-07 12:00:00,93.0,83.01998,1,-9.980018615722656
2024-09-07 13:00:00,127.0,82.32653,1,-44.67346954345703
2024-09-07 14:00:00,162.0,90.02202,1,-71.97798156738281
2024-09-07 15:00:00,97.0,116.208664,1,19.208663940429688
2024-09-07 16:00:00,110.0,123.2573,1,13.257301330566406
2024-09-07 17:00:00,128.0,143.7463,1,15.746307373046875
2024-09-07 18:00:00,137.0,144.91057,1,7.9105682373046875
2024-09-07 19:00:00,186.0,145.85738,1,-40.14262390136719
2024-09-07 20:00:00,164.0,150.4051,1,-13.594894409179688
2024-09-07 21:00:00,192.0,157.08984,1,-34.91015625
2024-09-07 22:00:00,216.0,170.21265,1,-45.787353515625
2024-09-07 23:00:00,175.0,177.03021,1,2.03021240234375
2024-09-08 00:00:00,0.0,14.009322,1,14.009322166442871
2024-09-08 01:00:00,0.0,7.1081033,1,7.108103275299072
2024-12-14 14:00:00,116.0,175.37964,2,59.379638671875
2024-12-14 15:00:00,131.0,121.181435,2,-9.818565368652344
2024-12-14 16:00:00,160.0,128.10567,2,-31.894332885742188
2024-12-14 17:00:00,197.0,120.158485,2,-76.84151458740234
2024-12-14 18:00:00,200.0,120.70189,2,-79.29811096191406
2024-12-14 19:00:00,215.0,119.81372,2,-95.186279296875
2024-12-14 20:00:00,198.0,128.43901,2,-69.56098937988281
2024-12-14 21:00:00,257.0,132.33794,2,-124.66206359863281
2024-12-14 22:00:00,263.0,150.60437,2,-112.3956298828125
2024-12-14 23:00:00,239.0,141.0885,2,-97.9114990234375
2024-12-15 00:00:00,0.0,5.874048,2,5.874048233032227
2024-12-15 01:00:00,0.0,2.7417223,2,2.741722345352173
2024-12-15 09:00:00,0.0,0.7870987,2,0.7870987057685852
2024-12-15 10:00:00,27.0,20.35254,2,-6.6474609375
2024-12-15 11:00:00,76.0,96.845,2,20.845001220703125
2024-12-15 12:00:00,73.0,157.10257,2,84.10256958007812
2024-12-15 13:00:00,60.0,154.54193,2,94.54193115234375
2024-12-15 14:00:00,95.0,176.64362,2,81.64361572265625
2024-12-15 15:00:00,66.0,148.9627,2,82.96270751953125
2024-12-15 16:00:00,125.0,144.5009,2,19.500900268554688
2024-12-15 17:00:00,89.0,148.85355,2,59.853546142578125
2024-12-15 18:00:00,85.0,142.52173,2,57.521728515625
2024-12-15 19:00:00,97.0,78.76751,2,-18.23249053955078
2024-12-15 20:00:00,72.0,66.3042,2,-5.69580078125
2024-12-15 21:00:00,62.0,50.293285,2,-11.706714630126953
2024-12-15 22:00:00,40.0,64.91676,2,24.916763305664062
2024-12-15 23:00:00,10.0,40.01235,2,30.012348175048828
2024-12-16 00:00:00,3.0,0.0,2,-3.0
2024-12-16 01:00:00,0.0,0.65367573,2,0.6536757349967957
2024-12-16 09:00:00,0.0,2.015935,2,2.015934944152832
2024-12-16 10:00:00,17.0,8.696206,2,-8.303793907165527
2024-12-16 11:00:00,17.0,22.982107,2,5.982107162475586
2024-12-16 12:00:00,36.0,60.180588,2,24.180587768554688
2024-12-16 13:00:00,33.0,75.94978,2,42.94978332519531
2024-12-16 14:00:00,57.0,61.53725,2,4.537250518798828
2024-12-16 15:00:00,33.0,50.37075,2,17.370750427246094
2024-12-16 16:00:00,55.0,36.00876,2,-18.991241455078125
2024-12-16 17:00:00,53.0,48.273335,2,-4.726665496826172
2024-12-16 18:00:00,34.0,44.307697,2,10.307697296142578
2024-12-16 19:00:00,33.0,38.29762,2,5.297618865966797
2024-12-16 20:00:00,44.0,36.56584,2,-7.4341583251953125
2024-12-16 21:00:00,48.0,24.008562,2,-23.991437911987305
2024-12-16 22:00:00,40.0,29.569447,2,-10.430553436279297
2024-12-16 23:00:00,6.0,3.5373988,2,-2.4626011848449707
2024-12-17 00:00:00,0.0,0.28252628,2,0.28252628445625305
2024-12-17 01:00:00,0.0,0.208925,2,0.20892499387264252
2024-12-17 09:00:00,1.0,0.31968305,2,-0.6803169548511505
2024-12-17 10:00:00,24.0,7.2486315,2,-16.751368522644043
2024-12-17 11:00:00,20.0,18.313168,2,-1.6868324279785156
2024-12-17 12:00:00,43.0,39.86724,2,-3.1327590942382812
2024-12-17 13:00:00,61.0,48.449802,2,-12.55019760131836
2024-12-17 14:00:00,31.0,39.203415,2,8.203414916992188
2024-12-17 15:00:00,44.0,33.31597,2,-10.684028625488281
2024-12-17 16:00:00,48.0,28.028797,2,-19.971202850341797
2024-12-17 17:00:00,97.0,40.375175,2,-56.62482452392578
2024-12-17 18:00:00,83.0,48.523354,2,-34.476646423339844
2024-12-17 19:00:00,84.0,45.674145,2,-38.32585525512695
2024-12-17 20:00:00,40.0,43.43198,2,3.4319801330566406
2024-12-17 21:00:00,37.0,44.43866,2,7.43865966796875
2024-12-17 22:00:00,79.0,35.85515,2,-43.14485168457031
2024-12-17 23:00:00,34.0,15.568267,2,-18.43173313140869
2024-12-18 00:00:00,0.0,2.6562243,2,2.656224250793457
2024-12-18 01:00:00,0.0,2.1598299,2,2.15982985496521
2024-12-18 09:00:00,0.0,0.0,2,0.0
2024-12-18 10:00:00,21.0,7.269197,2,-13.7308030128479
2024-12-18 11:00:00,40.0,20.27318,2,-19.72681999206543
2024-12-18 12:00:00,30.0,48.6106,2,18.610599517822266
2024-12-18 13:00:00,55.0,65.142555,2,10.142555236816406
2024-12-18 14:00:00,47.0,50.84714,2,3.8471412658691406
2024-12-18 15:00:00,52.0,43.535305,2,-8.46469497680664
2024-12-18 16:00:00,79.0,57.486763,2,-21.51323699951172
2024-12-18 17:00:00,98.0,71.34146,2,-26.658538818359375
2024-12-18 18:00:00,122.0,82.41844,2,-39.58155822753906
2024-12-18 19:00:00,130.0,75.259575,2,-54.74042510986328
2024-12-18 20:00:00,132.0,83.41653,2,-48.583473205566406
2024-12-18 21:00:00,106.0,86.1662,2,-19.83380126953125
2024-12-18 22:00:00,144.0,91.06811,2,-52.93189239501953
2024-12-18 23:00:00,97.0,50.100666,2,-46.89933395385742
2024-12-19 00:00:00,12.0,31.151817,2,19.151817321777344
2024-12-19 01:00:00,0.0,2.827009,2,2.8270089626312256
2024-12-19 09:00:00,4.0,2.2571084,2,-1.742891550064087
2024-12-19 10:00:00,23.0,12.216962,2,-10.783038139343262
2024-12-19 11:00:00,12.0,23.42502,2,11.425020217895508
2024-12-19 12:00:00,64.0,58.19004,2,-5.809959411621094
2024-12-19 13:00:00,51.0,73.316505,2,22.316505432128906
2024-12-19 14:00:00,62.0,60.891613,2,-1.1083869934082031
2024-12-19 15:00:00,40.0,65.5916,2,25.591598510742188
2024-12-19 16:00:00,61.0,65.61615,2,4.61614990234375
2024-12-19 17:00:00,129.0,103.47756,2,-25.522438049316406
2024-12-19 18:00:00,145.0,106.58378,2,-38.416221618652344
2024-12-19 19:00:00,152.0,98.69755,2,-53.302452087402344
2024-12-19 20:00:00,168.0,99.03639,2,-68.96360778808594
2024-12-19 21:00:00,152.0,89.60481,2,-62.39518737792969
2024-12-19 22:00:00,146.0,102.75813,2,-43.24186706542969
2024-12-19 23:00:00,127.0,84.46917,2,-42.53083038330078
2024-12-20 00:00:00,182.0,92.25257,2,-89.74742889404297
2024-12-20 01:00:00,29.0,15.517962,2,-13.482037544250488
2024-12-20 09:00:00,5.0,4.424844,2,-0.5751562118530273
2024-12-20 10:00:00,76.0,21.934221,2,-54.065778732299805
2024-12-20 11:00:00,82.0,49.20128,2,-32.79872131347656
2024-12-20 12:00:00,44.0,92.20475,2,48.204750061035156
2024-12-20 13:00:00,51.0,106.06288,2,55.06288146972656
2024-12-20 14:00:00,107.0,95.455795,2,-11.544204711914062
2024-12-20 15:00:00,127.0,87.343346,2,-39.656654357910156
2024-12-20 16:00:00,127.0,103.22622,2,-23.773780822753906
2024-12-20 17:00:00,232.0,110.89403,2,-121.10597229003906
2024-12-20 18:00:00,189.0,112.70675,2,-76.29325103759766
2024-12-20 19:00:00,200.0,117.64181,2,-82.35819244384766
2024-12-20 20:00:00,215.0,119.67191,2,-95.32808685302734
2024-12-20 21:00:00,212.0,117.56444,2,-94.43556213378906
2024-12-20 22:00:00,212.0,141.01297,2,-70.98703002929688
2024-12-20 23:00:00,159.0,137.09146,2,-21.908538818359375
2024-12-21 00:00:00,153.0,107.33297,2,-45.667030334472656
2024-12-21 01:00:00,82.0,30.307035,2,-51.69296455383301
2024-12-21 09:00:00,6.0,2.7938402,2,-3.206159830093384
2024-12-21 10:00:00,21.0,20.066452,2,-0.9335479736328125
2024-12-21 11:00:00,68.0,98.213615,2,30.21361541748047
2024-12-21 12:00:00,96.0,169.90895,2,73.90895080566406
2024-12-21 13:00:00,117.0,131.29118,2,14.291183471679688
2024-12-21 14:00:00,79.0,179.32146,2,100.32145690917969
2024-12-21 15:00:00,134.0,124.732574,2,-9.267425537109375
2024-12-21 16:00:00,148.0,125.72999,2,-22.27001190185547
2024-12-21 17:00:00,198.0,114.759895,2,-83.24010467529297
2024-12-21 18:00:00,151.0,116.41531,2,-34.584686279296875
2024-12-21 19:00:00,208.0,115.77074,2,-92.22926330566406
2024-12-21 20:00:00,244.0,111.840256,2,-132.1597442626953
2024-12-21 21:00:00,244.0,122.094376,2,-121.90562438964844
2024-12-21 22:00:00,245.0,148.80145,2,-96.19854736328125
2024-12-21 23:00:00,282.0,142.74632,2,-139.25367736816406
2024-12-22 00:00:00,0.0,9.907037,2,9.907036781311035
2024-12-22 01:00:00,0.0,4.765136,2,4.765135765075684
2024-12-22 09:00:00,0.0,2.8484266,2,2.848426580429077
2024-12-22 10:00:00,20.0,26.200386,2,6.200386047363281
2024-12-22 11:00:00,29.0,94.02515,2,65.025146484375
2024-12-22 12:00:00,65.0,157.56557,2,92.56556701660156
2024-12-22 13:00:00,120.0,166.77933,2,46.779327392578125
2024-12-22 14:00:00,107.0,164.20757,2,57.20756530761719
2024-12-22 15:00:00,97.0,179.21988,2,82.21987915039062
2024-12-22 16:00:00,122.0,153.03047,2,31.030471801757812
2024-12-22 17:00:00,144.0,156.52411,2,12.52410888671875
2024-12-22 18:00:00,132.0,157.52153,2,25.521530151367188
2024-12-22 19:00:00,99.0,152.54132,2,53.54132080078125
2024-12-22 20:00:00,101.0,76.42096,2,-24.57904052734375
2024-12-22 21:00:00,113.0,72.63075,2,-40.36924743652344
2024-12-22 22:00:00,136.0,91.92583,2,-44.07417297363281
2024-12-22 23:00:00,39.0,59.370457,2,20.37045669555664
2024-12-23 00:00:00,1.0,3.9335911,2,2.93359112739563
2024-12-23 01:00:00,0.0,3.9963417,2,3.9963417053222656
2024-12-23 09:00:00,0.0,3.0638356,2,3.063835620880127
2024-12-23 10:00:00,17.0,11.148668,2,-5.85133171081543
2024-12-23 11:00:00,18.0,23.06326,2,5.063259124755859
2024-12-23 12:00:00,63.0,59.703865,2,-3.2961349487304688
2024-12-23 13:00:00,88.0,77.33375,2,-10.666252136230469
2024-12-23 14:00:00,86.0,56.393753,2,-29.606246948242188
2024-12-23 15:00:00,80.0,49.120144,2,-30.87985610961914
2024-12-23 16:00:00,112.0,41.069096,2,-70.93090438842773
2024-12-23 17:00:00,115.0,49.8953,2,-65.10469818115234
2024-12-23 18:00:00,123.0,56.306843,2,-66.69315719604492
2024-12-23 19:00:00,108.0,52.098972,2,-55.90102767944336
2024-12-23 20:00:00,89.0,50.70342,2,-38.29658126831055
2024-12-23 21:00:00,112.0,33.71947,2,-78.2805290222168
2024-12-23 22:00:00,134.0,45.082184,2,-88.91781616210938
2024-12-23 23:00:00,56.0,42.505047,2,-13.494953155517578
2024-12-24 00:00:00,0.0,1.6662167,2,1.6662167310714722
2024-12-24 01:00:00,0.0,2.0220675,2,2.0220675468444824
2024-12-24 09:00:00,0.0,3.5244727,2,3.524472713470459
2024-12-24 10:00:00,54.0,12.626887,2,-41.37311267852783
2024-12-24 11:00:00,27.0,23.795088,2,-3.2049121856689453
2024-12-24 12:00:00,127.0,51.149494,2,-75.85050582885742
2024-12-24 13:00:00,77.0,58.032467,2,-18.967533111572266
2024-12-24 14:00:00,130.0,47.47068,2,-82.5293197631836
2024-12-24 15:00:00,112.0,40.52204,2,-71.47795867919922
2024-12-24 16:00:00,96.0,31.25888,2,-64.74111938476562
2024-12-24 17:00:00,14.0,37.042187,2,23.042186737060547
2024-12-24 18:00:00,0.0,49.762672,2,49.762672424316406
2024-12-24 19:00:00,0.0,45.1019,2,45.101898193359375
2024-12-24 20:00:00,0.0,34.23888,2,34.2388801574707
2024-12-24 21:00:00,0.0,28.241219,2,28.24121856689453
2024-12-24 22:00:00,0.0,26.82209,2,26.82209014892578
2024-12-24 23:00:00,0.0,11.886454,2,11.886453628540039
2024-12-25 00:00:00,0.0,0.5869575,2,0.5869575142860413
2024-12-25 01:00:00,0.0,0.12319523,2,0.12319523096084595
2024-12-25 09:00:00,0.0,0.06261009,2,0.06261008977890015
2024-12-25 10:00:00,0.0,12.776629,2,12.776629447937012
2024-12-25 11:00:00,0.0,20.432497,2,20.432497024536133
2024-12-25 12:00:00,0.0,49.429897,2,49.42989730834961
2024-12-25 13:00:00,0.0,60.761253,2,60.761253356933594
2024-12-25 14:00:00,0.0,41.759323,2,41.75932312011719
2024-12-25 15:00:00,0.0,34.8483,2,34.84830093383789
2024-12-25 16:00:00,0.0,28.224443,2,28.224443435668945
2024-12-25 17:00:00,0.0,44.151196,2,44.15119552612305
2024-12-25 18:00:00,0.0,52.7804,2,52.780399322509766
2024-12-25 19:00:00,0.0,36.274685,2,36.27468490600586
2024-12-25 20:00:00,0.0,39.116093,2,39.116092681884766
2024-12-25 21:00:00,0.0,27.237854,2,27.23785400390625
2024-12-25 22:00:00,0.0,41.052784,2,41.05278396606445
2024-12-25 23:00:00,0.0,14.380252,2,14.38025188446045
2024-12-26 00:00:00,0.0,13.512083,2,13.512083053588867
2024-12-26 01:00:00,0.0,0.0,2,0.0
2024-12-26 09:00:00,0.0,0.7488538,2,0.7488538026809692
2024-12-26 10:00:00,12.0,10.229731,2,-1.7702693939208984
2024-12-26 11:00:00,16.0,28.223772,2,12.223772048950195
2024-12-26 12:00:00,35.0,48.140892,2,13.140892028808594
2024-12-26 13:00:00,58.0,50.643826,2,-7.356174468994141
2024-12-26 14:00:00,63.0,49.27677,2,-13.723228454589844
2024-12-26 15:00:00,66.0,37.74908,2,-28.250919342041016
2024-12-26 16:00:00,65.0,36.592686,2,-28.40731430053711
2024-12-26 17:00:00,93.0,73.261894,2,-19.73810577392578
2024-12-26 18:00:00,73.0,84.80155,2,11.801551818847656
2024-12-26 19:00:00,52.0,80.48087,2,28.480873107910156
2024-12-26 20:00:00,62.0,67.53067,2,5.530670166015625
2024-12-26 21:00:00,18.0,59.223248,2,41.22324752807617
2024-12-26 22:00:00,0.0,57.085403,2,57.08540344238281
2024-12-26 23:00:00,0.0,35.1322,2,35.132198333740234
2024-12-27 00:00:00,37.0,81.650314,2,44.65031433105469
2024-12-27 01:00:00,0.0,15.078862,2,15.078862190246582
2024-12-27 09:00:00,0.0,4.488712,2,4.488711833953857
2024-12-27 10:00:00,11.0,32.70126,2,21.70125961303711
2024-12-27 11:00:00,33.0,48.295296,2,15.295295715332031
2024-12-27 12:00:00,80.0,59.701244,2,-20.298755645751953
2024-12-27 13:00:00,79.0,73.82489,2,-5.17510986328125
2024-12-27 14:00:00,69.0,68.63469,2,-0.3653106689453125
2024-12-27 15:00:00,76.0,65.21595,2,-10.784049987792969
2024-12-27 16:00:00,69.0,64.23776,2,-4.762237548828125
2024-12-27 17:00:00,86.0,96.36115,2,10.361152648925781
2024-12-27 18:00:00,115.0,96.95257,2,-18.04743194580078
2024-12-27 19:00:00,110.0,108.17118,2,-1.8288192749023438
2024-12-27 20:00:00,78.0,94.95103,2,16.951026916503906
2024-12-27 21:00:00,44.0,90.08142,2,46.0814208984375
2024-12-27 22:00:00,77.0,106.3095,2,29.30950164794922
2024-12-27 23:00:00,85.0,92.97126,2,7.971260070800781
2024-12-28 00:00:00,90.0,85.90981,2,-4.090187072753906
2024-12-28 01:00:00,9.0,45.07448,2,36.07447814941406
2024-12-28 09:00:00,0.0,5.0331545,2,5.033154487609863
2024-12-28 10:00:00,24.0,28.73794,2,4.737939834594727
2024-12-28 11:00:00,50.0,48.075954,2,-1.9240455627441406
2024-12-28 12:00:00,76.0,86.2417,2,10.24169921875
2024-12-28 13:00:00,63.0,104.12635,2,41.12635040283203
2024-12-28 14:00:00,102.0,93.573906,2,-8.426094055175781
2024-12-28 15:00:00,93.0,93.05575,2,0.05574798583984375
2024-12-28 16:00:00,52.0,91.99152,2,39.99152374267578
2024-12-28 17:00:00,61.0,113.77054,2,52.770538330078125
2024-12-28 18:00:00,92.0,112.11864,2,20.118637084960938
2024-12-28 19:00:00,111.0,115.95259,2,4.9525909423828125
2024-12-28 20:00:00,58.0,109.94315,2,51.943153381347656
2024-12-28 21:00:00,72.0,98.10652,2,26.106521606445312
2024-12-28 22:00:00,112.0,118.317825,2,6.3178253173828125
2024-12-28 23:00:00,111.0,106.62947,2,-4.3705291748046875
2024-12-29 00:00:00,0.0,14.828041,2,14.828041076660156
2024-12-29 01:00:00,0.0,1.1149575,2,1.1149574518203735
2024-12-29 09:00:00,0.0,1.745253,2,1.7452529668807983
2024-12-29 10:00:00,1.0,23.421144,2,22.421144485473633
2024-12-29 11:00:00,20.0,57.18737,2,37.18737030029297
2024-12-29 12:00:00,54.0,72.879654,2,18.879653930664062
2024-12-29 13:00:00,56.0,80.99964,2,24.99964141845703
2024-12-29 14:00:00,124.0,73.45683,2,-50.54316711425781
2024-12-29 15:00:00,98.0,65.48734,2,-32.512657165527344
2024-12-29 16:00:00,122.0,71.71299,2,-50.287010192871094
2024-12-29 17:00:00,94.0,69.56313,2,-24.436866760253906
2024-12-29 18:00:00,83.0,64.42981,2,-18.5701904296875
2024-12-29 19:00:00,43.0,51.953243,2,8.953243255615234
2024-12-29 20:00:00,41.0,47.741028,2,6.74102783203125
2024-12-29 21:00:00,45.0,42.890675,2,-2.109325408935547
2024-12-29 22:00:00,34.0,48.239864,2,14.239864349365234
2024-12-29 23:00:00,9.0,24.706001,2,15.706001281738281
2024-12-30 00:00:00,1.0,0.05156241,2,-0.9484375901520252
2024-12-30 01:00:00,0.0,0.0,2,0.0
2024-12-30 09:00:00,0.0,0.0,2,0.0
2024-12-30 10:00:00,4.0,6.692719,2,2.692718982696533
2024-12-30 11:00:00,29.0,23.165205,2,-5.834794998168945
2024-12-30 12:00:00,55.0,54.527,2,-0.47299957275390625
2024-12-30 13:00:00,114.0,66.134575,2,-47.86542510986328
2024-12-30 14:00:00,77.0,61.138126,2,-15.861873626708984
2024-12-30 15:00:00,57.0,52.394104,2,-4.60589599609375
2024-12-30 16:00:00,57.0,55.362225,2,-1.6377754211425781
2024-12-30 17:00:00,43.0,66.59044,2,23.590438842773438
2024-12-30 18:00:00,79.0,62.957687,2,-16.042312622070312
2024-12-30 19:00:00,121.0,61.62455,2,-59.375450134277344
2024-12-30 20:00:00,112.0,52.172947,2,-59.82705307006836
2024-12-30 21:00:00,72.0,52.872437,2,-19.1275634765625
2024-12-30 22:00:00,87.0,57.603497,2,-29.396503448486328
2024-12-30 23:00:00,32.0,26.441856,2,-5.558143615722656
2024-12-31 00:00:00,43.0,1.3378794,2,-41.66212058067322
2024-12-31 01:00:00,6.0,1.9635943,2,-4.036405682563782
2024-12-31 09:00:00,0.0,0.7401936,2,0.7401936054229736
2024-12-31 10:00:00,2.0,21.425194,2,19.425193786621094
2024-12-31 11:00:00,39.0,29.859919,2,-9.140081405639648
2024-12-31 12:00:00,68.0,64.24193,2,-3.7580718994140625
2024-12-31 13:00:00,92.0,61.822834,2,-30.177165985107422
2024-12-31 14:00:00,68.0,62.763664,2,-5.236335754394531
2024-12-31 15:00:00,78.0,70.39184,2,-7.608161926269531
2024-12-31 16:00:00,46.0,58.019947,2,12.019947052001953
2024-12-31 17:00:00,83.0,59.599888,2,-23.40011215209961
2024-12-31 18:00:00,75.0,65.650826,2,-9.349174499511719
2024-12-31 19:00:00,96.0,66.91842,2,-29.081581115722656
2024-12-31 20:00:00,98.0,61.243988,2,-36.756011962890625
2024-12-31 21:00:00,98.0,53.63082,2,-44.369178771972656
2024-12-31 22:00:00,125.0,56.15642,2,-68.84357833862305
2024-12-31 23:00:00,110.0,38.52077,2,-71.47922897338867
2025-01-01 00:00:00,0.0,8.546542,2,8.546542167663574
2025-01-01 01:00:00,0.0,2.9629326,2,2.962932586669922
2025-01-01 09:00:00,4.0,2.0704916,2,-1.9295084476470947
2025-01-01 10:00:00,7.0,14.02368,2,7.023679733276367
2025-01-01 11:00:00,21.0,38.68346,2,17.683460235595703
2025-01-01 12:00:00,57.0,64.883644,2,7.883644104003906
2025-01-01 13:00:00,87.0,65.17675,2,-21.82324981689453
2025-01-01 14:00:00,71.0,59.223534,2,-11.776466369628906
2025-01-01 15:00:00,60.0,50.30155,2,-9.698448181152344
2025-01-01 16:00:00,43.0,53.41826,2,10.418258666992188
2025-01-01 17:00:00,70.0,61.320812,2,-8.679187774658203
2025-01-01 18:00:00,44.0,60.566578,2,16.566577911376953
2025-01-01 19:00:00,56.0,53.733494,2,-2.2665061950683594
2025-01-01 20:00:00,40.0,43.481117,2,3.4811172485351562
2025-01-01 21:00:00,13.0,41.726387,2,28.72638702392578
2025-01-01 22:00:00,12.0,47.51583,2,35.515830993652344
2025-01-01 23:00:00,0.0,22.403128,2,22.403127670288086
2025-01-02 00:00:00,2.0,21.01936,2,19.019359588623047
2025-01-02 01:00:00,2.0,2.0986037,2,0.09860372543334961
2025-01-02 09:00:00,3.0,2.654759,2,-0.34524106979370117
2025-01-02 10:00:00,0.0,12.496916,2,12.496915817260742
2025-01-02 11:00:00,30.0,23.928854,2,-6.071146011352539
2025-01-02 12:00:00,60.0,53.230076,2,-6.769924163818359
2025-01-02 13:00:00,67.0,65.56353,2,-1.4364700317382812
2025-01-02 14:00:00,66.0,60.25503,2,-5.744968414306641
2025-01-02 15:00:00,70.0,53.424736,2,-16.57526397705078
2025-01-02 16:00:00,61.0,52.642555,2,-8.357444763183594
2025-01-02 17:00:00,39.0,77.48859,2,38.48858642578125
2025-01-02 18:00:00,30.0,88.29174,2,58.29174041748047
2025-01-02 19:00:00,58.0,82.26709,2,24.26708984375
2025-01-02 20:00:00,56.0,79.35791,2,23.35791015625
2025-01-02 21:00:00,42.0,60.41946,2,18.41946029663086
2025-01-02 22:00:00,49.0,66.068634,2,17.068634033203125
2025-01-02 23:00:00,5.0,43.110928,2,38.11092758178711
2025-01-03 00:00:00,0.0,96.61831,2,96.6183090209961
2025-01-03 01:00:00,0.0,20.266241,2,20.2662410736084
2025-01-03 09:00:00,8.0,6.0781646,2,-1.9218354225158691
2025-01-03 10:00:00,24.0,32.905464,2,8.905464172363281
2025-01-03 11:00:00,14.0,51.7784,2,37.77840042114258
2025-01-03 12:00:00,67.0,68.66328,2,1.6632766723632812
2025-01-03 13:00:00,87.0,76.93555,2,-10.064453125
2025-01-03 14:00:00,78.0,77.217514,2,-0.7824859619140625
2025-01-03 15:00:00,61.0,66.48553,2,5.485527038574219
2025-01-03 16:00:00,44.0,60.257057,2,16.257057189941406
2025-01-03 17:00:00,81.0,86.16476,2,5.164756774902344
2025-01-03 18:00:00,69.0,91.138695,2,22.138694763183594
2025-01-03 19:00:00,73.0,101.96854,2,28.968536376953125
2025-01-03 20:00:00,105.0,89.056725,2,-15.943275451660156
2025-01-03 21:00:00,71.0,93.70058,2,22.700576782226562
2025-01-03 22:00:00,39.0,96.707504,2,57.70750427246094
2025-01-03 23:00:00,12.0,91.33508,2,79.3350830078125
2025-01-04 00:00:00,14.0,94.46069,2,80.460693359375
2025-01-04 01:00:00,1.0,48.77286,2,47.77286148071289
2025-01-04 09:00:00,0.0,7.5168166,2,7.51681661605835
2025-01-04 10:00:00,5.0,37.904964,2,32.904964447021484
2025-01-04 11:00:00,24.0,56.135773,2,32.135772705078125
2025-01-04 12:00:00,57.0,71.64902,2,14.649017333984375
2025-01-04 13:00:00,75.0,93.76433,2,18.764328002929688
2025-01-04 14:00:00,62.0,92.654144,2,30.654144287109375
2025-01-04 15:00:00,73.0,83.98456,2,10.98455810546875
2025-01-04 16:00:00,86.0,85.80775,2,-0.19225311279296875
2025-01-04 17:00:00,79.0,98.91346,2,19.91345977783203
2025-01-04 18:00:00,69.0,95.29779,2,26.29779052734375
2025-01-04 19:00:00,55.0,102.094765,2,47.094764709472656
2025-01-04 20:00:00,57.0,85.45217,2,28.452171325683594
2025-01-04 21:00:00,50.0,86.7891,2,36.789100646972656
2025-01-04 22:00:00,55.0,93.198746,2,38.19874572753906
2025-01-04 23:00:00,38.0,89.29871,2,51.29871368408203
2025-01-05 00:00:00,0.0,5.200743,2,5.200743198394775
2025-01-05 01:00:00,0.0,3.2335773,2,3.233577251434326
2025-01-05 09:00:00,0.0,1.1448106,2,1.1448105573654175
2025-01-05 10:00:00,2.0,21.808762,2,19.808761596679688
2025-01-05 11:00:00,10.0,46.51551,2,36.51551055908203
2025-01-05 12:00:00,25.0,62.129818,2,37.129817962646484
2025-01-05 13:00:00,20.0,58.15269,2,38.15269088745117
2025-01-05 14:00:00,14.0,71.69945,2,57.69944763183594
2025-01-05 15:00:00,16.0,51.221073,2,35.221073150634766
2025-01-05 16:00:00,34.0,65.94814,2,31.948143005371094
2025-01-05 17:00:00,43.0,69.35123,2,26.351226806640625
2025-01-05 18:00:00,29.0,50.039177,2,21.03917694091797
2025-01-05 19:00:00,3.0,45.107594,2,42.10759353637695
2025-01-05 20:00:00,23.0,35.316265,2,12.316265106201172
2025-01-05 21:00:00,15.0,30.725986,2,15.72598648071289
2025-01-05 22:00:00,3.0,24.975937,2,21.975936889648438
2025-01-05 23:00:00,0.0,33.968094,2,33.96809387207031
2025-01-06 00:00:00,2.0,0.0,2,-2.0
2025-01-06 01:00:00,0.0,0.0,2,0.0
2025-01-06 09:00:00,0.0,0.20641856,2,0.20641855895519257
2025-01-06 10:00:00,3.0,7.23415,2,4.234149932861328
2025-01-06 11:00:00,20.0,17.098846,2,-2.901153564453125
2025-01-06 12:00:00,15.0,37.872738,2,22.872737884521484
2025-01-06 13:00:00,10.0,44.77376,2,34.77376174926758
2025-01-06 14:00:00,21.0,38.001457,2,17.00145721435547
2025-01-06 15:00:00,28.0,30.985792,2,2.9857921600341797
2025-01-06 16:00:00,17.0,21.387503,2,4.387502670288086
2025-01-06 17:00:00,22.0,33.848003,2,11.848003387451172
2025-01-06 18:00:00,32.0,36.496796,2,4.496795654296875
2025-01-06 19:00:00,16.0,33.35787,2,17.357868194580078
2025-01-06 20:00:00,18.0,33.25096,2,15.250961303710938
2025-01-06 21:00:00,10.0,18.440018,2,8.440017700195312
2025-01-06 22:00:00,2.0,23.701946,2,21.701946258544922
2025-01-06 23:00:00,3.0,8.367503,2,5.3675031661987305
2025-01-07 00:00:00,4.0,3.8307784,2,-0.1692216396331787
2025-01-07 01:00:00,0.0,0.85619926,2,0.8561992645263672
2025-01-07 09:00:00,0.0,0.16563283,2,0.16563282907009125
2025-01-07 10:00:00,4.0,11.872307,2,7.872306823730469
2025-01-07 11:00:00,4.0,16.494167,2,12.49416732788086
2025-01-07 12:00:00,14.0,40.98398,2,26.983978271484375
2025-01-07 13:00:00,21.0,45.37768,2,24.377681732177734
2025-01-07 14:00:00,14.0,34.274178,2,20.27417755126953
2025-01-07 15:00:00,21.0,30.41451,2,9.414510726928711
2025-01-07 16:00:00,18.0,24.114822,2,6.1148223876953125
2025-01-07 17:00:00,24.0,37.317444,2,13.31744384765625
2025-01-07 18:00:00,19.0,39.690598,2,20.690597534179688
2025-01-07 19:00:00,25.0,33.587112,2,8.587112426757812
2025-01-07 20:00:00,9.0,24.451418,2,15.451417922973633
2025-01-07 21:00:00,10.0,17.693626,2,7.693626403808594
2025-01-07 22:00:00,22.0,21.846525,2,-0.1534748077392578
2025-01-07 23:00:00,2.0,9.750142,2,7.7501420974731445
2025-01-08 00:00:00,0.0,0.0,2,0.0
2025-01-08 01:00:00,0.0,0.0,2,0.0
2025-01-08 09:00:00,0.0,0.0,2,0.0
2025-01-08 10:00:00,0.0,6.871248,2,6.8712477684021
2025-01-08 11:00:00,2.0,13.161947,2,11.161947250366211
2025-01-08 12:00:00,26.0,29.064611,2,3.0646114349365234
2025-01-08 13:00:00,36.0,41.933132,2,5.933132171630859
2025-01-08 14:00:00,23.0,30.597626,2,7.597625732421875
2025-01-08 15:00:00,13.0,25.590908,2,12.59090805053711
2025-01-08 16:00:00,17.0,23.939196,2,6.93919563293457
2025-01-08 17:00:00,38.0,37.815613,2,-0.18438720703125
2025-01-08 18:00:00,36.0,46.238224,2,10.238224029541016
2025-01-08 19:00:00,19.0,44.376213,2,25.37621307373047
2025-01-08 20:00:00,11.0,32.507732,2,21.507732391357422
2025-01-08 21:00:00,13.0,24.429678,2,11.429677963256836
2025-01-08 22:00:00,2.0,37.252964,2,35.25296401977539
2025-01-08 23:00:00,0.0,14.423894,2,14.423893928527832
2025-01-09 00:00:00,0.0,9.513614,2,9.5136137008667
2025-01-09 01:00:00,0.0,0.0,2,0.0
2025-01-09 09:00:00,0.0,0.68416166,2,0.6841616630554199
2025-01-09 10:00:00,6.0,6.349668,2,0.349668025970459
2025-01-09 11:00:00,5.0,15.613471,2,10.613471031188965
2025-01-09 12:00:00,15.0,40.863007,2,25.863006591796875
2025-01-09 13:00:00,28.0,46.52377,2,18.52376937866211
2025-01-09 14:00:00,5.0,45.06781,2,40.06781005859375
2025-01-09 15:00:00,9.0,33.971973,2,24.971973419189453
2025-01-09 16:00:00,39.0,32.033222,2,-6.966777801513672
2025-01-09 17:00:00,57.0,66.688194,2,9.688194274902344
2025-01-09 18:00:00,31.0,64.84065,2,33.84065246582031
2025-01-09 19:00:00,27.0,65.870674,2,38.87067413330078
2025-01-09 20:00:00,21.0,56.98265,2,35.98265075683594
2025-01-09 21:00:00,22.0,40.128674,2,18.128673553466797
2025-01-09 22:00:00,18.0,43.056576,2,25.056575775146484
2025-01-09 23:00:00,8.0,23.521292,2,15.521291732788086
2025-01-10 00:00:00,74.0,71.56724,2,-2.4327621459960938
2025-01-10 01:00:00,16.0,8.8642845,2,-7.135715484619141
2025-01-10 09:00:00,0.0,3.430022,2,3.4300220012664795
2025-01-10 10:00:00,38.0,19.79937,2,-18.20063018798828
2025-01-10 11:00:00,14.0,31.643023,2,17.643022537231445
2025-01-10 12:00:00,49.0,55.114307,2,6.114307403564453
2025-01-10 13:00:00,24.0,56.10875,2,32.10874938964844
2025-01-10 14:00:00,34.0,52.274673,2,18.274673461914062
2025-01-10 15:00:00,41.0,52.947643,2,11.947643280029297
2025-01-10 16:00:00,19.0,57.85415,2,38.854148864746094
2025-01-10 17:00:00,40.0,75.53392,2,35.53392028808594
2025-01-10 18:00:00,66.0,76.764336,2,10.764335632324219
2025-01-10 19:00:00,54.0,79.447495,2,25.447494506835938
2025-01-10 20:00:00,43.0,81.43314,2,38.433143615722656
2025-01-10 21:00:00,18.0,84.82357,2,66.82357025146484
2025-01-10 22:00:00,77.0,93.52925,2,16.529251098632812
2025-01-10 23:00:00,74.0,85.086555,2,11.086555480957031
2025-01-11 00:00:00,59.0,88.31405,2,29.314048767089844
2025-01-11 01:00:00,18.0,30.491678,2,12.491678237915039
2025-01-11 09:00:00,0.0,5.3437724,2,5.3437724113464355
2025-01-11 10:00:00,13.0,25.915564,2,12.915563583374023
2025-01-11 11:00:00,44.0,46.426754,2,2.4267539978027344
2025-01-11 12:00:00,94.0,68.475914,2,-25.524085998535156
2025-01-11 13:00:00,73.0,78.167,2,5.166999816894531
2025-04-18 21:00:00,48.0,87.38885,3,39.38884735107422
2025-04-18 22:00:00,161.0,117.364845,3,-43.635154724121094
2025-04-18 23:00:00,66.0,113.10696,3,47.106956481933594
2025-04-19 00:00:00,60.0,89.17945,3,29.17945098876953
2025-04-19 01:00:00,1.0,11.365437,3,10.365436553955078
2025-04-19 09:00:00,2.0,7.3360844,3,5.336084365844727
2025-04-19 10:00:00,73.0,28.145914,3,-44.85408592224121
2025-04-19 11:00:00,64.0,61.379528,3,-2.620471954345703
2025-04-19 12:00:00,79.0,91.22585,3,12.225852966308594
2025-04-19 13:00:00,73.0,102.74164,3,29.74163818359375
2025-04-19 14:00:00,99.0,93.74695,3,-5.2530517578125
2025-04-19 15:00:00,124.0,95.846535,3,-28.153465270996094
2025-04-19 16:00:00,114.0,98.824,3,-15.176002502441406
2025-04-19 17:00:00,68.0,109.37525,3,41.37525177001953
2025-04-19 18:00:00,75.0,108.55626,3,33.55625915527344
2025-04-19 19:00:00,72.0,110.47612,3,38.47611999511719
2025-04-19 20:00:00,89.0,107.05696,3,18.056961059570312
2025-04-19 21:00:00,64.0,102.23388,3,38.23387908935547
2025-04-19 22:00:00,103.0,129.94272,3,26.942718505859375
2025-04-19 23:00:00,116.0,119.872154,3,3.8721542358398438
2025-04-20 00:00:00,1.0,7.8207045,3,6.820704460144043
2025-04-20 01:00:00,0.0,2.82647,3,2.826469898223877
2025-04-20 09:00:00,1.0,8.445576,3,7.445575714111328
2025-04-20 10:00:00,14.0,28.128923,3,14.128923416137695
2025-04-20 11:00:00,38.0,46.921333,3,8.921333312988281
2025-04-20 12:00:00,64.0,74.05598,3,10.055976867675781
2025-04-20 13:00:00,74.0,74.561226,3,0.5612258911132812
2025-04-20 14:00:00,68.0,72.95388,3,4.953880310058594
2025-04-20 15:00:00,96.0,61.307373,3,-34.692626953125
2025-04-20 16:00:00,44.0,67.1095,3,23.1094970703125
2025-04-20 17:00:00,80.0,67.2128,3,-12.787200927734375
2025-04-20 18:00:00,85.0,63.48326,3,-21.516738891601562
2025-04-20 19:00:00,60.0,50.10784,3,-9.892158508300781
2025-04-20 20:00:00,48.0,43.94912,3,-4.050880432128906
2025-04-20 21:00:00,57.0,41.03186,3,-15.9681396484375
2025-04-20 22:00:00,33.0,41.4289,3,8.428901672363281
2025-04-20 23:00:00,11.0,28.809912,3,17.809911727905273
2025-04-21 00:00:00,4.0,2.4994698,3,-1.5005302429199219
2025-04-21 01:00:00,0.0,1.8455507,3,1.8455506563186646
2025-04-21 09:00:00,1.0,2.7642353,3,1.764235258102417
2025-04-21 10:00:00,19.0,9.921332,3,-9.078667640686035
2025-04-21 11:00:00,37.0,32.72749,3,-4.272510528564453
2025-04-21 12:00:00,84.0,53.097374,3,-30.902626037597656
2025-04-21 13:00:00,72.0,55.52635,3,-16.473651885986328
2025-04-21 14:00:00,58.0,64.11237,3,6.112373352050781
2025-04-21 15:00:00,40.0,49.31111,3,9.311111450195312
2025-04-21 16:00:00,39.0,64.896034,3,25.896034240722656
2025-04-21 17:00:00,69.0,53.664284,3,-15.335716247558594
2025-04-21 18:00:00,52.0,54.35675,3,2.35675048828125
2025-04-21 19:00:00,61.0,56.421917,3,-4.578083038330078
2025-04-21 20:00:00,77.0,46.498207,3,-30.501792907714844
2025-04-21 21:00:00,26.0,42.67247,3,16.672470092773438
2025-04-21 22:00:00,16.0,36.661144,3,20.661144256591797
2025-04-21 23:00:00,6.0,24.960033,3,18.960033416748047
2025-04-22 00:00:00,7.0,1.4904487,3,-5.509551286697388
2025-04-22 01:00:00,0.0,1.4904487,3,1.4904487133026123
2025-04-22 09:00:00,6.0,2.2725651,3,-3.7274348735809326
2025-04-22 10:00:00,8.0,8.956649,3,0.9566488265991211
2025-04-22 11:00:00,30.0,36.0941,3,6.0941009521484375
2025-04-22 12:00:00,47.0,63.61644,3,16.616439819335938
2025-04-22 13:00:00,41.0,63.87918,3,22.879180908203125
2025-04-22 14:00:00,57.0,61.387527,3,4.3875274658203125
2025-04-22 15:00:00,64.0,54.59954,3,-9.400459289550781
2025-04-22 16:00:00,34.0,51.8389,3,17.83890151977539
2025-04-22 17:00:00,39.0,65.03716,3,26.03716278076172
2025-04-22 18:00:00,64.0,51.90151,3,-12.098491668701172
2025-04-22 19:00:00,51.0,47.89136,3,-3.1086387634277344
2025-04-22 20:00:00,45.0,43.085857,3,-1.9141426086425781
2025-04-22 21:00:00,38.0,38.939632,3,0.9396324157714844
2025-04-22 22:00:00,23.0,38.414894,3,15.414894104003906
2025-04-22 23:00:00,7.0,12.485218,3,5.485218048095703
2025-04-23 00:00:00,0.0,2.2403507,3,2.2403507232666016
2025-04-23 01:00:00,0.0,1.9910641,3,1.9910640716552734
2025-04-23 09:00:00,0.0,2.5352197,3,2.535219669342041
2025-04-23 10:00:00,2.0,8.041759,3,6.0417585372924805
2025-04-23 11:00:00,4.0,28.276773,3,24.27677345275879
2025-04-23 12:00:00,8.0,52.907646,3,44.90764617919922
2025-04-23 13:00:00,28.0,57.41696,3,29.416961669921875
2025-04-23 14:00:00,56.0,54.680725,3,-1.31927490234375
2025-04-23 15:00:00,35.0,41.230312,3,6.230312347412109
2025-04-23 16:00:00,24.0,39.67708,3,15.677078247070312
2025-04-23 17:00:00,43.0,52.35159,3,9.35158920288086
2025-04-23 18:00:00,51.0,52.366295,3,1.3662948608398438
2025-04-23 19:00:00,45.0,49.310154,3,4.310153961181641
2025-04-23 20:00:00,47.0,38.565414,3,-8.434585571289062
2025-04-23 21:00:00,26.0,35.173374,3,9.17337417602539
2025-04-23 22:00:00,33.0,32.32596,3,-0.674041748046875
2025-04-23 23:00:00,6.0,12.574434,3,6.574434280395508
2025-04-24 00:00:00,0.0,1.6017362,3,1.6017361879348755
2025-04-24 01:00:00,0.0,1.6017362,3,1.6017361879348755
2025-04-24 09:00:00,4.0,3.7054434,3,-0.2945566177368164
2025-04-24 10:00:00,0.0,8.810531,3,8.810530662536621
2025-04-24 11:00:00,27.0,25.867779,3,-1.1322212219238281
2025-04-24 12:00:00,43.0,52.54373,3,9.543731689453125
2025-04-24 13:00:00,49.0,58.80806,3,9.808059692382812
2025-04-24 14:00:00,17.0,56.49419,3,39.49419021606445
2025-04-24 15:00:00,48.0,51.188335,3,3.188335418701172
2025-04-24 16:00:00,60.0,44.7254,3,-15.274600982666016
2025-04-24 17:00:00,70.0,69.48491,3,-0.5150909423828125
2025-04-24 18:00:00,80.0,77.025856,3,-2.9741439819335938
2025-04-24 19:00:00,83.0,73.17665,3,-9.823348999023438
2025-04-24 20:00:00,79.0,63.9575,3,-15.042499542236328
2025-04-24 21:00:00,44.0,51.26802,3,7.2680206298828125
2025-04-24 22:00:00,25.0,44.752205,3,19.75220489501953
2025-04-24 23:00:00,6.0,21.817717,3,15.817716598510742
2025-04-25 00:00:00,134.0,62.780125,3,-71.21987533569336
2025-04-25 01:00:00,2.0,14.916816,3,12.916815757751465
2025-04-25 09:00:00,9.0,6.1188865,3,-2.8811135292053223
2025-04-25 10:00:00,29.0,19.700619,3,-9.299381256103516
2025-04-25 11:00:00,36.0,36.12542,3,0.12541961669921875
2025-04-25 12:00:00,51.0,73.41998,3,22.41998291015625
2025-04-25 13:00:00,64.0,75.38249,3,11.382492065429688
2025-04-25 14:00:00,64.0,73.2448,3,9.244796752929688
2025-04-25 15:00:00,52.0,65.127205,3,13.127204895019531
2025-04-25 16:00:00,68.0,70.231255,3,2.2312545776367188
2025-04-25 17:00:00,118.0,84.48181,3,-33.5181884765625
2025-04-25 18:00:00,78.0,101.48852,3,23.48851776123047
2025-04-25 19:00:00,79.0,99.21046,3,20.21045684814453
2025-04-25 20:00:00,81.0,102.371346,3,21.37134552001953
2025-04-25 21:00:00,85.0,93.06837,3,8.068367004394531
2025-04-25 22:00:00,133.0,121.332214,3,-11.66778564453125
2025-04-25 23:00:00,169.0,121.487236,3,-47.51276397705078
2025-04-26 00:00:00,60.0,92.82654,3,32.8265380859375
2025-04-26 01:00:00,3.0,10.34816,3,7.3481597900390625
2025-04-26 09:00:00,8.0,8.135601,3,0.13560104370117188
2025-04-26 10:00:00,25.0,34.009274,3,9.009273529052734
2025-04-26 11:00:00,42.0,70.867195,3,28.86719512939453
2025-04-26 12:00:00,66.0,93.112335,3,27.112335205078125
2025-04-26 13:00:00,70.0,99.33796,3,29.33795928955078
2025-04-26 14:00:00,124.0,98.67167,3,-25.328330993652344
2025-04-26 15:00:00,88.0,100.61527,3,12.615272521972656
2025-04-26 16:00:00,103.0,103.76303,3,0.763031005859375
2025-04-26 17:00:00,95.0,115.70298,3,20.702980041503906
2025-04-26 18:00:00,90.0,114.66478,3,24.664779663085938
2025-04-26 19:00:00,130.0,113.23206,3,-16.76793670654297
2025-04-26 20:00:00,113.0,104.11468,3,-8.885322570800781
2025-04-26 21:00:00,122.0,103.554146,3,-18.44585418701172
2025-04-26 22:00:00,114.0,131.95868,3,17.95867919921875
2025-04-26 23:00:00,65.0,136.9189,3,71.91889953613281
2025-04-27 00:00:00,0.0,9.342556,3,9.34255599975586
2025-04-27 01:00:00,0.0,2.3743072,3,2.374307155609131
2025-04-27 09:00:00,2.0,6.474451,3,4.474451065063477
2025-04-27 10:00:00,11.0,22.632175,3,11.63217544555664
2025-04-27 11:00:00,25.0,43.65191,3,18.65190887451172
2025-04-27 12:00:00,62.0,77.29524,3,15.295242309570312
2025-04-27 13:00:00,43.0,76.52081,3,33.52081298828125
2025-04-27 14:00:00,53.0,76.169655,3,23.169654846191406
2025-04-27 15:00:00,55.0,61.690964,3,6.6909637451171875
2025-04-27 16:00:00,44.0,59.784966,3,15.784965515136719
2025-04-27 17:00:00,56.0,64.70141,3,8.701408386230469
2025-04-27 18:00:00,31.0,58.050423,3,27.05042266845703
2025-04-27 19:00:00,13.0,44.40068,3,31.400680541992188
2025-04-27 20:00:00,20.0,40.0715,3,20.07149887084961
2025-04-27 21:00:00,18.0,30.916761,3,12.91676139831543
2025-04-27 22:00:00,7.0,34.87856,3,27.878559112548828
2025-04-27 23:00:00,1.0,21.815252,3,20.81525230407715
2025-04-28 00:00:00,0.0,1.7626277,3,1.7626277208328247
2025-04-28 01:00:00,0.0,1.1865159,3,1.1865159273147583
2025-04-28 09:00:00,4.0,2.1246872,3,-1.8753128051757812
2025-04-28 10:00:00,9.0,10.878833,3,1.8788328170776367
2025-04-28 11:00:00,28.0,26.80283,3,-1.1971702575683594
2025-04-28 12:00:00,33.0,41.365356,3,8.3653564453125
2025-04-28 13:00:00,92.0,47.32429,3,-44.67570877075195
2025-04-28 14:00:00,56.0,43.816425,3,-12.183574676513672
2025-04-28 15:00:00,36.0,35.118145,3,-0.8818550109863281
2025-04-28 16:00:00,32.0,45.032005,3,13.032005310058594
2025-04-28 17:00:00,40.0,42.817726,3,2.8177261352539062
2025-04-28 18:00:00,10.0,43.225826,3,33.225826263427734
2025-04-28 19:00:00,38.0,41.63475,3,3.6347503662109375
2025-04-28 20:00:00,24.0,36.825428,3,12.825428009033203
2025-04-28 21:00:00,21.0,27.259535,3,6.25953483581543
2025-04-28 22:00:00,6.0,26.250914,3,20.250913619995117
2025-04-28 23:00:00,5.0,13.089404,3,8.089404106140137
2025-04-29 00:00:00,0.0,1.5007666,3,1.500766634941101
2025-04-29 01:00:00,2.0,1.2810103,3,-0.7189897298812866
2025-04-29 09:00:00,0.0,2.7603388,3,2.76033878326416
2025-04-29 10:00:00,5.0,7.007051,3,2.0070509910583496
2025-04-29 11:00:00,27.0,17.651897,3,-9.348102569580078
2025-04-29 12:00:00,35.0,40.147984,3,5.147983551025391
2025-04-29 13:00:00,48.0,46.641262,3,-1.3587379455566406
2025-04-29 14:00:00,17.0,39.839287,3,22.83928680419922
2025-04-29 15:00:00,28.0,33.67064,3,5.6706390380859375
2025-04-29 16:00:00,46.0,28.553488,3,-17.44651222229004
2025-04-29 17:00:00,33.0,42.19189,3,9.191890716552734
2025-04-29 18:00:00,29.0,42.64366,3,13.643661499023438
2025-04-29 19:00:00,30.0,41.566372,3,11.56637191772461
2025-04-29 20:00:00,72.0,35.553886,3,-36.44611358642578
2025-04-29 21:00:00,31.0,30.45032,3,-0.5496807098388672
2025-04-29 22:00:00,38.0,26.01388,3,-11.986120223999023
2025-04-29 23:00:00,28.0,10.587006,3,-17.412994384765625
2025-04-30 00:00:00,0.0,1.7274568,3,1.72745680809021
2025-04-30 01:00:00,0.0,1.7274568,3,1.72745680809021
2025-04-30 09:00:00,1.0,1.9882972,3,0.9882972240447998
2025-04-30 10:00:00,10.0,6.3639307,3,-3.6360692977905273
2025-04-30 11:00:00,11.0,12.077116,3,1.0771160125732422
2025-04-30 12:00:00,54.0,31.705965,3,-22.294034957885742
2025-04-30 13:00:00,79.0,42.615753,3,-36.384246826171875
2025-04-30 14:00:00,15.0,38.64949,3,23.649490356445312
2025-04-30 15:00:00,30.0,28.964659,3,-1.0353412628173828
2025-04-30 16:00:00,15.0,33.55818,3,18.558181762695312
2025-04-30 17:00:00,37.0,41.66295,3,4.6629486083984375
2025-04-30 18:00:00,45.0,44.363625,3,-0.6363754272460938
2025-04-30 19:00:00,54.0,43.189243,3,-10.81075668334961
2025-04-30 20:00:00,52.0,39.60139,3,-12.398609161376953
2025-04-30 21:00:00,16.0,33.89087,3,17.890869140625
2025-04-30 22:00:00,6.0,32.21014,3,26.210140228271484
2025-04-30 23:00:00,0.0,20.631538,3,20.63153839111328
2025-05-01 00:00:00,0.0,1.2416017,3,1.2416017055511475
2025-05-01 01:00:00,0.0,1.2416017,3,1.2416017055511475
2025-05-01 09:00:00,0.0,1.7229542,3,1.7229541540145874
2025-05-01 10:00:00,4.0,7.513364,3,3.513363838195801
2025-05-01 11:00:00,8.0,22.52927,3,14.52927017211914
2025-05-01 12:00:00,62.0,44.491207,3,-17.508792877197266
2025-05-01 13:00:00,67.0,49.129284,3,-17.870716094970703
2025-05-01 14:00:00,53.0,45.029987,3,-7.970012664794922
2025-05-01 15:00:00,28.0,44.04653,3,16.046531677246094
2025-05-01 16:00:00,80.0,46.787136,3,-33.21286392211914
2025-05-01 17:00:00,73.0,67.52211,3,-5.4778900146484375
2025-05-01 18:00:00,103.0,80.03796,3,-22.96204376220703
2025-05-01 19:00:00,98.0,75.36177,3,-22.638229370117188
2025-05-01 20:00:00,36.0,71.67637,3,35.676368713378906
2025-05-01 21:00:00,70.0,57.9158,3,-12.08420181274414
2025-05-01 22:00:00,106.0,51.83596,3,-54.164039611816406
2025-05-01 23:00:00,11.0,27.496338,3,16.496337890625
2025-05-02 00:00:00,30.0,70.50765,3,40.507652282714844
2025-05-02 01:00:00,3.0,15.743911,3,12.743910789489746
2025-05-02 09:00:00,4.0,9.280729,3,5.280729293823242
2025-05-02 10:00:00,19.0,22.145248,3,3.1452484130859375
2025-05-02 11:00:00,43.0,32.792118,3,-10.207881927490234
2025-05-02 12:00:00,64.0,68.915405,3,4.9154052734375
2025-05-02 13:00:00,110.0,71.28705,3,-38.71295166015625
2025-05-02 14:00:00,86.0,71.17,3,-14.830001831054688
2025-05-02 15:00:00,75.0,62.619865,3,-12.380134582519531
2025-05-02 16:00:00,56.0,69.81774,3,13.817741394042969
2025-05-02 17:00:00,76.0,84.93705,3,8.937049865722656
2025-05-02 18:00:00,122.0,103.02413,3,-18.975868225097656
2025-05-02 19:00:00,108.0,94.712105,3,-13.287895202636719
2025-05-02 20:00:00,49.0,81.05281,3,32.05281066894531
2025-05-02 21:00:00,49.0,75.27277,3,26.27277374267578
2025-05-02 22:00:00,110.0,97.34767,3,-12.652328491210938
2025-05-02 23:00:00,65.0,89.17237,3,24.17237091064453
2025-05-03 00:00:00,88.0,71.189865,3,-16.810134887695312
2025-05-03 01:00:00,12.0,9.427569,3,-2.5724306106567383
2025-05-03 09:00:00,0.0,7.8837447,3,7.883744716644287
2025-05-03 10:00:00,22.0,33.56954,3,11.569538116455078
2025-05-03 11:00:00,108.0,56.30319,3,-51.69681167602539
2025-05-03 12:00:00,104.0,79.926506,3,-24.07349395751953
2025-05-03 13:00:00,72.0,92.81293,3,20.81292724609375
2025-05-03 14:00:00,94.0,89.35676,3,-4.643241882324219
2025-05-03 15:00:00,76.0,91.36072,3,15.3607177734375
2025-05-03 16:00:00,47.0,96.21847,3,49.218467712402344
2025-05-03 17:00:00,97.0,104.18224,3,7.182243347167969
2025-05-03 18:00:00,90.0,108.12827,3,18.128273010253906
2025-05-03 19:00:00,101.0,109.16627,3,8.166267395019531
2025-05-03 20:00:00,83.0,106.98151,3,23.98150634765625
2025-05-03 21:00:00,82.0,102.31173,3,20.311729431152344
2025-05-03 22:00:00,97.0,131.24481,3,34.24481201171875
2025-05-03 23:00:00,121.0,133.20978,3,12.20977783203125
2025-05-04 00:00:00,0.0,8.541613,3,8.54161262512207
2025-05-04 01:00:00,0.0,4.267816,3,4.267816066741943
2025-05-04 09:00:00,6.0,5.2026606,3,-0.7973394393920898
2025-05-04 10:00:00,5.0,22.937157,3,17.937156677246094
2025-05-04 11:00:00,40.0,44.254536,3,4.254535675048828
2025-05-04 12:00:00,74.0,74.04216,3,0.0421600341796875
2025-05-04 13:00:00,113.0,77.32856,3,-35.67144012451172
2025-05-04 14:00:00,112.0,78.49566,3,-33.50434112548828
2025-05-04 15:00:00,66.0,70.846146,3,4.8461456298828125
2025-05-04 16:00:00,82.0,73.24881,3,-8.751190185546875
2025-05-04 17:00:00,84.0,76.72132,3,-7.278678894042969
2025-05-04 18:00:00,96.0,73.86206,3,-22.137939453125
2025-05-04 19:00:00,95.0,70.489365,3,-24.510635375976562
2025-05-04 20:00:00,61.0,70.315346,3,9.315345764160156
2025-05-04 21:00:00,62.0,69.06872,3,7.068717956542969
2025-05-04 22:00:00,83.0,71.1794,3,-11.820602416992188
2025-05-04 23:00:00,75.0,80.9016,3,5.901603698730469
2025-05-05 00:00:00,0.0,4.2345314,3,4.234531402587891
2025-05-05 01:00:00,0.0,2.9021444,3,2.902144432067871
2025-05-05 09:00:00,0.0,4.2095504,3,4.209550380706787
2025-05-05 10:00:00,8.0,11.662294,3,3.662294387817383
2025-05-05 11:00:00,51.0,38.058815,3,-12.941184997558594
2025-05-05 12:00:00,31.0,64.12001,3,33.12001037597656
2025-05-05 13:00:00,93.0,69.55474,3,-23.44525909423828
2025-05-05 14:00:00,18.0,68.09745,3,50.097450256347656
2025-05-05 15:00:00,31.0,50.1147,3,19.114700317382812
2025-05-05 16:00:00,38.0,62.230713,3,24.230712890625
2025-05-05 17:00:00,51.0,61.968163,3,10.968162536621094
2025-05-05 18:00:00,57.0,62.811836,3,5.811836242675781
2025-05-05 19:00:00,36.0,60.288147,3,24.28814697265625
2025-05-05 20:00:00,30.0,40.53185,3,10.531848907470703
2025-05-05 21:00:00,20.0,33.347458,3,13.347457885742188
2025-05-05 22:00:00,21.0,30.475027,3,9.475027084350586
2025-05-05 23:00:00,25.0,18.959135,3,-6.040864944458008
2025-05-06 00:00:00,0.0,1.7765554,3,1.7765554189682007
2025-05-06 01:00:00,0.0,1.878752,3,1.8787519931793213
2025-05-06 09:00:00,4.0,2.647629,3,-1.3523709774017334
2025-05-06 10:00:00,2.0,6.7985992,3,4.7985992431640625
2025-05-06 11:00:00,31.0,29.61298,3,-1.3870201110839844
2025-05-06 12:00:00,20.0,45.061436,3,25.06143569946289
2025-05-06 13:00:00,33.0,52.060074,3,19.060073852539062
2025-05-06 14:00:00,39.0,45.65807,3,6.658069610595703
2025-05-06 15:00:00,29.0,39.035145,3,10.035144805908203
2025-05-06 16:00:00,22.0,37.68482,3,15.684818267822266
2025-05-06 17:00:00,28.0,45.74423,3,17.74422836303711
2025-05-06 18:00:00,13.0,50.818493,3,37.8184928894043
2025-05-06 19:00:00,44.0,44.84108,3,0.8410797119140625
2025-05-06 20:00:00,38.0,39.095043,3,1.0950431823730469
2025-05-06 21:00:00,23.0,32.58674,3,9.586738586425781
2025-05-06 22:00:00,15.0,30.892794,3,15.892793655395508
2025-05-06 23:00:00,17.0,17.412567,3,0.412567138671875
2025-05-07 00:00:00,0.0,1.1610624,3,1.1610623598098755
2025-05-07 01:00:00,0.0,1.1610624,3,1.1610623598098755
2025-05-07 09:00:00,4.0,2.3845222,3,-1.6154778003692627
2025-05-07 10:00:00,27.0,7.617662,3,-19.382338047027588
2025-05-07 11:00:00,1.0,13.8482275,3,12.848227500915527
2025-05-07 12:00:00,21.0,32.896263,3,11.896263122558594
2025-05-07 13:00:00,29.0,45.146587,3,16.146587371826172
2025-05-07 14:00:00,14.0,35.05968,3,21.059680938720703
2025-05-07 15:00:00,7.0,35.393223,3,28.39322280883789
2025-05-07 16:00:00,16.0,32.059032,3,16.059032440185547
2025-05-07 17:00:00,30.0,44.15309,3,14.153091430664062
2025-05-07 18:00:00,52.0,48.227974,3,-3.7720260620117188
2025-05-07 19:00:00,22.0,42.69879,3,20.69879150390625
2025-05-07 20:00:00,47.0,40.2449,3,-6.755100250244141
2025-05-07 21:00:00,22.0,36.53619,3,14.536190032958984
2025-05-07 22:00:00,43.0,33.06821,3,-9.93178939819336
2025-05-07 23:00:00,16.0,19.002588,3,3.0025882720947266
2025-05-08 00:00:00,0.0,1.1544774,3,1.1544773578643799
2025-05-08 01:00:00,0.0,1.1544774,3,1.1544773578643799
2025-05-08 09:00:00,0.0,1.0884856,3,1.088485598564148
2025-05-08 10:00:00,3.0,9.242864,3,6.242863655090332
2025-05-08 11:00:00,36.0,20.600742,3,-15.39925765991211
2025-05-08 12:00:00,40.0,45.86894,3,5.868938446044922
2025-05-08 13:00:00,34.0,47.193996,3,13.19399642944336
2025-05-08 14:00:00,22.0,46.343006,3,24.343006134033203
2025-05-08 15:00:00,22.0,44.274117,3,22.27411651611328
2025-05-08 16:00:00,43.0,43.593616,3,0.5936164855957031
2025-05-08 17:00:00,59.0,59.30486,3,0.3048591613769531
2025-05-08 18:00:00,52.0,75.205025,3,23.20502471923828
2025-05-08 19:00:00,71.0,68.06417,3,-2.9358291625976562
2025-05-08 20:00:00,82.0,57.069263,3,-24.930736541748047
2025-05-08 21:00:00,61.0,51.944286,3,-9.055713653564453
2025-05-08 22:00:00,85.0,53.11109,3,-31.88890838623047
2025-05-08 23:00:00,12.0,26.936718,3,14.936717987060547
2025-05-09 00:00:00,22.0,60.779728,3,38.779727935791016
2025-05-09 01:00:00,1.0,14.584024,3,13.584024429321289
2025-05-09 09:00:00,0.0,7.9172454,3,7.917245388031006
2025-05-09 10:00:00,10.0,25.391495,3,15.391494750976562
2025-05-09 11:00:00,18.0,35.45301,3,17.45301055908203
2025-05-09 12:00:00,40.0,72.91561,3,32.915611267089844
2025-05-09 13:00:00,102.0,81.80062,3,-20.199378967285156
2025-05-09 14:00:00,46.0,69.96118,3,23.961181640625
2025-05-09 15:00:00,54.0,66.71179,3,12.7117919921875
2025-05-09 16:00:00,33.0,55.451466,3,22.451465606689453
2025-05-09 17:00:00,48.0,76.45486,3,28.454856872558594
2025-05-09 18:00:00,105.0,88.92206,3,-16.07794189453125
2025-05-09 19:00:00,64.0,87.56872,3,23.56871795654297
2025-05-09 20:00:00,52.0,75.43814,3,23.438140869140625
2025-05-09 21:00:00,36.0,63.621586,3,27.621585845947266
2025-05-09 22:00:00,88.0,80.87336,3,-7.126640319824219
2025-05-09 23:00:00,58.0,78.91992,3,20.919921875
2025-05-10 00:00:00,67.0,67.62079,3,0.62078857421875
2025-05-10 01:00:00,23.0,11.300313,3,-11.699687004089355
2025-05-10 09:00:00,0.0,7.7249947,3,7.724994659423828
2025-05-10 10:00:00,22.0,30.234776,3,8.23477554321289
2025-05-10 11:00:00,50.0,61.28418,3,11.2841796875
2025-05-10 12:00:00,32.0,76.87088,3,44.870880126953125
2025-05-10 13:00:00,80.0,78.541916,3,-1.4580841064453125
2025-05-10 14:00:00,51.0,78.24448,3,27.244476318359375
2025-05-10 15:00:00,48.0,81.894135,3,33.894134521484375
2025-05-10 16:00:00,59.0,75.61058,3,16.610580444335938
2025-05-10 17:00:00,63.0,85.60981,3,22.60980987548828
2025-05-10 18:00:00,60.0,90.54474,3,30.54473876953125
2025-05-10 19:00:00,101.0,87.38825,3,-13.611747741699219
2025-05-10 20:00:00,65.0,79.1241,3,14.124099731445312
2025-05-10 21:00:00,52.0,73.143776,3,21.143775939941406
2025-05-10 22:00:00,55.0,86.52166,3,31.52165985107422
2025-05-10 23:00:00,49.0,79.63292,3,30.632919311523438
2025-05-11 00:00:00,0.0,9.891779,3,9.891778945922852
2025-05-11 01:00:00,0.0,6.237434,3,6.237433910369873
2025-05-11 09:00:00,0.0,3.5036232,3,3.5036232471466064
2025-05-11 10:00:00,33.0,24.320133,3,-8.679866790771484
2025-05-11 11:00:00,34.0,41.417286,3,7.417285919189453
2025-05-11 12:00:00,80.0,57.34089,3,-22.65911102294922
2025-05-11 13:00:00,86.0,65.40076,3,-20.5992431640625
2025-05-11 14:00:00,96.0,61.45976,3,-34.54024124145508
2025-05-11 15:00:00,16.0,60.336178,3,44.336177825927734
2025-05-11 16:00:00,64.0,57.360584,3,-6.639415740966797
2025-05-11 17:00:00,52.0,56.777565,3,4.777565002441406
2025-05-11 18:00:00,41.0,58.32723,3,17.327228546142578
2025-05-11 19:00:00,71.0,54.85293,3,-16.147071838378906
2025-05-11 20:00:00,49.0,48.41669,3,-0.5833091735839844
2025-05-11 21:00:00,43.0,43.726128,3,0.7261276245117188
2025-05-11 22:00:00,46.0,40.734333,3,-5.265666961669922
2025-05-11 23:00:00,7.0,34.511562,3,27.51156234741211
2025-05-12 00:00:00,0.0,2.5546396,3,2.5546395778656006
2025-05-12 01:00:00,0.0,2.232187,3,2.232187032699585
2025-05-12 09:00:00,0.0,3.2905266,3,3.2905266284942627
2025-05-12 10:00:00,9.0,13.265579,3,4.2655792236328125
2025-05-12 11:00:00,17.0,32.63479,3,15.634788513183594
2025-05-12 12:00:00,51.0,57.989223,3,6.989223480224609
2025-05-12 13:00:00,83.0,68.38304,3,-14.616958618164062
2025-05-12 14:00:00,37.0,65.98257,3,28.982566833496094
2025-05-12 15:00:00,20.0,52.602367,3,32.60236740112305
2025-05-12 16:00:00,73.0,63.295185,3,-9.704814910888672
2025-05-12 17:00:00,41.0,70.516304,3,29.51630401611328
2025-05-12 18:00:00,28.0,65.2879,3,37.28790283203125
2025-05-12 19:00:00,28.0,59.77852,3,31.778518676757812
2025-05-12 20:00:00,37.0,41.257305,3,4.257305145263672
2025-05-12 21:00:00,42.0,32.619026,3,-9.380973815917969
2025-05-12 22:00:00,37.0,31.287874,3,-5.712125778198242
2025-05-12 23:00:00,0.0,21.1494,3,21.14940071105957
2025-05-13 00:00:00,0.0,2.0845194,3,2.084519386291504
2025-05-13 01:00:00,0.0,2.0845194,3,2.084519386291504
2025-05-13 09:00:00,0.0,3.346972,3,3.3469719886779785
2025-05-13 10:00:00,0.0,8.732506,3,8.732505798339844
2025-05-13 11:00:00,37.0,31.227215,3,-5.772785186767578
2025-05-13 12:00:00,41.0,43.658733,3,2.658733367919922
2025-05-13 13:00:00,35.0,47.40024,3,12.40024185180664
2025-05-13 14:00:00,51.0,45.744003,3,-5.2559967041015625
2025-05-13 15:00:00,55.0,40.239166,3,-14.760833740234375
2025-05-13 16:00:00,46.0,40.33394,3,-5.6660614013671875
2025-05-13 17:00:00,75.0,47.895508,3,-27.1044921875
2025-05-13 18:00:00,24.0,50.031597,3,26.031597137451172
2025-05-13 19:00:00,33.0,45.36369,3,12.363689422607422
2025-05-13 20:00:00,24.0,39.375458,3,15.375457763671875
2025-05-13 21:00:00,35.0,34.323692,3,-0.6763076782226562
2025-05-13 22:00:00,40.0,34.454025,3,-5.5459747314453125
2025-05-13 23:00:00,26.0,14.345281,3,-11.654719352722168
2025-05-14 00:00:00,0.0,2.0350091,3,2.0350091457366943
2025-05-14 01:00:00,0.0,2.0315425,3,2.0315425395965576
2025-05-14 09:00:00,0.0,2.7492852,3,2.7492852210998535
2025-05-14 10:00:00,3.0,11.446092,3,8.446091651916504
2025-05-14 11:00:00,17.0,12.631445,3,-4.368555068969727
2025-05-14 12:00:00,27.0,36.647465,3,9.647464752197266
2025-05-14 13:00:00,11.0,44.778545,3,33.77854537963867
2025-05-14 14:00:00,30.0,43.597088,3,13.597087860107422
2025-05-14 15:00:00,21.0,33.066998,3,12.066997528076172
2025-05-14 16:00:00,10.0,32.964382,3,22.96438217163086
2025-05-14 17:00:00,53.0,44.88416,3,-8.115840911865234
2025-05-14 18:00:00,45.0,44.35031,3,-0.649688720703125
2025-05-14 19:00:00,35.0,40.226524,3,5.226524353027344
2025-05-14 20:00:00,31.0,33.675068,3,2.675067901611328
2025-05-14 21:00:00,24.0,28.326511,3,4.326511383056641
2025-05-14 22:00:00,22.0,28.386066,3,6.386066436767578
2025-05-14 23:00:00,2.0,10.990336,3,8.990336418151855
2025-05-15 00:00:00,0.0,1.2185735,3,1.2185734510421753
2025-05-15 01:00:00,0.0,1.2185735,3,1.2185734510421753
2025-05-15 09:00:00,9.0,1.5713888,3,-7.428611159324646
2025-05-15 10:00:00,2.0,5.14997,3,3.149970054626465
2025-05-15 11:00:00,47.0,22.152632,3,-24.847368240356445
2025-05-15 12:00:00,46.0,40.299576,3,-5.7004241943359375
2025-05-15 13:00:00,45.0,45.61771,3,0.6177101135253906
2025-05-15 14:00:00,46.0,43.676815,3,-2.3231849670410156
2025-05-15 15:00:00,21.0,42.92621,3,21.92620849609375
2025-05-15 16:00:00,32.0,39.78893,3,7.788928985595703
2025-05-15 17:00:00,64.0,56.350586,3,-7.6494140625
2025-05-15 18:00:00,56.0,61.814743,3,5.8147430419921875
2025-05-15 19:00:00,35.0,52.739265,3,17.73926544189453
2025-05-15 20:00:00,38.0,44.22641,3,6.226409912109375
2025-05-15 21:00:00,26.0,40.74725,3,14.747249603271484
2025-05-15 22:00:00,32.0,40.18292,3,8.182918548583984
2025-05-15 23:00:00,2.0,18.680643,3,16.68064308166504
2025-05-16 00:00:00,23.0,58.475872,3,35.47587203979492
2025-05-16 01:00:00,1.0,10.937885,3,9.937885284423828
2025-05-16 09:00:00,6.0,8.265531,3,2.265530586242676
2025-05-16 10:00:00,7.0,24.363218,3,17.363218307495117
2025-05-16 11:00:00,18.0,32.816296,3,14.816295623779297
2025-05-16 12:00:00,43.0,53.430733,3,10.430732727050781
2025-05-16 13:00:00,85.0,72.73336,3,-12.266639709472656
2025-05-16 14:00:00,58.0,66.79999,3,8.79998779296875
2025-05-16 15:00:00,29.0,58.39958,3,29.399578094482422
2025-05-16 16:00:00,19.0,56.873978,3,37.87397766113281
2025-05-16 17:00:00,61.0,86.8732,3,25.873199462890625
2025-05-16 18:00:00,90.0,91.52732,3,1.5273208618164062
2025-05-16 19:00:00,74.0,90.6493,3,16.64929962158203
2025-05-16 20:00:00,72.0,74.16424,3,2.1642379760742188
2025-08-22 09:00:00,0.0,2.599914,4,2.599914073944092
2025-08-22 10:00:00,40.0,17.39878,4,-22.601219177246094
2025-08-22 11:00:00,79.0,34.42424,4,-44.57575988769531
2025-08-22 12:00:00,69.0,72.343575,4,3.3435745239257812
2025-08-22 13:00:00,137.0,106.793365,4,-30.206634521484375
2025-08-22 14:00:00,89.0,86.8253,4,-2.1746978759765625
2025-08-22 15:00:00,92.0,74.372635,4,-17.627365112304688
2025-08-22 16:00:00,111.0,86.68089,4,-24.319107055664062
2025-08-22 17:00:00,107.0,113.37998,4,6.379981994628906
2025-08-22 18:00:00,121.0,115.26612,4,-5.733879089355469
2025-08-22 19:00:00,149.0,126.94642,4,-22.05358123779297
2025-08-22 20:00:00,155.0,128.40457,4,-26.595428466796875
2025-08-22 21:00:00,123.0,102.17579,4,-20.82421112060547
2025-08-22 22:00:00,127.0,143.63194,4,16.631942749023438
2025-08-22 23:00:00,85.0,128.9794,4,43.979400634765625
2025-08-23 00:00:00,124.0,119.282646,4,-4.717353820800781
2025-08-23 01:00:00,27.0,42.07766,4,15.077659606933594
2025-08-23 09:00:00,5.0,6.941905,4,1.9419050216674805
2025-08-23 10:00:00,32.0,27.412329,4,-4.587671279907227
2025-08-23 11:00:00,63.0,67.65073,4,4.650726318359375
2025-08-23 12:00:00,135.0,110.22298,4,-24.777023315429688
2025-08-23 13:00:00,99.0,133.19063,4,34.19062805175781
2025-08-23 14:00:00,129.0,111.742516,4,-17.257484436035156
2025-08-23 15:00:00,120.0,125.67614,4,5.676139831542969
2025-08-23 16:00:00,79.0,126.79447,4,47.794471740722656
2025-08-23 17:00:00,145.0,147.4323,4,2.4322967529296875
2025-08-23 18:00:00,116.0,151.30083,4,35.30082702636719
2025-08-23 19:00:00,77.0,147.48894,4,70.48893737792969
2025-08-23 20:00:00,73.0,143.93604,4,70.93603515625
2025-08-23 21:00:00,176.0,128.8009,4,-47.1990966796875
2025-08-23 22:00:00,198.0,163.37123,4,-34.62876892089844
2025-08-23 23:00:00,201.0,156.49864,4,-44.50135803222656
2025-08-24 00:00:00,0.0,11.188327,4,11.188326835632324
2025-08-24 01:00:00,0.0,6.003976,4,6.003975868225098
2025-08-24 09:00:00,0.0,8.492485,4,8.492485046386719
2025-08-24 10:00:00,24.0,31.254368,4,7.254367828369141
2025-08-24 11:00:00,78.0,65.96517,4,-12.034828186035156
2025-08-24 12:00:00,59.0,86.4316,4,27.431602478027344
2025-08-24 13:00:00,102.0,100.1976,4,-1.802398681640625
2025-08-24 14:00:00,109.0,81.380455,4,-27.619544982910156
2025-08-24 15:00:00,102.0,91.65638,4,-10.343620300292969
2025-08-24 16:00:00,118.0,78.11297,4,-39.88703155517578
2025-08-24 17:00:00,84.0,83.08759,4,-0.9124069213867188
2025-08-24 18:00:00,86.0,92.70673,4,6.706733703613281
2025-08-24 19:00:00,64.0,89.88152,4,25.88152313232422
2025-08-24 20:00:00,134.0,80.76089,4,-53.239112854003906
2025-08-24 21:00:00,126.0,67.99655,4,-58.003448486328125
2025-08-24 22:00:00,60.0,77.832504,4,17.832504272460938
2025-08-24 23:00:00,8.0,62.278652,4,54.27865219116211
2025-08-25 00:00:00,0.0,2.9392357,4,2.9392356872558594
2025-08-25 01:00:00,0.0,1.7370579,4,1.7370579242706299
2025-08-25 09:00:00,0.0,1.3067707,4,1.3067706823349
2025-08-25 10:00:00,16.0,21.826818,4,5.826818466186523
2025-08-25 11:00:00,25.0,41.792477,4,16.792476654052734
2025-08-25 12:00:00,56.0,76.30921,4,20.30921173095703
2025-08-25 13:00:00,89.0,81.27022,4,-7.7297821044921875
2025-08-25 14:00:00,66.0,64.92256,4,-1.0774383544921875
2025-08-25 15:00:00,44.0,55.945274,4,11.945274353027344
2025-08-25 16:00:00,97.0,55.568005,4,-41.4319953918457
2025-08-25 17:00:00,63.0,59.08165,4,-3.9183502197265625
2025-08-25 18:00:00,72.0,63.18915,4,-8.810848236083984
2025-08-25 19:00:00,83.0,72.72087,4,-10.279129028320312
2025-08-25 20:00:00,85.0,54.037556,4,-30.962444305419922
2025-08-25 21:00:00,37.0,39.06025,4,2.0602493286132812
2025-08-25 22:00:00,41.0,45.328613,4,4.32861328125
2025-08-25 23:00:00,9.0,19.95145,4,10.95145034790039
2025-08-26 00:00:00,0.0,1.8238852,4,1.823885202407837
2025-08-26 01:00:00,0.0,1.3254781,4,1.3254780769348145
2025-08-26 09:00:00,0.0,0.7859346,4,0.7859346270561218
2025-08-26 10:00:00,9.0,12.351773,4,3.351773262023926
2025-08-26 11:00:00,62.0,28.52404,4,-33.47595977783203
2025-08-26 12:00:00,42.0,67.683556,4,25.683555603027344
2025-08-26 13:00:00,91.0,69.60893,4,-21.391067504882812
2025-08-26 14:00:00,78.0,62.864758,4,-15.135242462158203
2025-08-26 15:00:00,51.0,47.7856,4,-3.2144012451171875
2025-08-26 16:00:00,47.0,47.21426,4,0.21426010131835938
2025-08-26 17:00:00,82.0,63.374443,4,-18.62555694580078
2025-08-26 18:00:00,80.0,77.68798,4,-2.3120193481445312
2025-08-26 19:00:00,61.0,61.779152,4,0.7791519165039062
2025-08-26 20:00:00,55.0,44.52003,4,-10.479969024658203
2025-08-26 21:00:00,40.0,41.75022,4,1.7502212524414062
2025-08-26 22:00:00,21.0,43.446007,4,22.446006774902344
2025-08-26 23:00:00,2.0,15.3799515,4,13.379951477050781
2025-08-27 00:00:00,0.0,0.6835184,4,0.6835184097290039
2025-08-27 01:00:00,0.0,0.8227745,4,0.8227745294570923
2025-08-27 09:00:00,1.0,2.0782535,4,1.0782535076141357
2025-08-27 10:00:00,15.0,8.81824,4,-6.181759834289551
2025-08-27 11:00:00,7.0,21.153294,4,14.15329360961914
2025-08-27 12:00:00,54.0,59.851818,4,5.851818084716797
2025-08-27 13:00:00,88.0,68.82389,4,-19.176109313964844
2025-08-27 14:00:00,42.0,54.3665,4,12.366500854492188
2025-08-27 15:00:00,30.0,48.374798,4,18.374797821044922
2025-08-27 16:00:00,40.0,50.955265,4,10.955265045166016
2025-08-27 17:00:00,84.0,77.30375,4,-6.696250915527344
2025-08-27 18:00:00,76.0,84.76445,4,8.764450073242188
2025-08-27 19:00:00,57.0,68.51069,4,11.510688781738281
2025-08-27 20:00:00,59.0,61.089447,4,2.089447021484375
2025-08-27 21:00:00,37.0,49.885258,4,12.885257720947266
2025-08-27 22:00:00,85.0,57.33109,4,-27.66891098022461
2025-08-27 23:00:00,31.0,28.501076,4,-2.4989242553710938
2025-08-28 00:00:00,6.0,1.3130524,4,-4.686947584152222
2025-08-28 01:00:00,1.0,1.3338331,4,0.33383309841156006
2025-08-28 09:00:00,4.0,1.6320481,4,-2.3679518699645996
2025-08-28 10:00:00,7.0,12.050629,4,5.050628662109375
2025-08-28 11:00:00,36.0,26.731344,4,-9.268655776977539
2025-08-28 12:00:00,82.0,55.181732,4,-26.818267822265625
2025-08-28 13:00:00,102.0,66.4758,4,-35.524200439453125
2025-08-28 14:00:00,37.0,59.530373,4,22.530372619628906
2025-08-28 15:00:00,48.0,49.15238,4,1.1523818969726562
2025-08-28 16:00:00,96.0,58.569496,4,-37.430503845214844
2025-08-28 17:00:00,77.0,92.49786,4,15.49786376953125
2025-08-28 18:00:00,86.0,92.34655,4,6.346549987792969
2025-08-28 19:00:00,110.0,89.22998,4,-20.77001953125
2025-08-28 20:00:00,90.0,80.38633,4,-9.613670349121094
2025-08-28 21:00:00,74.0,73.32393,4,-0.6760711669921875
2025-08-28 22:00:00,104.0,88.39231,4,-15.607688903808594
2025-08-28 23:00:00,107.0,72.8778,4,-34.12220001220703
2025-08-29 00:00:00,121.0,81.34833,4,-39.65167236328125
2025-08-29 01:00:00,35.0,8.584396,4,-26.415603637695312
2025-08-29 09:00:00,5.0,2.000593,4,-2.9994070529937744
2025-08-29 10:00:00,14.0,19.652008,4,5.652008056640625
2025-08-29 11:00:00,21.0,46.56271,4,25.56270980834961
2025-08-29 12:00:00,58.0,72.34421,4,14.344207763671875
2025-08-29 13:00:00,74.0,96.3426,4,22.34259796142578
2025-08-29 14:00:00,69.0,87.03492,4,18.03491973876953
2025-08-29 15:00:00,77.0,76.0827,4,-0.91729736328125
2025-08-29 16:00:00,59.0,82.61799,4,23.61798858642578
2025-08-29 17:00:00,91.0,113.051254,4,22.051254272460938
2025-08-29 18:00:00,94.0,123.52184,4,29.52184295654297
2025-08-29 19:00:00,104.0,116.82063,4,12.820632934570312
2025-08-29 20:00:00,113.0,110.20419,4,-2.795806884765625
2025-08-29 21:00:00,109.0,94.80336,4,-14.196640014648438
2025-08-29 22:00:00,124.0,109.30892,4,-14.691078186035156
2025-08-29 23:00:00,60.0,102.913635,4,42.91363525390625
2025-08-30 00:00:00,35.0,92.682724,4,57.68272399902344
2025-08-30 01:00:00,0.0,35.298416,4,35.29841613769531
2025-08-30 09:00:00,0.0,6.882765,4,6.88276481628418
2025-08-30 10:00:00,31.0,27.085438,4,-3.914562225341797
2025-08-30 11:00:00,33.0,66.01171,4,33.01171112060547
2025-08-30 12:00:00,95.0,97.57467,4,2.5746688842773438
2025-08-30 13:00:00,99.0,99.88202,4,0.88201904296875
2025-08-30 14:00:00,82.0,97.67432,4,15.67431640625
2025-08-30 15:00:00,105.0,105.76345,4,0.7634506225585938
2025-08-30 16:00:00,108.0,101.61598,4,-6.3840179443359375
2025-08-30 17:00:00,93.0,119.187096,4,26.187095642089844
2025-08-30 18:00:00,112.0,115.33888,4,3.3388824462890625
2025-08-30 19:00:00,128.0,115.16934,4,-12.830657958984375
2025-08-30 20:00:00,108.0,112.360214,4,4.3602142333984375
2025-08-30 21:00:00,101.0,110.08007,4,9.080070495605469
2025-08-30 22:00:00,107.0,115.19589,4,8.195892333984375
2025-08-30 23:00:00,65.0,102.49175,4,37.49175262451172
2025-08-31 00:00:00,0.0,16.0799,4,16.07990074157715
2025-08-31 01:00:00,0.0,1.4314964,4,1.4314963817596436
2025-08-31 09:00:00,2.0,6.2078867,4,4.207886695861816
2025-08-31 10:00:00,4.0,23.203474,4,19.203474044799805
2025-08-31 11:00:00,30.0,59.326775,4,29.32677459716797
2025-08-31 12:00:00,97.0,68.352104,4,-28.64789581298828
2025-08-31 13:00:00,72.0,78.4531,4,6.453102111816406
2025-08-31 14:00:00,45.0,70.35733,4,25.357330322265625
2025-08-31 15:00:00,72.0,75.322426,4,3.3224258422851562
2025-08-31 16:00:00,61.0,66.42368,4,5.423683166503906
2025-08-31 17:00:00,96.0,74.19624,4,-21.803756713867188
2025-08-31 18:00:00,95.0,82.218414,4,-12.781585693359375
2025-08-31 19:00:00,111.0,66.31801,4,-44.68199157714844
2025-08-31 20:00:00,57.0,61.632244,4,4.632244110107422
2025-08-31 21:00:00,30.0,51.282482,4,21.282482147216797
2025-08-31 22:00:00,32.0,53.75484,4,21.754840850830078
2025-08-31 23:00:00,4.0,33.76012,4,29.760120391845703
2025-09-01 00:00:00,0.0,2.3741019,4,2.3741018772125244
2025-09-01 01:00:00,0.0,1.8897403,4,1.8897403478622437
2025-09-01 09:00:00,0.0,0.2955928,4,0.2955928146839142
2025-09-01 10:00:00,30.0,17.215475,4,-12.784524917602539
2025-09-01 11:00:00,13.0,29.7546,4,16.754600524902344
2025-09-01 12:00:00,29.0,66.62558,4,37.625579833984375
2025-09-01 13:00:00,76.0,69.45325,4,-6.5467529296875
2025-09-01 14:00:00,29.0,49.803654,4,20.803653717041016
2025-09-01 15:00:00,74.0,47.951283,4,-26.048717498779297
2025-09-01 16:00:00,22.0,49.231483,4,27.231483459472656
2025-09-01 17:00:00,54.0,53.80319,4,-0.19681167602539062
2025-09-01 18:00:00,55.0,45.473915,4,-9.526084899902344
2025-09-01 19:00:00,60.0,53.239063,4,-6.760936737060547
2025-09-01 20:00:00,40.0,42.339375,4,2.339374542236328
2025-09-01 21:00:00,34.0,27.757465,4,-6.242534637451172
2025-09-01 22:00:00,33.0,29.418268,4,-3.5817317962646484
2025-09-01 23:00:00,3.0,7.945408,4,4.945407867431641
2025-09-02 00:00:00,0.0,1.4280343,4,1.4280343055725098
2025-09-02 01:00:00,0.0,1.2950305,4,1.2950304746627808
2025-09-02 09:00:00,2.0,0.7218107,4,-1.2781893014907837
2025-09-02 10:00:00,4.0,8.814447,4,4.814447402954102
2025-09-02 11:00:00,25.0,23.63372,4,-1.3662796020507812
2025-09-02 12:00:00,13.0,41.12608,4,28.126079559326172
2025-09-02 13:00:00,61.0,49.92211,4,-11.077888488769531
2025-09-02 14:00:00,49.0,47.664036,4,-1.3359642028808594
2025-09-02 15:00:00,30.0,37.401978,4,7.4019775390625
2025-09-02 16:00:00,35.0,34.255135,4,-0.7448654174804688
2025-09-02 17:00:00,83.0,55.109562,4,-27.890438079833984
2025-09-02 18:00:00,69.0,60.896957,4,-8.103042602539062
2025-09-02 19:00:00,62.0,49.02466,4,-12.975341796875
2025-09-02 20:00:00,50.0,36.64988,4,-13.350120544433594
2025-09-02 21:00:00,28.0,28.667011,4,0.6670112609863281
2025-09-02 22:00:00,15.0,28.608015,4,13.608015060424805
2025-09-02 23:00:00,0.0,8.387121,4,8.387121200561523
2025-09-03 00:00:00,0.0,1.1807072,4,1.1807072162628174
2025-09-03 01:00:00,0.0,0.9996498,4,0.9996498227119446
2025-09-03 09:00:00,2.0,3.1465847,4,1.1465847492218018
2025-09-03 10:00:00,15.0,10.942414,4,-4.057585716247559
2025-09-03 11:00:00,17.0,15.867184,4,-1.1328163146972656
2025-09-03 12:00:00,76.0,40.79183,4,-35.20817184448242
2025-09-03 13:00:00,58.0,53.49098,4,-4.509021759033203
2025-09-03 14:00:00,70.0,42.13895,4,-27.86104965209961
2025-09-03 15:00:00,73.0,44.667637,4,-28.33236312866211
2025-09-03 16:00:00,60.0,39.591698,4,-20.408302307128906
2025-09-03 17:00:00,29.0,59.851284,4,30.85128402709961
2025-09-03 18:00:00,55.0,69.0791,4,14.0791015625
2025-09-03 19:00:00,96.0,60.469563,4,-35.53043746948242
2025-09-03 20:00:00,41.0,59.38026,4,18.380260467529297
2025-09-03 21:00:00,41.0,46.036728,4,5.0367279052734375
2025-09-03 22:00:00,49.0,57.79798,4,8.797981262207031
2025-09-03 23:00:00,13.0,20.29464,4,7.294639587402344
2025-09-04 00:00:00,9.0,2.8582351,4,-6.141764879226685
2025-09-04 01:00:00,0.0,1.8804382,4,1.880438208580017
2025-09-04 09:00:00,0.0,2.1315577,4,2.1315577030181885
2025-09-04 10:00:00,20.0,10.711041,4,-9.288958549499512
2025-09-04 11:00:00,20.0,29.652988,4,9.65298843383789
2025-09-04 12:00:00,47.0,53.491222,4,6.491222381591797
2025-09-04 13:00:00,107.0,68.3982,4,-38.60179901123047
2025-09-04 14:00:00,52.0,54.69588,4,2.695880889892578
2025-09-04 15:00:00,17.0,50.686863,4,33.68686294555664
2025-09-04 16:00:00,61.0,60.35897,4,-0.6410293579101562
2025-09-04 17:00:00,66.0,83.01825,4,17.01824951171875
2025-09-04 18:00:00,102.0,90.10963,4,-11.890373229980469
2025-09-04 19:00:00,137.0,85.67518,4,-51.32482147216797
2025-09-04 20:00:00,72.0,70.436066,4,-1.563934326171875
2025-09-04 21:00:00,78.0,64.612976,4,-13.38702392578125
2025-09-04 22:00:00,74.0,73.64066,4,-0.35933685302734375
2025-09-04 23:00:00,41.0,43.522224,4,2.5222244262695312
2025-09-05 00:00:00,123.0,67.74166,4,-55.258338928222656
2025-09-05 01:00:00,23.0,10.723054,4,-12.276946067810059
2025-09-05 09:00:00,0.0,3.1822267,4,3.1822266578674316
2025-09-05 10:00:00,20.0,20.691368,4,0.6913681030273438
2025-09-05 11:00:00,40.0,35.59705,4,-4.402950286865234
2025-09-05 12:00:00,55.0,70.922966,4,15.922966003417969
2025-09-05 13:00:00,121.0,89.32776,4,-31.6722412109375
2025-09-05 14:00:00,55.0,84.78803,4,29.78803253173828
2025-09-05 15:00:00,78.0,74.653076,4,-3.346923828125
2025-09-05 16:00:00,82.0,84.46292,4,2.462921142578125
2025-09-05 17:00:00,86.0,107.85009,4,21.85009002685547
2025-09-05 18:00:00,135.0,121.1924,4,-13.807601928710938
2025-09-05 19:00:00,113.0,122.861725,4,9.861724853515625
2025-09-05 20:00:00,128.0,120.0368,4,-7.963203430175781
2025-09-05 21:00:00,158.0,102.65995,4,-55.340049743652344
2025-09-05 22:00:00,217.0,141.52953,4,-75.47047424316406
2025-09-05 23:00:00,145.0,142.72313,4,-2.2768707275390625
2025-09-06 00:00:00,68.0,103.09781,4,35.097808837890625
2025-09-06 01:00:00,2.0,26.575468,4,24.575468063354492
2025-09-06 09:00:00,16.0,9.615108,4,-6.384892463684082
2025-09-06 10:00:00,33.0,26.386349,4,-6.613651275634766
2025-09-06 11:00:00,41.0,58.454563,4,17.45456314086914
2025-09-06 12:00:00,89.0,93.39651,4,4.396507263183594
2025-09-06 13:00:00,104.0,105.255646,4,1.255645751953125
2025-09-06 14:00:00,107.0,104.13075,4,-2.8692474365234375
2025-09-06 15:00:00,144.0,108.80218,4,-35.19782257080078
2025-09-06 16:00:00,110.0,113.43832,4,3.4383163452148438
2025-09-06 17:00:00,145.0,125.34337,4,-19.656631469726562
2025-09-06 18:00:00,133.0,128.7567,4,-4.2433013916015625
2025-09-06 19:00:00,98.0,129.96341,4,31.963409423828125
2025-09-06 20:00:00,144.0,130.01035,4,-13.989654541015625
2025-09-06 21:00:00,84.0,130.15137,4,46.1513671875
2025-09-06 22:00:00,132.0,150.37636,4,18.376358032226562
2025-09-06 23:00:00,85.0,136.72821,4,51.72821044921875
2025-09-07 00:00:00,3.0,2.5977967,4,-0.4022033214569092
2025-09-07 01:00:00,0.0,0.0,4,0.0
2025-09-07 09:00:00,0.0,2.662003,4,2.6620030403137207
2025-09-07 10:00:00,10.0,22.989317,4,12.989316940307617
2025-09-07 11:00:00,71.0,57.943703,4,-13.056297302246094
2025-09-07 12:00:00,105.0,72.4909,4,-32.50910186767578
2025-09-07 13:00:00,93.0,74.26421,4,-18.73578643798828
2025-09-07 14:00:00,69.0,65.40756,4,-3.592437744140625
2025-09-07 15:00:00,92.0,69.45456,4,-22.545440673828125
2025-09-07 16:00:00,45.0,64.9744,4,19.974403381347656
2025-09-07 17:00:00,44.0,71.55241,4,27.552406311035156
2025-09-07 18:00:00,66.0,70.95186,4,4.9518585205078125
2025-09-07 19:00:00,68.0,66.448074,4,-1.5519256591796875
2025-09-07 20:00:00,52.0,51.523067,4,-0.4769325256347656
2025-09-07 21:00:00,31.0,28.121244,4,-2.878755569458008
2025-09-07 22:00:00,26.0,31.754604,4,5.754604339599609
2025-09-07 23:00:00,10.0,24.537128,4,14.537128448486328
2025-09-08 00:00:00,0.0,0.36039746,4,0.36039745807647705
2025-09-08 01:00:00,0.0,0.2811953,4,0.2811953127384186
2025-09-08 09:00:00,2.0,0.38031852,4,-1.619681477546692
2025-09-08 10:00:00,25.0,17.681538,4,-7.318462371826172
2025-09-08 11:00:00,24.0,27.227612,4,3.227611541748047
2025-09-08 12:00:00,93.0,56.429863,4,-36.57013702392578
2025-09-08 13:00:00,140.0,65.41399,4,-74.58601379394531
2025-09-08 14:00:00,53.0,46.305977,4,-6.694023132324219
2025-09-08 15:00:00,52.0,45.635296,4,-6.364704132080078
2025-09-08 16:00:00,57.0,47.29228,4,-9.707721710205078
2025-09-08 17:00:00,26.0,51.11357,4,25.113571166992188
2025-09-08 18:00:00,27.0,48.380367,4,21.380367279052734
2025-09-08 19:00:00,57.0,62.98534,4,5.985340118408203
2025-09-08 20:00:00,47.0,51.171455,4,4.171455383300781
2025-09-08 21:00:00,31.0,35.344044,4,4.344043731689453
2025-09-08 22:00:00,28.0,36.057564,4,8.057563781738281
2025-09-08 23:00:00,0.0,10.370029,4,10.37002944946289
2025-09-09 00:00:00,0.0,0.62916964,4,0.6291696429252625
2025-09-09 01:00:00,0.0,0.7684254,4,0.7684254050254822
2025-09-09 09:00:00,0.0,0.7761184,4,0.7761183977127075
2025-09-09 10:00:00,0.0,8.872113,4,8.872113227844238
2025-09-09 11:00:00,15.0,30.559584,4,15.55958366394043
2025-09-09 12:00:00,49.0,44.55024,4,-4.449760437011719
2025-09-09 13:00:00,76.0,66.315735,4,-9.68426513671875
2025-09-09 14:00:00,59.0,61.09757,4,2.0975685119628906
2025-09-09 15:00:00,37.0,45.012745,4,8.012744903564453
2025-09-09 16:00:00,28.0,45.254692,4,17.25469207763672
2025-09-09 17:00:00,77.0,62.46668,4,-14.533321380615234
2025-09-09 18:00:00,48.0,64.631134,4,16.631134033203125
2025-09-09 19:00:00,73.0,61.39121,4,-11.60879135131836
2025-09-09 20:00:00,53.0,46.043724,4,-6.956275939941406
2025-09-09 21:00:00,33.0,41.726116,4,8.726116180419922
2025-09-09 22:00:00,56.0,38.11381,4,-17.886188507080078
2025-09-09 23:00:00,30.0,11.633044,4,-18.366955757141113
2025-09-10 00:00:00,1.0,0.9173005,4,-0.0826994776725769
2025-09-10 01:00:00,0.0,1.1495153,4,1.1495152711868286
2025-09-10 09:00:00,2.0,1.119631,4,-0.8803689479827881
2025-09-10 10:00:00,5.0,7.8658037,4,2.8658037185668945
2025-09-10 11:00:00,54.0,15.120992,4,-38.879008293151855
2025-09-10 12:00:00,70.0,52.157776,4,-17.84222412109375
2025-09-10 13:00:00,89.0,52.005047,4,-36.99495315551758
2025-09-10 14:00:00,42.0,49.33694,4,7.336940765380859
2025-09-10 15:00:00,42.0,44.221783,4,2.221782684326172
2025-09-10 16:00:00,63.0,42.447895,4,-20.552104949951172
2025-09-10 17:00:00,56.0,63.898758,4,7.8987579345703125
2025-09-10 18:00:00,86.0,74.52444,4,-11.475563049316406
2025-09-10 19:00:00,64.0,65.21666,4,1.2166595458984375
2025-09-10 20:00:00,21.0,56.81403,4,35.814029693603516
2025-09-10 21:00:00,14.0,46.057777,4,32.057777404785156
2025-09-10 22:00:00,42.0,55.819923,4,13.819923400878906
2025-09-10 23:00:00,43.0,21.802786,4,-21.197214126586914
2025-09-11 00:00:00,0.0,1.8965361,4,1.896536111831665
2025-09-11 01:00:00,0.0,1.5226697,4,1.5226696729660034
2025-09-11 09:00:00,0.0,1.521985,4,1.5219850540161133
2025-09-11 10:00:00,12.0,10.117807,4,-1.882192611694336
2025-09-11 11:00:00,39.0,28.548765,4,-10.451234817504883
2025-09-11 12:00:00,106.0,56.457684,4,-49.54231643676758
2025-09-11 13:00:00,85.0,64.25235,4,-20.747650146484375
2025-09-11 14:00:00,41.0,53.77019,4,12.770191192626953
2025-09-11 15:00:00,26.0,45.811394,4,19.81139373779297
2025-09-11 16:00:00,30.0,58.818645,4,28.818645477294922
2025-09-11 17:00:00,68.0,77.2253,4,9.225303649902344
2025-09-11 18:00:00,109.0,82.90671,4,-26.093292236328125
2025-09-11 19:00:00,44.0,82.25843,4,38.25843048095703
2025-09-11 20:00:00,67.0,65.45754,4,-1.5424575805664062
2025-09-11 21:00:00,46.0,57.8838,4,11.883800506591797
2025-09-11 22:00:00,63.0,58.635216,4,-4.364784240722656
2025-09-11 23:00:00,40.0,35.400375,4,-4.5996246337890625
2025-09-12 00:00:00,24.0,62.1207,4,38.12070083618164
2025-09-12 01:00:00,0.0,12.4377165,4,12.437716484069824
2025-09-12 09:00:00,0.0,2.9345055,4,2.9345054626464844
2025-09-12 10:00:00,2.0,18.17417,4,16.174169540405273
2025-09-12 11:00:00,51.0,33.66524,4,-17.334758758544922
2025-09-12 12:00:00,80.0,67.302734,4,-12.697265625
2025-09-12 13:00:00,86.0,80.08541,4,-5.914588928222656
2025-09-12 14:00:00,55.0,66.492584,4,11.492584228515625
2025-09-12 15:00:00,74.0,59.442726,4,-14.557273864746094
2025-09-12 16:00:00,23.0,62.946945,4,39.94694519042969
2025-09-12 17:00:00,55.0,91.33468,4,36.334678649902344
2025-09-12 18:00:00,111.0,95.45862,4,-15.5413818359375
2025-09-12 19:00:00,109.0,98.18552,4,-10.814483642578125
2025-09-12 20:00:00,97.0,84.13416,4,-12.865837097167969
2025-09-12 21:00:00,102.0,77.44215,4,-24.55785369873047
2025-09-12 22:00:00,83.0,88.64773,4,5.647727966308594
2025-09-12 23:00:00,46.0,80.717766,4,34.71776580810547
2025-09-13 00:00:00,70.0,86.95006,4,16.950057983398438
2025-09-13 01:00:00,21.0,20.784048,4,-0.21595191955566406
2025-09-13 09:00:00,1.0,5.352916,4,4.3529157638549805
2025-09-13 10:00:00,41.0,25.50763,4,-15.49237060546875
2025-09-13 11:00:00,32.0,52.06085,4,20.060848236083984
2025-09-13 12:00:00,50.0,84.59858,4,34.59857940673828
2025-09-13 13:00:00,125.0,83.96392,4,-41.03607940673828
2025-09-13 14:00:00,99.0,91.50753,4,-7.492469787597656
2025-09-13 15:00:00,59.0,89.2937,4,30.293701171875
2025-09-13 16:00:00,113.0,90.21631,4,-22.78369140625
2025-09-13 17:00:00,94.0,106.38472,4,12.384719848632812
2025-09-13 18:00:00,130.0,106.795784,4,-23.20421600341797
2025-09-13 19:00:00,108.0,105.09839,4,-2.901611328125
2025-09-13 20:00:00,99.0,108.5306,4,9.530601501464844
2025-09-13 21:00:00,113.0,101.18536,4,-11.81463623046875
2025-09-13 22:00:00,110.0,124.29404,4,14.294036865234375
2025-09-13 23:00:00,70.0,113.98479,4,43.98478698730469
2025-09-14 00:00:00,0.0,6.5399504,4,6.539950370788574
2025-09-14 01:00:00,0.0,3.5127482,4,3.5127482414245605
2025-09-14 09:00:00,1.0,5.501932,4,4.501932144165039
2025-09-14 10:00:00,34.0,24.256485,4,-9.743515014648438
2025-09-14 11:00:00,43.0,66.71652,4,23.716522216796875
2025-09-14 12:00:00,68.0,73.04956,4,5.049560546875
2025-09-14 13:00:00,113.0,74.8171,4,-38.182899475097656
2025-09-14 14:00:00,81.0,60.53705,4,-20.46295166015625
2025-09-14 15:00:00,85.0,73.40628,4,-11.593719482421875
2025-09-14 16:00:00,91.0,52.41196,4,-38.58803939819336
2025-09-14 17:00:00,74.0,61.074738,4,-12.925262451171875
2025-09-14 18:00:00,59.0,68.91245,4,9.912452697753906
2025-09-14 19:00:00,30.0,63.64089,4,33.64088821411133
2025-09-14 20:00:00,40.0,58.555153,4,18.555152893066406
2025-09-14 21:00:00,31.0,39.603294,4,8.603294372558594
2025-09-14 22:00:00,62.0,37.8758,4,-24.12419891357422
2025-09-14 23:00:00,5.0,30.329626,4,25.329626083374023
2025-09-15 00:00:00,0.0,0.81383,4,0.8138300180435181
2025-09-15 01:00:00,0.0,0.0,4,0.0
2025-09-15 09:00:00,2.0,0.0,4,-2.0
2025-09-15 10:00:00,11.0,21.489838,4,10.489837646484375
2025-09-15 11:00:00,36.0,25.473804,4,-10.526195526123047
2025-09-15 12:00:00,76.0,54.983345,4,-21.01665496826172
2025-09-15 13:00:00,105.0,68.11833,4,-36.88166809082031
2025-09-15 14:00:00,58.0,44.08686,4,-13.913139343261719
2025-09-15 15:00:00,67.0,45.38738,4,-21.612621307373047
2025-09-15 16:00:00,43.0,42.125683,4,-0.8743171691894531
2025-09-15 17:00:00,62.0,52.970802,4,-9.029197692871094
2025-09-15 18:00:00,74.0,48.195095,4,-25.80490493774414
2025-09-15 19:00:00,33.0,62.880295,4,29.880294799804688
2025-09-15 20:00:00,28.0,54.81477,4,26.814769744873047
2025-09-15 21:00:00,35.0,35.47417,4,0.4741706848144531
2025-09-15 22:00:00,13.0,35.680725,4,22.68072509765625
2025-09-15 23:00:00,1.0,6.8939548,4,5.893954753875732
2025-09-16 00:00:00,0.0,0.0,4,0.0
2025-09-16 01:00:00,0.0,0.0,4,0.0
2025-09-16 09:00:00,0.0,0.4329949,4,0.43299490213394165
2025-09-16 10:00:00,0.0,6.7751465,4,6.775146484375
2025-09-16 11:00:00,27.0,27.063967,4,0.06396675109863281
2025-09-16 12:00:00,42.0,48.611042,4,6.611042022705078
2025-09-16 13:00:00,38.0,56.824814,4,18.824813842773438
2025-09-16 14:00:00,52.0,51.186512,4,-0.8134880065917969
2025-09-16 15:00:00,21.0,40.19929,4,19.199291229248047
2025-09-16 16:00:00,50.0,34.743736,4,-15.256263732910156
2025-09-16 17:00:00,37.0,57.14463,4,20.144630432128906
2025-09-16 18:00:00,71.0,62.42785,4,-8.572151184082031
2025-09-16 19:00:00,26.0,52.15456,4,26.154560089111328
2025-09-16 20:00:00,34.0,41.90924,4,7.90924072265625
2025-09-16 21:00:00,43.0,33.9589,4,-9.041099548339844
2025-09-16 22:00:00,40.0,30.03588,4,-9.964120864868164
2025-09-16 23:00:00,6.0,8.532389,4,2.532388687133789
2025-09-17 00:00:00,0.0,0.861074,4,0.8610739707946777
2025-09-17 01:00:00,0.0,0.0,4,0.0
2025-09-17 09:00:00,0.0,1.3795685,4,1.3795684576034546
2025-09-17 10:00:00,5.0,9.754827,4,4.754826545715332
2025-09-17 11:00:00,26.0,23.030104,4,-2.9698963165283203
2025-09-17 12:00:00,47.0,60.30441,4,13.30440902709961
2025-09-17 13:00:00,101.0,53.712975,4,-47.287025451660156
2025-09-17 14:00:00,15.0,45.888897,4,30.888896942138672
2025-09-17 15:00:00,51.0,40.4599,4,-10.54010009765625
2025-09-17 16:00:00,31.0,46.372158,4,15.37215805053711
2025-09-17 17:00:00,50.0,65.08414,4,15.084136962890625
2025-09-17 18:00:00,60.0,76.65144,4,16.651443481445312
2025-09-17 19:00:00,65.0,75.484505,4,10.484504699707031
2025-09-17 20:00:00,75.0,59.995598,4,-15.004402160644531
2025-09-17 21:00:00,120.0,53.25989,4,-66.74010848999023
2025-09-17 22:00:00,54.0,50.149876,4,-3.8501243591308594
2025-09-17 23:00:00,8.0,17.009382,4,9.009382247924805
2025-09-18 00:00:00,1.0,1.0499831,4,0.04998314380645752
2025-09-18 01:00:00,0.0,0.8031814,4,0.8031814098358154
2025-09-18 09:00:00,0.0,2.178332,4,2.1783320903778076
2025-09-18 10:00:00,15.0,11.48042,4,-3.5195798873901367
2025-09-18 11:00:00,13.0,33.753475,4,20.753475189208984
2025-09-18 12:00:00,35.0,61.21904,4,26.219039916992188
2025-09-18 13:00:00,49.0,66.89259,4,17.892593383789062
2025-09-18 14:00:00,59.0,52.985737,4,-6.014263153076172
2025-09-18 15:00:00,32.0,53.1653,4,21.165298461914062
2025-09-18 16:00:00,41.0,61.150925,4,20.150924682617188
2025-09-18 17:00:00,98.0,80.57262,4,-17.427383422851562
2025-09-18 18:00:00,105.0,90.36062,4,-14.639381408691406
2025-09-18 19:00:00,156.0,82.62044,4,-73.37956237792969
2025-09-18 20:00:00,105.0,72.489525,4,-32.510475158691406
2025-09-18 21:00:00,86.0,67.57102,4,-18.428977966308594
2025-09-18 22:00:00,101.0,77.20954,4,-23.79045867919922
2025-09-18 23:00:00,48.0,61.446854,4,13.446853637695312
2025-09-19 00:00:00,59.0,70.72638,4,11.72637939453125
2025-09-19 01:00:00,11.0,11.897716,4,0.8977155685424805
2025-12-25 10:00:00,0.0,10.300797,5,10.300797462463379
2025-12-25 11:00:00,0.0,20.00139,5,20.00139045715332
2025-12-25 12:00:00,0.0,48.384556,5,48.38455581665039
2025-12-25 13:00:00,0.0,49.604454,5,49.604454040527344
2025-12-25 14:00:00,0.0,22.94457,5,22.944570541381836
2025-12-25 15:00:00,0.0,23.446768,5,23.446767807006836
2025-12-25 16:00:00,0.0,18.093325,5,18.093324661254883
2025-12-25 17:00:00,0.0,52.221706,5,52.22170639038086
2025-12-25 18:00:00,0.0,47.08244,5,47.08243942260742
2025-12-25 19:00:00,0.0,42.305256,5,42.30525588989258
2025-12-25 20:00:00,0.0,38.821526,5,38.82152557373047
2025-12-25 21:00:00,0.0,33.30042,5,33.300418853759766
2025-12-25 22:00:00,0.0,34.442,5,34.44200134277344
2025-12-25 23:00:00,0.0,27.286203,5,27.286203384399414
2025-12-26 00:00:00,21.0,49.05327,5,28.053268432617188
2025-12-26 01:00:00,0.0,14.136476,5,14.136475563049316
2025-12-26 09:00:00,0.0,4.921205,5,4.921205043792725
2025-12-26 10:00:00,9.0,18.231882,5,9.231882095336914
2025-12-26 11:00:00,46.0,19.8642,5,-26.135799407958984
2025-12-26 12:00:00,67.0,31.505157,5,-35.494842529296875
2025-12-26 13:00:00,66.0,30.697548,5,-35.302452087402344
2025-12-26 14:00:00,109.0,32.898056,5,-76.10194396972656
2025-12-26 15:00:00,64.0,39.41065,5,-24.589351654052734
2025-12-26 16:00:00,98.0,32.899445,5,-65.10055541992188
2025-12-26 17:00:00,57.0,57.63,5,0.6300010681152344
2025-12-26 18:00:00,111.0,70.299164,5,-40.700836181640625
2025-12-26 19:00:00,116.0,83.37422,5,-32.62577819824219
2025-12-26 20:00:00,127.0,94.58132,5,-32.418678283691406
2025-12-26 21:00:00,127.0,99.84699,5,-27.15300750732422
2025-12-26 22:00:00,67.0,109.59463,5,42.594627380371094
2025-12-26 23:00:00,55.0,101.4934,5,46.49340057373047
2025-12-27 00:00:00,54.0,103.44455,5,49.444549560546875
2025-12-27 01:00:00,0.0,51.054478,5,51.05447769165039
2025-12-27 09:00:00,4.0,6.2635646,5,2.2635645866394043
2025-12-27 10:00:00,17.0,28.330612,5,11.330612182617188
2025-12-27 11:00:00,20.0,60.216873,5,40.21687316894531
2025-12-27 12:00:00,42.0,85.2506,5,43.25060272216797
2025-12-27 13:00:00,91.0,91.97724,5,0.9772415161132812
2025-12-27 14:00:00,70.0,91.215065,5,21.215065002441406
2025-12-27 15:00:00,70.0,92.91057,5,22.910568237304688
2025-12-27 16:00:00,125.0,100.569305,5,-24.430694580078125
2025-12-27 17:00:00,107.0,111.71819,5,4.718193054199219
2025-12-27 18:00:00,113.0,117.22636,5,4.226356506347656
2025-12-27 19:00:00,110.0,122.02984,5,12.029838562011719
2025-12-27 20:00:00,100.0,123.44417,5,23.444168090820312
2025-12-27 21:00:00,106.0,118.818344,5,12.818344116210938
2025-12-27 22:00:00,127.0,140.38742,5,13.387420654296875
2025-12-27 23:00:00,72.0,133.05394,5,61.05393981933594
2025-12-28 00:00:00,0.0,8.491094,5,8.491093635559082
2025-12-28 01:00:00,0.0,1.8801869,5,1.880186915397644
2025-12-28 09:00:00,5.0,4.1535573,5,-0.846442699432373
2025-12-28 10:00:00,4.0,21.339731,5,17.339731216430664
2025-12-28 11:00:00,51.0,52.855133,5,1.855133056640625
2025-12-28 12:00:00,65.0,77.076294,5,12.0762939453125
2025-12-28 13:00:00,106.0,78.113525,5,-27.886474609375
2025-12-28 14:00:00,70.0,81.28201,5,11.282012939453125
2025-12-28 15:00:00,73.0,79.91891,5,6.918907165527344
2025-12-28 16:00:00,70.0,81.38597,5,11.385971069335938
2025-12-28 17:00:00,81.0,91.24658,5,10.24658203125
2025-12-28 18:00:00,116.0,88.219315,5,-27.780685424804688
2025-12-28 19:00:00,133.0,74.24208,5,-58.75791931152344
2025-12-28 20:00:00,79.0,65.11856,5,-13.881439208984375
2025-12-28 21:00:00,68.0,67.918816,5,-0.08118438720703125
2025-12-28 22:00:00,41.0,72.068184,5,31.06818389892578
2025-12-28 23:00:00,29.0,41.720215,5,12.72021484375
2025-12-29 00:00:00,1.0,2.2459195,5,1.2459194660186768
2025-12-29 01:00:00,0.0,1.2476029,5,1.247602939605713
2025-12-29 09:00:00,0.0,0.76903254,5,0.7690325379371643
2025-12-29 10:00:00,10.0,15.569825,5,5.569825172424316
2025-12-29 11:00:00,17.0,29.544477,5,12.544477462768555
2025-12-29 12:00:00,64.0,67.66785,5,3.6678466796875
2025-12-29 13:00:00,69.0,75.48715,5,6.487152099609375
2025-12-29 14:00:00,112.0,68.2903,5,-43.70970153808594
2025-12-29 15:00:00,66.0,68.70085,5,2.7008514404296875
2025-12-29 16:00:00,93.0,67.03269,5,-25.967308044433594
2025-12-29 17:00:00,100.0,72.635475,5,-27.364524841308594
2025-12-29 18:00:00,96.0,73.06552,5,-22.934478759765625
2025-12-29 19:00:00,88.0,77.87771,5,-10.122291564941406
2025-12-29 20:00:00,98.0,74.054375,5,-23.94562530517578
2025-12-29 21:00:00,74.0,69.88746,5,-4.112541198730469
2025-12-29 22:00:00,76.0,80.75119,5,4.751190185546875
2025-12-29 23:00:00,47.0,47.02848,5,0.02848052978515625
2025-12-30 00:00:00,2.0,4.832601,5,2.8326010704040527
2025-12-30 01:00:00,0.0,1.9522525,5,1.9522525072097778
2025-12-30 09:00:00,0.0,3.8371809,5,3.8371808528900146
2025-12-30 10:00:00,16.0,12.290987,5,-3.709012985229492
2025-12-30 11:00:00,41.0,24.745592,5,-16.25440788269043
2025-12-30 12:00:00,43.0,68.32301,5,25.323013305664062
2025-12-30 13:00:00,92.0,70.963776,5,-21.036224365234375
2025-12-30 14:00:00,134.0,67.9108,5,-66.08920288085938
2025-12-30 15:00:00,95.0,69.28013,5,-25.719871520996094
2025-12-30 16:00:00,102.0,68.947655,5,-33.052345275878906
2025-12-30 17:00:00,75.0,78.32349,5,3.323486328125
2025-12-30 18:00:00,89.0,75.82205,5,-13.177947998046875
2025-12-30 19:00:00,91.0,74.36033,5,-16.639671325683594
2025-12-30 20:00:00,51.0,70.305336,5,19.305335998535156
2025-12-30 21:00:00,52.0,68.51714,5,16.51714324951172
2025-12-30 22:00:00,82.0,74.79816,5,-7.20184326171875
2025-12-30 23:00:00,47.0,58.323402,5,11.323402404785156
2025-12-31 00:00:00,44.0,18.601072,5,-25.398927688598633
2025-12-31 01:00:00,7.0,8.202954,5,1.2029542922973633
2025-12-31 09:00:00,17.0,7.9742455,5,-9.025754451751709
2025-12-31 10:00:00,10.0,67.78432,5,57.78431701660156
2025-12-31 11:00:00,62.0,35.986633,5,-26.01336669921875
2025-12-31 12:00:00,73.0,67.014984,5,-5.985015869140625
2025-12-31 13:00:00,137.0,72.92633,5,-64.07366943359375
2025-12-31 14:00:00,111.0,74.78586,5,-36.214141845703125
2025-12-31 15:00:00,81.0,72.71554,5,-8.284461975097656
2025-12-31 16:00:00,64.0,73.039764,5,9.039764404296875
2025-12-31 17:00:00,58.0,74.85584,5,16.85584259033203
2025-12-31 18:00:00,71.0,93.336365,5,22.33636474609375
2025-12-31 19:00:00,110.0,99.17705,5,-10.822952270507812
2025-12-31 20:00:00,138.0,99.21868,5,-38.78131866455078
2025-12-31 21:00:00,123.0,100.585365,5,-22.414634704589844
2025-12-31 22:00:00,192.0,101.1357,5,-90.86430358886719
2025-12-31 23:00:00,136.0,69.18139,5,-66.81861114501953
2026-01-01 00:00:00,0.0,47.811314,5,47.81131362915039
2026-01-01 01:00:00,0.0,3.0317228,5,3.0317227840423584
2026-01-01 09:00:00,1.0,6.6451497,5,5.6451497077941895
2026-01-01 10:00:00,14.0,11.499266,5,-2.500734329223633
2026-01-01 11:00:00,69.0,31.414736,5,-37.58526420593262
2026-01-01 12:00:00,49.0,74.834984,5,25.834983825683594
2026-01-01 13:00:00,120.0,82.695564,5,-37.30443572998047
2026-01-01 14:00:00,104.0,79.20889,5,-24.791107177734375
2026-01-01 15:00:00,109.0,83.55926,5,-25.44074249267578
2026-01-01 16:00:00,76.0,92.39375,5,16.393753051757812
2026-01-01 17:00:00,100.0,102.612434,5,2.6124343872070312
2026-01-01 18:00:00,108.0,107.002594,5,-0.997406005859375
2026-01-01 19:00:00,74.0,90.05054,5,16.050537109375
2026-01-01 20:00:00,41.0,85.17689,5,44.17688751220703
2026-01-01 21:00:00,44.0,75.58252,5,31.58251953125
2026-01-01 22:00:00,31.0,82.533,5,51.532997131347656
2026-01-01 23:00:00,8.0,64.06777,5,56.067771911621094
2026-01-02 00:00:00,14.0,71.49295,5,57.492950439453125
2026-01-02 01:00:00,0.0,15.99453,5,15.994529724121094
2026-01-02 09:00:00,4.0,6.5020685,5,2.502068519592285
2026-01-02 10:00:00,10.0,19.276728,5,9.276727676391602
2026-01-02 11:00:00,23.0,51.42826,5,28.428260803222656
2026-01-02 12:00:00,60.0,76.69711,5,16.697113037109375
2026-01-02 13:00:00,81.0,71.41641,5,-9.583587646484375
2026-01-02 14:00:00,76.0,68.81245,5,-7.187553405761719
2026-01-02 15:00:00,68.0,72.12347,5,4.123466491699219
2026-01-02 16:00:00,100.0,64.94081,5,-35.05918884277344
2026-01-02 17:00:00,98.0,80.02117,5,-17.97882843017578
2026-01-02 18:00:00,87.0,86.618286,5,-0.3817138671875
2026-01-02 19:00:00,112.0,96.115105,5,-15.884895324707031
2026-01-02 20:00:00,94.0,84.59587,5,-9.404129028320312
2026-01-02 21:00:00,56.0,83.88685,5,27.88684844970703
2026-01-02 22:00:00,54.0,78.88743,5,24.887428283691406
2026-01-02 23:00:00,25.0,71.35459,5,46.354591369628906
2026-01-03 00:00:00,2.0,79.75606,5,77.75605773925781
2026-01-03 01:00:00,0.0,32.763878,5,32.763877868652344
2026-01-03 09:00:00,0.0,6.3371515,5,6.337151527404785
2026-01-03 10:00:00,11.0,24.596039,5,13.596038818359375
2026-01-03 11:00:00,14.0,51.413094,5,37.41309356689453
2026-01-03 12:00:00,100.0,71.85952,5,-28.140480041503906
2026-01-03 13:00:00,121.0,79.100815,5,-41.89918518066406
2026-01-03 14:00:00,53.0,79.82364,5,26.823638916015625
2026-01-03 15:00:00,80.0,76.34949,5,-3.6505126953125
2026-01-03 16:00:00,75.0,70.64689,5,-4.353111267089844
2026-01-03 17:00:00,134.0,85.02254,5,-48.97746276855469
2026-01-03 18:00:00,90.0,91.15693,5,1.1569290161132812
2026-01-03 19:00:00,100.0,97.95696,5,-2.0430374145507812
2026-01-03 20:00:00,108.0,89.089584,5,-18.910415649414062
2026-01-03 21:00:00,86.0,98.96927,5,12.969268798828125
2026-01-03 22:00:00,69.0,104.57279,5,35.572792053222656
2026-01-03 23:00:00,33.0,90.02764,5,57.02764129638672
2026-01-04 00:00:00,1.0,4.904625,5,3.9046249389648438
2026-01-04 01:00:00,0.0,3.667804,5,3.667804002761841
2026-01-04 09:00:00,1.0,5.9704723,5,4.97047233581543
2026-01-04 10:00:00,9.0,18.837221,5,9.837221145629883
2026-01-04 11:00:00,36.0,47.796997,5,11.7969970703125
2026-01-04 12:00:00,63.0,63.79957,5,0.7995681762695312
2026-01-04 13:00:00,37.0,60.171,5,23.171001434326172
2026-01-04 14:00:00,67.0,60.83814,5,-6.161861419677734
2026-01-04 15:00:00,39.0,64.83849,5,25.83849334716797
2026-01-04 16:00:00,55.0,66.237816,5,11.237815856933594
2026-01-04 17:00:00,61.0,67.88142,5,6.881416320800781
2026-01-04 18:00:00,45.0,70.38903,5,25.38903045654297
2026-01-04 19:00:00,63.0,72.101494,5,9.101493835449219
2026-01-04 20:00:00,159.0,64.12638,5,-94.87361907958984
2026-01-04 21:00:00,171.0,65.26871,5,-105.73129272460938
2026-01-04 22:00:00,150.0,70.75934,5,-79.24066162109375
2026-01-04 23:00:00,78.0,50.73442,5,-27.265579223632812
2026-01-05 00:00:00,0.0,4.221609,5,4.221609115600586
2026-01-05 01:00:00,0.0,3.2444866,5,3.2444865703582764
2026-01-05 09:00:00,0.0,3.359008,5,3.3590080738067627
2026-01-05 10:00:00,6.0,12.919438,5,6.919438362121582
2026-01-05 11:00:00,26.0,31.11972,5,5.119720458984375
2026-01-05 12:00:00,37.0,69.03723,5,32.0372314453125
2026-01-05 13:00:00,55.0,69.39037,5,14.390373229980469
2026-01-05 14:00:00,27.0,55.528656,5,28.528656005859375
2026-01-05 15:00:00,30.0,45.041508,5,15.041507720947266
2026-01-05 16:00:00,21.0,45.338024,5,24.338024139404297
2026-01-05 17:00:00,34.0,47.385105,5,13.38510513305664
2026-01-05 18:00:00,24.0,43.765087,5,19.765087127685547
2026-01-05 19:00:00,19.0,45.339203,5,26.339202880859375
2026-01-05 20:00:00,15.0,33.381767,5,18.38176727294922
2026-01-05 21:00:00,24.0,15.584904,5,-8.415096282958984
2026-01-05 22:00:00,16.0,23.049955,5,7.049955368041992
2026-01-05 23:00:00,0.0,18.478987,5,18.478986740112305
2026-01-06 00:00:00,0.0,0.0,5,0.0
2026-01-06 01:00:00,0.0,0.0,5,0.0
2026-01-06 09:00:00,0.0,1.1580244,5,1.1580244302749634
2026-01-06 10:00:00,7.0,7.8611374,5,0.8611373901367188
2026-01-06 11:00:00,6.0,16.92676,5,10.926759719848633
2026-01-06 12:00:00,10.0,39.326363,5,29.32636260986328
2026-01-06 13:00:00,28.0,32.531578,5,4.531578063964844
2026-01-06 14:00:00,22.0,34.368824,5,12.368824005126953
2026-01-06 15:00:00,3.0,28.143566,5,25.143566131591797
2026-01-06 16:00:00,22.0,22.761839,5,0.7618389129638672
2026-01-06 17:00:00,17.0,32.55422,5,15.554218292236328
2026-01-06 18:00:00,25.0,38.802437,5,13.802436828613281
2026-01-06 19:00:00,32.0,39.575264,5,7.575263977050781
2026-01-06 20:00:00,5.0,30.523346,5,25.523345947265625
2026-01-06 21:00:00,6.0,19.15687,5,13.156869888305664
2026-01-06 22:00:00,7.0,21.473015,5,14.473014831542969
2026-01-06 23:00:00,0.0,16.20373,5,16.2037296295166
2026-01-07 00:00:00,0.0,37.1313,5,37.13130187988281
2026-01-07 01:00:00,0.0,0.0,5,0.0
2026-01-07 09:00:00,0.0,63.180927,5,63.18092727661133
2026-01-07 10:00:00,4.0,6.041085,5,2.0410847663879395
2026-01-07 11:00:00,2.0,21.699183,5,19.699182510375977
2026-01-07 12:00:00,2.0,30.250484,5,28.250484466552734
2026-01-07 13:00:00,43.0,41.684647,5,-1.3153533935546875
2026-01-07 14:00:00,18.0,34.28276,5,16.282760620117188
2026-01-07 15:00:00,15.0,25.50306,5,10.503059387207031
2026-01-07 16:00:00,12.0,33.338264,5,21.33826446533203
2026-01-07 17:00:00,34.0,34.201668,5,0.20166778564453125
2026-01-07 18:00:00,21.0,40.738964,5,19.738964080810547
2026-01-07 19:00:00,30.0,41.284557,5,11.284557342529297
2026-01-07 20:00:00,19.0,35.04762,5,16.047618865966797
2026-01-07 21:00:00,29.0,16.488699,5,-12.511301040649414
2026-01-07 22:00:00,28.0,15.452316,5,-12.547683715820312
2026-01-07 23:00:00,3.0,9.607943,5,6.607942581176758
2026-01-08 00:00:00,0.0,16.039528,5,16.039527893066406
2026-01-08 01:00:00,0.0,0.7006573,5,0.700657308101654
2026-01-08 09:00:00,0.0,1.292346,5,1.2923460006713867
2026-01-08 10:00:00,0.0,5.129584,5,5.129583835601807
2026-01-08 11:00:00,13.0,16.47389,5,3.4738903045654297
2026-01-08 12:00:00,14.0,31.73293,5,17.732929229736328
2026-01-08 13:00:00,33.0,41.882317,5,8.882316589355469
2026-01-08 14:00:00,12.0,32.29122,5,20.291221618652344
2026-01-08 15:00:00,0.0,37.214924,5,37.21492385864258
2026-01-08 16:00:00,12.0,32.21763,5,20.217628479003906
2026-01-08 17:00:00,32.0,49.490376,5,17.490375518798828
2026-01-08 18:00:00,45.0,49.536896,5,4.536895751953125
2026-01-08 19:00:00,38.0,48.031853,5,10.031852722167969
2026-01-08 20:00:00,30.0,42.358536,5,12.358535766601562
2026-01-08 21:00:00,22.0,37.98881,5,15.988811492919922
2026-01-08 22:00:00,22.0,39.221275,5,17.221275329589844
2026-01-08 23:00:00,1.0,23.856194,5,22.85619354248047
2026-01-09 00:00:00,69.0,45.761772,5,-23.23822784423828
2026-01-09 01:00:00,17.0,7.1522818,5,-9.847718238830566
2026-01-09 09:00:00,0.0,1.803307,5,1.803307056427002
2026-01-09 10:00:00,5.0,10.594291,5,5.594290733337402
2026-01-09 11:00:00,4.0,21.226524,5,17.226524353027344
2026-01-09 12:00:00,25.0,40.53677,5,15.53676986694336
2026-01-09 13:00:00,46.0,47.632664,5,1.6326637268066406
2026-01-09 14:00:00,17.0,47.651596,5,30.651596069335938
2026-01-09 15:00:00,28.0,49.932045,5,21.932044982910156
2026-01-09 16:00:00,50.0,52.557095,5,2.5570945739746094
2026-01-09 17:00:00,39.0,61.46797,5,22.467971801757812
2026-01-09 18:00:00,59.0,69.10004,5,10.10003662109375
2026-01-09 19:00:00,83.0,69.34247,5,-13.65753173828125
2026-01-09 20:00:00,50.0,59.545525,5,9.545524597167969
2026-01-09 21:00:00,49.0,55.795822,5,6.7958221435546875
2026-01-09 22:00:00,98.0,70.34636,5,-27.653640747070312
2026-01-09 23:00:00,71.0,57.83064,5,-13.169361114501953
2026-01-10 00:00:00,53.0,55.71683,5,2.7168312072753906
2026-01-10 01:00:00,5.0,18.114286,5,13.114286422729492
2026-01-10 09:00:00,0.0,4.030343,5,4.030343055725098
2026-01-10 10:00:00,28.0,15.624993,5,-12.375006675720215
2026-01-10 11:00:00,45.0,39.46012,5,-5.539878845214844
2026-01-10 12:00:00,55.0,65.6578,5,10.657798767089844
2026-01-10 13:00:00,89.0,73.272896,5,-15.727104187011719
2026-01-10 14:00:00,91.0,77.966896,5,-13.033103942871094
2026-01-10 15:00:00,106.0,75.011635,5,-30.988365173339844
2026-01-10 16:00:00,85.0,75.65847,5,-9.341529846191406
2026-01-10 17:00:00,110.0,86.7452,5,-23.254798889160156
2026-01-10 18:00:00,76.0,95.43717,5,19.437171936035156
2026-01-10 19:00:00,140.0,99.37916,5,-40.62084197998047
2026-01-10 20:00:00,116.0,100.10842,5,-15.891578674316406
2026-01-10 21:00:00,82.0,99.66254,5,17.66253662109375
2026-01-10 22:00:00,96.0,124.77799,5,28.777992248535156
2026-01-10 23:00:00,108.0,116.0649,5,8.064903259277344
2026-01-11 00:00:00,2.0,6.588856,5,4.588856220245361
2026-01-11 01:00:00,0.0,1.2990822,5,1.2990821599960327
2026-01-11 09:00:00,5.0,4.1230206,5,-0.8769793510437012
2026-01-11 10:00:00,9.0,20.086098,5,11.086097717285156
2026-01-11 11:00:00,42.0,42.581436,5,0.5814361572265625
2026-01-11 12:00:00,39.0,63.08496,5,24.0849609375
2026-01-11 13:00:00,51.0,67.59884,5,16.598838806152344
2026-01-11 14:00:00,58.0,61.10163,5,3.1016311645507812
2026-01-11 15:00:00,11.0,38.773827,5,27.773826599121094
2026-01-11 16:00:00,31.0,40.898266,5,9.898265838623047
2026-01-11 17:00:00,37.0,41.78797,5,4.787971496582031
2026-01-11 18:00:00,27.0,40.109158,5,13.10915756225586
2026-01-11 19:00:00,16.0,35.194405,5,19.19440460205078
2026-01-11 20:00:00,15.0,34.34975,5,19.349750518798828
2026-01-11 21:00:00,16.0,30.810785,5,14.810785293579102
2026-01-11 22:00:00,2.0,27.653662,5,25.653661727905273
2026-01-11 23:00:00,4.0,16.266348,5,12.266347885131836
2026-01-12 00:00:00,0.0,0.0,5,0.0
2026-01-12 01:00:00,0.0,0.0,5,0.0
2026-01-12 09:00:00,1.0,0.2883389,5,-0.7116611003875732
2026-01-12 10:00:00,2.0,6.5320697,5,4.532069683074951
2026-01-12 11:00:00,5.0,21.391273,5,16.391273498535156
2026-01-12 12:00:00,10.0,32.848034,5,22.848033905029297
2026-01-12 13:00:00,24.0,35.74847,5,11.748470306396484
2026-01-12 14:00:00,10.0,32.28102,5,22.281021118164062
2026-01-12 15:00:00,31.0,23.48526,5,-7.514739990234375
2026-01-12 16:00:00,23.0,21.910498,5,-1.0895023345947266
2026-01-12 17:00:00,13.0,29.459772,5,16.45977210998535
2026-01-12 18:00:00,33.0,27.993753,5,-5.006246566772461
2026-01-12 19:00:00,14.0,27.251345,5,13.251344680786133
2026-01-12 20:00:00,30.0,23.16957,5,-6.8304290771484375
2026-01-12 21:00:00,14.0,18.384682,5,4.384681701660156
2026-01-12 22:00:00,7.0,18.02997,5,11.029970169067383
2026-01-12 23:00:00,1.0,9.494861,5,8.494860649108887
2026-01-13 00:00:00,0.0,0.0,5,0.0
2026-01-13 01:00:00,0.0,0.0,5,0.0
2026-01-13 09:00:00,0.0,0.75766474,5,0.7576647400856018
2026-01-13 10:00:00,0.0,5.685521,5,5.685521125793457
2026-01-13 11:00:00,0.0,11.1003895,5,11.10038948059082
2026-01-13 12:00:00,21.0,21.300554,5,0.3005542755126953
2026-01-13 13:00:00,24.0,23.882349,5,-0.11765098571777344
2026-01-13 14:00:00,32.0,26.897541,5,-5.102458953857422
2026-01-13 15:00:00,33.0,21.49166,5,-11.508340835571289
2026-01-13 16:00:00,10.0,21.729221,5,11.72922134399414
2026-01-13 17:00:00,28.0,25.778486,5,-2.2215137481689453
2026-01-13 18:00:00,34.0,31.738214,5,-2.2617855072021484
2026-01-13 19:00:00,31.0,33.49269,5,2.4926910400390625
2026-01-13 20:00:00,9.0,26.908842,5,17.908842086791992
2026-01-13 21:00:00,3.0,16.265089,5,13.26508903503418
2026-01-13 22:00:00,1.0,14.692539,5,13.69253921508789
2026-01-13 23:00:00,0.0,10.352962,5,10.352961540222168
2026-01-14 00:00:00,0.0,3.6144276,5,3.6144275665283203
2026-01-14 01:00:00,0.0,0.0,5,0.0
2026-01-14 09:00:00,0.0,1.8290455,5,1.8290455341339111
2026-01-14 10:00:00,1.0,4.8993874,5,3.8993873596191406
2026-01-14 11:00:00,8.0,15.674871,5,7.674871444702148
2026-01-14 12:00:00,19.0,24.960352,5,5.960351943969727
2026-01-14 13:00:00,19.0,37.28651,5,18.286510467529297
2026-01-14 14:00:00,8.0,30.276293,5,22.27629280090332
2026-01-14 15:00:00,10.0,24.545956,5,14.545955657958984
2026-01-14 16:00:00,15.0,24.590805,5,9.590805053710938
2026-01-14 17:00:00,25.0,29.517944,5,4.5179443359375
2026-01-14 18:00:00,40.0,31.429905,5,-8.57009506225586
2026-01-14 19:00:00,9.0,32.30529,5,23.30529022216797
2026-01-14 20:00:00,7.0,29.928429,5,22.928428649902344
2026-01-14 21:00:00,3.0,26.488113,5,23.488113403320312
2026-01-14 22:00:00,8.0,21.89589,5,13.895889282226562
2026-01-14 23:00:00,0.0,8.242007,5,8.2420072555542
2026-01-15 00:00:00,0.0,11.334749,5,11.334749221801758
2026-01-15 01:00:00,0.0,0.0,5,0.0
2026-01-15 09:00:00,0.0,0.6186586,5,0.6186586022377014
2026-01-15 10:00:00,4.0,4.522529,5,0.522529125213623
2026-01-15 11:00:00,6.0,18.287045,5,12.287044525146484
2026-01-15 12:00:00,28.0,26.095716,5,-1.9042835235595703
2026-01-15 13:00:00,31.0,30.076847,5,-0.9231529235839844
2026-01-15 14:00:00,31.0,24.924217,5,-6.075782775878906
2026-01-15 15:00:00,15.0,27.418917,5,12.418916702270508
2026-01-15 16:00:00,42.0,28.882597,5,-13.117403030395508
2026-01-15 17:00:00,40.0,42.477566,5,2.4775657653808594
2026-01-15 18:00:00,57.0,49.901512,5,-7.098487854003906
2026-01-15 19:00:00,29.0,44.711285,5,15.711284637451172
2026-01-15 20:00:00,11.0,41.48813,5,30.488128662109375
2026-01-15 21:00:00,30.0,40.09937,5,10.099369049072266
2026-01-15 22:00:00,30.0,46.34037,5,16.340370178222656
2026-01-15 23:00:00,2.0,25.59568,5,23.595680236816406
2026-01-16 00:00:00,72.0,68.492905,5,-3.5070953369140625
2026-01-16 01:00:00,5.0,16.541883,5,11.54188346862793
2026-01-16 09:00:00,24.0,4.0178437,5,-19.98215627670288
2026-01-16 10:00:00,8.0,12.38689,5,4.386890411376953
2026-01-16 11:00:00,8.0,19.47598,5,11.475980758666992
2026-01-16 12:00:00,48.0,40.130886,5,-7.869113922119141
2026-01-16 13:00:00,81.0,45.376297,5,-35.62370300292969
2026-01-16 14:00:00,54.0,46.44465,5,-7.555351257324219
2026-01-16 15:00:00,41.0,49.512646,5,8.512645721435547
2026-01-16 16:00:00,43.0,63.762493,5,20.762493133544922
2026-01-16 17:00:00,52.0,75.78598,5,23.785980224609375
2026-01-16 18:00:00,88.0,78.73876,5,-9.261238098144531
2026-01-16 19:00:00,79.0,74.94368,5,-4.0563201904296875
2026-01-16 20:00:00,77.0,71.56436,5,-5.435638427734375
2026-01-16 21:00:00,81.0,73.82415,5,-7.175849914550781
2026-01-16 22:00:00,71.0,83.43764,5,12.437637329101562
2026-01-16 23:00:00,73.0,88.344345,5,15.344345092773438
2026-01-17 00:00:00,16.0,85.24581,5,69.24581146240234
2026-01-17 01:00:00,0.0,21.663822,5,21.663822174072266
2026-01-17 09:00:00,4.0,8.90918,5,4.9091796875
2026-01-17 10:00:00,30.0,21.202223,5,-8.79777717590332
2026-01-17 11:00:00,48.0,48.632027,5,0.6320266723632812
2026-01-17 12:00:00,94.0,83.2635,5,-10.736503601074219
2026-01-17 13:00:00,115.0,86.478424,5,-28.521575927734375
2026-01-17 14:00:00,66.0,86.85115,5,20.851150512695312
2026-01-17 15:00:00,117.0,85.00138,5,-31.998619079589844
2026-01-17 16:00:00,109.0,88.15159,5,-20.848411560058594
2026-01-17 17:00:00,70.0,99.79637,5,29.796371459960938
2026-01-17 18:00:00,175.0,99.15099,5,-75.84900665283203
2026-01-17 19:00:00,83.0,100.5917,5,17.591697692871094
2026-01-17 20:00:00,103.0,102.82211,5,-0.177886962890625
2026-01-17 21:00:00,109.0,101.621346,5,-7.378654479980469
2026-01-17 22:00:00,112.0,124.24357,5,12.243568420410156
2026-01-17 23:00:00,46.0,111.652596,5,65.65259552001953
2026-01-18 00:00:00,1.0,6.6787834,5,5.678783416748047
2026-01-18 01:00:00,1.0,2.8401606,5,1.840160608291626
2026-01-18 09:00:00,3.0,4.824172,5,1.824172019958496
2026-01-18 10:00:00,31.0,16.751614,5,-14.24838638305664
2026-01-18 11:00:00,57.0,44.260765,5,-12.739234924316406
2026-01-18 12:00:00,61.0,65.19653,5,4.196533203125
2026-01-18 13:00:00,62.0,68.25107,5,6.251068115234375
2026-01-18 14:00:00,79.0,69.432915,5,-9.567085266113281
2026-01-18 15:00:00,65.0,48.323586,5,-16.676414489746094
2026-01-18 16:00:00,42.0,49.082043,5,7.082042694091797
2026-01-18 17:00:00,35.0,47.86739,5,12.867389678955078
2026-01-18 18:00:00,11.0,43.37064,5,32.37063980102539
2026-01-18 19:00:00,23.0,36.532185,5,13.532184600830078
2026-01-18 20:00:00,34.0,33.713024,5,-0.2869758605957031
2026-01-18 21:00:00,33.0,31.900318,5,-1.0996818542480469
2026-01-18 22:00:00,13.0,32.468838,5,19.46883773803711
2026-01-18 23:00:00,2.0,18.31369,5,16.313690185546875
2026-01-19 00:00:00,0.0,2.6113908,5,2.6113908290863037
2026-01-19 01:00:00,0.0,2.0365117,5,2.0365116596221924
2026-01-19 09:00:00,0.0,2.1199167,5,2.1199166774749756
2026-01-19 10:00:00,2.0,10.76282,5,8.76282024383545
2026-01-19 11:00:00,8.0,20.970505,5,12.970504760742188
2026-01-19 12:00:00,13.0,29.637053,5,16.637052536010742
2026-01-19 13:00:00,32.0,36.64831,5,4.648311614990234
2026-01-19 14:00:00,27.0,33.87783,5,6.877830505371094
2026-01-19 15:00:00,36.0,26.557734,5,-9.442266464233398
2026-01-19 16:00:00,17.0,27.733452,5,10.733451843261719
2026-01-19 17:00:00,15.0,31.062475,5,16.062475204467773
2026-01-19 18:00:00,12.0,27.613592,5,15.613592147827148
2026-01-19 19:00:00,8.0,25.74667,5,17.74666976928711
2026-01-19 20:00:00,62.0,22.110832,5,-39.88916778564453
2026-01-19 21:00:00,34.0,19.683819,5,-14.316181182861328
2026-01-19 22:00:00,3.0,18.900433,5,15.900432586669922
2026-01-19 23:00:00,0.0,7.860877,5,7.86087703704834
2026-01-20 00:00:00,0.0,0.0,5,0.0
2026-01-20 01:00:00,0.0,0.0,5,0.0
2026-01-20 09:00:00,0.0,0.0,5,0.0
2026-01-20 10:00:00,0.0,4.959422,5,4.9594221115112305
2026-01-20 11:00:00,8.0,0.0,5,-8.0
2026-01-20 12:00:00,26.0,55.960827,5,29.960826873779297
2026-01-20 13:00:00,56.0,12.124109,5,-43.87589073181152
2026-01-20 14:00:00,16.0,17.968494,5,1.9684944152832031
2026-01-20 15:00:00,15.0,23.130146,5,8.130146026611328
2026-01-20 16:00:00,21.0,23.312609,5,2.3126087188720703
2026-01-20 17:00:00,30.0,25.354326,5,-4.645673751831055
2026-01-20 18:00:00,46.0,31.387283,5,-14.612716674804688
2026-01-20 19:00:00,51.0,34.250843,5,-16.749156951904297
2026-01-20 20:00:00,45.0,31.110888,5,-13.88911247253418
2026-01-20 21:00:00,27.0,27.577444,5,0.5774440765380859
2026-01-20 22:00:00,12.0,26.040304,5,14.040304183959961
2026-01-20 23:00:00,2.0,11.925771,5,9.92577075958252
2026-01-21 00:00:00,1.0,4.4411187,5,3.4411187171936035
2026-01-21 01:00:00,0.0,1.5209588,5,1.5209587812423706
2026-01-21 09:00:00,0.0,2.9349618,5,2.9349617958068848
2026-01-21 10:00:00,0.0,6.985519,5,6.985518932342529
2026-01-21 11:00:00,2.0,16.760307,5,14.760307312011719
2026-01-21 12:00:00,12.0,27.403051,5,15.403051376342773
2026-01-21 13:00:00,28.0,36.752728,5,8.752727508544922
2026-01-21 14:00:00,4.0,25.260136,5,21.260135650634766
2026-01-21 15:00:00,2.0,19.547894,5,17.547893524169922
2026-01-21 16:00:00,17.0,25.141336,5,8.141336441040039
2026-01-21 17:00:00,23.0,29.815466,5,6.815465927124023
2026-01-21 18:00:00,15.0,21.55416,5,6.554159164428711
2026-01-21 19:00:00,22.0,22.537529,5,0.5375289916992188
2026-01-21 20:00:00,52.0,34.241154,5,-17.758846282958984
2026-01-21 21:00:00,36.0,25.34586,5,-10.65414047241211
2026-01-21 22:00:00,38.0,23.247616,5,-14.752384185791016
2026-01-21 23:00:00,21.0,10.041576,5,-10.958423614501953
2026-01-22 00:00:00,0.0,11.734568,5,11.734567642211914
2026-01-22 01:00:00,0.0,0.9214524,5,0.9214524030685425
2026-01-22 09:00:00,0.0,1.0084451,5,1.008445143699646
2026-04-29 17:00:00,31.0,46.818756,6,15.818756103515625
2026-04-29 18:00:00,53.0,51.017597,6,-1.9824028015136719
2026-04-29 19:00:00,75.0,57.43278,6,-17.567218780517578
2026-04-29 20:00:00,81.0,44.978138,6,-36.0218620300293
2026-04-29 21:00:00,70.0,36.747635,6,-33.25236511230469
2026-04-29 22:00:00,60.0,41.159527,6,-18.840473175048828
2026-04-29 23:00:00,21.0,22.39987,6,1.3998699188232422
2026-04-30 00:00:00,13.0,4.5221844,6,-8.477815628051758
2026-04-30 01:00:00,0.0,0.81638926,6,0.816389262676239
2026-04-30 09:00:00,14.0,0.1798302,6,-13.820169806480408
2026-04-30 10:00:00,4.0,5.8379464,6,1.8379464149475098
2026-04-30 11:00:00,37.0,18.440361,6,-18.55963897705078
2026-04-30 12:00:00,72.0,45.20763,6,-26.792369842529297
2026-04-30 13:00:00,30.0,58.71808,6,28.71807861328125
2026-04-30 14:00:00,34.0,48.03451,6,14.03451156616211
2026-04-30 15:00:00,23.0,43.153133,6,20.153133392333984
2026-04-30 16:00:00,43.0,50.097244,6,7.0972442626953125
2026-04-30 17:00:00,78.0,71.88157,6,-6.118431091308594
2026-04-30 18:00:00,92.0,83.356606,6,-8.643394470214844
2026-04-30 19:00:00,105.0,84.64949,6,-20.350509643554688
2026-04-30 20:00:00,95.0,80.69687,6,-14.303131103515625
2026-04-30 21:00:00,106.0,76.34965,6,-29.650352478027344
2026-04-30 22:00:00,42.0,89.40811,6,47.408111572265625
2026-04-30 23:00:00,55.0,73.27762,6,18.277618408203125
2026-05-01 00:00:00,145.0,67.8112,6,-77.18879699707031
2026-05-01 01:00:00,6.0,8.016732,6,2.0167322158813477
2026-05-01 09:00:00,20.0,4.249572,6,-15.750428199768066
2026-05-01 10:00:00,33.0,14.6554785,6,-18.344521522521973
2026-05-01 11:00:00,35.0,43.368042,6,8.3680419921875
2026-05-01 12:00:00,93.0,70.903725,6,-22.096275329589844
2026-05-01 13:00:00,87.0,85.3676,6,-1.6324005126953125
2026-05-01 14:00:00,60.0,79.22162,6,19.22161865234375
2026-05-01 15:00:00,51.0,74.251,6,23.250999450683594
2026-05-01 16:00:00,40.0,74.38375,6,34.383750915527344
2026-05-01 17:00:00,82.0,109.54824,6,27.548240661621094
2026-05-01 18:00:00,95.0,112.98889,6,17.9888916015625
2026-05-01 19:00:00,68.0,116.472466,6,48.47246551513672
2026-05-01 20:00:00,133.0,111.041046,6,-21.958953857421875
2026-05-01 21:00:00,111.0,107.005775,6,-3.9942245483398438
2026-05-01 22:00:00,191.0,144.42975,6,-46.57025146484375
2026-05-01 23:00:00,183.0,115.461075,6,-67.53892517089844
2026-05-02 00:00:00,20.0,99.143486,6,79.14348602294922
2026-05-02 01:00:00,1.0,11.474776,6,10.474776268005371
2026-05-02 09:00:00,43.0,43.688206,6,0.6882057189941406
2026-05-02 10:00:00,57.0,24.002497,6,-32.99750328063965
2026-05-02 11:00:00,76.0,44.68352,6,-31.316478729248047
2026-05-02 12:00:00,91.0,90.41048,6,-0.5895233154296875
2026-05-02 13:00:00,103.0,101.70557,6,-1.29443359375
2026-05-02 14:00:00,89.0,101.611084,6,12.611083984375
2026-05-02 15:00:00,112.0,102.54524,6,-9.454757690429688
2026-05-02 16:00:00,105.0,111.71455,6,6.714546203613281
2026-05-02 17:00:00,145.0,137.39476,6,-7.6052398681640625
2026-05-02 18:00:00,139.0,129.71169,6,-9.288314819335938
2026-05-02 19:00:00,113.0,137.77328,6,24.773284912109375
2026-05-02 20:00:00,122.0,145.04912,6,23.049118041992188
2026-05-02 21:00:00,197.0,142.0491,6,-54.950897216796875
2026-05-02 22:00:00,207.0,181.19374,6,-25.806259155273438
2026-05-02 23:00:00,105.0,171.52231,6,66.52230834960938
2026-05-03 00:00:00,21.0,3.4429147,6,-17.557085275650024
2026-05-03 01:00:00,0.0,2.8807282,6,2.880728244781494
2026-05-03 09:00:00,0.0,12.121244,6,12.121244430541992
2026-05-03 10:00:00,49.0,26.409206,6,-22.59079360961914
2026-05-03 11:00:00,115.0,69.61597,6,-45.384033203125
2026-05-03 12:00:00,72.0,84.0924,6,12.092399597167969
2026-05-03 13:00:00,97.0,83.69751,6,-13.302490234375
2026-05-03 14:00:00,72.0,82.50457,6,10.504570007324219
2026-05-03 15:00:00,116.0,81.68146,6,-34.31854248046875
2026-05-03 16:00:00,107.0,85.8408,6,-21.159202575683594
2026-05-03 17:00:00,95.0,86.607605,6,-8.39239501953125
2026-05-03 18:00:00,143.0,85.416,6,-57.58399963378906
2026-05-03 19:00:00,82.0,82.64543,6,0.6454315185546875
2026-05-03 20:00:00,79.0,73.13217,6,-5.867828369140625
2026-05-03 21:00:00,57.0,70.93995,6,13.939949035644531
2026-05-03 22:00:00,77.0,90.539825,6,13.539825439453125
2026-05-03 23:00:00,68.0,70.05047,6,2.0504684448242188
2026-05-04 00:00:00,0.0,7.933654,6,7.933653831481934
2026-05-04 01:00:00,0.0,0.0,6,0.0
2026-05-04 09:00:00,1.0,1.1207601,6,0.12076008319854736
2026-05-04 10:00:00,22.0,18.861965,6,-3.1380348205566406
2026-05-04 11:00:00,95.0,36.438683,6,-58.561317443847656
2026-05-04 12:00:00,83.0,62.25379,6,-20.74620819091797
2026-05-04 13:00:00,34.0,69.49172,6,35.491722106933594
2026-05-04 14:00:00,65.0,60.051113,6,-4.948886871337891
2026-05-04 15:00:00,46.0,54.23473,6,8.234729766845703
2026-05-04 16:00:00,44.0,61.510517,6,17.510517120361328
2026-05-04 17:00:00,55.0,51.16562,6,-3.834381103515625
2026-05-04 18:00:00,52.0,61.829685,6,9.82968521118164
2026-05-04 19:00:00,35.0,54.24187,6,19.241870880126953
2026-05-04 20:00:00,63.0,50.340096,6,-12.659904479980469
2026-05-04 21:00:00,22.0,37.498634,6,15.498634338378906
2026-05-04 22:00:00,26.0,46.343346,6,20.343345642089844
2026-05-04 23:00:00,8.0,24.61209,6,16.612089157104492
2026-05-05 00:00:00,0.0,2.5858827,6,2.5858826637268066
2026-05-05 01:00:00,0.0,0.0,6,0.0
2026-05-05 09:00:00,1.0,2.4986043,6,1.4986042976379395
2026-05-05 10:00:00,10.0,8.679676,6,-1.3203239440917969
2026-05-05 11:00:00,27.0,31.137407,6,4.137407302856445
2026-05-05 12:00:00,45.0,66.080475,6,21.080474853515625
2026-05-05 13:00:00,84.0,56.468998,6,-27.531002044677734
2026-05-05 14:00:00,56.0,52.27716,6,-3.72283935546875
2026-05-05 15:00:00,15.0,46.2167,6,31.21670150756836
2026-05-05 16:00:00,7.0,46.19537,6,39.195369720458984
2026-05-05 17:00:00,40.0,53.680195,6,13.680194854736328
2026-05-05 18:00:00,33.0,62.812397,6,29.812397003173828
2026-05-05 19:00:00,75.0,51.061398,6,-23.938602447509766
2026-05-05 20:00:00,57.0,51.387215,6,-5.612785339355469
2026-05-05 21:00:00,30.0,38.577705,6,8.577705383300781
2026-05-05 22:00:00,47.0,41.601456,6,-5.3985443115234375
2026-05-05 23:00:00,33.0,20.676281,6,-12.323719024658203
2026-05-06 00:00:00,0.0,0.8462881,6,0.8462880849838257
2026-05-06 01:00:00,0.0,0.5546843,6,0.5546842813491821
2026-05-06 09:00:00,9.0,0.16819571,6,-8.831804290413857
2026-05-06 10:00:00,3.0,6.3118496,6,3.311849594116211
2026-05-06 11:00:00,18.0,15.438231,6,-2.5617685317993164
2026-05-06 12:00:00,10.0,40.931858,6,30.93185806274414
2026-05-06 13:00:00,73.0,40.538414,6,-32.461585998535156
2026-05-06 14:00:00,17.0,42.67969,6,25.679691314697266
2026-05-06 15:00:00,15.0,27.647797,6,12.647796630859375
2026-05-06 16:00:00,25.0,35.920216,6,10.920215606689453
2026-05-06 17:00:00,43.0,43.08227,6,0.08227157592773438
2026-05-06 18:00:00,80.0,48.272835,6,-31.72716522216797
2026-05-06 19:00:00,42.0,51.41987,6,9.419868469238281
2026-05-06 20:00:00,61.0,43.125244,6,-17.874755859375
2026-05-06 21:00:00,28.0,36.668232,6,8.668231964111328
2026-05-06 22:00:00,36.0,38.852947,6,2.852947235107422
2026-05-06 23:00:00,19.0,24.122097,6,5.122097015380859
2026-05-07 00:00:00,0.0,5.8166566,6,5.816656589508057
2026-05-07 01:00:00,0.0,1.1315999,6,1.1315999031066895
2026-05-07 09:00:00,11.0,35.60832,6,24.608318328857422
2026-05-07 10:00:00,2.0,6.057139,6,4.057138919830322
2026-05-07 11:00:00,10.0,21.286873,6,11.286872863769531
2026-05-07 12:00:00,54.0,48.2428,6,-5.757198333740234
2026-05-07 13:00:00,72.0,53.689037,6,-18.310962677001953
2026-05-07 14:00:00,58.0,44.514065,6,-13.48593521118164
2026-05-07 15:00:00,21.0,38.729214,6,17.72921371459961
2026-05-07 16:00:00,67.0,40.595787,6,-26.404212951660156
2026-05-07 17:00:00,80.0,63.12919,6,-16.870811462402344
2026-05-07 18:00:00,108.0,81.149994,6,-26.850006103515625
2026-05-07 19:00:00,64.0,78.034615,6,14.034614562988281
2026-05-07 20:00:00,53.0,72.58212,6,19.582122802734375
2026-05-07 21:00:00,59.0,67.16392,6,8.163917541503906
2026-05-07 22:00:00,47.0,69.17439,6,22.174392700195312
2026-05-07 23:00:00,2.0,52.407932,6,50.40793228149414
2026-05-08 00:00:00,6.0,68.38178,6,62.38178253173828
2026-05-08 01:00:00,0.0,7.6477113,6,7.647711277008057
2026-05-08 09:00:00,15.0,2.8206444,6,-12.17935562133789
2026-05-08 10:00:00,8.0,18.094397,6,10.094396591186523
2026-05-08 11:00:00,23.0,39.749855,6,16.749855041503906
2026-05-08 12:00:00,87.0,65.97834,6,-21.02165985107422
2026-05-08 13:00:00,82.0,77.297005,6,-4.702995300292969
2026-05-08 14:00:00,45.0,60.671272,6,15.671272277832031
2026-05-08 15:00:00,33.0,52.90863,6,19.90863037109375
2026-05-08 16:00:00,79.0,53.524235,6,-25.475765228271484
2026-05-08 17:00:00,79.0,85.04132,6,6.04132080078125
2026-05-08 18:00:00,78.0,92.46588,6,14.46588134765625
2026-05-08 19:00:00,71.0,92.229515,6,21.229515075683594
2026-05-08 20:00:00,95.0,81.274025,6,-13.725975036621094
2026-05-08 21:00:00,36.0,70.14315,6,34.143150329589844
2026-05-08 22:00:00,90.0,90.36732,6,0.36731719970703125
2026-05-08 23:00:00,50.0,74.15843,6,24.158432006835938
2026-05-09 00:00:00,90.0,66.36942,6,-23.630577087402344
2026-05-09 01:00:00,41.0,8.459589,6,-32.5404109954834
2026-05-09 09:00:00,5.0,12.322585,6,7.322585105895996
2026-05-09 10:00:00,10.0,21.839615,6,11.839614868164062
2026-05-09 11:00:00,59.0,41.8427,6,-17.157299041748047
2026-05-09 12:00:00,65.0,78.70309,6,13.703086853027344
2026-05-09 13:00:00,106.0,89.402435,6,-16.597564697265625
2026-05-09 14:00:00,67.0,86.44313,6,19.443130493164062
2026-05-09 15:00:00,97.0,86.75164,6,-10.248359680175781
2026-05-09 16:00:00,44.0,92.57242,6,48.572418212890625
2026-05-09 17:00:00,97.0,109.502914,6,12.502914428710938
2026-05-09 18:00:00,126.0,111.964355,6,-14.03564453125
2026-05-09 19:00:00,113.0,120.41385,6,7.413848876953125
2026-05-09 20:00:00,142.0,120.28144,6,-21.71855926513672
2026-05-09 21:00:00,183.0,128.43738,6,-54.5626220703125
2026-05-09 22:00:00,215.0,176.13045,6,-38.86955261230469
2026-05-09 23:00:00,142.0,162.51709,6,20.51708984375
2026-05-10 00:00:00,0.0,39.80292,6,39.802921295166016
2026-05-10 01:00:00,0.0,3.7539237,6,3.7539236545562744
2026-05-10 09:00:00,4.0,2.2713447,6,-1.7286553382873535
2026-05-10 10:00:00,24.0,23.882717,6,-0.11728286743164062
2026-05-10 11:00:00,46.0,64.25354,6,18.2535400390625
2026-05-10 12:00:00,104.0,76.76316,6,-27.236839294433594
2026-05-10 13:00:00,74.0,69.65857,6,-4.3414306640625
2026-05-10 14:00:00,85.0,74.3532,6,-10.646797180175781
2026-05-10 15:00:00,48.0,66.688576,6,18.688575744628906
2026-05-10 16:00:00,41.0,69.21665,6,28.216651916503906
2026-05-10 17:00:00,58.0,68.4214,6,10.421401977539062
2026-05-10 18:00:00,77.0,58.509,6,-18.49100112915039
2026-05-10 19:00:00,58.0,53.46753,6,-4.532470703125
2026-05-10 20:00:00,51.0,48.24685,6,-2.7531509399414062
2026-05-10 21:00:00,37.0,41.793293,6,4.793292999267578
2026-05-10 22:00:00,40.0,44.10264,6,4.102638244628906
2026-05-10 23:00:00,12.0,32.811653,6,20.81165313720703
2026-05-11 00:00:00,0.0,2.793175,6,2.793174982070923
2026-05-11 01:00:00,0.0,0.0,6,0.0
2026-05-11 09:00:00,1.0,0.27772018,6,-0.722279816865921
2026-05-11 10:00:00,19.0,18.276268,6,-0.7237319946289062
2026-05-11 11:00:00,12.0,40.071194,6,28.07119369506836
2026-05-11 12:00:00,58.0,53.84549,6,-4.154510498046875
2026-05-11 13:00:00,12.0,60.98352,6,48.9835205078125
2026-05-11 14:00:00,44.0,51.821373,6,7.821372985839844
2026-05-11 15:00:00,17.0,46.063324,6,29.063323974609375
2026-05-11 16:00:00,47.0,47.65695,6,0.656951904296875
2026-05-11 17:00:00,65.0,49.984943,6,-15.015056610107422
2026-05-11 18:00:00,35.0,47.258503,6,12.258502960205078
2026-05-11 19:00:00,35.0,38.74549,6,3.7454910278320312
2026-05-11 20:00:00,66.0,38.335144,6,-27.66485595703125
2026-05-11 21:00:00,37.0,30.24878,6,-6.751220703125
2026-05-11 22:00:00,28.0,35.982258,6,7.982257843017578
2026-05-11 23:00:00,5.0,15.427713,6,10.427713394165039
2026-05-12 00:00:00,0.0,4.4046836,6,4.404683589935303
2026-05-12 01:00:00,0.0,0.50588346,6,0.5058834552764893
2026-05-12 09:00:00,1.0,0.55149645,6,-0.4485035538673401
2026-05-12 10:00:00,5.0,8.857159,6,3.857158660888672
2026-05-12 11:00:00,36.0,31.276472,6,-4.723527908325195
2026-05-12 12:00:00,35.0,49.624306,6,14.624305725097656
2026-05-12 13:00:00,113.0,51.850845,6,-61.14915466308594
2026-05-12 14:00:00,28.0,48.990726,6,20.990726470947266
2026-05-12 15:00:00,8.0,35.436382,6,27.436382293701172
2026-05-12 16:00:00,10.0,37.23933,6,27.239330291748047
2026-05-12 17:00:00,24.0,48.10488,6,24.104881286621094
2026-05-12 18:00:00,51.0,54.04923,6,3.0492286682128906
2026-05-12 19:00:00,29.0,50.929596,6,21.929595947265625
2026-05-12 20:00:00,83.0,48.90738,6,-34.092620849609375
2026-05-12 21:00:00,34.0,38.14978,6,4.1497802734375
2026-05-12 22:00:00,30.0,42.02491,6,12.024909973144531
2026-05-12 23:00:00,21.0,25.89239,6,4.892389297485352
2026-05-13 00:00:00,0.0,1.1245261,6,1.1245261430740356
2026-05-13 01:00:00,0.0,0.94430476,6,0.9443047642707825
2026-05-13 09:00:00,0.0,0.29566738,6,0.2956673800945282
2026-05-13 10:00:00,10.0,5.349348,6,-4.650651931762695
2026-05-13 11:00:00,13.0,20.7403,6,7.740299224853516
2026-05-13 12:00:00,72.0,31.901318,6,-40.09868240356445
2026-05-13 13:00:00,18.0,43.882084,6,25.882083892822266
2026-05-13 14:00:00,34.0,40.385227,6,6.385227203369141
2026-05-13 15:00:00,27.0,29.285822,6,2.2858219146728516
2026-05-13 16:00:00,44.0,36.531597,6,-7.468402862548828
2026-05-13 17:00:00,44.0,41.41317,6,-2.5868301391601562
2026-05-13 18:00:00,73.0,54.903244,6,-18.096755981445312
2026-05-13 19:00:00,62.0,52.02525,6,-9.974750518798828
2026-05-13 20:00:00,73.0,44.82277,6,-28.177230834960938
2026-05-13 21:00:00,23.0,35.956104,6,12.956104278564453
2026-05-13 22:00:00,19.0,37.80599,6,18.805988311767578
2026-05-13 23:00:00,11.0,23.4964,6,12.496400833129883
2026-05-14 00:00:00,0.0,6.477004,6,6.477004051208496
2026-05-14 01:00:00,0.0,1.2262348,6,1.226234793663025
2026-05-14 09:00:00,1.0,4.0594535,6,3.0594534873962402
2026-05-14 10:00:00,17.0,5.2918434,6,-11.70815658569336
2026-05-14 11:00:00,31.0,16.383167,6,-14.616832733154297
2026-05-14 12:00:00,23.0,50.255424,6,27.25542449951172
2026-05-14 13:00:00,129.0,58.71159,6,-70.28841018676758
2026-05-14 14:00:00,57.0,49.680157,6,-7.319843292236328
2026-05-14 15:00:00,71.0,40.825127,6,-30.17487335205078
2026-05-14 16:00:00,82.0,51.78635,6,-30.21364974975586
2026-05-14 17:00:00,102.0,75.543724,6,-26.456275939941406
2026-05-14 18:00:00,119.0,95.73324,6,-23.266761779785156
2026-05-14 19:00:00,106.0,92.85221,6,-13.147789001464844
2026-05-14 20:00:00,134.0,90.51211,6,-43.487892150878906
2026-05-14 21:00:00,71.0,83.50357,6,12.503570556640625
2026-05-14 22:00:00,76.0,100.65823,6,24.658233642578125
2026-05-14 23:00:00,48.0,71.01156,6,23.011558532714844
2026-05-15 00:00:00,50.0,81.39053,6,31.390533447265625
2026-05-15 01:00:00,6.0,7.473175,6,1.473175048828125
2026-05-15 09:00:00,0.0,9.46292,6,9.462920188903809
2026-05-15 10:00:00,46.0,22.532446,6,-23.467554092407227
2026-05-15 11:00:00,35.0,40.48216,6,5.482158660888672
2026-05-15 12:00:00,88.0,75.11396,6,-12.886039733886719
2026-05-15 13:00:00,60.0,86.8958,6,26.895797729492188
2026-05-15 14:00:00,49.0,73.80532,6,24.805320739746094
2026-05-15 15:00:00,54.0,62.41845,6,8.418449401855469
2026-05-15 16:00:00,76.0,76.16797,6,0.16796875
2026-05-15 17:00:00,90.0,98.06005,6,8.060050964355469
2026-05-15 18:00:00,120.0,104.31962,6,-15.680381774902344
2026-05-15 19:00:00,106.0,106.28077,6,0.28076934814453125
2026-05-15 20:00:00,103.0,94.84022,6,-8.159782409667969
2026-05-15 21:00:00,78.0,87.04792,6,9.047920227050781
2026-05-15 22:00:00,122.0,126.429016,6,4.42901611328125
2026-05-15 23:00:00,101.0,109.42625,6,8.426246643066406
2026-05-16 00:00:00,145.0,100.631226,6,-44.3687744140625
2026-05-16 01:00:00,23.0,10.938038,6,-12.061962127685547
2026-05-16 09:00:00,0.0,10.16331,6,10.163310050964355
2026-05-16 10:00:00,17.0,25.80716,6,8.807159423828125
2026-05-16 11:00:00,36.0,46.523773,6,10.523773193359375
2026-05-16 12:00:00,134.0,89.795,6,-44.20500183105469
2026-05-16 13:00:00,94.0,92.30466,6,-1.695343017578125
2026-05-16 14:00:00,80.0,94.833305,6,14.833305358886719
2026-05-16 15:00:00,86.0,101.743034,6,15.743034362792969
2026-05-16 16:00:00,106.0,101.111984,6,-4.8880157470703125
2026-05-16 17:00:00,130.0,121.726204,6,-8.273796081542969
2026-05-16 18:00:00,112.0,123.940155,6,11.940155029296875
2026-05-16 19:00:00,166.0,122.50015,6,-43.499847412109375
2026-05-16 20:00:00,85.0,131.3613,6,46.361297607421875
2026-05-16 21:00:00,112.0,138.16745,6,26.167449951171875
2026-05-16 22:00:00,152.0,187.99603,6,35.99603271484375
2026-05-16 23:00:00,183.0,159.49008,6,-23.509918212890625
2026-05-17 00:00:00,0.0,19.99464,6,19.994640350341797
2026-05-17 01:00:00,0.0,4.2617106,6,4.2617106437683105
2026-05-17 09:00:00,14.0,3.6739845,6,-10.32601547241211
2026-05-17 10:00:00,5.0,28.333595,6,23.333595275878906
2026-05-17 11:00:00,66.0,65.19613,6,-0.8038711547851562
2026-05-17 12:00:00,124.0,85.63103,6,-38.36897277832031
2026-05-17 13:00:00,96.0,85.54852,6,-10.45147705078125
2026-05-17 14:00:00,59.0,84.00851,6,25.008506774902344
2026-05-17 15:00:00,57.0,73.64456,6,16.644561767578125
2026-05-17 16:00:00,45.0,68.89803,6,23.898033142089844
2026-05-17 17:00:00,75.0,71.87152,6,-3.12847900390625
2026-05-17 18:00:00,79.0,64.211784,6,-14.788215637207031
2026-05-17 19:00:00,69.0,62.01094,6,-6.9890594482421875
2026-05-17 20:00:00,46.0,51.76961,6,5.769611358642578
2026-05-17 21:00:00,39.0,99.17765,6,60.177650451660156
2026-05-17 22:00:00,32.0,49.89752,6,17.897518157958984
2026-05-17 23:00:00,7.0,34.226307,6,27.226306915283203
2026-05-18 00:00:00,0.0,0.0,6,0.0
2026-05-18 01:00:00,0.0,0.18102777,6,0.18102777004241943
2026-05-18 09:00:00,1.0,1.2131252,6,0.21312522888183594
2026-05-18 10:00:00,16.0,13.6049385,6,-2.395061492919922
2026-05-18 11:00:00,34.0,30.212208,6,-3.787792205810547
2026-05-18 12:00:00,71.0,54.100807,6,-16.899192810058594
2026-05-18 13:00:00,36.0,52.56359,6,16.56359100341797
2026-05-18 14:00:00,33.0,48.77414,6,15.774139404296875
2026-05-18 15:00:00,40.0,42.088768,6,2.0887680053710938
2026-05-18 16:00:00,84.0,48.504818,6,-35.495182037353516
2026-05-18 17:00:00,41.0,45.43886,6,4.438861846923828
2026-05-18 18:00:00,39.0,51.513786,6,12.513786315917969
2026-05-18 19:00:00,68.0,45.853264,6,-22.14673614501953
2026-05-18 20:00:00,38.0,45.333027,6,7.333026885986328
2026-05-18 21:00:00,38.0,30.618177,6,-7.38182258605957
2026-05-18 22:00:00,34.0,96.17841,6,62.17841339111328
2026-05-18 23:00:00,17.0,56.304558,6,39.30455780029297
2026-05-19 00:00:00,0.0,0.0,6,0.0
2026-05-19 01:00:00,0.0,42.499397,6,42.49939727783203
2026-05-19 09:00:00,18.0,94.18066,6,76.18065643310547
2026-05-19 10:00:00,23.0,6.113199,6,-16.88680076599121
2026-05-19 11:00:00,21.0,25.373526,6,4.373525619506836
2026-05-19 12:00:00,29.0,43.405636,6,14.405635833740234
2026-05-19 13:00:00,42.0,54.12349,6,12.123489379882812
2026-05-19 14:00:00,48.0,43.77135,6,-4.228649139404297
2026-05-19 15:00:00,22.0,27.445524,6,5.445524215698242
2026-05-19 16:00:00,35.0,27.861214,6,-7.138786315917969
2026-05-19 17:00:00,58.0,42.489918,6,-15.510082244873047
2026-05-19 18:00:00,66.0,49.80643,6,-16.19356918334961
2026-05-19 19:00:00,44.0,47.63058,6,3.6305809020996094
2026-05-19 20:00:00,47.0,44.225983,6,-2.774017333984375
2026-05-19 21:00:00,34.0,36.740566,6,2.7405662536621094
2026-05-19 22:00:00,41.0,38.461514,6,-2.5384864807128906
2026-05-19 23:00:00,14.0,23.691704,6,9.691703796386719
2026-05-20 00:00:00,5.0,1.1330941,6,-3.866905927658081
2026-05-20 01:00:00,0.0,0.9291927,6,0.9291927218437195
2026-05-20 09:00:00,1.0,3.95379,6,2.9537899494171143
2026-05-20 10:00:00,0.0,7.060411,6,7.060410976409912
2026-05-20 11:00:00,20.0,18.478487,6,-1.5215129852294922
2026-05-20 12:00:00,24.0,37.21816,6,13.218158721923828
2026-05-20 13:00:00,45.0,45.73141,6,0.7314109802246094
2026-05-20 14:00:00,24.0,40.693134,6,16.693134307861328
2026-05-20 15:00:00,25.0,25.912975,6,0.9129753112792969
2026-05-20 16:00:00,23.0,33.913437,6,10.913436889648438
2026-05-20 17:00:00,73.0,45.776287,6,-27.223712921142578
2026-05-20 18:00:00,72.0,54.510426,6,-17.489574432373047
2026-05-20 19:00:00,105.0,52.967762,6,-52.0322380065918
2026-05-20 20:00:00,40.0,44.3821,6,4.382099151611328
2026-05-20 21:00:00,32.0,35.602066,6,3.6020660400390625
2026-05-20 22:00:00,42.0,39.328655,6,-2.671344757080078
2026-05-20 23:00:00,35.0,18.127281,6,-16.872718811035156
2026-05-21 00:00:00,3.0,4.110315,6,1.1103148460388184
2026-05-21 01:00:00,0.0,46.41525,6,46.41524887084961
2026-05-21 09:00:00,0.0,4.8099785,6,4.809978485107422
2026-05-21 10:00:00,20.0,6.600754,6,-13.399246215820312
2026-05-21 11:00:00,16.0,24.175491,6,8.175491333007812
2026-05-21 12:00:00,36.0,50.107723,6,14.107723236083984
2026-05-21 13:00:00,40.0,68.727264,6,28.727264404296875
2026-05-21 14:00:00,54.0,52.27758,6,-1.7224197387695312
2026-05-21 15:00:00,28.0,46.358444,6,18.358444213867188
2026-05-21 16:00:00,27.0,58.7986,6,31.798599243164062
2026-05-21 17:00:00,23.0,82.95663,6,59.956626892089844
2026-05-21 18:00:00,78.0,95.6558,6,17.655799865722656
2026-05-21 19:00:00,94.0,96.171364,6,2.1713638305664062
2026-05-21 20:00:00,112.0,84.31593,6,-27.684066772460938
2026-05-21 21:00:00,94.0,72.582214,6,-21.41778564453125
2026-05-21 22:00:00,162.0,111.29833,6,-50.70166778564453
2026-05-21 23:00:00,119.0,62.287163,6,-56.71283721923828
2026-05-22 00:00:00,69.0,70.63386,6,1.6338577270507812
2026-05-22 01:00:00,0.0,6.6852937,6,6.685293674468994
2026-05-22 09:00:00,15.0,7.184205,6,-7.815794944763184
2026-05-22 10:00:00,1.0,26.09726,6,25.097259521484375
2026-05-22 11:00:00,91.0,36.89331,6,-54.106689453125
2026-05-22 12:00:00,46.0,75.37047,6,29.370468139648438
2026-05-22 13:00:00,65.0,87.37196,6,22.371963500976562
2026-05-22 14:00:00,70.0,72.47374,6,2.4737396240234375
2026-05-22 15:00:00,85.0,59.32838,6,-25.671619415283203
2026-05-22 16:00:00,95.0,67.0475,6,-27.952499389648438
2026-05-22 17:00:00,120.0,89.043365,6,-30.956634521484375
2026-05-22 18:00:00,110.0,106.553246,6,-3.4467544555664062
2026-05-22 19:00:00,98.0,108.15265,6,10.15264892578125
2026-05-22 20:00:00,90.0,102.71476,6,12.714759826660156
2026-05-22 21:00:00,87.0,89.05872,6,2.0587234497070312
2026-05-22 22:00:00,95.0,128.60869,6,33.60868835449219
2026-05-22 23:00:00,75.0,113.6971,6,38.69709777832031
2026-05-23 00:00:00,55.0,94.76009,6,39.760093688964844
2026-05-23 01:00:00,50.0,16.282299,6,-33.71770095825195
2026-05-23 09:00:00,10.0,10.866074,6,0.8660736083984375
2026-05-23 10:00:00,16.0,20.802088,6,4.802087783813477
2026-05-23 11:00:00,46.0,48.700394,6,2.7003936767578125
2026-05-23 12:00:00,66.0,96.65244,6,30.652442932128906
2026-05-23 13:00:00,93.0,97.66223,6,4.6622314453125
2026-05-23 14:00:00,117.0,100.24945,6,-16.75054931640625
2026-05-23 15:00:00,72.0,100.26333,6,28.263328552246094
2026-05-23 16:00:00,94.0,101.07941,6,7.07940673828125
2026-05-23 17:00:00,109.0,117.58373,6,8.583732604980469
2026-05-23 18:00:00,173.0,120.26189,6,-52.73811340332031
2026-05-23 19:00:00,164.0,125.56548,6,-38.43451690673828
2026-05-23 20:00:00,125.0,124.64139,6,-0.358612060546875
2026-05-23 21:00:00,84.0,119.218155,6,35.21815490722656
2026-05-23 22:00:00,116.0,144.53365,6,28.533645629882812
2026-05-23 23:00:00,57.0,128.48724,6,71.48724365234375
2026-05-24 00:00:00,37.0,5.46483,6,-31.535170078277588
2026-05-24 01:00:00,0.0,4.4923644,6,4.492364406585693
2026-05-24 09:00:00,12.0,117.89144,6,105.89144134521484
2026-05-24 10:00:00,13.0,25.139994,6,12.139993667602539
2026-05-24 11:00:00,32.0,68.10086,6,36.100860595703125
2026-05-24 12:00:00,55.0,82.877594,6,27.877593994140625
2026-05-24 13:00:00,89.0,84.05194,6,-4.94805908203125
2026-05-24 14:00:00,61.0,83.90131,6,22.90131378173828
2026-05-24 15:00:00,74.0,77.72897,6,3.728973388671875
2026-05-24 16:00:00,56.0,72.66787,6,16.667869567871094
2026-05-24 17:00:00,104.0,77.08977,6,-26.910232543945312
2026-05-24 18:00:00,99.0,85.85544,6,-13.144561767578125
2026-05-24 19:00:00,69.0,82.822685,6,13.822685241699219
2026-05-24 20:00:00,73.0,71.13947,6,-1.8605270385742188
2026-05-24 21:00:00,69.0,67.431076,6,-1.5689239501953125
2026-05-24 22:00:00,119.0,81.79813,6,-37.201873779296875
2026-05-24 23:00:00,162.0,79.44241,6,-82.55758666992188
2026-05-25 00:00:00,0.0,4.452544,6,4.452544212341309
2026-05-25 01:00:00,0.0,0.5359258,6,0.5359258055686951
2026-05-25 09:00:00,0.0,2.801792,6,2.8017919063568115
2026-05-25 10:00:00,0.0,19.69954,6,19.699539184570312
2026-05-25 11:00:00,0.0,41.08806,6,41.08805847167969
2026-05-25 12:00:00,0.0,67.35709,6,67.35709381103516
2026-05-25 13:00:00,0.0,62.51909,6,62.51908874511719
2026-05-25 14:00:00,0.0,49.44089,6,49.44089126586914
2026-05-25 15:00:00,0.0,41.993816,6,41.99381637573242
2026-05-25 16:00:00,0.0,38.556496,6,38.556495666503906
2026-05-25 17:00:00,0.0,35.920494,6,35.920494079589844
2026-05-25 18:00:00,0.0,34.591892,6,34.59189224243164
2026-05-25 19:00:00,0.0,29.193377,6,29.193376541137695
2026-05-25 20:00:00,0.0,27.602173,6,27.6021728515625
2026-05-25 21:00:00,0.0,19.31206,6,19.31205940246582
2026-05-25 22:00:00,0.0,22.11215,6,22.112150192260742
2026-05-25 23:00:00,0.0,11.080368,6,11.080368041992188
2026-05-26 00:00:00,0.0,0.0,6,0.0
2026-05-26 01:00:00,0.0,0.0,6,0.0
2026-05-26 09:00:00,0.0,99.62187,6,99.62187194824219
2026-05-26 10:00:00,0.0,10.483848,6,10.483847618103027
2026-05-26 11:00:00,0.0,19.046965,6,19.046964645385742
2026-05-26 12:00:00,0.0,38.65386,6,38.65385818481445
2026-05-26 13:00:00,0.0,44.177483,6,44.17748260498047
2026-05-26 14:00:00,0.0,30.886908,6,30.88690757751465
2026-05-26 15:00:00,0.0,20.00455,6,20.00455093383789
2026-05-26 16:00:00,0.0,18.042614,6,18.042613983154297
2026-05-26 17:00:00,0.0,32.663803,6,32.66380310058594
2026-05-26 18:00:00,0.0,43.295555,6,43.295555114746094
2026-05-26 19:00:00,0.0,36.003376,6,36.00337600708008
2026-05-26 20:00:00,0.0,34.60166,6,34.601661682128906
2026-05-26 21:00:00,0.0,24.222769,6,24.222768783569336
2026-05-26 22:00:00,0.0,26.935444,6,26.935443878173828
2026-05-26 23:00:00,0.0,10.134402,6,10.13440227508545
2026-05-27 00:00:00,0.0,0.0,6,0.0
2026-05-27 01:00:00,0.0,0.0,6,0.0
2026-05-27 09:00:00,0.0,0.0,6,0.0
2026-05-27 10:00:00,0.0,5.383456,6,5.383456230163574
2026-05-27 11:00:00,0.0,16.231697,6,16.23169708251953
2026-05-27 12:00:00,0.0,29.985228,6,29.985227584838867
2026-05-27 13:00:00,0.0,35.440994,6,35.44099426269531
2026-05-27 14:00:00,0.0,28.01456,6,28.01456069946289
2026-05-27 15:00:00,0.0,21.340317,6,21.340316772460938
2026-05-27 16:00:00,0.0,23.207685,6,23.207685470581055
2026-09-02 00:00:00,0.0,4.182968,7,4.1829681396484375
2026-09-02 01:00:00,0.0,2.2319365,7,2.231936454772949
2026-09-02 09:00:00,4.0,2.6714404,7,-1.3285596370697021
2026-09-02 10:00:00,5.0,9.604595,7,4.604595184326172
2026-09-02 11:00:00,22.0,29.446573,7,7.446573257446289
2026-09-02 12:00:00,62.0,49.53443,7,-12.465568542480469
2026-09-02 13:00:00,54.0,57.413204,7,3.4132041931152344
2026-09-02 14:00:00,62.0,55.31193,7,-6.688068389892578
2026-09-02 15:00:00,48.0,47.529488,7,-0.47051239013671875
2026-09-02 16:00:00,55.0,43.56624,7,-11.433761596679688
2026-09-02 17:00:00,47.0,55.695423,7,8.695423126220703
2026-09-02 18:00:00,59.0,69.16119,7,10.161186218261719
2026-09-02 19:00:00,67.0,69.313034,7,2.3130340576171875
2026-09-02 20:00:00,40.0,56.43965,7,16.439651489257812
2026-09-02 21:00:00,35.0,46.730812,7,11.730812072753906
2026-09-02 22:00:00,43.0,46.264412,7,3.2644119262695312
2026-09-02 23:00:00,24.0,30.243547,7,6.243547439575195
2026-09-03 00:00:00,0.0,34.594734,7,34.59473419189453
2026-09-03 01:00:00,0.0,2.144991,7,2.144990921020508
2026-09-03 09:00:00,0.0,2.9757226,7,2.975722551345825
2026-09-03 10:00:00,2.0,10.457406,7,8.457406044006348
2026-09-03 11:00:00,24.0,31.026917,7,7.02691650390625
2026-09-03 12:00:00,95.0,57.621723,7,-37.37827682495117
2026-09-03 13:00:00,78.0,72.44305,7,-5.556953430175781
2026-09-03 14:00:00,49.0,54.186012,7,5.186012268066406
2026-09-03 15:00:00,40.0,49.097927,7,9.09792709350586
2026-09-03 16:00:00,68.0,53.10907,7,-14.89093017578125
2026-09-03 17:00:00,79.0,74.86752,7,-4.132476806640625
2026-09-03 18:00:00,77.0,77.4938,7,0.49379730224609375
2026-09-03 19:00:00,61.0,76.61315,7,15.613151550292969
2026-09-03 20:00:00,78.0,71.75565,7,-6.244346618652344
2026-09-03 21:00:00,61.0,62.958035,7,1.9580345153808594
2026-09-03 22:00:00,56.0,66.82893,7,10.828933715820312
2026-09-03 23:00:00,30.0,52.30716,7,22.307159423828125
2026-09-04 00:00:00,34.0,52.385277,7,18.385276794433594
2026-09-04 01:00:00,0.0,10.712071,7,10.712071418762207
2026-09-04 09:00:00,0.0,3.4486268,7,3.448626756668091
2026-09-04 10:00:00,25.0,21.36908,7,-3.63092041015625
2026-09-04 11:00:00,27.0,32.61334,7,5.613338470458984
2026-09-04 12:00:00,86.0,75.36415,7,-10.635848999023438
2026-09-04 13:00:00,85.0,86.26555,7,1.2655487060546875
2026-09-04 14:00:00,106.0,72.47346,7,-33.52654266357422
2026-09-04 15:00:00,68.0,74.03872,7,6.038719177246094
2026-09-04 16:00:00,94.0,78.07339,7,-15.926612854003906
2026-09-04 17:00:00,141.0,97.043976,7,-43.956024169921875
2026-09-04 18:00:00,160.0,107.68582,7,-52.314178466796875
2026-09-04 19:00:00,179.0,106.127945,7,-72.87205505371094
2026-09-04 20:00:00,78.0,101.793365,7,23.793365478515625
2026-09-04 21:00:00,66.0,92.0862,7,26.086196899414062
2026-09-04 22:00:00,76.0,106.40271,7,30.4027099609375
2026-09-04 23:00:00,47.0,97.61306,7,50.613059997558594
2026-09-05 00:00:00,167.0,101.942444,7,-65.05755615234375
2026-09-05 01:00:00,60.0,17.322855,7,-42.67714500427246
2026-09-05 09:00:00,1.0,5.0607424,7,4.060742378234863
2026-09-05 10:00:00,8.0,29.44763,7,21.447629928588867
2026-09-05 11:00:00,59.0,69.3505,7,10.350502014160156
2026-09-05 12:00:00,106.0,103.75558,7,-2.2444229125976562
2026-09-05 13:00:00,161.0,119.60739,7,-41.392608642578125
2026-09-05 14:00:00,130.0,120.995026,7,-9.004974365234375
2026-09-05 15:00:00,164.0,126.08205,7,-37.91795349121094
2026-09-05 16:00:00,160.0,137.0007,7,-22.999298095703125
2026-09-05 17:00:00,180.0,138.9867,7,-41.0133056640625
2026-09-05 18:00:00,163.0,144.04572,7,-18.95428466796875
2026-09-05 19:00:00,164.0,145.87685,7,-18.123153686523438
2026-09-05 20:00:00,97.0,144.56511,7,47.56510925292969
2026-09-05 21:00:00,73.0,151.84941,7,78.84941101074219
2026-09-05 22:00:00,72.0,177.89114,7,105.89114379882812
2026-09-05 23:00:00,196.0,168.74124,7,-27.258758544921875
2026-09-06 00:00:00,0.0,45.135906,7,45.13590621948242
2026-09-06 01:00:00,0.0,8.798084,7,8.798084259033203
2026-09-06 09:00:00,20.0,11.011375,7,-8.988624572753906
2026-09-06 10:00:00,66.0,30.453365,7,-35.546634674072266
2026-09-06 11:00:00,95.0,75.317345,7,-19.682655334472656
2026-09-06 12:00:00,112.0,85.819916,7,-26.180084228515625
2026-09-06 13:00:00,111.0,86.60021,7,-24.39978790283203
2026-09-06 14:00:00,103.0,86.26376,7,-16.736236572265625
2026-09-06 15:00:00,84.0,83.4179,7,-0.5820999145507812
2026-09-06 16:00:00,41.0,86.46405,7,45.46405029296875
2026-09-06 17:00:00,79.0,90.739975,7,11.739974975585938
2026-09-06 18:00:00,83.0,88.99882,7,5.998817443847656
2026-09-06 19:00:00,70.0,77.22628,7,7.226280212402344
2026-09-06 20:00:00,47.0,69.34141,7,22.341407775878906
2026-09-06 21:00:00,48.0,60.479137,7,12.479137420654297
2026-09-06 22:00:00,48.0,70.637764,7,22.63776397705078
2026-09-06 23:00:00,18.0,60.582443,7,42.58244323730469
2026-09-07 00:00:00,0.0,2.9670515,7,2.9670515060424805
2026-09-07 01:00:00,0.0,2.515139,7,2.515139102935791
2026-09-07 09:00:00,0.0,9.099159,7,9.099159240722656
2026-09-07 10:00:00,3.0,16.825832,7,13.82583236694336
2026-09-07 11:00:00,38.0,39.040394,7,1.0403938293457031
2026-09-07 12:00:00,55.0,65.90045,7,10.90045166015625
2026-09-07 13:00:00,123.0,73.27769,7,-49.722312927246094
2026-09-07 14:00:00,76.0,54.362556,7,-21.63744354248047
2026-09-07 15:00:00,27.0,57.175583,7,30.175582885742188
2026-09-07 16:00:00,68.0,56.514366,7,-11.485633850097656
2026-09-07 17:00:00,41.0,62.50931,7,21.50931167602539
2026-09-07 18:00:00,90.0,54.87924,7,-35.12076187133789
2026-09-07 19:00:00,55.0,52.056156,7,-2.9438438415527344
2026-09-07 20:00:00,74.0,49.820736,7,-24.179264068603516
2026-09-07 21:00:00,40.0,40.68205,7,0.6820487976074219
2026-09-07 22:00:00,26.0,40.781227,7,14.781227111816406
2026-09-07 23:00:00,2.0,20.554878,7,18.55487823486328
2026-09-08 00:00:00,0.0,6.1794267,7,6.179426670074463
2026-09-08 01:00:00,0.0,2.318878,7,2.318877935409546
2026-09-08 09:00:00,0.0,5.8867307,7,5.886730670928955
2026-09-08 10:00:00,14.0,5.4005218,7,-8.599478244781494
2026-09-08 11:00:00,29.0,33.130325,7,4.1303253173828125
2026-09-08 12:00:00,58.0,49.021797,7,-8.978202819824219
2026-09-08 13:00:00,42.0,54.13701,7,12.137008666992188
2026-09-08 14:00:00,42.0,51.791996,7,9.791996002197266
2026-09-08 15:00:00,27.0,41.910378,7,14.910377502441406
2026-09-08 16:00:00,40.0,45.64938,7,5.649379730224609
2026-09-08 17:00:00,45.0,51.36246,7,6.362461090087891
2026-09-08 18:00:00,40.0,49.718906,7,9.71890640258789
2026-09-08 19:00:00,51.0,45.46624,7,-5.533760070800781
2026-09-08 20:00:00,38.0,39.992825,7,1.9928245544433594
2026-09-08 21:00:00,46.0,33.727554,7,-12.272445678710938
2026-09-08 22:00:00,27.0,30.054863,7,3.0548629760742188
2026-09-08 23:00:00,26.0,14.045643,7,-11.954357147216797
2026-09-09 00:00:00,0.0,7.179914,7,7.1799139976501465
2026-09-09 01:00:00,0.0,2.2064638,7,2.2064638137817383
2026-09-09 09:00:00,0.0,2.7204478,7,2.7204477787017822
2026-09-09 10:00:00,2.0,9.935178,7,7.935177803039551
2026-09-09 11:00:00,34.0,28.404009,7,-5.595991134643555
2026-09-09 12:00:00,22.0,52.21989,7,30.219890594482422
2026-09-09 13:00:00,56.0,62.130405,7,6.130405426025391
2026-09-09 14:00:00,54.0,56.04968,7,2.0496788024902344
2026-09-09 15:00:00,50.0,47.0124,7,-2.987598419189453
2026-09-09 16:00:00,80.0,41.805447,7,-38.19455337524414
2026-09-09 17:00:00,53.0,51.21003,7,-1.7899703979492188
2026-09-09 18:00:00,61.0,63.314053,7,2.3140525817871094
2026-09-09 19:00:00,39.0,62.830547,7,23.830547332763672
2026-09-09 20:00:00,41.0,49.26343,7,8.263431549072266
2026-09-09 21:00:00,40.0,36.525486,7,-3.4745140075683594
2026-09-09 22:00:00,42.0,37.594406,7,-4.4055938720703125
2026-09-09 23:00:00,6.0,22.180048,7,16.1800479888916
2026-09-10 00:00:00,0.0,3.9539998,7,3.9539997577667236
2026-09-10 01:00:00,0.0,2.2319365,7,2.231936454772949
2026-09-10 09:00:00,0.0,2.2894118,7,2.289411783218384
2026-09-10 10:00:00,11.0,8.650228,7,-2.3497724533081055
2026-09-10 11:00:00,24.0,30.774876,7,6.774875640869141
2026-09-10 12:00:00,68.0,59.55749,7,-8.442508697509766
2026-09-10 13:00:00,77.0,67.558815,7,-9.441184997558594
2026-09-10 14:00:00,34.0,53.755413,7,19.755413055419922
2026-09-10 15:00:00,31.0,49.763535,7,18.763534545898438
2026-09-10 16:00:00,50.0,55.693687,7,5.693687438964844
2026-09-10 17:00:00,81.0,74.18711,7,-6.812889099121094
2026-09-10 18:00:00,75.0,83.85762,7,8.857620239257812
2026-09-10 19:00:00,85.0,79.08264,7,-5.9173583984375
2026-09-10 20:00:00,52.0,69.201775,7,17.20177459716797
2026-09-10 21:00:00,51.0,64.71997,7,13.719970703125
2026-09-10 22:00:00,62.0,63.036674,7,1.0366744995117188
2026-09-10 23:00:00,43.0,42.13148,7,-0.8685188293457031
2026-09-11 00:00:00,74.0,55.758953,7,-18.241046905517578
2026-09-11 01:00:00,9.0,10.606449,7,1.6064491271972656
2026-09-11 09:00:00,0.0,3.3430042,7,3.3430042266845703
2026-09-11 10:00:00,22.0,23.579777,7,1.5797767639160156
2026-09-11 11:00:00,52.0,31.626568,7,-20.373432159423828
2026-09-11 12:00:00,64.0,72.32033,7,8.320327758789062
2026-09-11 13:00:00,117.0,80.610374,7,-36.389625549316406
2026-09-11 14:00:00,68.0,74.604774,7,6.604774475097656
2026-09-11 15:00:00,71.0,74.06892,7,3.0689163208007812
2026-09-11 16:00:00,77.0,78.75791,7,1.7579116821289062
2026-09-11 17:00:00,98.0,97.64427,7,-0.3557281494140625
2026-09-11 18:00:00,84.0,110.14838,7,26.14837646484375
2026-09-11 19:00:00,84.0,108.88014,7,24.880142211914062
2026-09-11 20:00:00,71.0,107.424416,7,36.424415588378906
2026-09-11 21:00:00,123.0,93.71139,7,-29.288612365722656
2026-09-11 22:00:00,171.0,116.047386,7,-54.952613830566406
2026-09-11 23:00:00,142.0,105.96203,7,-36.03797149658203
2026-09-12 00:00:00,68.0,96.44783,7,28.447830200195312
2026-09-12 01:00:00,2.0,20.840988,7,18.840988159179688
2026-09-12 09:00:00,0.0,3.6976004,7,3.6976003646850586
2026-09-12 10:00:00,18.0,15.518771,7,-2.481228828430176
2026-09-12 11:00:00,42.0,49.627243,7,7.6272430419921875
2026-09-12 12:00:00,96.0,91.94011,7,-4.0598907470703125
2026-09-12 13:00:00,125.0,107.21474,7,-17.785263061523438
2026-09-12 14:00:00,113.0,102.17951,7,-10.820487976074219
2026-09-12 15:00:00,103.0,104.17096,7,1.17095947265625
2026-09-12 16:00:00,89.0,108.52176,7,19.521759033203125
2026-09-12 17:00:00,136.0,118.51162,7,-17.488380432128906
2026-09-12 18:00:00,136.0,121.835556,7,-14.164443969726562
2026-09-12 19:00:00,132.0,119.58879,7,-12.411209106445312
2026-09-12 20:00:00,125.0,119.014854,7,-5.985145568847656
2026-09-12 21:00:00,115.0,109.80338,7,-5.196617126464844
2026-09-12 22:00:00,141.0,141.50131,7,0.501312255859375
2026-09-12 23:00:00,120.0,139.96335,7,19.963348388671875
2026-09-13 00:00:00,0.0,47.094334,7,47.09433364868164
2026-09-13 01:00:00,0.0,6.163552,7,6.1635518074035645
2026-09-13 09:00:00,0.0,13.043686,7,13.043685913085938
2026-09-13 10:00:00,35.0,31.73692,7,-3.263080596923828
2026-09-13 11:00:00,82.0,74.78165,7,-7.218353271484375
2026-09-13 12:00:00,96.0,84.25424,7,-11.745758056640625
2026-09-13 13:00:00,47.0,86.520744,7,39.52074432373047
2026-09-13 14:00:00,54.0,82.82901,7,28.829010009765625
2026-09-13 15:00:00,59.0,77.03191,7,18.03191375732422
2026-09-13 16:00:00,88.0,68.82718,7,-19.172821044921875
2026-09-13 17:00:00,106.0,72.43916,7,-33.56083679199219
2026-09-13 18:00:00,67.0,72.278915,7,5.2789154052734375
2026-09-13 19:00:00,54.0,66.50848,7,12.508476257324219
2026-09-13 20:00:00,41.0,55.115353,7,14.115352630615234
2026-09-13 21:00:00,46.0,47.298504,7,1.2985038757324219
2026-09-13 22:00:00,32.0,47.661922,7,15.661922454833984
2026-09-13 23:00:00,12.0,41.92106,7,29.921058654785156
2026-09-14 00:00:00,0.0,2.7851171,7,2.7851171493530273
2026-09-14 01:00:00,0.0,2.4349456,7,2.434945583343506
2026-09-14 09:00:00,0.0,4.411637,7,4.411636829376221
2026-09-14 10:00:00,16.0,11.915827,7,-4.084173202514648
2026-09-14 11:00:00,31.0,32.465538,7,1.4655380249023438
2026-09-14 12:00:00,68.0,58.137283,7,-9.862716674804688
2026-09-14 13:00:00,77.0,67.212555,7,-9.787445068359375
2026-09-14 14:00:00,68.0,56.08578,7,-11.91421890258789
2026-09-14 15:00:00,61.0,47.40077,7,-13.599231719970703
2026-09-14 16:00:00,61.0,62.200935,7,1.2009353637695312
2026-09-14 17:00:00,56.0,58.31553,7,2.3155288696289062
2026-09-14 18:00:00,79.0,58.217926,7,-20.782073974609375
2026-09-14 19:00:00,36.0,51.328987,7,15.328987121582031
2026-09-14 20:00:00,69.0,55.403194,7,-13.596805572509766
2026-09-14 21:00:00,43.0,41.13157,7,-1.8684310913085938
2026-09-14 22:00:00,39.0,42.163044,7,3.163043975830078
2026-09-14 23:00:00,16.0,15.287772,7,-0.7122278213500977
2026-09-15 00:00:00,0.0,6.2811675,7,6.281167507171631
2026-09-15 01:00:00,0.0,2.1737816,7,2.173781633377075
2026-09-15 09:00:00,0.0,4.1938286,7,4.193828582763672
2026-09-15 10:00:00,15.0,12.520943,7,-2.4790573120117188
2026-09-15 11:00:00,30.0,32.6204,7,2.6203994750976562
2026-09-15 12:00:00,75.0,51.19453,7,-23.805469512939453
2026-09-15 13:00:00,59.0,54.33361,7,-4.666389465332031
2026-09-15 14:00:00,77.0,56.736473,7,-20.263526916503906
2026-09-15 15:00:00,38.0,46.13443,7,8.134429931640625
2026-09-15 16:00:00,50.0,48.523445,7,-1.4765548706054688
2026-09-15 17:00:00,68.0,54.641167,7,-13.358833312988281
2026-09-15 18:00:00,68.0,55.365234,7,-12.634765625
2026-09-15 19:00:00,53.0,49.6004,7,-3.3996009826660156
2026-09-15 20:00:00,58.0,44.598747,7,-13.401252746582031
2026-09-15 21:00:00,56.0,44.953957,7,-11.046043395996094
2026-09-15 22:00:00,53.0,44.53724,7,-8.462760925292969
2026-09-15 23:00:00,13.0,25.93039,7,12.930389404296875
2026-09-16 00:00:00,0.0,6.429416,7,6.429416179656982
2026-09-16 01:00:00,0.0,2.5688672,7,2.5688672065734863
2026-09-16 09:00:00,0.0,3.0828507,7,3.082850694656372
2026-09-16 10:00:00,12.0,10.691729,7,-1.3082714080810547
2026-09-16 11:00:00,36.0,32.82157,7,-3.1784286499023438
2026-09-16 12:00:00,60.0,52.473755,7,-7.5262451171875
2026-09-16 13:00:00,65.0,68.122536,7,3.1225357055664062
2026-09-16 14:00:00,41.0,60.171593,7,19.171592712402344
2026-09-16 15:00:00,42.0,58.283447,7,16.283447265625
2026-09-16 16:00:00,59.0,52.147453,7,-6.852546691894531
2026-09-16 17:00:00,51.0,59.7263,7,8.726299285888672
2026-09-16 18:00:00,68.0,75.30437,7,7.3043670654296875
2026-09-16 19:00:00,52.0,70.70332,7,18.703323364257812
2026-09-16 20:00:00,37.0,49.04016,7,12.0401611328125
2026-09-16 21:00:00,29.0,43.32254,7,14.322540283203125
2026-09-16 22:00:00,58.0,46.514534,7,-11.485466003417969
2026-09-16 23:00:00,21.0,24.430586,7,3.4305858612060547
2026-09-17 00:00:00,2.0,2.4951625,7,0.4951624870300293
2026-09-17 01:00:00,0.0,2.144991,7,2.144990921020508
2026-09-17 09:00:00,0.0,2.2024662,7,2.2024662494659424
2026-09-17 10:00:00,0.0,9.399854,7,9.399853706359863
2026-09-17 11:00:00,30.0,32.49527,7,2.495269775390625
2026-09-17 12:00:00,66.0,62.328693,7,-3.671306610107422
2026-09-17 13:00:00,95.0,71.86945,7,-23.13054656982422
2026-09-17 14:00:00,65.0,53.525852,7,-11.47414779663086
2026-09-17 15:00:00,55.0,48.99255,7,-6.007450103759766
2026-09-17 16:00:00,43.0,56.447735,7,13.447734832763672
2026-09-17 17:00:00,85.0,78.240814,7,-6.759185791015625
2026-09-17 18:00:00,119.0,85.54641,7,-33.453590393066406
2026-09-17 19:00:00,58.0,86.65717,7,28.65717315673828
2026-09-17 20:00:00,44.0,75.362976,7,31.36297607421875
2026-09-17 21:00:00,56.0,69.72131,7,13.7213134765625
2026-09-17 22:00:00,101.0,76.46141,7,-24.538589477539062
2026-09-17 23:00:00,83.0,55.444836,7,-27.555164337158203
2026-09-18 00:00:00,73.0,62.42671,7,-10.573291778564453
2026-09-18 01:00:00,15.0,10.792265,7,-4.207735061645508
2026-09-18 09:00:00,0.0,3.2819827,7,3.281982660293579
2026-09-18 10:00:00,0.0,20.889124,7,20.889123916625977
2026-09-18 11:00:00,41.0,36.277454,7,-4.722545623779297
2026-09-18 12:00:00,87.0,78.26354,7,-8.736457824707031
2026-09-18 13:00:00,72.0,90.246155,7,18.24615478515625
2026-09-18 14:00:00,115.0,80.90495,7,-34.09504699707031
2026-09-18 15:00:00,65.0,76.84605,7,11.846046447753906
2026-09-18 16:00:00,61.0,86.0502,7,25.050201416015625
2026-09-18 17:00:00,88.0,106.0488,7,18.048797607421875
2026-09-18 18:00:00,116.0,109.31713,7,-6.682868957519531
2026-09-18 19:00:00,115.0,107.77966,7,-7.2203369140625
2026-09-18 20:00:00,69.0,104.3717,7,35.37169647216797
2026-09-18 21:00:00,106.0,94.16445,7,-11.835548400878906
2026-09-18 22:00:00,138.0,111.11837,7,-26.881629943847656
2026-09-18 23:00:00,114.0,95.1972,7,-18.80280303955078
2026-09-19 00:00:00,93.0,90.37682,7,-2.6231765747070312
2026-09-19 01:00:00,1.0,15.854804,7,14.854804039001465
2026-09-19 09:00:00,0.0,3.5370944,7,3.5370943546295166
2026-09-19 10:00:00,10.0,15.523832,7,5.523832321166992
2026-09-19 11:00:00,31.0,44.914585,7,13.91458511352539
2026-09-19 12:00:00,88.0,93.353065,7,5.353065490722656
2026-09-19 13:00:00,71.0,100.95791,7,29.957908630371094
2026-09-19 14:00:00,88.0,97.3727,7,9.372703552246094
2026-09-19 15:00:00,62.0,95.75233,7,33.75232696533203
2026-09-19 16:00:00,122.0,95.94239,7,-26.05760955810547
2026-09-19 17:00:00,90.0,106.79351,7,16.79351043701172
2026-09-19 18:00:00,157.0,106.514725,7,-50.48527526855469
2026-09-19 19:00:00,111.0,106.514725,7,-4.4852752685546875
2026-09-19 20:00:00,106.0,104.81824,7,-1.1817626953125
2026-09-19 21:00:00,77.0,92.85241,7,15.852409362792969
2026-09-19 22:00:00,100.0,109.998055,7,9.998054504394531
2026-09-19 23:00:00,68.0,100.53303,7,32.53302764892578
2026-09-20 00:00:00,0.0,10.162285,7,10.162284851074219
2026-09-20 01:00:00,0.0,2.6531734,7,2.6531734466552734
2026-09-20 09:00:00,1.0,8.401325,7,7.401325225830078
2026-09-20 10:00:00,2.0,28.015816,7,26.01581573486328
2026-09-20 11:00:00,95.0,60.950943,7,-34.04905700683594
2026-09-20 12:00:00,73.0,72.14586,7,-0.8541412353515625
2026-09-20 13:00:00,58.0,71.68828,7,13.688278198242188
2026-09-20 14:00:00,84.0,70.440926,7,-13.559074401855469
2026-09-20 15:00:00,63.0,63.13241,7,0.13240814208984375
2026-09-20 16:00:00,98.0,61.38607,7,-36.613929748535156
2026-09-20 17:00:00,102.0,66.16529,7,-35.83470916748047
2026-09-20 18:00:00,66.0,59.221817,7,-6.7781829833984375
2026-09-20 19:00:00,43.0,53.00835,7,10.008350372314453
2026-09-20 20:00:00,43.0,49.84009,7,6.840091705322266
2026-09-20 21:00:00,23.0,45.424644,7,22.424644470214844
2026-09-20 22:00:00,30.0,41.371353,7,11.371353149414062
2026-09-20 23:00:00,5.0,39.30532,7,34.305320739746094
2026-09-21 00:00:00,0.0,2.7851171,7,2.7851171493530273
2026-09-21 01:00:00,0.0,2.4349456,7,2.434945583343506
2026-09-21 09:00:00,18.0,4.411637,7,-13.58836317062378
2026-09-21 10:00:00,10.0,11.597008,7,1.5970077514648438
2026-09-21 11:00:00,4.0,35.211056,7,31.211055755615234
2026-09-21 12:00:00,47.0,61.44166,7,14.441661834716797
2026-09-21 13:00:00,46.0,67.625565,7,21.625564575195312
2026-09-21 14:00:00,46.0,53.112663,7,7.112663269042969
2026-09-21 15:00:00,61.0,48.917686,7,-12.082313537597656
2026-09-21 16:00:00,32.0,50.56425,7,18.564250946044922
2026-09-21 17:00:00,55.0,56.25441,7,1.2544097900390625
2026-09-21 18:00:00,43.0,59.700935,7,16.70093536376953
2026-09-21 19:00:00,59.0,46.524075,7,-12.47592544555664
2026-09-21 20:00:00,27.0,46.908077,7,19.908077239990234
2026-09-21 21:00:00,41.0,31.918083,7,-9.081916809082031
2026-09-21 22:00:00,15.0,29.768248,7,14.768247604370117
2026-09-21 23:00:00,0.0,12.417668,7,12.417668342590332
2026-09-22 00:00:00,0.0,2.141553,7,2.1415529251098633
2026-09-22 01:00:00,0.0,2.141553,7,2.1415529251098633
2026-09-22 09:00:00,12.0,5.328236,7,-6.671763896942139
2026-09-22 10:00:00,9.0,12.298783,7,3.298783302307129
2026-09-22 11:00:00,72.0,27.802086,7,-44.197914123535156
2026-09-22 12:00:00,56.0,46.498627,7,-9.501373291015625
2026-09-22 13:00:00,88.0,49.73225,7,-38.26774978637695
2026-09-22 14:00:00,39.0,49.686157,7,10.6861572265625
2026-09-22 15:00:00,25.0,39.883095,7,14.883094787597656
2026-09-22 16:00:00,36.0,38.944565,7,2.9445648193359375
2026-09-22 17:00:00,58.0,48.93426,7,-9.065738677978516
2026-09-22 18:00:00,69.0,52.28329,7,-16.71670913696289
2026-09-22 19:00:00,34.0,46.13735,7,12.137348175048828
2026-09-22 20:00:00,40.0,45.532887,7,5.532886505126953
2026-09-22 21:00:00,39.0,42.934467,7,3.934467315673828
2026-09-22 22:00:00,19.0,41.98667,7,22.986671447753906
2026-09-22 23:00:00,0.0,17.109385,7,17.109384536743164
