tree
version=v4
num_class=1
num_tree_per_iteration=1
label_index=0
max_feature_idx=105
objective=quantile
feature_names=orders_count_lag_24h orders_count_lag_48h orders_count_lag_168h orders_count_lag_336h food_tickets_count_lag_24h food_tickets_count_lag_48h food_tickets_count_lag_168h food_tickets_count_lag_336h orders_count_roll_mean_24 orders_count_roll_mean_168 orders_count_roll_std_24 food_tickets_count_roll_mean_24 food_tickets_count_roll_mean_168 hour weekday month quarter is_weekend is_friday_saturday week_of_year bank_holiday_flag school_holiday_flag payday_period_flag hour_sin hour_cos weekday_sin weekday_cos month_sin month_cos is_food_service is_breakfast_window is_lunch_window is_dinner_window is_after_food_close hours_since_food_close is_live_music_window temp_c rain_mm wind_speed_kmh weather_severity_flag apparent_temp_c wind_gusts_kmh sunshine_duration_min uv_index precip_probability rainy_day_flag afternoon_rain_mm outdoor_weather_flag airport_arrivals airport_arrivals_lag1 airport_arrivals_zscore cruise_ship_flag ships_in_port_count cruise_passenger_estimate major_sports_event_flag city_event_flag st_patricks_week_flag event_intensity tourism_pressure weekend_x_music rain_x_weekend aviva_event_flag croke_park_event_flag nearby_venue_event_flag event_impact_score bloomsday_flag bloomsday_week_flag summer_tourism_flag christmas_market_flag new_years_eve_flag new_years_day_flag college_term_flag days_from_payday failte_event_count failte_free_event_count failte_festival_count suffolk_footfall_lag_24h suffolk_footfall_lag_168h suffolk_footfall_roll_24h orders_count_same_slot_4w_avg food_tickets_count_same_slot_4w_avg orders_count_same_wd_hour_roll8 food_tickets_count_same_wd_hour_roll8 tv_sports_flag tv_sports_intensity match_kickoff_proximity is_ireland_match_window days_until_next_match is_match_tomorrow is_match_in_2_days post_lecture_window fresher_week_flag rag_week_flag exam_period_flag is_business_lunch_hour is_after_work_window budget_day_flag cheltenham_festival_flag sunny_afternoon late_night_x_fri_sat orders_count_trend_90d orders_count_yoy_ratio food_tickets_count_trend_90d food_tickets_count_yoy_ratio orders_count_ewma_168 food_tickets_count_ewma_168
feature_infos=[0:325] [0:325] [0:325] [0:325] [0:48.299999999999997] [0:48.299999999999997] [0:48.299999999999997] [0:48.299999999999997] [1.1666666666666667:143.08333333333334] [16.482142857142858:72.68452380952381] [3.9963751691673188:553.40272831830612] [0:13.158333333333331] [1.4958333333333331:6.6583333333333341] [12:15] [0:6] [1:12] [1:4] [0:1] [0:1] [1:52] [0:1] [0:1] [0:1] [-0.70710678118654713:1.2246467991473532e-16] [-1:-0.70710678118654791] [-0.97492791218182362:0.97492791218182362] [-0.90096886790241903:1] [-1:1] [-1:1] none [0:1] [0:1] none none none none [0.29999999999999999:25.899999999999999] [0:6.9000000000000004] [0.29999999999999999:60.600000000000001] [0:1] [-4.5:26.899999999999999] [4.2999999999999998:108.7] [0:60] none none [0:1] [0:2.0666666666666664] [0:1] [92076:104600] [92076:104600] [-1.3882908791173396:1.2346356086620247] [0:1] [0:2] [0:3592] none none [0:1] [0:2] [-1.3882908791173396:1.7474967544161926] none [0:5.7999999999999998] none none none none none [0:1] [0:1] [0:1] none none [0:1] [-4:19] none none none [79:5345] [79:5345] [89.299999999999997:2839.0999999999999] [7:151.25] [1.7749999999999999:35.100000000000001] [14:132.5] [1.9750000000000001:29.824999999999999] [0:1] [0:3] [0:99] [0:1] [0:7] [0:1] [0:1] [0:1] [0:1] [0:1] [0:1] [0:1] none none [0:1] [0:1] none [552.44444444444446:985.56666666666672] [0.78467064901517591:1.72744513997161] [51.944444444444443:92.695555555555558] [0.78461076302463306:1.7277682902682903] [15.056071598804618:71.818481570634262] [1.364566808881279:6.9530172411586211]
tree_sizes=3211 2973 3244 3801 3369 4353 3403 3780 3746 3624 4689 4879 5358 4586 5053 4613 4833 5277 5660 5134 4646 5320 5459 5636 5657 5754 5157 5741 6056 7082 5424 5948 7073 7113 5722 5963 5531 5450 6110 6804 6195 6455 5687 5130 4926 6572 5021 4375 7488 5441 6010 5307 4519 6830 4115 5380 4554 5617 7661 6992 4140 2394 4190 5823 5862 4344 5479 6232 6604 4374 7004 6989 3569 5338 6951 6633 4696 2278 7424 5611 5035 4849 6380 3280 4215 6141 4487 5499 5019 5272 5763 3915 3901 4559 4997 5015 3385 3898 2217 2667 6380 7713 3083 7059 4987 4086 3420

Tree=0
num_leaves=36
num_cat=0
split_feature=80 6 11 7 6 80 4 19 19 8 102 28 87 80 19 8 19 8 4 4 19 19 7 6 11 6 6 19 19 24 80 19 12 7 8
split_gain=257.245 20.0472 12.5237 8.64061 6.20535 6.16397 4.67675 4.44656 3.48709 3.33318 3.323 3.07042 3.56949 3.37681 2.89528 2.9838 1.7418 1.68231 1.68042 2.48112 1.47028 1.54895 1.4191 1.24451 1.18475 0.98259 0.978846 0.870638 1.6406 0.833127 0.943465 0.829467 0.807774 0.751432 0.685251
threshold=11.437500000000002 10.550000000000002 5.0395833333333346 9.9500000000000011 9.3500000000000032 14.712500000000002 10.350000000000003 2.5000000000000004 49.500000000000007 54.062500000000007 84.362777777777794 0.93301270189221952 2.5000000000000004 9.4875000000000025 22.500000000000004 67.229166666666671 20.500000000000004 27.020833333333339 8.8500000000000032 13.450000000000001 35.500000000000007 32.500000000000007 13.750000000000002 9.1500000000000004 6.0145833333333343 9.1500000000000004 16.950000000000003 13.500000000000002 19.500000000000004 -0.98296291314453399 8.0625000000000018 25.500000000000004 2.6738095238095241 7.7500000000000009 71.312500000000014
decision_type=2 2 2 2 2 2 2 2 2 2 2 2 2 2 2 2 2 2 2 2 2 2 2 2 2 2 2 2 2 2 2 2 2 2 2
left_child=2 9 4 26 33 10 -4 -7 14 25 27 13 -13 -6 15 29 32 -9 -12 -20 21 31 -11 -16 -21 -2 -3 -5 -29 -8 -31 -18 -15 -1 -25
right_child=1 3 6 5 11 7 8 17 -10 22 18 12 -14 16 23 -17 20 -19 19 24 -22 -23 -24 34 -26 -27 -28 28 -30 30 -32 -33 -34 -35 -36
leaf_value=11.307570906881379 11.467547026152815 11.722706057398634 11.722706064233991 11.8264898127309 11.479588232007975 11.680275077145566 11.515138464709862 11.738760981906143 11.885549083216075 11.652752336431234 11.6355506046021 11.567317066250407 11.887842697175774 11.652178929694522 11.475001082011612 12.348849094748402 11.672247635056101 12.170524473237027 11.80642113881194 11.585092188411403 11.530046622907879 11.679128340911632 11.712385023222609 11.519725595567218 11.869494183315837 11.602867318774814 11.411928081254 11.727293156129832 11.892429856058074 11.477294646073238 11.639564332823959 11.550688708348304 11.550688722019 11.445184745109522 11.69002274354639
leaf_weight=920 28 15.000000000000002 11.999999999999998 42 114 19 30 12.999999999999998 17 14.000000000000002 25 14.000000000000002 13.999999999999998 11.999999999999998 57 22 12.999999999999998 376 30 13.000000000000002 28 14.999999999999998 14.999999999999998 21 11.999999999999998 22 11.999999999999998 25 65 12.999999999999998 20 19 33 293 13.999999999999998
leaf_count=920 28 15 12 42 114 19 30 13 17 14 25 14 14 12 57 22 13 376 30 13 28 15 15 21 12 22 12 25 65 13 20 19 33 293 14
internal_value=11.5997 11.6282 11.5874 11.6315 11.5855 11.6329 11.6006 11.637 11.5985 11.6009 11.625 11.5935 11.6115 11.5914 11.5961 11.6037 11.5981 11.6384 11.6158 11.6214 11.6034 11.6096 11.6164 11.589 11.608 11.592 11.5998 11.6306 11.6274 11.5974 11.6036 11.6025 11.5892 11.5838 11.5975
internal_weight=2407 726 1681 647 1475 620 206 408 194 79 212 262 28 234 177 85 120 389 80 55 75 47 29 92 25 50 27 132 90 63 33 32 45 1213 35
internal_count=2407 726 1681 647 1475 620 206 408 194 79 212 262 28 234 177 85 120 389 80 55 75 47 29 92 25 50 27 132 90 63 33 32 45 1213 35
is_linear=0
shrinkage=1


Tree=1
num_leaves=32
num_cat=0
split_feature=80 18 80 15 105 8 8 7 80 0 8 1 8 15 49 80 15 8 8 60 7 7 8 79 8 8 8 80 8 8 8
split_gain=236.122 35.0729 13.8635 7.47978 5.70703 5.33301 4.29261 3.13984 2.66791 2.05127 2.43495 1.87394 1.79194 1.51684 1.40122 1.36909 3.07646 1.2948 1.22259 1.17107 1.14417 1.55917 1.58932 1.52787 1.13514 2.00024 1.9716 1.09092 0.965509 1.93274 0.956861
threshold=11.437500000000002 1.0000000180025095e-35 9.6875000000000018 11.500000000000002 3.6295890966266318 29.770833333333339 45.104166666666679 10.15 14.712500000000002 69.500000000000014 52.520833333333336 32.500000000000007 18.312500000000004 6.5000000000000009 98791.000000000015 7.8875000000000011 11.500000000000002 36.479166666666671 33.020833333333336 1.0000000180025095e-35 10.15 14.65 59.854166666666679 58.625000000000007 57.104166666666679 45.437500000000007 52.770833333333336 9.9875000000000025 70.479166666666671 78.187500000000014 26.062500000000004
decision_type=2 2 2 2 2 2 2 2 2 2 2 2 2 2 2 2 2 2 2 2 2 2 2 2 2 2 2 2 2 2 2
left_child=2 4 6 12 13 11 15 -6 24 10 -8 30 -4 -2 -15 -1 -17 18 -10 -9 23 22 27 -14 25 -7 -27 -22 -11 -30 -3
right_child=1 5 3 -5 7 8 9 19 17 28 -12 -13 20 14 -16 16 -18 -19 -20 -21 21 -23 -24 -25 -26 26 -28 -29 29 -31 -32
leaf_value=-0.26992792388345621 -0.086590627923137931 -0.015340893573881392 -0.15883203468540399 0.22980095708307247 -0.056578974439739568 0.2140827278849326 -0.046452677260173984 0.19887204242848899 0.19858276253114424 -0.11826523703595332 0.09396504750634159 0.12456725189402104 0.072704253071098027 -0.037213901112571279 0.10148895181292293 -0.11924175688472019 0.10082020160443481 0.55787942979301408 0.18345505709060725 0.058526799676537636 -0.082886593855890325 -0.093176125797224188 0.19265807646514549 -0.074054317498879627 0.2314422406207966 0.090706274345483257 0.092255504403528324 0.026512692796603617 0.20800407112128066 -0.16814762403540928 0.14034798379432115
leaf_weight=928 46 16.000000000000004 25 22 14.999999999999998 83 19 55 15.999999999999998 154 15.999999999999998 24 13.999999999999998 17 22 260 11.999999999999998 326 22 19 12.999999999999998 15.999999999999998 15.999999999999998 72 25 23 18 66 14.000000000000002 15.999999999999998 12.999999999999998
leaf_count=928 46 16 25 22 15 83 19 55 16 154 16 24 14 17 22 260 12 326 22 19 13 16 16 72 25 23 18 66 14 16 13
internal_value=-0.000212353 0.0267322 -0.0122022 0.000422847 0.00421775 0.0336535 -0.0143731 0.0143659 0.0354426 -0.00699036 0.00573221 0.0163342 -0.00273761 -0.00640775 0.00191022 -0.0157204 -0.0121421 0.038089 0.0280617 0.0192147 -0.0009021 0.00294402 0.00573328 -0.00586656 0.0289763 0.0267262 0.01636 0.00239461 -0.00941068 0 0.00652261
internal_weight=2403 740 1663 244 174 566 1419 89 513 219 35 53 222 85 39 1200 272 364 38 74 197 111 95 86 149 124 41 79 184 30 29
internal_count=2403 740 1663 244 174 566 1419 89 513 219 35 53 222 85 39 1200 272 364 38 74 197 111 95 86 149 124 41 79 184 30 29
is_linear=0
shrinkage=0.0573391


Tree=2
num_leaves=34
num_cat=0
split_feature=82 18 82 13 105 19 19 105 19 101 105 105 36 7 7 7 12 25 36 19 105 101 25 82 100 100 78 36 105 36 82 19 48
split_gain=220.432 23.7536 13.1313 8.64582 6.07705 4.50884 3.63263 3.18672 2.73382 3.41755 2.49751 2.41637 2.26995 2.11623 1.82478 1.73815 1.68156 1.65236 2.09684 3.0781 1.95783 1.63694 1.63147 1.59982 1.50852 1.25769 1.16718 0.777462 1.3603 0.79431 0.732026 0.727663 0.670329
threshold=11.856250000000003 1.0000000180025095e-35 9.2937500000000028 14.500000000000002 1.9483759395670288 47.500000000000007 1.5000000000000002 3.9918112738411695 36.500000000000007 1.0725455130685297 5.6278085334549663 3.7375934527637984 4.5500000000000007 10.250000000000002 7.6500000000000012 12.15 3.0586309523809532 0.6078576107927941 16.650000000000002 12.500000000000002 3.4844592695183976 0.8437246532818502 1.0000000180025095e-35 15.368750000000004 903.85555555555572 911.68333333333351 1112.0000000000002 10.950000000000001 3.8114652110676093 20.150000000000002 17.675000000000004 9.5000000000000018 95552.000000000015
decision_type=2 2 2 2 2 2 2 2 2 2 2 2 2 2 2 2 2 2 2 2 2 2 2 2 2 2 2 2 2 2 2 2 2
left_child=2 7 6 4 30 8 -1 13 9 17 14 24 -6 -2 21 -9 -10 18 19 31 -20 -8 -7 -14 -5 -15 -17 28 -16 -29 -3 -4 -13
right_child=1 3 5 11 12 22 10 15 16 -11 -12 32 23 25 27 26 -18 -19 20 -21 -22 -23 -24 -25 -26 -27 -28 29 -30 -31 -32 -33 -34
leaf_value=0.097019320566150175 -0.082988443287458191 -0.036464392234022147 0.038252584709237009 0.033897408479446486 0.078467479831467943 0.067469922620904649 0.78939692234568914 0.25120945467787359 0.010462720951955756 -0.15525383670001433 0.15920781217893235 0.17868581977972317 0.2053088122098253 0.14199581249087809 -0.10948112915343323 0.0027817278915027595 -0.11747358471524096 -0.11924034264852462 0.0089939406419160105 -0.037866797384409755 0.087077921811402059 -0.25445049740232034 0.39675735056141059 0.54022593095290206 -0.081780286816756517 -0.0089617339311484651 0.14051542342175066 -0.13471282329343043 0.14853141560670385 -0.065331218559113072 0.090527281694071676 0.12586850835438471 0.14176438180103093
leaf_weight=22 34 14.000000000000002 37 24 15.999999999999998 20 13.999999999999998 15.999999999999998 14.999999999999998 50 15.999999999999998 12.000000000000002 128 22 67 17.000000000000004 83 17 26 56 29 947 11.999999999999998 316 12.999999999999998 35 12.999999999999998 237 11.999999999999998 24 12.999999999999998 14.999999999999998 18
leaf_count=22 34 14 37 24 16 20 14 16 15 50 16 12 128 22 67 17 83 17 26 56 29 947 12 316 13 35 13 237 12 24 13 15 18
internal_value=-0.000527793 0.0267774 -0.0116331 0.032064 0.034721 -0.00191119 -0.0142469 0.00539866 -0.00391569 -0.000498446 -0.0146329 0.0127502 0.0362728 -0.000818721 -0.0149099 0.0176979 -0.011935 0.00318524 0.00495966 0.000318225 0.0140724 -0.0161873 0.0186315 0.0370375 0.00294317 0.00593404 0.00955395 -0.0112989 -0.00631377 -0.0128076 0.00827968 0.0103636 0.0248421
internal_weight=2390 691 1699 554 487 360 1339 137 328 230 1317 67 460 91 1301 46 98 180 163 108 55 961 32 444 37 57 30 340 79 261 27 52 30
internal_count=2390 691 1699 554 487 360 1339 137 328 230 1317 67 460 91 1301 46 98 180 163 108 55 961 32 444 37 57 30 340 79 261 27 52 30
is_linear=0
shrinkage=0.0573391


Tree=3
num_leaves=40
num_cat=0
split_feature=82 82 6 6 19 19 103 81 5 82 6 80 12 19 60 103 12 82 6 12 12 12 85 27 80 19 19 85 5 103 80 80 80 80 80 82 6 6 85
split_gain=209.228 25.0016 10.4861 9.11015 6.11056 4.8748 3.33661 3.30364 3.04228 2.69165 2.41493 2.26676 2.06203 1.97267 1.9492 1.62403 3.04584 1.90403 1.5724 1.56264 1.29164 2.03486 1.26657 1.62923 1.8548 1.15056 1.56485 1.07272 1.02285 1.02145 0.983075 0.975372 1.08166 0.83144 0.732418 0.718105 1.02707 0.669077 0.666707
threshold=11.106250000000003 14.256250000000003 9.1500000000000004 11.450000000000001 48.500000000000007 51.500000000000007 1.1003782418662194 61.535714285714292 15.250000000000002 10.268750000000002 9.9500000000000011 21.762500000000003 4.1836309523809527 2.5000000000000004 0.15000000000000005 0.84366130439021259 3.3443452380952388 8.4812500000000011 16.950000000000003 5.3627976190476199 3.2193452380952388 3.6309523809523809 1.7500000000000002 -0.93301270189221919 14.437500000000002 38.500000000000007 18.500000000000004 1.0000000180025095e-35 5.3500000000000005 1.0114781283410419 11.537500000000003 8.2125000000000039 10.412500000000003 15.029166666666667 9.4875000000000025 12.806250000000002 13.850000000000003 9.2500000000000018 1.7500000000000002
decision_type=2 2 2 2 2 2 2 2 2 2 2 2 2 2 2 2 2 2 2 2 2 2 2 2 2 2 2 2 2 2 2 2 2 2 2 2 2 2 2
left_child=2 6 15 29 9 -6 7 10 13 18 -2 -10 14 -5 22 16 -1 19 31 -17 -11 -22 25 -24 30 26 -9 -19 33 -3 -25 -4 34 -15 -33 36 -12 -8 -14
right_child=1 3 4 8 5 -7 37 12 11 20 35 -13 38 28 -16 17 -18 27 -20 -21 21 -23 23 24 -26 -27 -28 -29 -30 -31 -32 32 -34 -35 -36 -37 -38 -39 -40
leaf_value=-0.25568283043316964 0.049862166418912876 0.098539038188297415 -0.15215370853633889 0.16495000092851445 0.25386112998296922 -0.11182759353118284 -0.16023749092164172 0.03650403930444731 0.061865048720008572 0.058667071457312821 0.12371893244602035 1.1009894697202776 0.1803307667709193 0.065009607709311565 -0.02986650254445301 -0.234126627386291 1.0455069904458139 0.015913514039277616 0.065950811520584782 0.025137609556417296 -0.039307481844789605 0.079520133996492132 -0.015712720401956527 0.022700927452898523 -0.01672098086954045 0.091272496885454038 -0.02351166658477016 -0.10079780975678092 0.44904380455129383 -0.028325519722838532 0.15094146375711812 -0.076299137716664286 -0.099423143043444517 0.30953849540260436 -0.0082641810117265631 0.2802496184053811 0.11992036885355033 -0.0027376931603317928 0.13617219870673367
leaf_weight=16.000000000000004 11.999999999999998 12.000000000000002 47 13.999999999999998 25 13.999999999999998 12.000000000000002 28 15.000000000000002 23 17.000000000000004 11.999999999999998 12 11.999999999999998 20 1056 11.999999999999998 20 11.999999999999998 13.999999999999998 21 23 12.999999999999998 11.999999999999998 11.999999999999998 27 25 188 328 19 56 92 34 29 60 24 11.999999999999998 15.999999999999998 15
leaf_count=16 12 12 47 14 25 14 12 28 15 23 17 12 12 12 20 1056 12 20 12 14 21 23 13 12 12 27 25 188 328 19 56 92 34 29 60 24 12 16 15
internal_value=-0.000720589 0.0243195 -0.0121149 0.0331158 -0.00331606 0.0180809 0.0119255 0.0137812 0.035382 -0.00599101 0.0251387 0.0167729 0.0104249 0.0366935 0.00834797 -0.0144796 -0.000817798 -0.0147789 -0.00877609 -0.0157548 0.00419267 -0.00156287 0.0103073 0.0148578 0.017917 0.00501647 0.000107543 -0.0097583 0.0374952 0.00314286 0.0215846 -0.00981868 -0.00795311 0.0289452 -0.00588441 0.0303973 0.0243147 -0.00696028 0.0252662
internal_weight=2411 754 1657 441 351 39 313 285 410 312 65 27 220 383 193 1306 28 1278 245 1070 67 44 173 93 80 80 53 208 369 31 68 233 186 41 152 53 29 28 27
internal_count=2411 754 1657 441 351 39 313 285 410 312 65 27 220 383 193 1306 28 1278 245 1070 67 44 173 93 80 80 53 208 369 31 68 233 186 41 152 53 29 28 27
is_linear=0
shrinkage=0.0573391


Tree=4
num_leaves=36
num_cat=0
split_feature=18 7 11 7 15 11 11 12 47 7 11 11 101 15 7 11 101 101 11 25 72 15 7 15 7 15 7 72 25 12 11 72 72 15 7
split_gain=173.392 37.4903 20.4354 8.4639 8.6347 7.83645 6.33835 4.05731 3.88095 3.8579 3.4062 3.24114 3.0389 2.31876 2.13245 1.85946 1.87692 2.2211 1.57242 1.55203 1.45272 1.41489 1.92365 1.41073 1.33214 1.2896 1.1944 1.12222 1.05649 1.04947 1.01644 0.922094 1.0536 0.899823 0.765244
threshold=1.0000000180025095e-35 11.15 5.0395833333333346 8.2500000000000018 10.500000000000002 3.2937500000000002 5.1000000000000005 5.3627976190476199 1.0000000180025095e-35 14.550000000000002 1.9604166666666667 2.6104166666666671 0.88265389140238149 1.5000000000000002 9.9500000000000011 3.1270833333333337 1.0066587530312356 0.88974464054186553 4.1979166666666679 1.0000000180025095e-35 12.500000000000002 3.5000000000000004 16.450000000000003 1.5000000000000002 12.750000000000002 10.500000000000002 11.850000000000003 1.0000000180025095e-35 0.6078576107927941 3.1404761904761913 6.9979166666666677 11.500000000000002 3.5000000000000004 8.5000000000000018 6.1500000000000012
decision_type=2 2 2 2 2 2 2 2 2 2 2 2 2 2 2 2 2 2 2 2 2 2 2 2 2 2 2 2 2 2 2 2 2 2 2
left_child=2 6 3 34 11 13 15 8 12 25 -6 -5 -4 -3 -10 16 17 -2 -12 -13 -17 -15 24 -11 -23 26 -7 29 -21 -14 -29 32 -26 -28 -1
right_child=1 5 7 4 10 9 -8 -9 14 23 18 19 27 21 -16 20 -18 -19 -20 28 -22 22 -24 -25 31 -27 33 30 -30 -31 -32 -33 -34 -35 -36
leaf_value=-0.27230719098983547 -0.049342830709572842 0.02758723312947485 0.60969820226866656 -0.12056206606701686 -0.23831226609418696 0.177474033571414 0.1507328540950314 0.32570503801823369 0.008425015452991888 0.28405399102533618 0.27059068806961672 -0.070981370442710176 0.090022526986966153 0.20586572689224164 0.26086857223898963 -0.052032265821487497 -0.079618640116314282 0.13211327402810788 0.14883049167333282 0.062190307153909538 0.013576646486862213 0.16894024442260658 0.13513397401387803 0.48636907426298515 0.13148539930241562 0.33947179206019218 0.2457073873297197 -0.094086804357409085 -0.039950622351572547 -0.017581256889370737 0.070958388131268271 0.087768965116850756 -0.024702993442038274 0.0804588569879887 -0.14831863144610619
leaf_weight=686 12.000000000000002 23 20 194 13.999999999999998 14.999999999999998 12.999999999999998 14.999999999999998 18 14.999999999999998 27 95 20 32 27 65 14.999999999999998 18 11.999999999999998 42 21 14.999999999999998 31 274 23 14.999999999999998 50 117 22 28 38 12.999999999999998 15.999999999999998 12.999999999999998 373
leaf_count=686 12 23 20 194 14 15 13 15 18 15 27 95 20 32 27 65 15 18 12 42 21 15 31 274 23 15 50 117 22 28 38 13 16 13 373
internal_value=-0.00108912 0.0235012 -0.0106411 -0.013366 -0.00632692 0.0304912 -0.00246846 0.00346448 0.00183983 0.0348833 0.0152524 -0.00956713 -0.00125974 0.0195245 0.0171992 -0.00625868 0.00318444 0.011465 0.0239612 -0.00349774 -0.0112001 0.0224935 0.0190728 0.0381526 0.0136059 0.0247221 0.0217578 -0.00336102 0.00340374 0.00429933 -0.00573353 0.00926102 0.00485034 0.0182921 -0.0160646
internal_weight=2427 679 1748 1465 406 535 144 283 268 382 53 353 223 153 45 131 45 30 39 159 86 130 98 289 67 93 78 203 64 48 155 52 39 63 1059
internal_count=2427 679 1748 1465 406 535 144 283 268 382 53 353 223 153 45 131 45 30 39 159 86 130 98 289 67 93 78 203 64 48 155 52 39 63 1059
is_linear=0
shrinkage=0.0573391


Tree=5
num_leaves=46
num_cat=0
split_feature=82 6 6 82 15 8 8 82 40 8 72 101 36 6 72 81 36 105 6 9 11 72 40 36 23 15 8 105 11 8 81 9 81 8 36 82 40 40 40 40 9 36 36 36 105
split_gain=188.907 23.9715 14.2497 9.69902 8.05129 5.82929 4.97116 3.85928 3.46856 3.45819 3.0345 2.84222 2.50335 2.42962 2.15635 1.84492 1.77965 1.71808 1.61617 1.55241 1.61649 1.61265 2.20077 1.51978 1.47849 2.27131 1.38366 1.29576 3.76948 1.2293 1.98278 1.34307 0.981944 2.23065 0.962225 0.70344 0.974569 0.708629 0.694048 1.02431 0.678025 0.668583 1.17308 0.650576 0.63594
threshold=11.468750000000002 12.050000000000002 9.1500000000000004 14.725000000000003 11.500000000000002 45.437500000000007 39.479166666666679 9.9187500000000028 1.4500000000000002 20.083333333333339 9.5000000000000018 0.88265389140238149 17.950000000000003 9.4500000000000011 1.5000000000000002 68.312500000000014 12.550000000000002 3.5136877472231558 10.850000000000003 39.059523809523817 3.6437500000000007 5.5000000000000009 12.850000000000003 12.550000000000002 -0.6035533905932734 11.500000000000002 44.145833333333336 3.2211894292596153 5.2187500000000009 20.645833333333339 65.437500000000014 32.675595238095248 65.062500000000014 62.062500000000007 21.550000000000004 8.8562500000000011 16.350000000000005 5.9500000000000011 2.0500000000000003 5.0500000000000007 39.922619047619058 13.250000000000002 17.150000000000002 8.1500000000000004 3.8833313598247874
decision_type=2 2 2 2 2 2 2 2 2 2 2 2 2 2 2 2 2 2 2 2 2 2 2 2 2 2 2 2 2 2 2 2 2 2 2 2 2 2 2 2 2 2 2 2 2
left_child=2 9 5 10 7 34 8 35 -5 -2 16 -7 29 23 -15 -10 38 -6 -19 21 -21 22 -18 26 -13 -26 -11 -16 -29 -9 31 -31 -12 -34 -1 37 -37 -4 -3 -40 -32 -17 -43 -20 -30
right_child=1 3 4 6 17 11 -8 12 15 13 32 24 -14 14 27 41 19 18 43 20 -22 -23 -24 -25 25 -27 -28 28 44 30 40 -33 33 -35 -36 36 -38 -39 39 -41 -42 42 -44 -45 -46
leaf_value=-0.19977152984803992 -0.11175041011542602 0.15024404636186528 -0.056607472736222651 -0.0076721421230385627 0.23863092822115703 0.6439661841607357 0.46421492854832991 -0.074226744486182092 0.018133690486950772 -0.033091561143133129 0.24820436931941997 -0.19184890488458722 0.0798722821319095 -0.0065104209115045249 0.11698500185665892 0.25546092458416414 0.050583481206480596 -0.018067231121599966 0.16189002198071095 0.093568161927548937 -0.030579410272431915 -0.025164532426016614 0.24685587986235014 -0.083928388000469589 -0.068653741983665792 0.17618390747440155 0.045418586545294209 -0.022768833357107308 0.12111581587175205 0.20216966278504045 -0.050823580290431873 0.025772927324902502 0.053709442728032089 0.34446883702412495 -0.11697909639815768 -0.091587886746229946 0.017954603051766556 -0.16520992433682555 0.34905148386620088 0.20604619163824575 0.0043435081819639468 0.10910122695458506 0.17358279853925304 0.20959149584902395 0.18123706819532825
leaf_weight=1097 21 13.999999999999998 29 14.999999999999998 13.999999999999998 19 279 12.999999999999998 14.999999999999998 13.000000000000002 25 88 21 24 37 30 21 12.999999999999998 15.000000000000002 11.999999999999998 23 11.999999999999998 12.999999999999998 17 80 11.999999999999998 12.999999999999998 14.999999999999998 13.000000000000002 12.999999999999998 41 22 19 13.999999999999998 13.999999999999998 61 21 81 11.999999999999998 22 11.999999999999998 29 14.999999999999998 13.999999999999998 18
leaf_count=1097 21 14 29 15 14 19 279 13 15 13 25 88 21 24 37 30 21 13 15 12 23 12 13 17 80 12 13 15 13 13 41 22 19 14 14 61 21 81 12 22 12 29 15 14 18
internal_value=-0.000693928 0.023423 -0.0113313 0.0290716 -0.00139463 -0.0141377 0.0342982 -0.00496678 0.0235959 0.00459352 0.0183663 -0.00509973 0.00300757 0.00764476 0.0122708 0.0278946 0.0134673 0.0186331 0.0128308 0.00828144 -0.000818065 0.0152051 0.0215826 -0.00386587 -0.00732629 -0.00224323 0.00484963 0.0166477 0.0102196 -0.000737663 0.00169364 0.0122844 0.0292598 0.0227577 -0.0157565 -0.0100339 -0.00601287 -0.0130308 0.0222161 0.0266413 -0.00530008 0.0316116 0.0271022 0.0203609 0.0216366
internal_weight=2421 741 1680 570 370 1310 383 314 104 171 187 199 122 150 107 89 129 56 42 81 35 46 34 43 180 92 26 83 46 101 88 35 58 33 1111 192 82 110 48 34 53 74 44 29 31
internal_count=2421 741 1680 570 370 1310 383 314 104 171 187 199 122 150 107 89 129 56 42 81 35 46 34 43 180 92 26 83 46 101 88 35 58 33 1111 192 82 110 48 34 53 74 44 29 31
is_linear=0
shrinkage=0.0573391


Tree=6
num_leaves=37
num_cat=0
split_feature=6 26 6 6 56 0 87 28 76 3 26 101 6 12 12 3 77 3 101 101 72 3 28 12 28 17 3 17 72 101 3 12 12 0 21 85
split_gain=187.818 26.9102 13.0178 5.70625 4.63493 2.56738 2.37407 2.36942 2.22299 2.10436 1.80572 2.93897 1.75447 2.25214 1.69299 1.99877 1.65766 1.43299 1.32925 3.29487 1.52248 1.27272 1.20211 1.46496 1.1128 0.955087 1.41214 0.894969 1.32918 0.877954 1.11599 0.84481 0.795561 0.76247 1.04079 0.68
threshold=12.350000000000003 -0.22252093395631442 8.7500000000000018 16.150000000000002 1.0000000180025095e-35 125.50000000000001 1.5000000000000002 0.93301270189221952 1167.0000000000002 35.500000000000007 -0.22252093395631442 0.87456217166531303 6.8500000000000005 4.9583333333333348 4.0300595238095243 65.500000000000014 2003.0000000000002 60.500000000000007 0.88643857860049546 0.93580363076131945 -1.0000000180025095e-35 75.500000000000014 -0.68301270189221952 3.8494047619047622 -0.5 1.0000000180025095e-35 78.500000000000014 1.0000000180025095e-35 1.0000000180025095e-35 0.9995634560312916 68.500000000000014 3.711011904761905 3.3136904761904766 86.500000000000014 1.0000000180025095e-35 1.0000000180025095e-35
decision_type=2 2 2 2 2 2 2 2 2 2 2 2 2 2 2 2 2 2 2 2 2 2 2 2 2 2 2 2 2 2 2 2 2 2 2 2
left_child=2 3 4 9 12 7 14 10 -5 -2 11 -4 35 25 15 -3 -9 24 -11 -20 -21 -19 23 32 -13 -14 -27 28 -10 -22 -31 -24 -12 -8 -35 -1
right_child=1 6 5 8 -6 -7 33 16 27 18 22 17 13 -15 -16 -17 -18 21 19 20 29 -23 31 -25 -26 26 -28 -29 -30 30 -32 -33 -34 34 -36 -37
leaf_value=-0.16954342282154605 0.090016721785822651 0.10624007003408913 0.060496939651219168 0.077938882145479824 0.61092398232333389 0.13986206700034809 -0.15260438861157019 0.2115654875315067 0.11510277403701788 0.16836641168994135 -0.031268029386424263 5.3476080324220339e-05 -0.10258531283667047 0.019081779994701203 0.16877227242560863 -0.031829044044053033 -0.0090716235371771075 0.033337212573101946 -0.016515759124980035 0.0657121713610469 0.22741236839428303 -0.010422765141304491 -0.10849017636673078 -0.058157748056432347 -0.070015556830724843 -0.095812315764928879 0.017802453048728538 0.43759725845075736 0.32531974488411175 0.15683379700753092 0.15844244860627507 -0.053627795741002508 0.021130646652056578 -0.13832258511498266 0.080380773715282836 -0.23418962360029472
leaf_weight=28 20 11.999999999999998 13.999999999999998 11.999999999999998 21 20 34 17 18 18 11.999999999999998 36 315 13.999999999999998 14.999999999999998 24 21 50 14.999999999999998 23 19 73 91 21 76 35 22 221 71 49 58 38 25 12 12 844
leaf_count=28 20 12 14 12 21 20 34 17 18 18 12 36 315 14 15 24 21 50 15 23 19 73 91 21 76 35 22 221 71 49 58 38 25 12 12 844
internal_value=-0.0012583 0.0255533 -0.0108307 0.0309453 -0.0138841 -0.0029249 -0.00036791 -0.00377411 0.035685 0.0233891 -0.00497101 -0.00177297 -0.0143301 -0.0111111 0.00865565 0.00191013 0.00995682 -0.00329374 0.0253292 0.023704 0.0262826 0.00097865 -0.00922905 -0.00237189 -0.0079859 -0.0119608 -0.00512934 0.0366224 0.03176 0.0287593 0.0267389 -0.0123117 0.00449269 -0.00830306 -0.000476336 -0.015755
internal_weight=2406 633 1773 524 1279 494 109 474 322 202 436 249 1258 386 51 36 38 235 182 164 149 123 187 58 112 372 57 310 89 126 107 129 37 58 24 872
internal_count=2406 633 1773 524 1279 494 109 474 322 202 436 249 1258 386 51 36 38 235 182 164 149 123 187 58 112 372 57 310 89 126 107 129 37 58 24 872
is_linear=0
shrinkage=0.0573391


Tree=7
num_leaves=40
num_cat=0
split_feature=82 82 82 8 8 12 8 79 8 8 79 57 12 82 36 103 12 8 36 5 82 72 36 8 26 8 5 12 8 36 41 72 5 31 103 50 79 12 50
split_gain=174.027 16.812 13.6649 6.93167 5.45806 6.11008 4.28802 4.78121 4.12382 4.0891 2.95178 3.6172 2.38983 2.37713 2.1482 2.06329 1.96816 1.91499 2.47427 2.24258 1.86442 1.51727 1.48463 1.24873 1.23478 2.8174 2.26077 1.60406 1.07021 1.0571 0.924007 0.818481 0.879019 0.804331 0.764266 0.70817 0.687709 0.666058 0.647761
threshold=11.856250000000003 16.137500000000003 8.4812500000000011 31.895833333333339 23.437500000000004 4.8500000000000005 25.750000000000004 76.375000000000014 67.229166666666671 60.437500000000007 45.875000000000007 1.0000000180025095e-35 3.5717261904761908 10.268750000000002 17.350000000000005 0.97902463129291151 4.7098214285714297 34.854166666666679 14.050000000000002 12.15 5.9812500000000011 8.5000000000000018 4.8500000000000005 26.187500000000004 1.0000000180025095e-35 52.937500000000007 7.4500000000000011 3.4895833333333339 64.229166666666671 11.350000000000003 37.250000000000007 8.5000000000000018 5.4500000000000011 1.0000000180025095e-35 1.0654174682694422 -0.66030521387292307 89.875000000000014 2.874107142857143 1.0000000180025095e-35
decision_type=2 2 2 2 2 2 2 2 2 2 2 2 2 2 2 2 2 2 2 2 2 2 2 2 2 2 2 2 2 2 2 2 2 2 2 2 2 2 2
left_child=2 6 9 30 -4 10 38 17 24 16 12 13 37 34 29 -11 23 18 31 35 -18 -10 -5 -1 25 26 36 -26 -21 -15 -3 32 -8 -17 -12 -19 -9 -6 -2
right_child=1 3 4 22 5 -7 7 8 21 15 11 -13 -14 14 -16 33 20 19 -20 28 -22 -23 -24 -25 27 -27 -28 -29 -30 -31 -32 -33 -34 -35 -36 -37 -38 -39 -40
leaf_value=-0.22034258310734831 0.026461758964576507 0.058263544362222558 -0.10099876734023858 0.13326371064992457 0.050425039954263846 0.33684377035767527 0.13868088293070535 0.081910899939273946 0.14702040601926294 0.52367287605660107 -0.04723940137541903 0.10305898093189404 0.17923882081459264 0.016691475500427523 0.091047498054017323 -0.10925946286616371 -0.16091634407930785 0.18806881709873904 0.00056848502731796536 0.068694873128020167 0.027620635849801935 0.2660428198309539 0.40064995808828008 -0.13512652662917199 -0.11793594963846066 0.098409946235556087 0.21263497189127889 0.058879153543214907 0.17359765102937225 -0.040989389445822491 0.10901339870566869 0.14529641591507783 0.24909812147364238 0.044952570935274334 -0.13369728256877017 0.24761392389316969 -0.018428951372738426 -0.011593638259868175 -0.055139922920127281
leaf_weight=679 14.000000000000002 21 122 11.999999999999998 12.000000000000002 14.999999999999998 14.000000000000002 11.999999999999998 11.999999999999998 15.999999999999998 190 14.999999999999998 17 34 27 27.999999999999996 32 29 23 21 26 20 279 405 17 21 14.999999999999998 22 13.999999999999998 58 17 12.999999999999998 11.999999999999998 12.000000000000002 24 51 30 11.999999999999998 15.999999999999998
leaf_count=679 14 21 122 12 12 15 14 12 12 16 190 15 17 34 27 28 32 29 23 21 26 20 279 405 17 21 15 22 14 58 17 13 12 12 24 51 30 12 16
internal_value=-0.000802114 0.0236469 -0.0105166 0.0329912 -0.00281236 0.000397311 0.015011 0.01692 0.00935077 -0.0138991 -0.000987492 -0.00270206 0.0135633 -0.00394299 0.00255338 0.00122799 -0.014641 0.0232912 0.0151655 0.027671 -0.00434894 0.0275895 0.0359988 -0.0151916 0.00436124 0.00852643 0.00191056 -0.00396831 0.0155605 -0.00162001 0.00995682 0.0239612 0.0180794 -0.00573242 -0.00755558 0.0329677 -0.00491345 0.00190954 -0.00573192
internal_weight=2409 685 1724 329 526 404 356 326 149 1198 389 348 41 333 119 56 1142 177 62 115 58 32 291 1084 117 78 57 39 35 92 38 39 26 40 214 80 42 24 30
internal_count=2409 685 1724 329 526 404 356 326 149 1198 389 348 41 333 119 56 1142 177 62 115 58 32 291 1084 117 78 57 39 35 92 38 39 26 40 214 80 42 24 30
is_linear=0
shrinkage=0.0573391


Tree=8
num_leaves=41
num_cat=0
split_feature=80 82 80 28 100 26 7 72 100 9 9 82 41 58 2 82 80 80 80 2 7 72 7 9 9 80 7 2 41 9 80 9 9 80 9 9 9 9 9 82
split_gain=171.066 20.8446 10.443 8.69848 5.57721 4.59967 3.31497 3.29597 3.23789 2.99336 2.96768 2.66125 2.59242 2.20404 2.24745 1.63924 1.5441 1.4309 1.61013 1.38208 1.29534 1.72809 1.59299 1.29385 2.16608 1.18965 1.16874 1.15028 1.02946 1.01004 0.925793 0.823387 0.781114 0.778171 0.769203 0.842436 0.765691 0.777414 0.940971 0.624821
threshold=11.437500000000002 14.075000000000001 7.4125000000000014 0.93301270189221952 957.13333333333344 -0.22252093395631442 10.65 9.5000000000000018 900.78888888888901 36.354166666666671 57.690476190476197 9.9187500000000028 47.70000000000001 1.7141970648955189 80.500000000000014 12.593750000000002 12.3375 12.137500000000001 12.837500000000004 83.500000000000014 14.850000000000003 5.5000000000000009 25.850000000000005 32.502976190476197 27.324404761904766 14.262500000000003 13.65 59.500000000000007 38.350000000000009 29.285714285714288 6.2375000000000016 37.547619047619058 37.547619047619058 9.1875000000000018 32.342261904761912 51.663690476190482 43.241071428571438 33.252976190476197 31.800595238095241 16.137500000000003
decision_type=2 2 2 2 2 2 2 2 2 2 2 2 2 2 2 2 2 2 2 2 2 2 2 2 2 2 2 2 2 2 2 2 2 2 2 2 2 2 2 2
left_child=2 5 10 11 6 7 -3 8 17 -7 30 29 16 14 20 32 -11 -2 -19 -6 21 -8 -22 24 -13 -20 31 -25 -18 -4 -1 -9 -10 -5 -31 -36 37 38 -32 -16
right_child=1 4 3 33 19 9 13 26 15 12 -12 23 -14 -15 39 -17 28 18 25 -21 22 -23 -24 27 -26 -27 -28 -29 -30 34 36 -33 -34 -35 35 -37 -38 -39 -40 -41
leaf_value=-0.22527952135133578 0.14871209173858549 -0.00028543178826921287 -0.21965938297906812 0.14845655021921275 -0.0058902146487464909 -0.078650561265137572 0.026226810972198145 0.085267880415079864 -0.0010908216183666847 0.0088867573376905096 0.11947426132066472 -0.042470685021891406 -0.078124934514574668 0.12426841926685012 0.23760275388492827 0.054668544715018919 0.18701510039723751 0.016927417290716416 0.17265126509043546 0.20899327406489618 0.30213678460741433 0.11881620057404314 0.48471587369567298 0.0072540035546877603 0.087011494045456148 0.16838970978057269 0.24361490762989321 -0.049766385935421209 0.11239995060446129 -0.012295142179038807 -0.14049211229307418 0.16801136007873618 -0.10452060271177904 0.12057079046527198 -0.073282101743830957 0.036355955298519406 -0.06773628413358182 -0.13933047933640871 -0.047415395938399676 0.40673470858819905
leaf_weight=700 12.999999999999998 11.999999999999998 63 20 14.999999999999998 47 19 23 12.000000000000002 13.999999999999998 13.999999999999998 39 17 12.999999999999998 25 22 25 19 28 18 119 27 11.999999999999998 45 39 13.999999999999998 17 76 11.999999999999998 58 76 14.999999999999998 17 22 351 12.999999999999998 23 140 27 190
leaf_count=700 13 12 63 20 15 47 19 23 12 14 14 39 17 13 25 22 25 19 28 18 119 27 12 45 39 14 17 76 12 58 76 15 17 22 351 13 23 140 27 190
internal_value=-0.000872588 0.0220504 -0.010883 -0.00567065 0.029816 0.0102041 0.0316117 0.0159269 0.0107791 0.00124616 -0.0147442 -0.00722597 0.00893706 0.0324917 0.0332621 -0.000336601 0.0154008 0.0184399 0.0147561 0.00712195 0.0284743 0.0201906 0.031382 -0.00164217 0.00411598 0.0210213 0.0276241 -0.00535433 0.0215374 -0.00951695 -0.0151241 0.0220268 -0.00929028 0.0196562 -0.00850558 -0.0094828 -0.0122435 -0.01319 -0.00940733 0.0372028
internal_weight=2451 745 1706 726 450 295 417 180 125 115 980 684 68 405 392 51 51 74 61 33 177 46 131 199 78 42 55 121 37 485 966 38 29 42 422 364 266 243 103 215
internal_count=2451 745 1706 726 450 295 417 180 125 115 980 684 68 405 392 51 51 74 61 33 177 46 131 199 78 42 55 121 37 485 966 38 29 42 422 364 266 243 103 215
is_linear=0
shrinkage=0.0573391


Tree=9
num_leaves=39
num_cat=0
split_feature=6 26 6 6 68 104 104 7 72 17 5 72 17 7 68 7 6 2 36 36 36 2 104 26 36 72 7 7 5 46 7 5 2 6 7 36 7 36
split_gain=145.985 20.9377 14.5487 7.12976 5.13374 4.62358 4.00149 3.82722 3.09349 2.85695 3.07194 2.83481 3.29974 2.63022 2.50047 1.92958 1.96661 1.84666 1.75207 1.72968 2.18948 1.5367 1.44859 1.31353 1.28554 1.21714 1.43013 2.28436 1.11713 1.02518 0.955491 0.89087 0.874677 0.848523 0.828876 0.818513 0.7318 0.622971
threshold=12.15 -0.22252093395631442 8.8500000000000032 15.15 1.0000000180025095e-35 61.570382858019805 48.644769695079837 7.8500000000000005 -1.0000000180025095e-35 1.0000000180025095e-35 10.950000000000001 9.5000000000000018 1.0000000180025095e-35 15.450000000000001 1.0000000180025095e-35 14.750000000000002 13.450000000000001 80.500000000000014 15.950000000000001 8.2500000000000018 16.050000000000004 36.500000000000007 48.644769695079837 -0.22252093395631442 11.250000000000002 1.0000000180025095e-35 17.150000000000002 14.550000000000002 6.0500000000000007 0.82500000000000007 10.950000000000001 6.7500000000000009 64.500000000000014 17.750000000000004 11.750000000000002 16.650000000000002 16.850000000000005 8.8500000000000032
decision_type=2 2 2 2 2 2 2 2 2 2 2 2 2 2 2 2 2 2 2 2 2 2 2 2 2 2 2 2 2 2 2 2 2 2 2 2 2 2
left_child=2 3 5 8 13 7 19 -1 28 29 -11 12 14 21 25 16 30 -14 -18 -3 -21 34 23 -23 -12 -5 27 -27 -2 -9 -10 -6 -17 -19 -4 37 -15 -25
right_child=1 6 4 11 31 -7 -8 9 15 10 24 -13 17 36 -16 32 18 33 -20 20 -22 22 -24 35 -26 26 -28 -29 -30 -31 -32 -33 -34 -35 -36 -37 -38 -39
leaf_value=-0.18247548674406316 0.088025653226159531 0.038554616396538045 0.0013304606563039683 0.011432410481083861 0.17007021859667931 0.27257016897141728 0.16156398555402507 -0.10607065282727192 -0.024431187854909719 -0.13063453276054587 0.147217532560663 0.38816467639739038 0.28855175668141075 0.12012670810243684 0.51642983528761333 0.20659080777081243 0.082390190025794091 0.21959317978559678 0.034731650141187509 -0.12229736783454903 0.11070623079336415 -0.0045777803239009165 0.19278583168374697 -0.026584707507685993 0.021767598036292312 0.20489642830690685 0.13204562734907044 -0.010401108911723552 -0.03161669334334942 0.012844138860825758 0.095371510832231249 0.18064788199205198 0.11654591644938969 0.35847564532531034 0.07535067647223434 -0.016607033281809108 0.090358501551194542 -0.098145992647046335
leaf_weight=951 12.999999999999998 22 29 25 12.000000000000002 17 18 239 19 18 17 127 40 14.000000000000002 13.999999999999998 19 34 25 19 51 23 179 12.999999999999998 14.999999999999998 28 14.000000000000002 15.999999999999998 13.999999999999998 19 12.999999999999998 29 12.999999999999998 20 93 14.999999999999998 57 12.999999999999998 87
leaf_count=951 13 22 29 25 12 17 18 239 19 18 17 127 40 14 14 19 34 25 19 51 23 179 13 15 28 14 16 14 19 13 29 13 20 93 15 57 13 87
internal_value=-0.00135169 0.0217255 -0.0100757 0.0264394 -0.00116722 -0.0131794 -0.000603251 -0.0135783 0.0168011 -0.00810006 0.00282071 0.0309439 0.027289 -0.00266304 0.0180293 0.0204773 0.0162923 0.0321523 0.0239066 -0.00525549 -0.00945217 -0.00384667 -0.00511298 -0.00583552 0.0108289 0.0135439 0.019284 0.0114648 0.000715587 -0.0108304 0.00788268 0.0240767 0.0313115 0.0357624 0.00625377 -0.00962816 0.0146496 -0.0127037
internal_weight=2384 654 1730 540 447 1283 114 1266 172 315 63 368 241 422 83 140 101 158 53 96 74 395 351 338 45 69 44 28 32 252 48 25 39 118 44 159 27 102
internal_count=2384 654 1730 540 447 1283 114 1266 172 315 63 368 241 422 83 140 101 158 53 96 74 395 351 338 45 69 44 28 32 252 48 25 39 118 44 159 27 102
is_linear=0
shrinkage=0.0573391


Tree=10
num_leaves=51
num_cat=0
split_feature=14 14 24 10 10 10 5 14 5 19 14 60 105 58 76 58 45 10 5 78 40 40 1 45 105 5 38 19 105 76 19 101 38 45 78 10 1 10 10 24 76 78 9 10 105 15 10 5 77 105
split_gain=103.592 34.2289 25.3176 14.3337 9.84042 6.8308 6.70551 6.20208 8.96063 3.85682 3.66792 3.58803 3.57927 3.33352 3.19094 3.91448 2.51251 4.15207 2.36125 3.63623 2.24786 2.22434 2.35504 1.96544 2.8857 1.93326 1.9058 1.72033 1.67906 1.61825 1.61268 1.54939 1.34306 1.28389 1.63594 1.80368 1.24916 1.22526 1.18967 1.60429 1.12101 1.1006 1.07297 1.04072 1.02399 1.1417 0.980189 0.956831 1.50071 0.837485
threshold=3.5000000000000004 5.5000000000000009 -0.78656609248549325 41.498544920483383 51.723860662099547 40.259503089068367 15.550000000000002 2.5000000000000004 6.7500000000000009 45.500000000000007 1.0000000180025095e-35 0.15000000000000005 4.3288683011511777 1.7141970648955189 2730.5000000000005 1.0000000180025095e-35 1.0000000180025095e-35 35.751134198049307 11.15 1349.3000000000004 19.750000000000004 11.350000000000003 39.500000000000007 1.0000000180025095e-35 3.6444821471991626 21.250000000000004 12.65 50.500000000000007 3.8694476446740782 2054.5000000000005 4.5000000000000009 1.007155959322499 16.550000000000004 1.0000000180025095e-35 1181.8000000000004 43.931177431847225 70.500000000000014 33.106328339413132 48.724008197210956 -0.98296291314453399 2274.5000000000005 2440.5000000000005 34.773809523809533 25.888743350767783 2.7773543108416772 10.500000000000002 49.969292972273514 8.8500000000000032 2193.0000000000005 2.8184341442632128
decision_type=2 2 2 2 2 2 2 2 2 2 2 2 2 2 2 2 2 2 2 2 2 2 2 2 2 2 2 2 2 2 2 2 2 2 2 2 2 2 2 2 2 2 2 2 2 2 2 2 2 2
left_child=5 2 3 13 33 7 18 20 9 41 25 23 29 16 15 40 21 31 -3 26 27 30 -23 24 -8 -7 -20 -1 -6 -12 43 -18 -26 34 35 -4 -25 -22 39 -5 -10 -9 -21 -2 -32 -46 -27 48 -17 -19
right_child=1 6 4 38 28 10 11 8 14 -11 12 -13 -14 -15 -16 47 17 49 19 42 37 22 -24 36 32 46 -28 -29 -30 -31 44 -33 -34 -35 -36 -37 -38 -39 -40 -41 -42 -43 -44 -45 45 -47 -48 -49 -50 -51
leaf_value=-0.169958436680655 0.016389323633517208 -0.17538353081544902 -0.042028108830718877 0.16457514657216757 0.038220963393077262 -0.071665673192265369 -0.0078839530010031099 -0.11013942856991682 -0.11026216559648903 0.048720048224546349 0.075699991707213463 -0.061566945487102648 -0.12145083402992649 -0.022767570157529542 -0.056922612209606212 0.0082293358943641495 0.018710995892018727 0.13958251449979617 0.25623025465793753 0.019980632123593165 -0.12871129172405216 -0.0028390509035367511 0.091250070813149328 -0.061721616772126973 0.29877479860365808 -0.031589266283080154 -0.031336744804388347 0.02221708781960895 0.192782156124398 0.15912657912529116 0.21355241252285601 -0.059084322507932996 0.10322806224419274 -0.068248285509916323 -0.05543619434296624 0.034830376661155522 0.023320918010300805 0.033140189242728359 0.54945815830692368 0.26510487023667934 0.065137376281421952 0.0033155206937374795 0.16603641371363606 0.18361455064195661 0.17799792510664064 0.040397775443139924 0.12607369244377237 0.11822991223356559 0.1062635492559358 0.10196525291493397
leaf_weight=859 12.000000000000002 105 23 38 17 67 17 190 14.000000000000002 20 13.999999999999998 13.999999999999998 19 14.999999999999998 22 26 22 23 13.999999999999998 20 16.000000000000004 20 32 12.000000000000002 22 18 80 18 21 22 57 15.999999999999998 23 37 53 17 18 12.999999999999998 131 96 11.999999999999998 11.999999999999998 12.999999999999998 11.999999999999998 15 13 15.999999999999998 19 15.999999999999998 11.999999999999998
leaf_count=859 12 105 23 38 17 67 17 190 14 20 14 14 19 15 22 26 22 23 14 20 16 20 32 12 22 18 80 18 21 22 57 16 23 37 53 17 18 13 131 96 12 12 13 12 15 13 16 19 16 12
internal_value=-0.00106692 0.0128169 0.0202114 0.0265274 0.000887166 -0.0112331 -0.00210344 -0.012659 -0.0059416 -0.0125522 7.32935e-05 0.00984428 0.0119875 0.0166486 0.00752185 0.0124554 0.0183284 0.0095031 -0.00756254 -0.00230225 -0.0151131 0.0223294 0.0125688 0.0139598 0.0197892 -0.00641455 -0.00805113 -0.0156325 0.026553 0.0226133 0.0269848 -0.0036201 0.0273918 -0.00661556 -0.00302058 0.00573242 0.00190989 0.000591911 0.0358092 0.0320059 -0.00617261 -0.0149304 0.0140712 0.0138529 0.0306913 0.0217022 0.00472042 0.0203956 0.015561 0.0237507
internal_weight=2413 1020 682 514 168 1393 338 1237 331 222 156 106 55 249 109 87 234 73 232 127 906 161 52 92 62 101 94 877 38 36 109 38 45 130 93 40 30 29 265 134 26 202 33 24 85 28 34 61 42 35
internal_count=2413 1020 682 514 168 1393 338 1237 331 222 156 106 55 249 109 87 234 73 232 127 906 161 52 92 62 101 94 877 38 36 109 38 45 130 93 40 30 29 265 134 26 202 33 24 85 28 34 61 42 35
is_linear=0
shrinkage=0.0573391


Tree=11
num_leaves=52
num_cat=0
split_feature=18 5 11 11 26 5 19 23 11 19 58 104 36 23 11 47 11 11 36 41 102 11 41 76 58 23 105 76 102 105 105 11 19 11 58 102 11 23 23 11 9 102 19 9 19 76 19 23 23 104 41
split_gain=123.802 21.0208 13.8243 8.21209 6.74524 7.14952 7.89926 5.36513 5.94321 4.14179 4.03187 3.66125 3.63136 3.47549 3.96841 3.1968 2.91425 2.44207 2.2844 2.1414 2.04042 2.75853 2.32397 1.96118 4.81143 1.93872 1.86552 1.61401 1.52404 2.40583 1.60257 1.33059 1.35323 1.3245 1.28892 1.39493 1.26513 1.21477 1.18804 1.10738 1.06585 1.04072 1.01844 0.97859 0.868138 0.761397 0.744103 0.732049 1.3922 0.664498 0.661461
threshold=1.0000000180025095e-35 5.8500000000000005 5.1270833333333341 3.9854166666666671 -0.22252093395631442 6.7500000000000009 47.500000000000007 -0.6035533905932734 5.3937500000000007 1.5000000000000002 0.99106618153910875 44.62471056711513 8.2500000000000018 -0.6035533905932734 5.6187500000000012 1.0000000180025095e-35 2.9354166666666672 3.1437500000000007 21.450000000000003 37.250000000000007 71.820000000000022 2.5187500000000007 35.100000000000001 2730.5000000000005 0.71419706489551882 -0.6035533905932734 3.0263008630120249 2644.5000000000005 86.018333333333345 4.3807237741973113 4.5415583358357701 3.2937500000000002 50.500000000000007 3.8500000000000001 1.0000000180025095e-35 85.623888888888899 4.7312500000000011 -0.6035533905932734 1.0000000180025095e-35 3.5958333333333337 36.428571428571438 85.304444444444457 9.5000000000000018 36.229166666666671 7.5000000000000009 2196.5000000000005 43.500000000000007 1.0000000180025095e-35 -0.3794095225512602 26.099619969522788 26.800000000000004
decision_type=2 2 2 2 2 2 2 2 2 2 2 2 2 2 2 2 2 2 2 2 2 2 2 2 2 2 2 2 2 2 2 2 2 2 2 2 2 2 2 2 2 2 2 2 2 2 2 2 2 2 2
left_child=2 7 4 10 5 6 -1 8 33 40 16 12 -4 14 -5 44 19 23 31 -3 27 -22 49 24 34 -13 50 -9 29 -27 -30 32 -11 -2 45 -36 38 -33 -15 -24 -6 -28 -39 -21 -14 -7 47 48 -44 -23 -18
right_child=1 3 11 13 9 17 -8 20 -10 18 -12 25 15 36 -16 -17 26 -19 -20 43 21 22 39 -25 -26 28 41 -29 30 -31 -32 37 -34 -35 35 -37 -38 42 -40 -41 -42 -43 46 -45 -46 -47 -48 -49 -50 -51 -52
leaf_value=-0.10576950702990974 -0.1022177550398011 -0.021893348348407622 0.090087145851605641 -0.0072769297094588551 -0.016943502428114873 -0.10120883742333527 0.1430899605831541 0.087438572780281262 0.096971299487792512 -0.16766390819936877 -0.012071994900879922 -0.058255675953219191 0.011012136758607608 0.2595431849220981 0.17969265603666906 0.12865624617831761 0.085432603105514052 0.25973927398779878 0.057701040716218913 0.19470243701818424 -0.012102595384987371 0.18383506289942825 -0.01614788692879358 -0.091512615283107987 0.083871778022824264 0.14237923364110019 0.20321261696833381 0.19158379313870824 0.085448747798480246 0.015073353172403253 0.2480962910818415 -0.18985920277481502 -0.0048722861159626197 -0.0012527195139917585 0.10396087519868433 0.00044636202451934088 0.49307555747725679 -0.17448534670091112 0.14957228461029884 0.21914701291068275 0.1146550057102966 0.0028027787859034275 -0.03028941340857242 0.030279028138741518 -0.065005268645912231 0.01361636572052056 -0.11120505691038592 -0.055244631498332683 0.033339460693146632 0.060876914084023917 0.17059712139334579
leaf_weight=201 56 17 20 19 15.000000000000002 16.000000000000004 17 18 15.999999999999998 845 31 22 12.999999999999998 68 24 19 11.999999999999998 17 17 15.000000000000002 31 12.000000000000002 21 18 14.999999999999998 11.999999999999998 12.000000000000002 14.999999999999998 15.999999999999998 35 17 69 15.999999999999998 46 12.999999999999998 30 145 32 29 11.999999999999998 11.999999999999998 11.999999999999998 41 11.999999999999998 116 11.999999999999998 24 29 31 11.999999999999998 44
leaf_count=201 56 17 20 19 15 16 17 18 16 845 31 22 13 68 24 19 12 17 17 15 31 12 21 18 15 12 12 15 16 35 17 69 16 46 13 30 145 32 29 12 12 12 41 12 116 12 24 29 31 12 44
internal_value=-0.0014862 0.0192789 -0.00958943 0.0267145 -0.0117798 -0.00468507 -0.0108888 0.00558972 -0.00310951 -0.0139063 0.0160913 0.00233587 -0.00286668 0.0324915 0.0174658 -0.00596596 0.020715 0.00649159 -0.014449 0.00885982 0.0140733 0.00951221 0.0169986 0.00319729 0.00679993 0.0109049 0.0272341 0.0262324 0.0150502 0.00841634 0.024495 -0.0147751 -0.0158031 -0.00820667 0.000564805 0.00679918 0.0351609 -0.0108585 0.0300865 0.00712195 0.00827968 0.0138529 -0.00807085 0.0188962 -0.00920034 -0.00900777 -0.00573343 -0.0035761 -0.00047733 0.0305737 0.0329667
internal_weight=2419 679 1740 440 1470 339 218 239 118 1131 155 270 168 285 43 148 124 121 1104 44 121 88 57 104 86 102 80 33 80 47 33 1087 861 102 71 43 242 226 97 33 27 24 157 27 129 28 125 101 72 24 56
internal_count=2419 679 1740 440 1470 339 218 239 118 1131 155 270 168 285 43 148 124 121 1104 44 121 88 57 104 86 102 80 33 80 47 33 1087 861 102 71 43 242 226 97 33 27 24 157 27 129 28 125 101 72 24 56
is_linear=0
shrinkage=0.0573391


Tree=12
num_leaves=58
num_cat=0
split_feature=82 82 11 68 8 101 82 38 100 14 31 8 8 82 101 1 101 14 101 78 4 4 100 100 12 8 12 78 12 78 22 71 11 4 4 100 78 11 78 82 77 79 4 38 38 12 82 12 12 77 8 12 82 100 12 4 22
split_gain=111.369 19.6839 10.0672 7.93176 7.91226 6.29118 2.9969 2.8424 2.54877 3.80159 2.51342 2.233 2.18233 2.997 4.17802 2.50002 2.32922 2.18126 1.96446 1.96084 1.93897 1.82442 1.72992 1.55208 3.23049 1.4242 2.9337 2.14037 1.71869 1.76803 2.29828 1.62148 1.41946 3.1111 1.74958 1.2804 1.7249 1.25816 1.15015 1.13015 1.11075 1.24966 1.08741 1.00246 3.10052 0.973973 0.968508 0.913759 1.1416 0.892366 0.796826 0.796417 0.791346 0.946847 0.724111 0.710974 0.630712
threshold=10.531250000000002 16.137500000000003 3.2250000000000001 1.0000000180025095e-35 42.020833333333336 1.0725455130685297 8.1187500000000021 36.550000000000004 761.52777777777794 4.5000000000000009 1.0000000180025095e-35 50.604166666666679 38.937500000000007 13.281250000000002 1.0181571318831322 83.500000000000014 1.0012140070184903 2.5000000000000004 1.0747491046717577 1009.4000000000002 5.3500000000000005 16.450000000000003 819.52777777777794 819.52777777777794 3.1288690476190482 72.041666666666686 4.1041666666666687 1176.6500000000003 4.8937500000000016 1234.5000000000002 1.0000000180025095e-35 1.0000000180025095e-35 5.729166666666667 14.65 8.6500000000000004 914.92777777777792 1170.6500000000003 1.7395833333333335 1273.9500000000003 17.556250000000002 1634.5000000000002 89.375000000000014 7.0500000000000007 13.050000000000002 17.550000000000004 3.5312500000000004 12.418750000000003 3.9476190476190482 3.4005952380952391 2592.0000000000005 49.770833333333336 3.9255952380952381 11.468750000000002 885.38333333333344 3.6229166666666668 7.7500000000000009 1.0000000180025095e-35
decision_type=2 2 2 2 2 2 2 2 2 2 2 2 2 2 2 2 2 2 2 2 2 2 2 2 2 2 2 2 2 2 2 2 2 2 2 2 2 2 2 2 2 2 2 2 2 2 2 2 2 2 2 2 2 2 2 2 2
left_child=2 3 6 5 20 7 42 8 9 55 32 19 23 14 15 46 21 -8 25 -6 -3 -15 -22 -10 -25 27 -27 31 29 -29 -31 -12 34 -34 49 36 -24 -19 -11 -13 -7 -42 -1 -26 -45 -46 52 48 -39 -4 -21 -5 -14 -54 -50 -2 -33
right_child=1 4 10 51 11 40 17 -9 12 38 18 39 13 16 -16 -17 -18 37 -20 50 22 -23 35 24 43 26 -28 28 -30 30 -32 56 33 -35 -36 -37 -38 47 -40 -41 41 -43 -44 44 45 -47 -48 -49 54 -51 -52 -53 53 -55 -56 -57 -58
leaf_value=-0.1967712594883356 0.059909765363451696 -0.035344488176163653 -0.015982855752848118 0.19211054618705137 0.14004180690275286 0.025107620205672594 -0.080412123046680384 -0.038419399120666081 -0.033780369099902945 0.10789497770705429 0.0059390053129337343 0.28089690384463212 -0.059261978276198751 0.15174609847356516 0.11541810390353581 0.21517982295848379 -0.0018452430628330351 -0.11773781401589986 -0.088562523118914174 0.20783078978233829 -0.006644981302095356 0.096659826407784283 0.19259601773032697 0.11478292849092654 -0.028620357699447926 1.2446961977422502 -0.035962872454659359 0.030271927657963806 0.29052700226412942 -0.08006341031714502 0.058248260053087954 -0.14472454588607303 0.10519365816110869 -0.10260382064126471 -0.16520083217895798 0.061697070746819668 0.086318644134346201 0.0055179804979664619 -0.014256728202081553 0.46936366787648665 -0.075429244420575303 -8.9727633080630552e-05 -0.097168621110287998 0.049525696299675848 -0.0096627145708845456 0.028137354246493759 -0.023302002995812802 0.028986046433319947 -0.040463348829559403 -0.07547908908681554 0.19420507711777416 0.33013709203952463 -0.006607104510983986 0.11231868661372725 -0.00437318632640384 0.17657998204655104 -0.034991350724534173
leaf_weight=633 18 12.999999999999998 63 12.999999999999998 21 11.999999999999998 114 12.999999999999998 17 12.000000000000002 56 17 13.999999999999998 36 15.999999999999998 11.999999999999998 15.999999999999998 29 19 66 14.999999999999998 29 17 22 28 12.000000000000002 12.999999999999998 14.999999999999998 14.999999999999998 31 26 30 12.000000000000002 14.999999999999998 86 27 18 42 12.999999999999998 114 45 14.999999999999998 234 18 23 24 32 14.999999999999998 25 21 11.999999999999998 24 19 19 15.999999999999998 19 29
leaf_count=633 18 13 63 13 21 12 114 13 17 12 56 17 14 36 16 12 16 29 19 66 15 29 17 22 28 12 13 15 15 31 26 30 12 15 86 27 18 42 13 114 45 15 234 18 23 24 32 15 25 21 12 24 19 19 16 19 29
internal_value=-0.00159006 0.0153756 -0.0106581 0.00836979 0.0265189 0.00636548 -0.0135791 0.00917407 0.0100601 0.020714 -0.00335222 0.032159 0.00802726 0.011913 0.00583576 0.00131361 0.0203149 -0.0079225 0.000512642 0.0256563 0.0121039 0.0251387 0.0155621 0.00234535 0.00473623 0.00199531 0.0149041 0.000397224 0.0071831 0.00350337 -0.00110587 -0.00473623 -0.00817847 0.00403305 -0.0101182 0.0197892 0.0270268 -0.00275372 0.00343838 0.0370719 -0.00923692 -0.012422 -0.0151514 6.129e-05 0.00396884 -0.00378086 -0.00218383 0.000350696 -0.0020029 -0.00423154 0.0298436 0.0339335 0.00264554 0.00693934 -0.00880885 0.032384 -0.0113692
internal_weight=2380 829 1551 509 320 472 1108 400 387 62 443 230 325 193 112 96 81 241 246 99 90 65 77 132 115 227 25 202 87 72 57 115 197 27 170 62 35 127 25 131 72 60 867 93 65 47 84 98 83 84 78 37 52 38 41 37 59
internal_count=2380 829 1551 509 320 472 1108 400 387 62 443 230 325 193 112 96 81 241 246 99 90 65 77 132 115 227 25 202 87 72 57 115 197 27 170 62 35 127 25 131 72 60 867 93 65 47 84 98 83 84 78 37 52 38 41 37 59
is_linear=0
shrinkage=0.0573391


Tree=13
num_leaves=50
num_cat=0
split_feature=80 80 4 28 4 80 4 103 19 100 41 19 80 19 0 7 7 19 41 100 19 80 100 80 4 19 104 76 7 104 4 4 48 0 0 0 19 19 19 19 80 28 19 19 19 76 104 104 28
split_gain=117.55 14.5019 10.3036 5.94602 3.56428 3.54324 3.35343 3.09948 5.23846 2.99665 3.03379 2.88611 3.20261 2.76219 2.53336 2.00305 1.93275 1.89244 2.23111 1.7121 2.45003 2.42343 2.44061 1.69859 1.62332 2.26067 1.59552 1.46829 1.28799 1.54878 2.82503 2.16364 1.23832 1.12214 1.08532 1.08368 1.02971 0.958778 1.84721 0.991508 0.857156 2.50913 0.771218 0.755068 0.738462 0.734812 0.661714 1.56076 0.645708
threshold=12.837500000000004 7.2875000000000014 10.050000000000002 0.93301270189221952 14.15 13.387500000000003 14.750000000000002 1.1008646018649542 11.500000000000002 954.96111111111122 32.20000000000001 1.5000000000000002 19.337500000000006 51.500000000000007 36.500000000000007 8.1500000000000004 15.15 44.500000000000007 52.000000000000007 953.75000000000011 32.500000000000007 11.787500000000003 907.15555555555568 10.637500000000001 15.050000000000002 27.500000000000004 46.497417693347877 2771.0000000000005 6.9500000000000011 28.053282741275329 21.550000000000004 6.2500000000000009 95552.000000000015 34.500000000000007 109.50000000000001 66.500000000000014 20.500000000000004 24.500000000000004 21.500000000000004 34.500000000000007 6.0625000000000009 0.93301270189221952 11.500000000000002 35.500000000000007 7.5000000000000009 2188.5000000000005 32.47548985464681 36.992981944770797 -0.5
decision_type=2 2 2 2 2 2 2 2 2 2 2 2 2 2 2 2 2 2 2 2 2 2 2 2 2 2 2 2 2 2 2 2 2 2 2 2 2 2 2 2 2 2 2 2 2 2 2 2 2
left_child=1 4 9 7 40 6 -4 8 28 10 14 -7 17 23 -2 26 27 18 33 20 -17 22 -22 -5 25 -14 48 32 -3 31 -31 -30 -12 -13 -6 -20 -18 38 42 -39 -1 -42 44 -21 -35 -16 -24 -48 -10
right_child=2 3 5 13 34 11 -8 -9 15 -11 16 12 24 -15 45 19 36 -19 35 43 21 -23 46 -25 -26 -27 -28 -29 29 30 -32 -33 -34 37 -36 -37 -38 39 -40 -41 41 -43 -44 -45 -46 -47 47 -49 -50
leaf_value=-0.1899020075385793 0.084246668568218233 0.041391271167389367 0.16176794268691955 0.05157965011525234 0.02713754490946833 -0.0054959277957007582 -0.081347955138396627 -0.12017949484166647 -0.038752827219339286 -0.061225942540879798 0.032427508820639356 0.18101685170476986 0.21933167414280866 -0.10117231002786216 -0.059029062504328857 -0.025338720843271691 0.094386579316009966 0.27064210426819496 0.1178599050610676 -0.0011802294353751887 0.03441520990123114 0.091359297830789429 -0.058392110041215771 0.19917195107179614 0.50242694649085862 0.14223854918219014 0.051236099357918279 0.16642605401549368 -0.0034620347822560543 -0.029418355307300761 0.31149199319506493 0.05617519672678379 -0.018288702751207406 0.17204412975670472 -0.10659271332318702 -0.013975636007749594 0.16689560954057708 0.22287005446260444 0.0022475400837433787 0.12724036868536251 -0.1086864993970152 0.039950305743266329 0.079836983022385982 -0.070185293994679238 0.25471734124640388 -0.0099899187003071703 0.030527512021518662 -0.010906912060035977 -0.092144936127109223
leaf_weight=611 18 15.999999999999998 12.000000000000002 25 34 12.999999999999998 19 87 91 21 14.999999999999998 12.999999999999998 22 12.999999999999998 17 236 17 26 13.000000000000002 11.999999999999998 23 18 27 15.999999999999998 102 31 17 12.999999999999998 19 48 12.999999999999998 27 22 15.000000000000002 23 13.999999999999998 23 49 13.999999999999998 26 247 13.999999999999998 34 66 11.999999999999998 17 15.999999999999998 33 104
leaf_count=611 18 16 12 25 34 13 19 87 91 21 15 13 22 13 17 236 17 26 13 12 23 18 27 16 102 31 17 13 19 48 13 27 22 15 23 14 23 49 14 26 247 14 34 66 12 17 16 33 104
internal_value=-0.00185745 -0.00895685 0.0206934 -0.00379937 -0.0139921 0.0254914 0.00684161 -0.00496753 -0.00380258 0.0084773 0.0114672 0.0269968 0.0279273 0.0146515 0.000440385 -0.0058765 0.0178376 0.0234128 0.021426 -0.0036318 -0.00193284 0.00485129 0.00133172 0.0219534 0.0342173 0.0260702 -0.0104397 0.0103194 0.00703866 0.00476881 -0.00122134 0.0127123 0.00449269 0.0239549 -9.99981e-05 0.00615636 0.0272321 0.0225525 0.0179647 0.0271384 -0.0149002 -0.0121485 0.0222754 -0.0113197 0.0295128 -0.00876735 -0.00362076 0.000350337 -0.0119084
internal_weight=2414 1836 578 907 929 415 31 853 766 163 142 384 371 54 52 643 90 216 190 431 353 117 99 41 155 53 212 50 123 107 61 46 37 163 57 27 40 150 75 75 872 261 61 78 27 34 76 49 195
internal_count=2414 1836 578 907 929 415 31 853 766 163 142 384 371 54 52 643 90 216 190 431 353 117 99 41 155 53 212 50 123 107 61 46 37 163 57 27 40 150 75 75 872 261 61 78 27 34 76 49 195
is_linear=0
shrinkage=0.0573391


Tree=14
num_leaves=54
num_cat=0
split_feature=26 4 4 4 4 36 36 48 81 36 41 76 36 36 30 9 5 36 9 9 28 76 5 9 28 76 9 4 5 3 46 4 3 0 1 36 9 36 41 41 0 0 5 9 4 48 28 0 36 1 36 0 1
split_gain=72.7179 55.2914 15.2855 13.8716 9.4101 3.68243 4.36592 3.24868 3.00589 2.78304 3.26778 2.74624 2.54394 2.49077 2.18405 2.11744 2.07978 1.86871 1.84715 2.53372 1.76354 1.72119 2.58056 1.60375 2.45336 1.55891 1.55033 1.49695 1.30362 1.29992 1.2712 1.26379 1.23959 1.23022 1.2097 1.19266 1.15983 1.14661 1.00083 1.04004 0.956375 1.08341 0.939101 0.920932 0.894934 0.936377 0.891815 0.871398 0.839368 1.1388 0.815756 0.815653 0.740131
threshold=-0.22252093395631442 9.5500000000000025 14.15 5.5500000000000007 13.450000000000001 9.9500000000000011 17.550000000000004 95552.000000000015 73.812500000000014 13.050000000000002 29.350000000000005 1571.5000000000002 13.750000000000002 15.65 1.0000000180025095e-35 49.711309523809526 13.15 7.6500000000000012 35.758928571428577 39.922619047619058 -0.68301270189221952 2093.0000000000005 17.850000000000005 34.276785714285722 0.93301270189221952 3123.0000000000005 54.035714285714292 7.0500000000000007 6.6500000000000012 103.50000000000001 0.058333333333333341 7.7500000000000009 84.500000000000014 31.500000000000004 64.500000000000014 16.650000000000002 31.258928571428573 6.8500000000000005 39.800000000000004 51.300000000000004 57.500000000000007 43.500000000000007 4.8500000000000005 39.238095238095248 17.950000000000003 102115.00000000001 0.25000000000000017 48.500000000000007 14.050000000000002 25.500000000000004 18.650000000000002 58.500000000000007 44.500000000000007
decision_type=2 2 2 2 2 2 2 2 2 2 2 2 2 2 2 2 2 2 2 2 2 2 2 2 2 2 2 2 2 2 2 2 2 2 2 2 2 2 2 2 2 2 2 2 2 2 2 2 2 2 2 2 2
left_child=1 3 15 32 7 16 21 30 -8 14 -11 43 17 34 42 31 25 -13 33 52 -10 22 -7 -18 46 -4 -17 28 -15 50 -3 -2 -1 -16 48 37 -23 -33 47 -40 41 -19 -5 -9 45 -6 -25 -35 -12 -50 -14 -32 -20
right_child=2 4 5 9 44 6 8 11 20 10 13 12 29 27 18 26 23 40 19 -21 -22 36 -24 24 -26 -27 -28 -29 -30 -31 51 35 -34 38 -36 -37 -38 -39 39 -41 -42 -43 -44 -45 -46 -47 -48 -49 49 -51 -52 -53 -54
leaf_value=-0.097588462834195894 -0.18240489247020045 0.14691720192016999 0.068354913519179786 -0.0029624981361151457 0.24474587014273463 -0.019586182894888397 -0.023502963663903448 0.24275320139929729 0.17484244823537248 -0.037393911689849145 -0.046446245871901465 -0.017431997114766905 -0.0052949468597836141 -0.085236069452504018 0.10481626082773186 0.03167541517489271 0.085634715965958771 0.15677351448250249 -0.049202582733636382 0.1472179982585802 0.023174330327766859 -0.0054336765787550883 0.11654089079228243 0.45640357559191969 0.097712698123729333 -0.079455246108786778 -0.13766586611415019 0.059229277303318312 0.035601027063217917 -0.033013676045352346 0.086135346992884637 -0.013761785487160911 -0.0043848334661528727 0.0049398094902720494 0.024853444234109012 -0.043136334190636491 -0.072673507183794561 -0.10705820915660834 0.17378549240703439 0.034718419748456672 0.083894032223671477 0.014494049352196515 0.029310152117793701 0.20654097764693516 0.53607000240962766 0.1759114168382592 -0.045489886322583224 0.11302169608081079 -0.086647908858307338 0.010357663359816192 0.11026661744837964 0.064058033612656454 -0.0084192575691643869
leaf_weight=205 611 69 12.000000000000002 22 128 31 22 12.000000000000002 20 49 19 11.999999999999998 35 17.000000000000004 26 26 14.999999999999998 14.000000000000002 12.000000000000002 15.999999999999998 17 23 14.999999999999998 13 20 12.999999999999998 12.999999999999998 63 12.999999999999998 11.999999999999998 12.000000000000002 15.999999999999998 19 22 13.999999999999998 114 106 248 12.000000000000002 11.999999999999998 12.999999999999998 12.999999999999998 18 12.999999999999998 56 20 12 15.999999999999998 11.999999999999998 27 13.999999999999998 14.999999999999998 14.999999999999998
leaf_count=205 611 69 12 22 128 31 22 12 20 49 19 12 35 17 26 26 15 14 12 16 17 23 15 13 20 13 13 63 13 12 12 16 19 22 14 114 106 248 12 12 13 13 18 13 56 20 12 16 12 27 14 15 15
internal_value=-0.00192087 0.00941406 -0.0107313 -0.00176059 0.0249513 0.000233561 -0.00347934 0.0171032 0.0100087 0.00484017 0.000482124 0.0114672 0.00766152 0.00434355 0.0102937 -0.0141339 0.010455 0.0169791 0.0138745 0.00413253 0.0199878 -0.00802708 0.00149492 0.0162443 0.0108289 -0.00343838 -0.00102818 0.0105421 0 -0.000281424 0.0252038 -0.0146507 -0.0131057 0.0186339 -0.00366263 -0.012044 -0.0114227 -0.0141607 0.0142407 0.0234076 0.0229322 0.0167729 -0.00143248 0.028663 0.0339528 0.0316128 -0.00114523 0.00844808 -0.00731453 -0.00249825 0.00386057 0.0146496 -0.00658103
internal_weight=2394 1047 1347 609 438 319 234 234 59 385 214 138 113 165 171 1028 85 52 131 43 37 175 46 60 45 25 39 93 30 61 96 989 224 88 72 378 129 264 62 24 40 27 40 25 204 148 25 38 58 39 49 27 27
internal_count=2394 1047 1347 609 438 319 234 234 59 385 214 138 113 165 171 1028 85 52 131 43 37 175 46 60 45 25 39 93 30 61 96 989 224 88 72 378 129 264 62 24 40 27 40 25 204 148 25 38 58 39 49 27 27
is_linear=0
shrinkage=0.0573391


Tree=15
num_leaves=48
num_cat=0
split_feature=80 80 68 68 19 7 19 19 72 105 77 72 41 15 79 38 80 56 19 7 15 19 105 19 19 80 72 13 19 19 77 105 13 105 41 7 19 13 77 7 105 80 79 105 19 105 105
split_gain=98.6998 12.6458 7.7499 5.82565 4.96888 4.59706 4.05381 3.53261 3.18275 3.77877 3.1511 2.37432 2.50394 2.44808 2.13193 1.85859 1.84378 1.78581 1.72895 1.72595 1.67792 3.89728 2.3328 2.1288 4.94697 1.94032 1.65548 1.42466 1.32196 1.26875 1.26548 1.1899 1.12449 1.09612 1.0961 1.25582 1.06586 1.06046 1.02199 0.987196 0.900549 0.855739 0.780209 0.694822 0.668015 0.666099 0.626283
threshold=12.837500000000004 7.5875000000000012 1.0000000180025095e-35 1.0000000180025095e-35 3.5000000000000004 9.4500000000000011 14.500000000000002 50.500000000000007 9.5000000000000018 4.0297809603103794 2618.5000000000005 3.5000000000000004 32.20000000000001 9.5000000000000018 82.875000000000014 11.550000000000002 15.612500000000002 1.0000000180025095e-35 49.500000000000007 5.5500000000000007 1.5000000000000002 11.500000000000002 3.8114652110676093 21.500000000000004 22.500000000000004 11.312500000000002 5.5000000000000009 14.500000000000002 27.500000000000004 26.500000000000004 1655.5000000000002 2.8774840656450213 12.500000000000002 2.4268753365889197 27.200000000000003 19.650000000000002 29.500000000000004 12.500000000000002 2296.5000000000005 14.250000000000002 2.7644060198316907 15.612500000000002 65.375000000000014 2.459806661734925 7.5000000000000009 3.0815105628957959 3.452089670462982
decision_type=2 2 2 2 2 2 2 2 2 2 2 2 2 2 2 2 2 2 2 2 2 2 2 2 2 2 2 2 2 2 2 2 2 2 2 2 2 2 2 2 2 2 2 2 2 2 2
left_child=1 7 4 20 16 -6 39 17 9 10 11 13 15 37 40 -13 -2 19 -5 -1 -3 22 33 -23 -25 28 -18 -9 29 31 -27 -26 -15 -22 -12 36 -36 -8 -14 -7 -10 -16 -42 -30 45 -35 -33
right_child=2 3 -4 18 5 6 8 27 14 -11 34 12 38 32 41 -17 26 -19 -20 -21 21 23 -24 24 25 30 -28 -29 43 -31 -32 46 -34 44 35 -37 -38 -39 -40 -41 42 -43 -44 -45 -46 -47 -48
leaf_value=-0.17820992640732564 -0.055899391025570677 -0.17980108887445956 0.47208804761143586 0.032396993129821604 -0.10953750980618486 0.097566560465321139 0.1987082959260299 0.066789641227933516 7.2393482673587049e-05 -0.060619332808478386 -0.014003941328330343 0.011472671909141675 -0.0078680952926436891 -0.011170579735419538 0.094479455763758144 0.15654800780530828 -0.054737946104111167 0.058280086062454203 0.184770896640847 -0.091638795938539394 0.055634795815298337 -0.053878400973950691 0.38152006830360735 0.33592810436400611 0.020620244045588008 -0.019612769211268283 0.10376672159253118 -0.070620139239211829 0.02538715137693209 0.033500868287550681 0.035098252970904603 -0.085501612504391047 0.065613479834027502 -0.042173341996897644 0.0048438471357948572 -0.03260202595904993 0.15679233544396101 0.2116010800080553 0.11913952316592491 0.17893253150991936 0.11784897117472251 0.23636428784473554 0.19759641304740025 -0.05658423019364426 -0.013737534476953311 0.044953662594537203 -0.0058415667212980285
leaf_weight=539 15.999999999999998 84 53 29 11.999999999999998 20 22 26 11.999999999999998 23 15.999999999999998 12.000000000000002 33 11.999999999999998 13.999999999999998 15.999999999999998 21 14.999999999999998 14.999999999999998 418 24 132 11.999999999999998 14.999999999999998 11.999999999999998 17 12.999999999999998 11.999999999999998 12.999999999999998 15.999999999999998 61 17.000000000000004 24 12.000000000000002 12.000000000000002 11.999999999999998 14.999999999999998 50 11.999999999999998 85 12.999999999999998 42 24 290 35 11.999999999999998 13.999999999999998
leaf_count=539 16 84 53 29 12 20 22 26 12 23 16 12 33 12 14 16 21 15 15 418 24 132 12 15 12 17 13 12 13 16 61 17 24 12 12 12 15 50 12 85 13 42 24 290 35 12 14
internal_value=-0.00236606 -0.00894738 0.0181441 -0.00361018 0.0160569 0.0178452 0.0187419 -0.0132276 0.0158782 0.0124637 0.0146259 0.0182782 0.0102885 0.0236776 0.0242995 0.0237497 -0.00114601 -0.0138981 0.016678 -0.0142059 -0.00477569 -0.00383374 0.00694036 -0.00557752 -0.00371748 -0.00482157 0.00640664 0.00392185 -0.00658907 0.00126274 0.00338091 -0.00386587 0.0114654 0.00352265 0.0026055 0.00779047 0.0146496 0.0297821 0.00191036 0.028668 0.0155613 0.0319429 0.0199878 -0.00811808 -0.000679673 0.0066869 -0.00980062
internal_weight=2404 1820 584 810 531 481 469 1010 364 259 236 181 73 108 105 28 50 972 44 957 766 682 95 587 455 440 34 38 362 59 78 43 36 83 55 39 27 72 45 105 49 56 37 303 59 24 31
internal_count=2404 1820 584 810 531 481 469 1010 364 259 236 181 73 108 105 28 50 972 44 957 766 682 95 587 455 440 34 38 362 59 78 43 36 83 55 39 27 72 45 105 49 56 37 303 59 24 31
is_linear=0
shrinkage=0.0573391


Tree=16
num_leaves=53
num_cat=0
split_feature=82 8 82 82 48 9 68 8 101 82 8 9 87 5 11 19 8 5 48 19 25 9 3 12 11 82 12 11 5 11 25 72 9 5 19 82 8 8 2 82 25 25 19 11 9 82 82 5 11 11 19 11
split_gain=92.0343 16.8648 9.26314 7.55204 6.50818 5.29505 5.23958 5.06781 3.07686 2.41225 2.30501 2.59689 2.23652 2.40527 2.05698 2.00393 1.95893 1.82083 1.63814 1.7444 1.52602 2.76496 1.51993 2.62701 2.15358 1.72843 1.66158 1.4692 1.45213 1.43347 1.37001 1.34053 2.17691 1.32224 1.30935 2.12756 1.35354 1.44569 1.24814 1.09406 1.00299 1.29056 1.00737 0.972589 0.933931 0.904021 0.86375 0.812526 0.791066 0.885853 0.694057 1.24919
threshold=13.043750000000001 26.187500000000004 18.406250000000004 8.7687500000000025 95552.000000000015 50.940476190476197 1.0000000180025095e-35 51.062500000000007 0.86332168915702812 7.0562500000000012 42.020833333333336 35.812500000000007 1.5000000000000002 9.4500000000000011 3.3895833333333334 47.500000000000007 35.187500000000007 9.1500000000000004 101939.50000000001 34.500000000000007 1.0000000180025095e-35 39.547619047619058 51.500000000000007 3.6630952380952388 3.0604166666666672 11.106250000000003 3.4979166666666672 5.3604166666666684 15.15 2.7395833333333339 1.0000000180025095e-35 2.5000000000000004 34.866071428571438 23.850000000000005 29.500000000000004 6.8062500000000012 62.708333333333336 46.604166666666679 73.500000000000014 21.381250000000001 0.6078576107927941 1.0000000180025095e-35 5.5000000000000009 3.8500000000000001 40.937500000000007 6.8062500000000012 19.943750000000005 7.0500000000000007 4.4854166666666675 4.7312500000000011 8.5000000000000018 4.1187500000000012
decision_type=2 2 2 2 2 2 2 2 2 2 2 2 2 2 2 2 2 2 2 2 2 2 2 2 2 2 2 2 2 2 2 2 2 2 2 2 2 2 2 2 2 2 2 2 2 2 2 2 2 2 2 2
left_child=1 9 4 8 16 22 10 12 -3 -1 31 17 13 46 30 40 29 -12 -13 -20 33 -22 23 24 -5 48 27 50 -18 -2 -10 32 -6 34 35 -16 37 -37 -33 -15 41 -11 -43 -26 -28 -32 -4 -48 -24 -50 -27 -52
right_child=2 3 7 5 6 -7 -8 -9 14 15 11 18 -14 39 20 -17 28 -19 19 -21 21 -23 25 -25 43 26 44 -29 -30 -31 45 38 -34 -35 -36 36 -38 -39 -40 -41 -42 42 -44 -45 -46 -47 47 -49 49 -51 51 -53
leaf_value=-0.15598469962053818 0.11185848782876176 0.21920696484742766 -0.015660026801613183 0.034903640213114359 0.092915829519815446 0.17986568943183076 0.37656860138780385 0.40194887291754394 -0.1065884748018916 -0.14970554996731325 0.038215310812524092 0.023617828367867539 0.20135791770478079 0.15624927568126776 -0.098597289261142515 0.02731996031385921 0.11929380155889714 -0.032559296147292478 0.22725328879131854 0.13719419217523146 0.08226035653477301 -0.04269584141922151 -0.035708643827922285 0.10211810477788742 -0.063133068305214771 -0.037741160368827749 -0.010789915214414563 0.085195374988926667 0.057409928343308783 -0.027960048003130327 -0.092327543349748298 -0.031837999190340104 -0.0094043535639895346 0.092720886508417477 -0.099643085587875033 0.008407074221502003 0.17150725940883607 -0.0895642602130996 0.012968701542408853 0.16184718677681109 -0.085309066365904615 -0.15498885484524827 -0.016758021904098981 0.001256237303550266 0.033085748976019617 -0.0071484276418994214 0.12740310948723216 0.071317303730002335 0.034415461203086105 -0.017372714006454584 0.099254548750112054 0.0073382877688721584
leaf_weight=582 18.000000000000004 17 19 23 13.999999999999998 14.999999999999998 17 97 133 49 12.999999999999998 19 32 13.999999999999998 55 13.999999999999998 77 19 22 14.999999999999998 17 23 91 35 17 11.999999999999998 34 27 15.999999999999998 12.999999999999998 65 38 20 18 72 18 11.999999999999998 24 23 18 141 20 124 26 31 52 13.999999999999998 20 12.999999999999998 78 12.999999999999998 23
leaf_count=582 18 17 19 23 14 15 17 97 133 49 13 19 32 14 55 14 77 19 22 15 17 23 91 35 17 12 34 27 16 13 65 38 20 18 72 18 12 24 23 18 141 20 124 26 31 52 14 20 13 78 13 23
internal_value=-0.00208245 -0.00808374 0.0188215 -0.00268469 0.0127063 0.00282758 0.00630699 0.0280793 -0.00745622 -0.013564 0.00347768 0.0101638 0.0200431 0.0151768 -0.00828999 -0.00978697 0.023027 -0.0028655 0.0176093 0.0246364 -0.00448614 0.00573242 0.0016401 0.007777 0.00104195 -0.000284807 0.00450483 0.01032 0.0271881 0.0105404 -0.0119262 -0.00271558 0.00640664 -0.00654037 -0.00801442 -0.00405008 0.00403401 -0.000818242 -0.00780075 0.0275895 -0.0106779 -0.00799146 -0.00525569 -0.00653252 -0.00220468 -0.0073996 0.00767998 0.0131515 -0.00396935 -0.000188652 0.00429933 0.00828034
internal_weight=2412 1874 538 944 324 438 200 214 506 930 183 88 117 85 489 348 124 32 56 37 239 40 423 101 66 322 140 75 93 31 250 95 34 199 181 109 54 42 61 32 334 193 144 43 65 117 53 34 182 91 48 36
internal_count=2412 1874 538 944 324 438 200 214 506 930 183 88 117 85 489 348 124 32 56 37 239 40 423 101 66 322 140 75 93 31 250 95 34 199 181 109 54 42 61 32 334 193 144 43 65 117 53 34 182 91 48 36
is_linear=0
shrinkage=0.0573391


Tree=17
num_leaves=57
num_cat=0
split_feature=6 6 6 13 13 2 4 4 15 6 50 78 40 100 19 4 104 4 4 100 2 40 78 0 104 40 0 4 40 40 12 12 100 6 100 15 104 104 0 6 40 27 12 78 40 2 2 6 6 40 40 40 6 40 40 100
split_gain=86.3241 13.5596 10.2761 3.92741 3.80681 3.53218 3.13409 2.95163 2.87509 2.60634 2.18873 4.47226 2.14923 1.9922 1.85616 2.50875 1.81349 2.32725 1.52848 1.48196 1.43655 1.63554 1.43468 1.43419 1.41396 1.92513 1.36747 1.48792 1.35808 2.05386 1.32299 1.25232 1.19975 1.60179 2.13183 1.13448 1.12205 1.95213 1.06622 1.02725 2.0106 1.00945 1.46465 0.990249 2.13777 0.847362 1.29518 0.787849 1.9524 0.744606 0.93098 0.748918 0.694483 0.666061 0.662128 0.639994
threshold=11.15 16.950000000000003 7.1500000000000012 12.500000000000002 13.500000000000002 61.500000000000007 9.1500000000000004 7.0500000000000007 11.500000000000002 9.0500000000000025 -0.66030521387292307 997.85000000000014 10.450000000000001 954.96111111111122 25.500000000000004 15.65 39.434123157347969 12.050000000000002 11.750000000000002 903.85555555555572 37.500000000000007 12.750000000000002 2265.8500000000004 31.500000000000004 45.289704113035818 19.550000000000004 34.500000000000007 14.15 8.7500000000000018 6.0500000000000007 3.9255952380952381 3.7607142857142861 840.59444444444455 14.950000000000001 889.45000000000016 10.500000000000002 43.705282158813681 44.464642741048394 43.500000000000007 9.3500000000000032 8.1500000000000004 0.68301270189221941 3.8732142857142859 930.40000000000009 17.850000000000005 34.500000000000007 30.500000000000004 18.650000000000002 20.750000000000004 14.350000000000003 15.750000000000002 17.050000000000004 9.7500000000000018 12.65 3.7500000000000004 753.7296296296297
decision_type=2 2 2 2 2 2 2 2 2 2 2 2 2 2 2 2 2 2 2 2 2 2 2 2 2 2 2 2 2 2 2 2 2 2 2 2 2 2 2 2 2 2 2 2 2 2 2 2 2 2 2 2 2 2 2 2
left_child=2 5 7 14 18 13 -6 -1 9 22 11 30 47 35 -3 19 17 38 -5 -16 52 39 36 -23 25 32 -9 -28 29 -10 -7 -14 55 -34 -35 43 45 -38 -13 40 -22 42 -29 -2 53 46 -4 -8 -49 -25 -51 -52 -11 54 -45 -12
right_child=1 3 8 4 6 10 12 26 28 20 24 16 31 -15 15 -17 -18 -19 -20 -21 21 23 -24 49 -26 -27 27 41 -30 -31 -32 -33 33 34 -36 -37 37 -39 -40 -41 -42 -43 -44 44 -46 -47 -48 48 -50 50 51 -53 -54 -55 -56 -57
leaf_value=-0.15919726673518367 0.16687715756539162 -0.007385593256636412 -0.05853491131102951 0.11255655760384889 -0.031254542576151172 -0.099808288119690558 0.16485579906999154 0.083377124853476078 0.016044156460245179 -0.035520584147980622 -0.0062515185118048044 0.051777784911853642 0.025099440934992355 -0.016087174681273065 0.15583508334792889 0.27151407773737046 0.027740695938606792 0.20032339784925676 0.33681937560455272 -0.025621719873850042 0.049109699227304494 0.039136508740812537 0.0098144615317551139 0.013624199330620375 0.20946063397419734 0.073243983980497182 -0.086000303414531062 -0.11142426308354324 -0.051056007869305579 0.19759962383860508 0.11404564446862557 0.22494910482654065 -0.0055012043496389515 0.1526849300962409 -0.0022142965722090958 0.18300515319114555 0.02235543432551582 -0.027728960609392641 0.070183539697162442 -0.045106481647711597 -0.12963212911576757 0.038121011165488355 0.047088583588958594 0.083061387274261364 -0.065446095053205741 -0.057062334770774915 0.03055377969302599 0.044577436173597898 0.41125371412909822 -0.065805291857849807 0.049909253720119957 -0.0059563636132324745 0.036081410311554027 0.059935673092685098 0.073400282339239314 -0.040016784750070394
leaf_weight=609 11.999999999999998 21 25 34 12.999999999999998 24 14.999999999999998 12.999999999999998 24 13.000000000000002 11.999999999999998 28 23 13.999999999999998 14.999999999999998 14.999999999999998 19 15.999999999999998 111 17 12.000000000000002 13.999999999999998 19 24 14.999999999999998 11.999999999999998 256 36 11.999999999999998 13.999999999999998 13.999999999999998 17 77 11.999999999999998 20 22 12.999999999999998 23 30 118 15.999999999999998 27 17 13.999999999999998 12.999999999999998 264 13.999999999999998 13.999999999999998 27 23 21 41 18 20 33 42
leaf_count=609 12 21 25 34 13 24 15 13 24 13 12 28 23 14 15 15 19 16 111 17 12 14 19 24 15 12 256 36 12 14 14 17 77 12 20 22 13 23 30 118 16 27 17 14 13 264 14 14 27 23 21 41 18 20 33 42
internal_value=-0.00197874 0.0138847 -0.00932014 0.022864 0.0261406 0.00744499 0.0180423 -0.0131915 -0.00408169 -0.00508898 0.00423328 0.00993526 0.0216202 0.0154987 0.0106234 0.0169554 0.0167073 0.0207643 0.0322273 0.00788196 -0.00114665 -0.00249377 -0.00839245 0.00237711 0.0003016 -0.00114656 -0.00898675 -0.00969281 0.00917275 0.0144831 -0.00663759 0.0114657 -0.00277873 0.000683523 0.0114651 0.0180055 -0.00925184 0.000317576 0.0154205 -0.00659749 0.00327479 -0.00286637 -0.00746363 0.0152062 0.0129001 -0.0103889 -0.00249825 0.0288714 0.0247501 0.000157499 -0.0023605 0.00129412 0.0105404 0.0170289 0.0132958 -0.00976744
internal_weight=2437 771 1666 322 254 449 109 958 708 658 321 131 96 128 68 47 93 74 145 32 300 269 358 123 190 175 349 336 50 38 38 40 163 109 32 114 339 36 58 146 28 80 53 92 80 303 39 56 41 109 85 62 31 67 47 54
internal_count=2437 771 1666 322 254 449 109 958 708 658 321 131 96 128 68 47 93 74 145 32 300 269 358 123 190 175 349 336 50 38 38 40 163 109 32 114 339 36 58 146 28 80 53 92 80 303 39 56 41 109 85 62 31 67 47 54
is_linear=0
shrinkage=0.0573391


Tree=18
num_leaves=62
num_cat=0
split_feature=80 8 80 14 8 103 13 100 11 19 5 19 98 58 78 76 28 80 14 103 78 11 28 8 78 53 78 11 8 8 78 0 78 78 28 8 13 13 76 100 80 5 19 103 14 100 28 11 14 103 80 78 8 8 13 8 19 19 8 19 80
split_gain=71.2801 13.4121 11.0938 9.67713 7.82238 4.01845 3.90971 3.53504 3.47632 3.38322 3.19862 3.01575 2.85053 2.84257 2.64724 2.42041 2.16819 2.1285 2.11642 2.03251 1.91691 2.03289 1.91663 1.90994 1.88229 1.84273 2.5721 2.04865 1.89505 1.68818 1.62302 1.60498 1.58246 1.61614 1.54484 2.412 1.53921 1.69687 1.53789 1.79961 1.51369 1.48045 1.44687 1.52256 1.36865 1.25361 1.44026 1.69675 1.22091 1.10391 1.01524 0.9966 0.983423 0.867997 1.65905 0.756999 0.711857 0.918353 0.670797 0.658108 0.629539
threshold=11.662500000000003 34.854166666666679 7.4125000000000014 5.5000000000000009 51.062500000000007 1.0942461579841061 14.500000000000002 763.68888888888898 4.7604166666666679 11.500000000000002 19.650000000000002 47.500000000000007 1.0000000180025095e-35 -0.66030521387292307 1223.3000000000002 2750.5000000000005 0.93301270189221952 19.637500000000006 5.5000000000000009 1.0529274122465357 1103.95 3.9270833333333344 0.25000000000000017 45.437500000000007 1424.1500000000003 1669.0000000000002 1151.8000000000004 3.6437500000000007 48.937500000000007 71.312500000000014 2106.6000000000004 85.500000000000014 1266.8000000000004 1186.9500000000003 -0.5 60.437500000000007 12.500000000000002 13.500000000000002 1520.0000000000002 869.6444444444445 4.4875000000000016 18.550000000000004 44.500000000000007 1.1694296564631064 2.5000000000000004 943.78888888888901 0.25000000000000017 5.2645833333333343 3.5000000000000004 0.9995172490623494 10.312500000000002 1445.7 55.854166666666679 23.312500000000004 14.500000000000002 59.854166666666679 27.500000000000004 35.500000000000007 40.312500000000007 15.500000000000002 6.1125000000000016
decision_type=2 2 2 2 2 2 2 2 2 2 2 2 2 2 2 2 2 2 2 2 2 2 2 2 2 2 2 2 2 2 2 2 2 2 2 2 2 2 2 2 2 2 2 2 2 2 2 2 2 2 2 2 2 2 2 2 2 2 2 2 2
left_child=2 7 8 4 6 9 13 15 16 20 31 25 41 22 -13 -2 53 45 -16 32 -4 24 -3 58 -22 27 -27 44 56 34 -21 -10 33 38 35 -30 -34 -38 -15 -40 -18 59 43 -9 -11 46 47 -6 50 -23 51 -46 -51 -1 -55 -14 -29 -58 -24 -5 -42
right_child=1 3 5 12 17 -7 -8 42 10 11 -12 14 55 19 18 -17 40 -19 -20 30 21 49 23 -25 -26 26 -28 28 29 -31 -32 -33 36 -35 -36 -37 37 -39 39 -41 60 -43 -44 -45 48 -47 -48 -49 -50 52 -52 -53 -54 54 -56 -57 57 -59 -60 -61 -62
leaf_value=-0.14814408839790691 0.013679984510803015 0.1634856500866346 -0.028119989044825957 -0.06914432486018024 0.21853212311717227 -0.11066906017079269 -0.10696277536666171 -0.025947532654947255 0.067833857001391398 -0.06116512725292092 0.23959296754988815 -0.025786673998662961 0.056558238884357528 0.1970378241699052 0.10472790067265808 0.14459837724437433 -0.15565318379300122 0.4277111219073082 0.052873290850261878 -0.0063976069214561164 -0.005332129160163305 0.051417391315395279 0.068385954961870526 0.025118444125619581 0.060738880205876505 0.044892224237112373 -0.016798680256140404 0.02463192484435648 -0.019121561493102596 0.10704804837751627 0.12500691401076511 -0.077256033657743431 -0.0314682897365898 0.20616792313671226 -0.10984001009965388 0.20590504705120302 0.14370119730558975 0.0068429481541393269 0.15968620940497186 0.038560216178798748 -0.029139900662260604 0.19542909840845896 0.11610379250546526 0.049733268839022675 -0.009648578975276597 0.038734281067576662 0.17788292835145766 0.034638547104336767 -0.068890222565631959 0.06944324818126893 0.011423139952652412 -0.11146995386752941 0.043506544106699095 -0.0554895320366307 -0.14281438981799929 0.1576210474463324 -0.014924180711320217 0.027209172330173659 0.14571798643261105 -0.059977498268294141 0.040382954876969024
leaf_weight=464 15.000000000000002 28 17 21 21 79 14.999999999999998 101 14.999999999999998 154 13.999999999999998 14.999999999999998 13.999999999999998 15.999999999999998 17 12.999999999999998 21 84 14.000000000000002 27 23 14.999999999999998 12.000000000000002 12.999999999999998 20 19 22 28 39 12.999999999999998 12.999999999999998 45 12.999999999999998 12.999999999999998 46 11.999999999999998 18 22 17 26 36 11.999999999999998 19 18 68 14.999999999999998 33 20 37 13.999999999999998 28 18 19 162 166 23 24 12.999999999999998 18 26 13.999999999999998
leaf_count=464 15 28 17 21 21 79 15 101 15 154 14 15 14 16 17 13 21 84 14 27 23 15 12 13 20 19 22 28 39 13 13 45 13 13 46 12 18 22 17 26 36 12 19 18 68 15 33 20 37 14 28 18 19 162 166 23 24 13 18 26 14
internal_value=-0.0023664 0.013223 -0.00869068 0.0177528 0.0214748 -0.00351329 0.0150083 -0.000966937 -0.0128568 -0.00208113 -0.000929313 -0.00385286 0.00131361 0.0168125 0.0102196 0.0176072 -0.0138795 0.0308561 0.0197873 0.0126836 0.00721986 0.0105218 0.0264061 0.0187991 0.00146588 -0.00509548 0.00657147 -0.00609215 -0.00114656 -0.00573337 0.00143247 -0.0066885 0.0162834 0.0218189 -0.00833412 -0.0014608 0.00876176 0.0143323 0.0177829 0.0121325 -0.0042795 -0.00651032 -0.00473631 -0.00708251 -0.00892962 0.0246735 0.0277376 0.0205551 -0.00505002 0.0186327 -0.00211212 -0.00519986 0.024495 -0.0147401 -0.0124815 0.0137898 0.00661507 0.00139366 0.0267531 -0.0111 0.00114601
internal_weight=2377 686 1691 520 424 754 251 166 937 675 74 567 96 236 46 28 863 173 31 165 108 91 71 43 43 521 41 480 175 110 40 60 125 72 97 51 53 40 59 43 71 59 138 119 305 89 74 41 151 48 114 86 33 792 328 37 65 37 30 47 50
internal_count=2377 686 1691 520 424 754 251 166 937 675 74 567 96 236 46 28 863 173 31 165 108 91 71 43 43 521 41 480 175 110 40 60 125 72 97 51 53 40 59 43 71 59 138 119 305 89 74 41 151 48 114 86 33 792 328 37 65 37 30 47 50
is_linear=0
shrinkage=0.0573391


Tree=19
num_leaves=55
num_cat=0
split_feature=82 6 6 19 19 46 15 82 49 40 100 36 82 100 38 40 6 38 82 1 100 53 46 80 6 36 77 77 100 46 77 82 36 19 80 40 36 22 38 36 77 77 1 82 40 100 19 26 41 41 6 19 19 100
split_gain=74.9576 12.8825 11.3103 4.71806 5.00513 4.47846 4.42827 4.40458 3.05135 3.95658 3.75649 3.81292 3.04533 2.81094 2.67823 2.65825 2.41655 2.3621 2.20722 2.607 2.11953 1.97818 1.66697 2.05018 1.6547 1.61919 1.56831 1.70709 1.45759 1.38898 1.31421 1.2015 1.23449 1.25882 1.12765 1.07952 1.25273 1.06729 1.56009 1.30362 1.06231 1.48637 1.31026 1.0129 0.895943 1.33552 0.814251 0.713171 0.952411 0.874483 0.667948 0.997398 0.63312 0.89087
threshold=11.106250000000003 16.350000000000005 7.2500000000000009 51.500000000000007 44.500000000000007 0.091666666666666674 11.500000000000002 21.656250000000004 95552.000000000015 19.050000000000004 947.01666666666677 5.3500000000000005 8.8562500000000011 836.35555555555572 28.550000000000004 17.050000000000004 9.0500000000000025 22.550000000000004 16.662500000000005 32.500000000000007 761.52777777777794 1499.0000000000002 0.15833333333333335 9.9125000000000032 5.0500000000000007 20.950000000000003 2865.0000000000005 3151.5000000000005 800.25555555555559 1.0000000180025095e-35 2135.0000000000005 9.1062500000000028 10.050000000000002 42.500000000000007 15.737500000000002 16.450000000000003 19.550000000000004 1.0000000180025095e-35 18.450000000000003 17.850000000000005 3568.0000000000005 2456.5000000000005 69.500000000000014 5.0312500000000009 15.450000000000001 820.24444444444453 6.5000000000000009 1.0000000180025095e-35 42.300000000000004 34.750000000000007 9.1500000000000004 39.500000000000007 32.500000000000007 865.83888888888907
decision_type=2 2 2 2 2 2 2 2 2 2 2 2 2 2 2 2 2 2 2 2 2 2 2 2 2 2 2 2 2 2 2 2 2 2 2 2 2 2 2 2 2 2 2 2 2 2 2 2 2 2 2 2 2 2
left_child=2 5 24 4 7 8 12 15 10 13 11 -2 25 -10 50 18 -15 40 34 -20 -21 31 23 30 -1 26 -4 -28 -7 -26 -8 -14 33 46 -3 -34 -37 39 -39 -23 41 42 -18 -31 45 -22 -33 48 49 -30 -13 -52 53 -17
right_child=1 3 6 -5 -6 28 22 -9 9 -11 -12 14 21 16 -16 52 17 -19 19 20 44 37 -24 -25 29 -27 27 -29 47 43 -32 32 35 -35 -36 36 -38 38 -40 -41 -42 -43 -44 -45 -46 -47 -48 -49 -50 -51 51 -53 -54 -55
leaf_value=-0.16937403461776107 -0.068230888964233544 0.087950117006441619 -0.055684863647396401 -0.022218784928417723 0.4606368606813987 0.036978830917468522 0.033797890563947025 0.2444015081866352 -0.041488787000848827 0.18936528896858482 -0.022417195482089768 0.0027338977805114887 0.023732817265093194 -0.050481537064210526 -0.011086197319052069 0.3257832470054251 0.043457248749982559 -0.012598848842926306 -0.00093490693959308421 0.23512087012920954 0.011339078279662382 -0.047691752914373622 0.17959668233119805 0.093083203176758056 -0.074899384984888059 0.018924685086528434 0.020828544726286008 -0.031385069558887271 -0.0058070036790645683 -0.14712867427071688 -0.045499458505696484 -0.018137947599610699 -0.037224087299291435 -0.097107506491380197 -0.0060338044249631734 0.021174850074242163 -0.058527807805568863 0.0024731955719104904 0.06902051305656666 0.02849640074698204 -0.013601921131298877 0.12531358569472242 0.12170584049552348 -0.034049995048246302 0.0091547872962724451 0.16083954543924672 0.029317376660713337 -0.039333848603948791 -0.018379456127817023 0.020647913076211659 0.11694651621576899 0.063831681431114062 0.20574311498254327 0.10184688199738748
leaf_weight=479 13.999999999999998 22 260 18 56 21 26 54 40 14.999999999999998 19 12.999999999999998 31 12.999999999999998 11.999999999999998 12.000000000000002 32 23 24 20 13.999999999999998 17.000000000000004 18 18 226 11.999999999999998 19 24 24 44 22 16.000000000000004 116 11.999999999999998 26 12.000000000000002 13.999999999999998 19 14.999999999999998 12.999999999999998 13.999999999999998 21 14.999999999999998 211 11.999999999999998 51 13.999999999999998 25 30 18 68 19 11.999999999999998 12.999999999999998
leaf_count=479 14 22 260 18 56 21 26 54 40 15 19 13 31 13 12 12 32 23 24 20 14 17 18 18 226 12 19 24 24 44 22 16 116 12 26 12 14 19 15 13 14 21 15 211 12 51 14 25 30 18 68 19 12 13
internal_value=-0.00231926 0.0124358 -0.00925542 0.0209095 0.022536 0.00594419 -0.00358574 0.0191861 0.00948415 0.00434155 0.0156192 0.0192031 -0.00532839 0.00166911 0.0227296 0.0153642 0.00612213 0.00900972 0.0123155 0.0164426 0.0206289 -0.000965792 0.00873651 0.00451681 -0.0132596 -0.00919222 -0.0100104 0.000132551 -0.00359542 -0.0108835 -0.00167153 -0.00360013 -0.00535965 0.00327537 0.00191042 -0.00791392 0.00264467 0.00788304 0.0148377 0 0.0135644 0.0165256 0.0108561 -0.00798223 0.0163067 0.0189642 0.00955395 -0.00656083 -0.00366263 0.0019103 0.0258011 0.0276132 0.0292849 0.0240767
internal_weight=2408 770 1638 334 316 436 678 260 318 173 145 126 594 158 112 206 118 105 169 121 97 279 84 66 960 315 303 43 118 481 48 215 184 42 48 142 26 64 34 30 82 68 47 255 77 65 30 97 72 42 100 87 37 25
internal_count=2408 770 1638 334 316 436 678 260 318 173 145 126 594 158 112 206 118 105 169 121 97 279 84 66 960 315 303 43 118 481 48 215 184 42 48 142 26 64 34 30 82 68 47 255 77 65 30 97 72 42 100 87 37 25
is_linear=0
shrinkage=0.0573391


Tree=20
num_leaves=51
num_cat=0
split_feature=82 82 68 82 40 68 15 10 98 12 50 103 10 4 27 40 12 40 82 12 40 82 82 82 82 82 104 103 50 12 10 27 10 10 4 1 82 12 12 104 104 57 40 10 105 38 38 10 40 15
split_gain=64.1794 13.4455 9.33988 7.79864 7.09546 4.8763 4.24094 3.99817 3.7022 3.2938 2.91433 2.83163 2.82259 2.33172 2.32608 2.47951 2.1906 4.66053 3.54674 2.15247 2.10573 2.07383 2.06162 2.03489 1.78341 1.63745 1.54922 1.42352 2.10499 1.37706 1.62376 1.34847 1.26631 1.89902 1.24389 1.21895 1.19444 1.33576 1.07021 0.931024 1.02996 0.898866 0.861184 0.843504 1.52164 0.839815 1.04004 0.694187 0.665151 0.628584
threshold=13.043750000000001 8.1687500000000011 1.0000000180025095e-35 17.856250000000003 1.3500000000000003 1.0000000180025095e-35 11.500000000000002 50.117646665234993 1.0000000180025095e-35 3.6229166666666668 -0.84439595027966707 1.1008646018649542 22.848409546590997 21.250000000000004 0.93301270189221952 5.6500000000000012 3.086011904761905 12.750000000000002 9.2312500000000011 3.6044642857142861 6.1500000000000012 22.368750000000002 4.3187500000000005 5.5291666666666677 14.075000000000001 21.656250000000004 25.647924989120018 1.0840487257047755 0.71419706489551882 2.5824404761904769 46.462569962309082 0.68301270189221941 36.809868249994743 41.752267032693759 10.550000000000002 84.500000000000014 5.0312500000000009 4.7098214285714297 3.6630952380952388 27.322559688167015 35.275759661229863 1.0000000180025095e-35 16.350000000000005 30.44576665410786 2.9646537397247541 18.650000000000002 11.250000000000002 24.738047350024029 18.350000000000005 6.5000000000000009
decision_type=2 2 2 2 2 2 2 2 2 2 2 2 2 2 2 2 2 2 2 2 2 2 2 2 2 2 2 2 2 2 2 2 2 2 2 2 2 2 2 2 2 2 2 2 2 2 2 2 2 2
left_child=1 6 3 8 -5 11 12 9 10 21 31 16 -1 38 23 22 18 41 -3 -8 26 32 -16 -14 -10 -11 -20 28 45 -22 -31 -2 -6 -34 -26 43 -21 -38 -7 -25 -41 -18 -37 44 -19 46 -12 -17 -45 -36
right_child=2 5 -4 4 7 13 19 -9 24 25 27 -13 14 -15 15 47 17 35 20 36 29 -23 -24 39 34 -27 -28 -29 -30 30 -32 -33 33 -35 49 42 37 -39 -40 40 -42 -43 -44 48 -46 -47 -48 -49 -50 -51
leaf_value=-0.16038262331755149 0.0028163341245633394 -0.047919473282814568 0.44508656882244418 -0.052021976770863315 0.014064406835309372 0.066861357718109374 0.1083347813674299 0.30348395020145369 0.034917174204138549 -0.02885660443006233 -0.035288382489625673 -0.094963954266784667 -0.13845216653973855 0.0033058712998542865 -0.11825727945634475 -0.012114449844556093 -0.043880104235844222 0.0038882487173026712 0.033646782404919647 -0.082213474283610213 -0.048361455077860924 0.22019799677139387 0.063995097724218283 7.6369350307002942e-05 0.03194144472419902 0.090618694310243858 0.06897682174192199 -0.039344125626989114 0.063126138342001301 0.072954442899475003 -0.055825363880061922 0.088561760723790933 0.17122956686876087 0.1180153498438138 0.16123623218245023 0.002994277715372549 -0.021259120839883246 0.066533645832182367 0.12100933454689076 -0.068262594128452939 -0.038966119829308317 0.019881167991870084 0.049508104850892548 -0.0031002621913428065 -0.062283113014737754 -0.028754977278470005 0.021488867616645715 -0.144155194923998 0.012385590954227086 0.14898081439489769
leaf_weight=358 30 45 51 21 15.999999999999998 13.999999999999998 18 48 27 19 13.999999999999998 63 190 23 12.999999999999998 11.999999999999998 171 21 19 24 21 30 23 34 13.999999999999998 14.999999999999998 25 21 32 33 15.999999999999998 39 20 59 11.999999999999998 29 33 22 21 163 216 13.999999999999998 37 102 31 36 27 36 31 28
leaf_count=358 30 45 51 21 16 14 18 48 27 19 14 63 190 23 13 12 171 21 19 24 21 30 23 34 14 15 25 21 32 33 16 39 20 59 12 29 33 22 21 163 216 14 37 102 31 36 27 36 31 28
internal_value=-0.00254074 -0.00766575 0.0144936 0.0121449 0.0200178 -0.0015055 -0.011528 0.0232397 0.0057337 0.0188598 0.00152692 -0.00291046 -0.0125926 0.0144319 -0.0104411 -0.00150126 -0.00168638 -0.00378742 0.00407472 -5.8764e-05 0.00945525 0.0231639 0.00987289 -0.0116864 0.0160678 0.00303421 0.019284 -0.00352818 -0.000893935 0.00327583 0.00854088 0.0110511 0.0190112 0.0219904 0.0220837 0.00130197 -0.00413646 0.00052061 0.0237507 -0.00942675 -0.0102422 -0.0106925 0.00799166 -0.00108459 -0.00727637 -0.00603098 -0.000418689 -0.0100327 0.00133618 0.0272321
internal_weight=2417 1858 559 508 228 716 1142 207 280 159 199 658 1045 58 687 84 595 436 159 97 114 125 36 603 81 34 44 130 109 70 49 69 95 79 54 251 79 55 35 413 379 185 66 185 52 77 41 48 133 40
internal_count=2417 1858 559 508 228 716 1142 207 280 159 199 658 1045 58 687 84 595 436 159 97 114 125 36 603 81 34 44 130 109 70 49 69 95 79 54 251 79 55 35 413 379 185 66 185 52 77 41 48 133 40
is_linear=0
shrinkage=0.0573391


Tree=21
num_leaves=57
num_cat=0
split_feature=7 68 7 8 8 13 13 7 7 4 19 102 101 68 8 76 2 19 19 4 8 4 8 41 7 76 102 76 8 8 8 13 19 8 10 8 8 41 41 8 2 8 102 19 2 101 8 68 10 8 67 8 10 76 41 41
split_gain=59.1931 10.1923 7.62274 7.42737 5.26928 5.12782 6.45704 3.78139 3.60693 3.44267 3.4071 3.12004 2.55474 2.36535 2.33272 2.13755 2.04447 1.86943 1.95916 1.8334 1.74707 1.65282 3.96816 1.55221 1.53046 2.35525 1.71421 1.85689 1.5045 1.36306 2.43062 1.74653 1.7195 1.25465 1.69512 1.36884 1.57545 1.63387 1.82792 1.24673 1.18818 1.17339 1.15903 1.14624 1.09918 1.43273 0.896802 0.891874 0.83963 0.818949 0.966081 0.936263 0.719657 0.67126 0.641596 0.624364
threshold=10.050000000000002 1.0000000180025095e-35 5.2500000000000009 29.520833333333339 21.979166666666668 13.500000000000002 12.500000000000002 18.450000000000003 12.950000000000001 15.350000000000003 6.5000000000000009 89.810000000000016 1.0587884713554476 1.0000000180025095e-35 75.270833333333357 2270.5000000000005 98.500000000000014 33.500000000000007 32.500000000000007 4.7500000000000009 63.375000000000007 18.250000000000004 63.062500000000007 57.800000000000004 17.850000000000005 3514.5000000000005 72.448888888888902 2041.5000000000002 32.145833333333336 35.979166666666679 47.979166666666679 14.500000000000002 25.500000000000004 44.395833333333336 33.268937228402905 46.020833333333336 48.437500000000007 38.350000000000009 33.300000000000004 63.895833333333336 75.500000000000014 39.104166666666679 79.582222222222242 25.500000000000004 40.500000000000007 1.0292030094167952 60.770833333333336 1.0000000180025095e-35 26.922426118350298 38.937500000000007 1.0000000180025095e-35 35.979166666666679 38.836553755353179 1767.5000000000002 37.250000000000007 28.600000000000005
decision_type=2 2 2 2 2 2 2 2 2 2 2 2 2 2 2 2 2 2 2 2 2 2 2 2 2 2 2 2 2 2 2 2 2 2 2 2 2 2 2 2 2 2 2 2 2 2 2 2 2 2 2 2 2 2 2 2
left_child=2 3 20 19 47 6 16 9 -3 28 12 21 -6 14 17 -15 49 18 29 -2 -1 22 23 33 25 26 -21 53 -8 44 31 32 -31 34 -7 -35 -37 38 55 -32 -11 -9 -36 -18 45 48 -42 -4 -12 51 -51 -5 -33 -28 -44 -38
right_child=1 8 4 5 10 11 7 41 -10 40 13 -13 -14 15 -16 -17 43 -19 -20 24 -22 -23 -24 -25 -26 -27 27 -29 -30 30 39 52 -34 35 42 36 37 -39 -40 -41 46 -43 54 -45 -46 -47 -48 -49 -50 50 -52 -53 -54 -55 -56 -57
leaf_value=-0.13965811653034915 -0.17723211220322282 0.044411964330923877 -0.077446686780226343 0.0043653403063332579 0.071131418634782048 0.045979186431922427 0.05437144014608649 0.049573177300976566 0.32492814411592374 -0.025986186203327363 0.0086471001357455064 -0.042578840361097749 -0.018796325509016321 0.059372464918604213 0.3551603084084799 -0.040916355743631436 0.064544805750233233 -0.056084853022655874 0.023149100372162404 0.015647961676668733 0.058900832634980853 -0.049119277456988263 0.16891357625690764 -0.014102568493085636 -0.14748940957090714 0.044181448298837425 -0.0049158903241184916 -0.069520629857850139 0.171921527053294 0.012226930142546491 -0.062196135156513725 -0.030569441119242636 0.037711850187134049 0.027735300062608655 0.017735538783796755 -0.013707944506127435 0.15121478724891846 0.099893214935043551 -0.0015384584353025236 0.0541719383664193 0.017091292487282802 0.26641329126963037 -0.0070911698209806875 0.12563546054452043 -0.045930508112009896 -0.089902768807799238 0.21743259726527409 -0.0035296421616081968 -0.0074997218127821983 0.016172876903070319 0.11074357373598151 -0.040209015568235966 0.0012329922022429655 0.027559825229379262 -0.03849896351597662 0.038370271814192301
leaf_weight=521 33 21 260 24 32 11.999999999999998 15.999999999999998 12.999999999999998 64 25 11.999999999999998 34 17 33 12.999999999999998 26 18 183 21 14.999999999999998 11.999999999999998 21 14.999999999999998 21 15.999999999999998 11.999999999999998 23 54 48 20 72 13.000000000000002 13.999999999999998 13.999999999999998 20 20 20 30 15.999999999999998 12.999999999999998 13.000000000000002 80 23 15.999999999999998 151 14.999999999999998 14.999999999999998 17 36 64 25 12.999999999999998 11.999999999999998 24 15.999999999999998 20
leaf_count=521 33 21 260 24 32 12 16 13 64 25 12 34 17 33 13 26 18 183 21 15 12 21 15 21 16 12 23 54 48 20 72 13 14 14 20 20 20 30 16 13 13 80 23 16 151 15 15 17 36 64 25 13 12 24 16 20
internal_value=-0.00240837 0.00908384 -0.00944381 0.00714483 -0.00639086 0.00997266 0.014412 0.0210237 0.0279931 0.0141624 -0.00368541 0.00414775 0.010881 -0.00481133 -0.00593325 0.00612161 0.00573354 -0.0064888 -0.00419061 -0.00327162 -0.0149424 0.00638103 0.00780489 0.00578772 -0.000477578 0.00161234 -0.000889421 -0.0035761 0.0231127 -0.00518919 -0.000875754 0.00806516 0.016524 0.0074147 0.00137235 0.0109893 0.00876245 0.0121335 0.00634714 -0.00708229 0.00335287 0.0296542 -0.00262322 0.0182102 -0.00809145 -0.00172862 0.0114648 -0.0130614 0.00310487 0.00236602 0.0053467 -0.00480259 -0.00343838 0.00475675 -0.00837849 0.012899
internal_weight=2407 914 1493 829 960 652 370 210 85 117 683 282 49 634 575 59 160 562 379 177 533 248 227 212 144 128 116 101 64 358 144 59 34 191 71 120 106 86 56 85 53 93 59 34 214 63 28 277 48 126 89 37 25 47 39 40
internal_count=2407 914 1493 829 960 652 370 210 85 117 683 282 49 634 575 59 160 562 379 177 533 248 227 212 144 128 116 101 64 358 144 59 34 191 71 120 106 86 56 85 53 93 59 34 214 63 28 277 48 126 89 37 25 47 39 40
is_linear=0
shrinkage=0.0573391


Tree=22
num_leaves=59
num_cat=0
split_feature=18 8 80 24 24 103 8 40 8 7 76 9 79 40 24 7 76 103 103 105 80 79 40 22 76 8 105 8 79 8 40 40 46 2 40 46 79 105 8 8 79 79 46 24 8 58 46 24 8 8 8 41 26 8 8 40 24 85
split_gain=61.5821 20.5327 10.0465 6.4423 5.597 4.28138 3.92839 3.88982 3.71578 2.85087 2.75441 2.75214 2.44489 2.8667 2.30417 2.37844 2.27649 2.3353 2.21379 2.14541 2.04842 2.00514 2.31628 1.81159 1.87971 1.74076 2.90934 1.71416 2.1515 1.63843 2.45002 1.6829 1.53639 2.30644 1.53072 1.47999 1.55345 1.3585 1.31073 1.34049 1.26921 1.78043 1.26283 1.19147 1.18806 1.16902 2.04034 1.56723 1.21043 0.881245 0.936979 0.779617 0.747976 0.705427 0.846599 0.69841 0.660251 0.62378
threshold=1.0000000180025095e-35 48.229166666666679 6.1125000000000016 -0.9159756150367534 -0.98296291314453399 1.1024416378400232 64.645833333333343 5.4500000000000011 65.687500000000014 9.1500000000000004 2119.5000000000005 52.773809523809526 29.875000000000004 17.650000000000002 -0.78656609248549325 11.850000000000003 1983.5000000000002 1.0095041533782718 1.0508280409639543 2.2332366965739472 13.037500000000003 54.125000000000007 12.65 1.0000000180025095e-35 3198.0000000000005 29.770833333333339 2.679586074637315 20.812500000000004 75.375000000000014 42.604166666666671 9.6500000000000004 1.4500000000000002 0.058333333333333341 51.500000000000007 16.350000000000005 0.041666666666666671 59.875000000000007 3.6788199453534691 42.604166666666671 46.020833333333336 69.375000000000014 84.375000000000014 0.025000000000000005 -0.98296291314453399 28.604166666666668 -0.66030521387292307 0.50833333333333341 -0.98296291314453399 54.395833333333336 34.854166666666679 45.437500000000007 43.000000000000007 1.0000000180025095e-35 52.770833333333336 60.145833333333336 1.5500000000000003 -0.78656609248549325 0.75000000000000011
decision_type=2 2 2 2 2 2 2 2 2 2 2 2 2 2 2 2 2 2 2 2 2 2 2 2 2 2 2 2 2 2 2 2 2 2 2 2 2 2 2 2 2 2 2 2 2 2 2 2 2 2 2 2 2 2 2 2 2 2
left_child=2 3 8 4 35 7 14 10 57 11 -4 12 -9 52 45 37 17 21 19 -12 -8 -11 -23 34 27 -5 42 -25 -29 30 31 -6 33 -28 -18 36 -2 -16 -35 -40 -24 -42 -27 -21 -38 48 47 -47 -3 -15 -51 -33 -14 -49 -55 -45 -34 -1
right_child=1 6 5 25 29 -7 20 9 -10 16 18 -13 13 49 15 -17 23 -19 -20 43 -22 22 40 24 -26 26 32 28 -30 -31 -32 51 56 38 -36 -37 44 -39 39 -41 41 -43 -44 55 -46 46 -48 53 -50 50 -52 -53 -54 54 -56 -57 -58 -59
leaf_value=-0.079425036342067143 0.10165395132777089 0.18679293980606088 -0.032292951218469694 -0.073762790870021702 0.096098262807523316 -0.1443929335893239 0.060207574827672652 0.044505274673650709 0.070945973100660684 -0.042222668741202264 -0.087568795755160286 0.19077917736515987 -0.031310960297842118 -0.044109234190057266 0.056052270098342627 -0.013823926802999343 -0.058986287145853987 0.095854704642871338 0.19121189261142663 -0.0030736458519705339 0.39793384532201886 -0.03065219167295169 0.062974899177292057 -0.050829568177855652 -0.089644227801211118 0.068645723346159676 0.022447950489031789 0.1290394608793789 -0.0026012574088368151 0.15055203068395931 0.02641084366025663 0.17925362164282341 -0.013825357369884517 -0.027695150429846237 -5.4772545847728799e-06 -0.0088527508373868052 -0.046906570866088647 0.00077749973570044953 0.021763402370391066 -0.02226304142839361 -0.0086339837197010917 0.067327509914011235 -0.011763945285988982 0.026457193709165817 0.053813037885639618 0.12397831354463799 -0.05177428430429646 0.15222589207706641 0.19085019938545195 0.026790956986837325 -0.02500098227935818 0.099910627848691119 -0.066007077887558871 0.20565025127997932 0.20234650314010913 0.048538485333235834 -0.064314089790593054 -0.12532557047919182
leaf_weight=27 13.999999999999998 33 32 40 11.999999999999998 107 13.999999999999998 11.999999999999998 22 21 19 19 130 40 20 23 100 22 12.999999999999998 19 55 11.999999999999998 14.999999999999998 12.999999999999998 13.999999999999998 22 12.999999999999998 35 19 31 35 17.000000000000004 29 33 38 44 12.999999999999998 12.999999999999998 18 13.999999999999998 26 17 15.999999999999998 13.999999999999998 40 30 11.999999999999998 30 22 12.000000000000002 13.999999999999998 11.999999999999998 249 21 11.999999999999998 44 33 604
leaf_count=27 14 33 32 40 12 107 14 12 22 21 19 19 130 40 20 23 100 22 13 19 55 12 15 13 14 22 13 35 19 31 35 17 29 33 38 44 13 13 18 14 26 17 16 14 40 30 12 30 22 12 14 12 249 21 12 44 33 604
internal_value=-0.00278435 0.0112689 -0.00871322 0.00344549 0.0104154 -0.00525603 0.0232369 -0.00403 -0.0143039 -0.00556352 0.00475753 -0.00840798 -0.00929705 -0.00998585 0.019431 0.00941863 -0.00148517 0.0051245 0.00909992 0.00609164 0.0351486 0.00107075 0.00573306 -0.00489582 0.00191078 -0.00352429 -0.00109503 0.00590417 0.0104045 0.0197728 0.0152388 0.0247501 -0.00491438 0.000440613 -0.00889118 0.00139437 0.00675992 0.0192831 -0.00396884 0.00429877 0.0104778 0.00546586 0.0129743 0.0103498 0.0022711 0.0229348 0.0193849 0.022256 0.029709 0.00104195 0.00925956 0.0322223 -0.0119063 0.0273928 0.0331816 0.0144319 -0.0116514 -0.0151116
internal_weight=2430 721 1709 436 218 1056 285 949 653 808 141 476 457 445 216 56 332 113 109 96 69 91 70 219 81 218 178 67 54 107 76 41 140 78 138 111 67 33 65 32 58 43 38 77 53 160 105 93 55 66 26 29 379 63 33 58 62 631
internal_count=2430 721 1709 436 218 1056 285 949 653 808 141 476 457 445 216 56 332 113 109 96 69 91 70 219 81 218 178 67 54 107 76 41 140 78 138 111 67 33 65 32 58 43 38 77 53 160 105 93 55 66 26 29 379 63 33 58 62 631
is_linear=0
shrinkage=0.0573391


Tree=23
num_leaves=60
num_cat=0
split_feature=14 13 14 5 68 105 14 19 36 76 101 36 36 36 105 105 101 27 5 19 13 105 105 105 5 40 105 0 0 105 28 36 5 19 13 19 0 28 76 28 36 36 76 36 101 19 19 0 105 28 28 13 36 105 40 40 14 5 105
split_gain=39.1885 17.2917 7.89071 11.3081 5.21701 4.49037 3.80234 4.92111 2.66748 2.50676 2.5377 2.44656 2.1371 2.10851 2.78758 2.03284 2.02888 2.00627 1.97434 2.59061 1.95899 1.88931 1.72738 1.68639 1.87291 1.56862 1.46656 1.96624 1.52092 2.24343 1.45083 1.40755 1.40458 4.7165 1.30644 1.25829 1.24097 1.23927 1.60934 1.50074 1.20281 1.7719 1.1049 1.04933 1.0406 1.09256 1.32957 0.895258 0.876899 0.845763 2.15762 0.806321 0.792661 0.784094 0.775336 1.13848 0.710011 0.694483 0.666544
threshold=2.5000000000000004 14.500000000000002 5.5000000000000009 7.3500000000000005 1.0000000180025095e-35 4.0297809603103794 3.5000000000000004 47.500000000000007 18.050000000000004 1819.0000000000002 0.99580663250624679 7.7500000000000009 12.65 9.9500000000000011 3.0815105628957959 3.3637931428032219 1.0656399718665499 -0.24999999999999997 9.5500000000000025 29.500000000000004 14.500000000000002 2.601150275723374 2.7458423467709627 4.1651372264002404 10.850000000000003 1.2500000000000002 3.2927040268158851 74.500000000000014 53.500000000000007 1.7546445949913638 0.25000000000000017 21.050000000000004 4.7500000000000009 11.500000000000002 14.500000000000002 34.500000000000007 69.500000000000014 0.93301270189221952 2093.0000000000005 0.25000000000000017 10.250000000000002 17.950000000000003 1955.5000000000002 17.550000000000004 1.0032405414835717 31.500000000000004 21.500000000000004 37.500000000000007 5.4183165918466463 -0.24999999999999997 -0.9330127018922193 12.500000000000002 15.550000000000002 2.4508945372490003 13.350000000000003 9.9500000000000011 3.5000000000000004 8.0500000000000025 4.1028461182709011
decision_type=2 2 2 2 2 2 2 2 2 2 2 2 2 2 2 2 2 2 2 2 2 2 2 2 2 2 2 2 2 2 2 2 2 2 2 2 2 2 2 2 2 2 2 2 2 2 2 2 2 2 2 2 2 2 2 2 2 2 2
left_child=5 2 3 6 9 20 7 32 13 10 -5 -7 25 14 -4 -12 18 -16 19 40 21 -1 52 42 57 -8 27 28 29 -27 -18 37 -2 -34 48 -17 43 39 -39 47 -11 54 -3 -21 45 46 -15 -23 58 50 -24 -49 -14 -35 55 -42 -44 -25 -13
right_child=1 23 8 4 -6 11 12 -9 -10 16 15 34 22 44 17 35 30 -19 -20 36 -22 31 49 24 -26 26 -28 -29 -30 -31 -32 -33 33 53 -36 -37 -38 38 -40 -41 41 -43 56 -45 -46 -47 -48 51 -50 -51 -52 -53 -54 -55 -56 -57 -58 -59 -60
leaf_value=-0.13930925610017988 -0.067091373811306448 -0.0097088191812817436 -0.11740985241976287 0.15983094201491255 0.41328825287229726 0.061352764239422798 -0.0074452269009523397 0.14023609829791964 0.096295227866191241 0.13439197735006775 0.022607921937720918 0.0084789653791092889 -0.0092267760670811643 -0.020132825466898745 -0.036758379809846295 0.16402329544879959 -0.068684581634510466 0.082045560952475421 0.15445846699184712 0.0252074007477756 -0.16005833654554147 -0.05222345541248706 0.051779613870630195 0.020983503908806933 -0.040379627129744473 -0.0014598215856758904 -0.0063781351416345999 0.045668795297432556 0.065389573871647719 0.11790640359952473 0.025989597529888026 0.078753359526605227 0.012478481513793112 0.0027061402349752234 -0.11210501889847281 0.078569407389149817 0.043212750961857546 -0.016611192026577116 0.054020785144054805 -0.095806879073108225 3.1980415915763495e-05 0.10831000570586927 -0.12398776653001957 -0.032897584682963298 -0.03682426734508612 -0.048796731545645705 0.23519652044635303 -0.054383729020443007 0.10861188457301184 0.10879094747961567 -0.029844499214699526 -0.027056097599282125 0.082569686913465098 -0.022920990636869112 -0.048099090719174661 0.063531300642912361 -0.0478474875207925 0.04343738014450902 -0.036053476813384278
leaf_weight=159 70 58 22 28 36 12.999999999999998 26 12.999999999999998 33 26 24 15.999999999999998 34 57 11.999999999999998 12.999999999999998 12.000000000000002 36 63 20 217 44 13.999999999999998 13.000000000000002 15.999999999999998 11.999999999999998 11.999999999999998 11.999999999999998 21 55 14.999999999999998 12.999999999999998 12.999999999999998 14.999999999999998 32 20 17 14.000000000000002 17 172 15.999999999999998 12.999999999999998 51 14.999999999999998 36 43 22 98 12.999999999999998 14.999999999999998 13.000000000000002 192 11.999999999999998 62 15.999999999999998 21 171 18 58
leaf_count=159 70 58 22 28 36 13 26 13 33 26 24 16 34 57 12 13 12 36 63 20 217 44 14 13 16 12 12 12 21 55 15 13 13 15 32 20 17 14 17 172 16 13 51 15 36 43 22 98 13 15 13 192 12 62 16 21 171 18 58
internal_value=-0.00277137 0.00373427 0.0074286 0.0104031 0.0178475 -0.0110233 0.00377937 -0.00261811 -0.00116421 0.0155118 0.0239458 -0.00112911 0.00867666 -0.00336972 0.00491398 0.0169986 0.0124476 0.0126605 0.0143758 0.0106709 -0.0124337 -0.0109744 0.00169364 -0.00773268 0.00231702 0.0131291 0.0160745 0.0183473 0.0153761 0.0195962 -0.0023344 -0.00938263 -0.00537518 -0.000636696 -0.00370975 0.0262324 0.000440385 -0.00983399 0.00129348 -0.0105158 0.0164527 0.0123352 -0.00941972 -0.00573221 -0.00703996 -0.00451149 -0.000507614 -0.00827447 -6.55181e-05 0.0101007 0.00403305 -0.00711773 -0.00598189 -0.00603098 0.00767998 0.0122403 -0.0112608 0.0105404 -0.00247892
internal_weight=2400 1342 1015 754 355 1058 399 173 261 319 85 132 226 228 70 57 234 48 207 144 926 709 88 327 47 138 112 100 88 67 27 550 160 90 119 33 52 537 31 506 92 66 280 35 158 122 79 334 87 42 27 290 46 77 53 37 222 31 74
internal_count=2400 1342 1015 754 355 1058 399 173 261 319 85 132 226 228 70 57 234 48 207 144 926 709 88 327 47 138 112 100 88 67 27 550 160 90 119 33 52 537 31 506 92 66 280 35 158 122 79 334 87 42 27 290 46 77 53 37 222 31 74
is_linear=0
shrinkage=0.0573391


Tree=24
num_leaves=61
num_cat=0
split_feature=82 7 8 8 10 58 100 9 68 103 19 57 10 9 80 82 103 19 38 7 8 19 13 7 36 38 7 7 36 10 10 36 82 36 36 7 9 10 8 36 13 7 7 8 12 12 80 103 12 12 10 9 9 9 9 7 8 9 36 12
split_gain=48.1632 15.7236 7.31363 7.15849 4.7678 4.80344 3.98472 3.67498 3.23688 2.81896 2.94095 3.78538 2.90699 2.78491 2.73921 2.52732 2.51246 4.32673 2.53014 2.95167 2.32862 2.16841 2.07347 4.47624 1.95961 1.95758 2.34183 1.90343 1.60796 1.75342 2.3767 2.46236 1.60799 1.48378 1.39028 2.0485 1.97253 1.32799 1.66697 1.27184 1.20718 1.18959 1.16773 1.66017 1.20274 1.28487 0.959539 0.95219 1.32916 0.773026 0.772122 0.743545 0.928752 1.78249 1.38812 0.718567 0.709776 0.679769 0.67714 0.647985
threshold=13.043750000000001 5.5500000000000007 68.604166666666671 23.437500000000004 35.943026907518778 -0.66030521387292307 763.68888888888898 50.940476190476197 1.0000000180025095e-35 1.0799758650239182 5.5000000000000009 1.0000000180025095e-35 25.749190687904477 32.723214285714292 21.762500000000003 8.8562500000000011 0.9915907540106067 20.500000000000004 20.050000000000004 13.850000000000003 65.250000000000014 44.500000000000007 12.500000000000002 18.750000000000004 8.9500000000000011 15.65 20.250000000000004 26.200000000000006 17.250000000000004 48.724008197210956 41.906123130677749 10.850000000000003 10.606250000000001 10.450000000000001 8.3500000000000032 8.4500000000000011 42.074404761904766 61.670488010659007 36.479166666666671 18.050000000000004 13.500000000000002 8.6500000000000004 8.9500000000000011 15.312500000000002 3.0541666666666671 2.7818452380952388 16.787500000000005 0.9995172490623494 3.2485119047619051 2.8907738095238096 44.656132061319717 36.672619047619058 41.437500000000007 39.758928571428577 38.080357142857146 7.2500000000000009 57.437500000000007 36.288690476190482 8.9500000000000011 3.6229166666666668
decision_type=2 2 2 2 2 2 2 2 2 2 2 2 2 2 2 2 2 2 2 2 2 2 2 2 2 2 2 2 2 2 2 2 2 2 2 2 2 2 2 2 2 2 2 2 2 2 2 2 2 2 2 2 2 2 2 2 2 2 2 2
left_child=1 20 4 8 6 22 -2 9 42 10 13 12 -12 55 16 -13 17 -7 19 -18 -1 47 23 -6 -21 26 -26 -16 29 30 34 -32 39 -31 41 -36 49 38 -9 -30 -24 -14 59 -44 45 -45 -4 -8 -49 -37 -34 -41 53 54 -53 -5 -11 -33 -20 -3
right_child=2 3 46 7 5 14 21 37 -10 56 11 15 28 -15 27 -17 18 -19 58 24 -22 -23 40 -25 25 -27 -28 -29 32 33 31 57 50 -35 35 36 -38 -39 -40 51 -42 -43 43 44 -46 -47 -48 48 -50 -51 -52 52 -54 -55 -56 -57 -58 -59 -60 -61
leaf_value=-0.11698708834203092 0.099483276186087002 -0.079806375013974667 0.19296760197874821 0.023805117601063942 0.13908905801252433 -0.0047576822038232431 0.014808118512459703 0.035669949429247366 0.027338757901525151 -0.092588978460485874 0.077977316504022884 0.003044446410750001 0.034640072527663095 -0.016065908939679751 0.1970529078822976 0.098092685957811676 -0.029632969351920516 0.16230394082347499 0.033748082764781001 0.10830413815637255 0.20418171922716061 0.13331609711573736 0.19062833823761791 -0.012621023807906206 -0.015972350948831069 0.1351352464393003 0.080511374641722755 0.26035686600322006 0.0062360445973970559 -0.0040657821199979495 -0.075768993918087613 0.012691055467503575 0.0023942328341044522 -0.052408593575314327 -0.042498455262031741 0.03327387510124151 0.03244745223877666 0.23486290568535725 -0.040060676819790045 -0.061208153289453171 0.098863884894386272 -0.0032064461468026941 -0.21337770588252314 -0.046741667890692229 -0.02628203231977877 0.062565272121755861 0.4094411843208936 -0.0021797328411899079 -0.034231665600295023 -0.021046454597486376 0.090887922362933138 0.050965986275603739 -0.040942320013919994 0.022719019051225052 -0.06357945031974381 0.1542788543809285 -0.0096192824287127769 0.044882261656336922 -0.033748726114221743 -0.036099370104799307
leaf_weight=594 17 210 11.999999999999998 12.000000000000002 18 18 21 13.000000000000002 19 51 23 19 12.000000000000002 17 21 13.999999999999998 19 31 14.999999999999998 11.999999999999998 12.999999999999998 14.999999999999998 45 17 28 26 12.999999999999998 13.999999999999998 43 51 15.999999999999998 21 15.999999999999998 115 112 15.999999999999998 13.999999999999998 20 18 13.999999999999998 47 15.999999999999998 35 14.000000000000002 57 13.999999999999998 31 42 36 72 29 11.999999999999998 43 13.999999999999998 24 12.999999999999998 21 15.999999999999998 56 30
leaf_count=594 17 210 12 12 18 18 21 13 19 51 23 19 12 17 21 14 19 31 15 12 13 15 45 17 28 26 13 14 43 51 16 21 16 115 112 16 14 20 18 14 47 16 35 14 57 14 31 42 36 72 29 12 43 14 24 13 21 16 56 30
internal_value=-0.00275425 -0.00716812 0.0120887 -0.00350605 0.0101773 0.0134292 0.000743812 -0.000660307 -0.0100909 -0.00158268 -0.000547488 -0.00141732 -0.0023391 0.0141959 0.00886121 0.0175458 0.00647009 0.0179015 0.00315506 0.00912668 -0.0147455 -0.00311802 0.0225282 0.0106463 0.0140069 0.0101829 0.00237639 0.0237507 -0.0030417 -0.00488801 -0.00223511 0.00876176 0.00132301 -0.00960211 -0.00464377 -0.00621591 -0.000336945 0.0142766 0.00684161 -0.00152877 0.0270474 0.00736977 -0.0113083 -0.00668903 -0.0023605 0.00736977 0.034799 -0.00619663 -0.00911449 -0.00351797 0.0108289 -0.00487598 -0.00302058 0.00229268 -0.00445821 0.0263699 -0.0124222 0.0168888 -0.00508704 -0.0136176
internal_weight=2417 1863 554 1256 511 380 131 877 379 826 754 712 679 42 253 33 218 49 169 98 607 114 127 35 79 67 41 35 656 461 295 53 195 166 242 214 102 51 31 150 92 28 360 120 85 28 43 99 78 88 45 107 93 50 36 25 72 37 71 240
internal_count=2417 1863 554 1256 511 380 131 877 379 826 754 712 679 42 253 33 218 49 169 98 607 114 127 35 79 67 41 35 656 461 295 53 195 166 242 214 102 51 31 150 92 28 360 120 85 28 43 99 78 88 45 107 93 50 36 25 72 37 71 240
is_linear=0
shrinkage=0.0573391


Tree=25
num_leaves=62
num_cat=0
split_feature=80 80 8 14 103 4 8 15 14 8 8 104 11 13 11 104 53 78 8 11 19 19 79 19 104 11 19 105 80 13 13 19 9 104 78 78 19 104 19 78 78 105 104 105 78 78 0 4 19 9 4 78 0 78 79 78 9 11 9 79 105
split_gain=33.608 8.95677 8.45137 10.2307 4.96307 3.97856 3.25291 3.11595 3.55136 4.52645 3.03845 3.91716 2.43097 2.3566 2.04518 3.2997 2.50576 1.91722 2.27652 1.87215 1.73698 3.86071 1.51659 1.45033 1.529 1.44867 2.01805 1.39493 1.37675 1.29058 3.68573 1.82418 1.16929 1.41505 1.29555 1.15639 1.14976 1.12745 1.12 1.09486 1.15591 1.0739 1.26078 1.65476 1.41018 1.18466 0.999017 0.941912 0.925998 2.4186 0.923744 0.899357 0.896775 1.44672 0.865271 0.812182 0.799347 0.781819 0.768794 0.706857 0.646172
threshold=11.437500000000002 6.0125000000000011 50.854166666666679 5.5000000000000009 1.1069633816268931 12.450000000000001 65.687500000000014 11.500000000000002 1.5000000000000002 34.354166666666679 26.437500000000004 24.371981122973093 4.6187500000000012 14.500000000000002 1.7145833333333338 27.850414152298011 2635.0000000000005 1560.7500000000002 70.041666666666671 4.8791666666666673 51.500000000000007 46.500000000000007 70.375000000000014 4.5000000000000009 38.134626718052829 4.7604166666666679 28.500000000000004 3.49961169553869 7.8875000000000011 13.500000000000002 12.500000000000002 29.500000000000004 40.318452380952387 61.570382858019805 1258.4500000000003 1860.5000000000002 25.500000000000004 28.053282741275329 11.500000000000002 1250.8500000000001 1004.2000000000002 3.9784118899338465 37.253973835508567 3.1818710466802598 1230.6000000000001 1066.0000000000002 97.500000000000014 12.350000000000003 20.500000000000004 36.125000000000007 5.3500000000000005 1132.5500000000004 55.500000000000007 1491.0000000000002 79.375000000000014 1496.7000000000003 39.824404761904766 3.1708333333333338 49.711309523809526 103.87500000000001 2.2179094891154549
decision_type=2 2 2 2 2 2 2 2 2 2 2 2 2 2 2 2 2 2 2 2 2 2 2 2 2 2 2 2 2 2 2 2 2 2 2 2 2 2 2 2 2 2 2 2 2 2 2 2 2 2 2 2 2 2 2 2 2 2 2 2 2
left_child=1 12 10 5 7 27 48 8 9 -3 54 -12 47 14 38 50 17 18 41 57 21 23 -5 -13 29 26 36 -4 -21 30 37 52 -9 34 -34 -19 -11 -25 -10 40 -32 42 43 -17 45 -45 -14 58 49 -7 -16 59 53 -31 -2 -41 -29 -15 -1 -50 -52
right_child=2 4 3 22 -6 6 -8 32 13 25 11 20 46 19 15 16 -18 35 -20 28 -22 -23 -24 24 -26 -27 -28 56 -30 31 39 -33 33 -35 -36 -37 -38 -39 -40 55 -42 -43 -44 44 -46 -47 -48 -49 51 -51 60 -53 -54 -55 -56 -57 -58 -59 -60 -61 -62
leaf_value=-0.11202465800126342 -0.029449301842113494 -0.061303169872091591 0.062071080298119301 0.12206049320366553 -0.13667041656934195 0.16705830232954544 0.38476646625287109 0.14946438209644616 0.0049059160406963228 0.0030825968077642886 0.11683821319600889 -0.11208492075307815 0.044356179748926174 -0.092322262834678884 0.031405174046535776 -0.013879958876171552 0.047979957423603913 0.090046674877153329 0.084617437558879752 -0.044510327487491085 -0.05936260256804942 0.21453882126620902 -0.0095647735680603838 -0.028354619870821409 0.090516516154200602 -0.065418077205969954 -0.0077067365567779688 -0.0023023155228009589 0.0093142591706488042 -0.0050243420848757533 0.10409422977798241 -0.015852029291914989 -0.048528353494289002 0.13874148300752642 0.022991951166128927 0.004015445217995261 0.041192651402293355 6.3524066607428351e-05 -0.099070580775235492 -0.00017736751192431966 0.1054179166311609 0.0074399492097189284 -0.065623078652978062 0.0043857824761241188 -0.030368468962594732 0.044690758838467515 -0.053373021621458829 0.0030776005923741148 0.18189704752960204 -0.017033158967741161 0.0040400575554381769 0.21329412446650395 -0.011567787962907656 0.086166020545846392 0.021528897595666202 0.066508148745796317 0.045899474890563924 -0.041151533657643041 -0.043629748500373225 0.023502897513806145 0.014644136284614476
leaf_weight=556 60 212 12.999999999999998 15.999999999999998 91 27 42 20 18 12 27 22 19 41 12.999999999999998 121 23 12.000000000000002 22 19 13.999999999999998 11.999999999999998 76 15.999999999999998 19 23 31 18.000000000000004 23 22 12.999999999999998 43 11.999999999999998 11.999999999999998 28 14.999999999999998 13 64 36 26 34 11.999999999999998 59 12.000000000000002 12.999999999999998 12.999999999999998 24 11.999999999999998 17 15.999999999999998 21 35 30 11.999999999999998 12.999999999999998 14.999999999999998 11.999999999999998 90 21 14.999999999999998 40
leaf_count=556 60 212 13 16 91 27 42 20 18 12 27 22 19 41 13 121 23 12 22 19 14 12 76 16 19 23 31 18 23 22 13 43 12 12 28 15 13 64 36 26 34 12 59 12 13 13 24 12 17 16 21 35 30 12 13 15 12 90 21 15 40
internal_value=-0.00318707 -0.0076282 0.00710241 0.014764 -0.00439938 0.0221998 0.026556 -0.00319337 -0.00411758 -0.00931981 0.00212742 0.00424202 -0.0130282 -0.00160695 0.000666648 0.00216535 -0.00049353 -0.00199336 -0.00354937 -0.00725815 0.0025818 0.00342621 -0.000996788 0.00221359 0.00327635 0.00239461 0.00737097 0.00679918 0.00327537 0.00218915 0.005324 -0.00273256 0.00828133 0.00374812 -0.00143248 0.0125263 0.0194904 -0.00358307 -0.00976744 0.0134215 0.0193951 -0.00523506 -0.00615447 -0.00349774 0.00693934 0.0149041 0.000132551 -0.013989 0.0213707 0.0147991 0.0130163 0.0255864 0.00340374 0.00977908 -0.0085606 0.00657147 0 -0.0106356 -0.0143197 0.0186315 0.0100565
internal_weight=2418 1689 729 287 1057 195 152 966 894 291 442 369 632 603 430 376 302 279 252 173 342 328 92 316 294 79 56 43 42 275 168 107 72 52 40 27 25 80 54 88 47 230 218 159 38 25 43 589 110 43 74 67 64 34 73 41 30 131 577 32 61
internal_count=2418 1689 729 287 1057 195 152 966 894 291 442 369 632 603 430 376 302 279 252 173 342 328 92 316 294 79 56 43 42 275 168 107 72 52 40 27 25 80 54 88 47 230 218 159 38 25 43 589 110 43 74 67 64 34 73 41 30 131 577 32 61
is_linear=0
shrinkage=0.0573391


Tree=26
num_leaves=55
num_cat=0
split_feature=82 7 82 11 11 12 68 68 98 13 11 5 9 82 11 11 5 25 82 9 12 27 7 19 77 9 82 19 11 11 77 53 27 77 7 7 9 12 7 82 12 9 12 19 25 13 12 12 12 77 77 19 19 9
split_gain=40.0067 10.3098 7.71084 4.32964 4.17682 3.79821 3.49795 2.77443 2.16024 2.07489 2.20951 2.96753 2.79223 2.0333 1.97192 1.82573 1.79428 1.74031 1.93909 2.32285 1.61347 1.5814 1.46177 1.67722 1.39945 1.39114 1.35045 1.31617 1.46663 1.62667 1.27488 1.22881 1.17405 1.1623 1.1304 1.10837 1.07508 1.04072 0.899823 1.22848 0.856982 1.53467 1.39028 0.814404 0.777368 0.739502 0.700022 0.708552 1.24911 0.679806 1.26345 0.679459 0.704493 0.636938
threshold=12.943750000000003 5.7500000000000009 19.800000000000004 5.6187500000000012 3.1020833333333337 3.6229166666666668 1.0000000180025095e-35 1.0000000180025095e-35 1.0000000180025095e-35 14.500000000000002 1.6354166666666672 9.1500000000000004 33.684523809523817 18.168750000000006 6.1437500000000007 3.5958333333333337 6.7500000000000009 0.6078576107927941 7.6125000000000016 53.416666666666679 3.9476190476190482 0.93301270189221952 4.8500000000000005 48.500000000000007 2227.5000000000005 32.988095238095248 18.681250000000002 11.500000000000002 5.1645833333333346 4.0354166666666673 1826.5000000000002 1499.0000000000002 0.68301270189221941 2433.5000000000005 26.350000000000005 6.7500000000000009 44.684523809523817 3.4782738095238099 19.350000000000005 14.075000000000001 2.9244047619047624 35.145833333333343 3.3598214285714292 27.500000000000004 0.6078576107927941 13.500000000000002 3.6755952380952386 3.4669642857142864 3.4223214285714287 1607.5000000000002 1943.5000000000002 24.500000000000004 17.500000000000004 36.883928571428577
decision_type=2 2 2 2 2 2 2 2 2 2 2 2 2 2 2 2 2 2 2 2 2 2 2 2 2 2 2 2 2 2 2 2 2 2 2 2 2 2 2 2 2 2 2 2 2 2 2 2 2 2 2 2 2 2
left_child=1 14 6 5 7 24 8 9 13 10 -3 12 25 21 22 53 -14 18 32 27 -8 49 -1 43 -4 44 -15 28 29 -20 -19 45 -6 -28 -7 -9 -13 -23 39 -17 -29 -42 -43 51 -12 -18 47 48 -44 -2 -51 52 -24 -10
right_child=2 4 3 -5 17 34 20 35 15 -11 11 36 16 26 -16 38 31 30 19 -21 -22 37 23 -25 -26 -27 33 40 -30 -31 -32 -33 -34 -35 -36 -37 -38 -39 -40 -41 41 42 46 -45 -46 -47 -48 -49 -50 50 -52 -53 -54 -55
leaf_value=-0.12263895912366912 0.017771654732153454 -0.10850306250799485 0.081689117506520692 0.36339457845011919 -0.052457864537499503 0.071978932425127581 0.070818544616585599 -0.0045299172955727447 -0.054683776057220641 -0.10253274496818995 0.0099699267013289884 -0.045921224036247786 -0.027468406374369661 0.10611749530944707 0.19553448297117429 0.023772485666112248 -0.0075230061227962719 -0.0056986533120113401 0.018601989905583635 0.21696912403589974 0.31490761365432479 0.15252085944247804 -0.042049315195345535 0.041763748947201973 0.15906522850755675 0.041602445516658898 -0.018821095972703206 0.038328884627000119 0.056483013687633803 -0.049766538455112655 0.066006879631896428 0.017851754098813552 0.0046344133712127094 0.065265883429862906 -0.037033179672848367 0.058843659171510569 0.001995511507204251 0.0065345250069376 0.13176624920377872 0.10685526380915628 -0.037568947851618635 0.078258070892690559 -0.039858923761042289 -0.082849884043226102 -0.061374459356602296 -0.038742334200786051 0.0028001536844317275 -0.020804235234035857 0.036712792399814224 -0.037978831037827794 -0.00044201622891348272 0.0023193398483744446 -0.08472843430732252 0.016704451665253615
leaf_weight=414 11.999999999999998 99 18 33 79 15.000000000000002 12.000000000000002 12.000000000000002 13.000000000000002 67 55 171 65 23 12.999999999999998 13.999999999999998 46 11.999999999999998 17 11.999999999999998 13.999999999999998 12.000000000000002 73 11.999999999999998 70 13.999999999999998 19 27 35 24 23 43 34 24 13.999999999999998 17 21 11.999999999999998 12.999999999999998 36 65 12.999999999999998 18.000000000000004 80 23 27 119 56 11.999999999999998 30 151 12.999999999999998 26 18
leaf_count=414 12 99 18 33 79 15 12 12 13 67 55 171 65 23 13 14 46 12 17 12 14 12 73 12 70 14 19 27 35 24 23 43 34 24 14 17 21 12 13 36 65 13 18 80 23 27 119 56 12 30 151 13 26 18
internal_value=-0.00283095 -0.00690126 0.01069 0.021788 -0.00379404 0.0166127 0.00655898 -0.00686322 0.00515581 -0.00766025 -0.00652679 -0.00487062 -0.00102902 0.00265405 -0.0128398 0.0126868 -0.00516337 -8.39518e-05 -0.000931266 0.000950754 0.0268993 -2.62688e-05 -0.0133047 -0.00933129 0.0225431 0.00710435 0.0114665 0.000178166 0.00694019 -0.000418689 0.0122844 -0.000889421 -0.00756004 0.00546586 -0.00138267 0.0104764 -0.0103326 0.0138529 0.0182921 0.0217862 -0.00147959 -0.00241092 -0.000105054 -0.0106312 0.00411598 -0.00541893 -0.00125847 -0.00519986 0.00190989 -0.00175264 -0.00262911 -0.00747396 -0.00909242 0.00129348
internal_weight=2390 1837 553 150 1206 117 403 660 377 631 564 465 273 283 631 94 181 546 511 398 26 217 618 204 88 92 66 386 76 41 35 116 113 43 29 29 192 24 63 50 310 283 218 192 78 73 205 86 30 193 181 112 99 31
internal_count=2390 1837 553 150 1206 117 403 660 377 631 564 465 273 283 631 94 181 546 511 398 26 217 618 204 88 92 66 386 76 41 35 116 113 43 29 29 192 24 63 50 310 283 218 192 78 73 205 86 30 193 181 112 99 31
is_linear=0
shrinkage=0.0573391


Tree=27
num_leaves=62
num_cat=0
split_feature=6 6 8 9 8 6 8 9 103 13 103 67 103 12 9 11 103 12 103 10 13 11 3 79 79 2 38 38 8 8 13 2 10 38 38 10 2 79 11 11 2 11 3 3 3 10 8 11 11 3 12 11 11 3 3 3 3 38 38 38 11
split_gain=31.3605 9.57797 6.49432 4.78225 4.76318 4.89489 3.93341 4.06803 2.54783 2.51535 2.09957 1.89278 4.29171 3.00193 2.48192 2.40643 1.98872 3.15645 3.29566 1.79856 1.72247 2.47148 1.69565 1.69533 1.67692 1.66243 1.60144 1.56448 1.53353 1.47089 1.45815 1.96378 1.69276 1.37768 1.60729 1.36056 1.61793 1.35235 1.34872 1.3346 1.28965 1.27023 1.24069 1.19932 1.62047 1.49531 1.11981 1.11727 1.02491 0.998891 0.997911 0.750697 0.744005 0.718628 0.709204 0.720072 0.810564 0.660857 0.663054 1.10128 0.633684
threshold=8.7500000000000018 18.950000000000003 60.770833333333336 37.720238095238102 71.312500000000014 5.0500000000000007 26.812500000000004 28.767857142857149 0.90241401717669756 13.500000000000002 0.86334436801085768 1.0000000180025095e-35 0.96555313516073615 3.4782738095238099 50.940476190476197 5.3937500000000007 0.98732940508263767 2.9244047619047624 0.99590122810377746 75.777844199588273 14.500000000000002 5.2187500000000009 49.500000000000007 83.375000000000014 34.125000000000007 1.0000000180025095e-35 18.750000000000004 14.750000000000002 16.687500000000004 36.895833333333336 12.500000000000002 54.500000000000007 31.265442900920736 15.15 21.050000000000004 25.372424973575811 80.500000000000014 42.125000000000007 3.9562500000000007 4.8520833333333346 30.500000000000004 2.8479166666666673 116.50000000000001 65.500000000000014 56.500000000000007 24.266261310497239 68.604166666666671 4.3562500000000011 2.9812500000000002 103.50000000000001 2.8223214285714291 2.2562500000000005 3.6229166666666672 55.500000000000007 75.500000000000014 72.500000000000014 68.500000000000014 13.65 16.850000000000005 26.250000000000004 2.8645833333333344
decision_type=2 2 2 2 2 2 2 2 2 2 2 2 2 2 2 2 2 2 2 2 2 2 2 2 2 2 2 2 2 2 2 2 2 2 2 2 2 2 2 2 2 2 2 2 2 2 2 2 2 2 2 2 2 2 2 2 2 2 2 2 2
left_child=4 6 3 9 5 25 24 8 -8 23 -9 14 -13 38 16 -16 29 50 -19 -6 22 60 40 -3 -2 -1 -10 -5 -26 -12 53 41 -33 39 47 36 57 -20 -14 -15 -7 43 54 44 -32 -45 -4 -35 -34 -29 -18 -27 -36 -24 55 56 -39 -30 -59 -60 -22
right_child=1 2 46 27 19 20 7 10 26 -11 11 12 13 33 15 -17 17 18 37 -21 21 -23 30 -25 28 51 -28 49 35 -31 31 32 48 34 52 -37 -38 42 -40 -41 -42 -43 -44 45 -46 -47 -48 -49 -50 -51 -52 -53 -54 -55 -56 -57 -58 58 59 -61 -62
leaf_value=0.045781429383756851 0.021340616432864123 0.011795526500355872 0.25730483076995408 -0.075660962853980038 0.39637810776461729 -0.010805123583493857 -0.0005565607173770885 0.12800551773061938 0.14663053833645673 -0.0015694771484838273 0.0086188746615968922 0.074065747066906842 0.0061221209450900921 -0.025493066114927444 0.0035666743909407946 0.21019536567122254 0.029288722302362721 0.1069266290566263 0.1036200509479792 0.024611865236006187 -0.11087097138530022 0.022097531137817927 0.0072850987454246251 0.14364623643557914 -0.10260822565875441 -0.14618321309882867 0.037481611767424372 0.081664059776504691 -0.03395429056255149 -0.039120234680141121 0.029505961394811268 -0.088302378521992533 0.036850472151126107 0.047755622682563177 -0.038252545998922208 -0.044203804960157973 -0.038396482604428184 -0.0032264573617584863 0.2997579458570554 -0.00025888116783232538 -0.032400809274793385 0.070610862993789672 0.040146048728988942 0.020940850161475819 -0.049968396728196598 -0.013652329645556922 0.36048274973750299 0.0083506126843896841 -0.0046484717855358702 -0.013807579208691292 0.079555824766655667 -0.086877568978943137 0.0089772228051491314 -0.040839807028042671 -0.0182243969793544 0.031272993782797971 -0.036698841611925673 0.022914223629686745 -0.0046435378649181099 0.041936417505689876 -0.045802514713640989
leaf_weight=11.999999999999998 12.999999999999998 13.999999999999998 28 25 12.000000000000002 65 14.999999999999998 11.999999999999998 27 19 25 20 12.000000000000002 24 20 11.999999999999998 14.000000000000002 17 11.999999999999998 18 83 13.999999999999998 17 46 42 298 12.999999999999998 35 11.999999999999998 48 15.999999999999998 39 11.999999999999998 31 21 52 13.999999999999998 120 14.999999999999998 28 230 31 33 16.000000000000004 18 12.999999999999998 27 22 40 23 14.999999999999998 157 19 86 123 11.999999999999998 19 17 20 11.999999999999998 91
leaf_count=12 13 14 28 25 12 65 15 12 27 19 25 20 12 24 20 12 14 17 12 18 83 14 17 46 42 298 13 35 12 48 16 39 12 31 21 52 14 120 15 28 230 31 33 16 18 13 27 22 40 23 15 157 19 86 123 12 19 17 20 12 91
internal_value=-0.00301052 0.00394456 0.0147703 0.00898975 -0.00919771 -0.00974481 0.00136577 0.00324836 0.0182421 0.0190873 0.00202467 0.00159365 0.00639059 0.00346673 -0.00036592 0.0150483 -0.0014923 0.000235544 -0.00133097 0.013376 -0.00693862 -0.0117114 -0.00539942 0.0248445 -0.00617464 -0.0143775 0.0257988 -0.000621311 -0.00770136 -0.0101314 -0.00226952 0.000774651 -0.0052292 0.000197482 0.00437693 -0.00455961 0.000381789 -0.00264213 0.0210196 -0.00727637 -0.00845485 0.00658722 -0.00338042 0.00191063 -0.00539491 0.0104764 0.0317939 0.0109253 0.00154296 0.00454665 0.018384 -0.0149331 -0.00429911 -0.00773733 -0.00464552 -0.00201228 -0.00317599 0.00441705 0.0073708 0.00250718 -0.0135763
internal_weight=2396 1128 217 162 1268 1238 911 729 55 79 674 662 192 172 470 32 438 365 336 30 771 188 583 60 182 467 40 83 169 73 288 185 91 145 93 127 75 319 27 52 295 94 307 63 34 29 55 53 52 58 29 455 40 103 274 151 139 61 49 32 174
internal_count=2396 1128 217 162 1268 1238 911 729 55 79 674 662 192 172 470 32 438 365 336 30 771 188 583 60 182 467 40 83 169 73 288 185 91 145 93 127 75 319 27 52 295 94 307 63 34 29 55 53 52 58 29 455 40 103 274 151 139 61 49 32 174
is_linear=0
shrinkage=0.0573391


Tree=28
num_leaves=66
num_cat=0
split_feature=82 82 8 10 9 30 8 18 8 8 14 18 38 76 58 5 40 81 9 77 14 8 76 77 30 9 9 40 9 10 53 81 40 10 9 53 10 77 1 19 76 9 1 38 76 58 10 10 38 9 19 40 40 40 77 9 9 1 8 76 10 58 40 40 1
split_gain=35.6104 7.53029 5.64627 4.71724 4.43835 4.07074 2.85933 2.84789 3.30641 2.38593 2.32913 2.04766 2.33266 2.64933 2.54309 3.13998 2.87413 2.42499 2.04556 1.97791 2.06981 3.19308 2.6227 1.94166 1.89338 1.68683 1.62141 2.64435 2.60309 1.99919 1.81672 1.79846 2.07055 1.68118 2.91132 1.86013 1.67215 1.53618 1.40579 1.31266 1.23892 1.35816 1.26725 1.14846 1.12073 2.07191 1.08491 1.6742 1.03763 0.995605 2.76934 0.978244 0.977873 0.92868 0.906518 0.849348 0.82084 0.742495 0.740753 0.730951 0.705617 0.70529 0.67478 0.643522 0.640279
threshold=10.968750000000002 18.318750000000005 21.520833333333339 53.988994928389793 38.235119047619058 1.0000000180025095e-35 38.062500000000007 1.0000000180025095e-35 51.062500000000007 73.625000000000014 2.5000000000000004 1.0000000180025095e-35 34.95000000000001 1561.0000000000002 -0.66030521387292307 7.4500000000000011 10.850000000000003 61.312500000000007 42.145833333333343 1655.5000000000002 1.0000000180025095e-35 34.354166666666679 1911.0000000000002 2334.5000000000005 1.0000000180025095e-35 34.008928571428577 32.889880952380956 6.1500000000000012 30.294642857142861 49.396337168377315 2842.0000000000005 75.937500000000014 17.250000000000004 30.44576665410786 36.184523809523817 1499.0000000000002 24.266261310497239 2076.5000000000005 97.500000000000014 47.500000000000007 1970.5000000000002 30.514880952380956 69.500000000000014 12.15 2700.0000000000005 -1.3101727395499725 61.670488010659007 33.735410096612974 18.850000000000005 30.913690476190478 11.500000000000002 10.750000000000002 13.950000000000001 14.15 2187.5000000000005 35.812500000000007 51.663690476190482 57.500000000000007 47.750000000000007 2317.5000000000005 39.136767736314916 -1.1190660308228348 6.5500000000000007 4.2500000000000009 34.500000000000007
decision_type=2 2 2 2 2 2 2 2 2 2 2 2 2 2 2 2 2 2 2 2 2 2 2 2 2 2 2 2 2 2 2 2 2 2 2 2 2 2 2 2 2 2 2 2 2 2 2 2 2 2 2 2 2 2 2 2 2 2 2 2 2 2 2 2 2
left_child=2 9 10 4 6 7 -3 56 51 11 39 18 13 52 15 16 44 25 38 63 21 -21 -23 37 -12 -16 27 28 -22 -29 31 32 33 36 -35 46 -28 -8 -2 -1 57 -42 43 -43 45 -15 47 -36 -11 -26 -51 -9 -13 -6 -5 -38 -4 -19 -25 -17 -24 -47 -62 -7 -45
right_child=1 3 5 54 53 19 23 8 -10 48 24 12 -14 14 17 59 -18 40 -20 20 26 22 60 58 49 -27 30 29 -30 -31 -32 -33 -34 34 35 -37 55 -39 -40 -41 41 42 -44 64 -46 61 -48 -49 -50 50 -52 -53 -54 -55 -56 -57 -58 -59 -60 -61 62 -63 -64 -65 -66
leaf_value=-0.10871234542807956 -0.037975929736456263 -0.0076315367691899344 -0.089772989629678557 0.15615637303321575 -0.025337816130631314 0.0088541171973597413 0.10141209185575838 -0.0030974987424126606 0.052509580004813317 0.20897576445303873 -0.10945677662004784 0.10747283549555856 -0.065925011147457496 0.027013350268853431 0.089354562468433721 0.042923249364751538 -0.013025710001168523 -0.026236805796732102 0.087920544723884983 -0.067940493706224306 0.0089189934040870677 0.027949609719450177 0.0082074550304638023 0.054186571504621348 -0.023956973223684983 -0.015739789548146164 0.043129306954140675 0.016153558342272539 0.070187112635925461 -0.077278945168159294 0.022276562410634887 -0.05048299794000554 -0.038964559783096389 -0.027118696344201811 0.043514349725849118 0.086991797440928054 -0.0022356732453338492 0.0077564107992957225 0.016850106642205903 -0.0071399380027388597 -0.019463410581383261 -0.016515564553661325 -0.0076459614213312283 -0.001766675409595696 0.046954205547768295 -0.016913215284349484 0.27050753231394481 -0.010550900887255665 0.040991213587987019 0.024708335564085211 -0.030917848797520891 -0.043205245484078537 0.20696631728801013 0.044380418722300717 0.35619070601670122 -0.036057204781168237 -0.0289614210957451 -0.00016032006902302602 0.17890448783299009 0.1725751711213904 0.0077930539423090237 0.032812523322419261 -0.055899434356882056 -0.048984886577660237 0.062609252626384282
leaf_weight=411 122 22 263 19 26 11.999999999999998 14.999999999999998 36 15.999999999999998 13.000000000000002 44 15.000000000000002 14.999999999999998 18 15.000000000000002 20 15.999999999999998 26 28 92 15.999999999999998 13.999999999999998 12.999999999999998 33 47 12.999999999999998 21 25 24 25 19 31 39 29 20 15.999999999999998 22 22 20 27 23 12.999999999999998 21 15.999999999999998 25 17.999999999999996 12.999999999999998 34 17 12.999999999999998 35 39 11.999999999999998 23 29 49 18 13.999999999999998 33 17 27 21.000000000000004 45 82 42
leaf_count=411 122 22 263 19 26 12 15 36 16 13 44 15 15 18 15 20 16 26 28 92 16 14 13 33 47 13 21 25 24 25 19 31 39 29 20 16 22 22 20 27 23 13 21 16 25 18 13 34 17 13 35 39 12 23 29 49 18 14 33 17 27 21 45 82 42
internal_value=-0.00312387 0.00692167 -0.00798204 0.0158582 0.0114673 -0.00545819 0.0172008 -0.0102653 -0.00144879 0.00337882 -0.012531 0.00248822 0.00493738 0.00589994 0.0044355 0.0104054 0.00503122 3.11478e-05 -0.00269804 -0.00278105 -0.00151832 -0.00639403 0.000752563 0.0212086 -0.00606348 0.0155597 0.000913135 0.00764445 0.0186323 -0.00114601 -0.00115448 -0.00234363 -0.000684143 0.00163003 0.0063477 0.0118122 -0.00411289 0.0106907 -0.00549122 -0.0145833 -0.00277418 0.000248998 0.00336502 0.00702514 0.00936912 0.00492817 0.00761567 0.00403401 0.019109 -0.0015085 0.00429933 -0.00649759 0.0231429 -0.00315852 0.0317717 -0.0083172 -0.0131203 -0.0114657 0.0271034 0.0246364 -0.00303504 -0.00249825 -0.00525529 -0.010491 0.0104778
internal_weight=2399 782 1617 222 174 1040 125 372 91 560 577 530 360 345 318 135 98 183 170 668 574 191 99 103 139 28 383 90 40 50 293 274 243 204 112 83 92 37 142 438 155 115 92 71 82 57 67 54 30 95 48 75 27 49 48 71 281 40 66 37 85 39 72 94 58
internal_count=2399 782 1617 222 174 1040 125 372 91 560 577 530 360 345 318 135 98 183 170 668 574 191 99 103 139 28 383 90 40 50 293 274 243 204 112 83 92 37 142 438 155 115 92 71 82 57 67 54 30 95 48 75 27 49 48 71 281 40 66 37 85 39 72 94 58
is_linear=0
shrinkage=0.0573391


Tree=29
num_leaves=76
num_cat=0
split_feature=18 10 30 8 30 9 8 10 102 84 103 48 41 10 25 103 25 9 102 9 19 22 102 8 102 102 9 25 36 9 10 19 19 78 36 102 36 78 76 80 36 41 103 76 80 103 19 102 36 19 19 19 8 36 36 36 8 25 80 36 8 102 102 102 36 8 78 10 76 41 36 36 76 80 78
split_gain=29.1388 11.0365 9.67946 6.54592 5.26205 3.65938 3.65317 2.71023 2.36237 2.45972 2.31441 2.22017 4.18814 2.21068 3.28675 2.65687 2.45327 3.79988 2.76535 2.90807 3.01392 2.73857 2.42722 2.2959 2.13133 2.11214 2.10529 2.08497 2.03342 1.90478 1.75587 2.81268 1.93465 1.73918 2.89669 1.67638 1.83022 1.65825 2.52729 1.84564 1.6338 2.84812 1.60484 1.56819 1.47309 1.40165 1.67595 1.50999 1.35678 1.85682 1.31175 1.28141 1.27552 1.26519 1.2619 1.25091 1.17804 1.15096 1.14122 1.10132 2.39848 1.09364 1.07255 1.81842 1.02193 1.25091 0.939682 0.904276 0.874362 0.859312 0.832766 0.80037 0.79014 0.773214 0.709232
threshold=1.0000000180025095e-35 53.541029267146008 1.0000000180025095e-35 16.270833333333339 1.0000000180025095e-35 38.898809523809533 42.020833333333336 41.906123130677749 85.304444444444457 2.5000000000000004 1.0548750357460306 95552.000000000015 61.750000000000007 31.955314238093703 1.0000000180025095e-35 0.86740334102739192 1.0000000180025095e-35 37.770833333333343 71.175555555555562 53.764880952380956 43.500000000000007 1.0000000180025095e-35 67.603140096618361 34.854166666666679 87.346666666666678 81.493888888888904 45.517857142857146 0.6078576107927941 10.350000000000003 39.389880952380956 49.067241633320869 13.500000000000002 35.500000000000007 1181.8000000000004 9.4500000000000011 77.142777777777795 13.65 1276.1000000000001 2102.5000000000005 21.000000000000004 12.050000000000002 35.100000000000001 1.0432791935463086 1584.5000000000002 12.262500000000001 1.0390269674223138 45.500000000000007 76.957222222222242 13.250000000000002 8.5000000000000018 26.500000000000004 11.500000000000002 21.979166666666668 15.65 14.450000000000001 8.2500000000000018 46.604166666666679 0.6078576107927941 18.750000000000004 17.750000000000004 55.604166666666679 81.390000000000029 84.800555555555562 80.708333333333343 15.050000000000002 25.145833333333339 1097.5500000000002 36.160408687341366 2329.5000000000005 34.750000000000007 12.950000000000001 17.450000000000003 2312.5000000000005 8.9375000000000018 2483.0500000000006
decision_type=2 2 2 2 2 2 2 2 2 2 2 2 2 2 2 2 2 2 2 2 2 2 2 2 2 2 2 2 2 2 2 2 2 2 2 2 2 2 2 2 2 2 2 2 2 2 2 2 2 2 2 2 2 2 2 2 2 2 2 2 2 2 2 2 2 2 2 2 2 2 2 2 2 2 2
left_child=2 4 67 74 44 35 8 66 9 11 37 12 28 14 -5 -16 18 24 22 20 21 26 55 -23 -18 -19 59 45 69 -27 31 -25 62 -29 52 -3 -37 38 43 50 41 -13 57 -9 48 46 47 70 49 73 51 -39 -35 -42 -49 -15 -50 -31 -7 -20 -61 -51 63 -32 -36 -66 -8 -1 -55 -6 -17 -45 -10 -2 -4
right_child=1 5 3 13 6 58 7 10 72 -11 -12 40 -14 16 15 27 17 25 19 -21 -22 23 -24 30 -26 29 -28 33 -30 42 32 -33 -34 34 64 36 -38 39 -40 -41 53 -43 -44 71 -46 -47 -48 54 56 61 -52 -53 -54 68 -56 -57 -58 -59 -60 60 -62 -63 -64 -65 65 -67 -68 -69 -70 -71 -72 -73 -74 -75 -76
leaf_value=-0.10968287859351995 -0.007982408718070523 0.18090314760264667 -0.09899822085658537 -0.10925493018888915 -0.00097777331367988386 0.081231177319113876 0.048152058660706577 0.11425646008003824 -0.012890782890782378 0.099623321962262576 -0.025481123835720626 0.13099309724420335 -0.029092017593590886 0.029803422856043909 0.026165613875075142 -0.0017389238073612498 0.1308684165791672 0.066992424667923822 -0.045760950977334951 0.16493496304245853 -0.060134115747138922 -0.11146865220089147 0.30063162073877581 0.0081867922398203268 0.054621381440644788 -0.036874448534426646 0.00907593135470669 -0.038381645615922909 0.10877867948617155 0.11796732082959149 -0.010584345316427771 0.047478270581984623 0.093259470263481289 0.0044156701926738777 -0.032102859296801303 0.13730062700500409 -0.018675149440302394 0.054105916052135584 0.14002671110063483 0.11410718794429461 -0.019943096909234702 -0.014589884561124795 -0.088737112279217489 0.0037872867602581212 -0.06423215100926187 0.034235021366868103 0.091116481858792314 -0.038799770509243145 -0.060341910410254149 0.014851319997182474 0.07253931938312444 -0.027041018547145908 0.057246131344551435 0.10190760288943156 -0.0039989742427598831 -0.070339600457069246 0.0060498823146260296 0.0002444054417003034 0.37769457990413063 -0.083103292389472436 0.072457552443032341 -0.0067334030268438802 -0.045619001242467747 0.051689585209533095 -0.0087445604579067613 0.018367054070035839 0.15202846016643537 -0.077865575858420272 -0.023586282260244392 0.051298916733107734 0.017282556596474534 0.14160038247241838 0.0013527263231801515 -0.020431151878506193 -0.079998517725474921
leaf_weight=282 15.000000000000002 11.999999999999998 207 81 17 25 17 13.999999999999998 38 11.999999999999998 17 14.000000000000002 13.999999999999998 11.999999999999998 20 15.000000000000002 15.000000000000002 17 134 14.999999999999998 69 19 18 15.999999999999998 14.999999999999998 21 11.999999999999998 147 24 19 22 18 12.999999999999998 17.000000000000004 71 23 11.999999999999998 12.999999999999998 24 18 32 17 14.999999999999998 34 35 19 14.999999999999998 35 33 19 11.999999999999998 26 12.999999999999998 13.999999999999998 42 22 21 26 35 15.000000000000002 11.999999999999998 12.999999999999998 22 15.999999999999998 22 11.999999999999998 21 137 18 20 14.999999999999998 12.999999999999998 18 12.999999999999998 13.999999999999998
leaf_count=282 15 12 207 81 17 25 17 14 38 12 17 14 14 12 20 15 15 17 134 15 69 19 18 16 15 21 12 147 24 19 22 18 13 17 71 23 12 13 24 18 32 17 15 34 35 19 15 35 33 19 12 26 13 14 42 22 21 26 35 15 12 13 22 16 22 12 21 137 18 20 15 13 18 13 14
internal_value=-0.00273716 0.00710408 -0.0067432 -0.00431354 0.00405983 0.0240597 0.00717045 0.012702 0.00231265 0.00548155 0.00962313 0.00370988 0.0110844 -0.00248448 -0.00516479 -0.00322279 1.01241e-05 0.00698769 -0.00204302 -0.00372766 -0.00473656 -0.00224356 0.0103636 0.00418625 0.0248421 0.00152083 -0.00692672 -0.00418848 0.0175759 -0.00233549 0.00744809 0.0182102 0.00243434 -0.00703499 -0.00233571 0.0120759 0.00573221 0.0118396 0.0172004 0.00523448 -0.00211204 0.00869099 0.00286618 0.0109965 -0.00527173 0.00150436 -0.000751686 -0.00326841 -0.00211212 0.00382176 -0.000336601 -0.00543837 0.013376 -0.00734553 -0.00752022 0.00134799 -0.0087057 0.00828073 0.0334447 -0.00865384 0.00190974 0.0132567 -0.0019106 0.00392185 -0.00682547 0.00134799 0.026553 -0.0143277 0.000715587 0.00914123 0.00764294 0.00597661 -0.00798527 -0.00696028 -0.0133095
internal_weight=2430 703 1727 1308 596 107 447 209 238 182 171 170 75 1087 524 443 563 128 435 383 368 299 52 126 30 98 173 423 61 81 107 34 73 282 135 47 35 154 85 69 95 31 60 61 149 141 122 107 114 60 51 39 30 64 77 34 54 45 60 161 27 32 60 38 105 34 38 419 32 37 30 47 56 28 221
internal_count=2430 703 1727 1308 596 107 447 209 238 182 171 170 75 1087 524 443 563 128 435 383 368 299 52 126 30 98 173 423 61 81 107 34 73 282 135 47 35 154 85 69 95 31 60 61 149 141 122 107 114 60 51 39 30 64 77 34 54 45 60 161 27 32 60 38 105 34 38 419 32 37 30 47 56 28 221
is_linear=0
shrinkage=0.0573391


Tree=30
num_leaves=59
num_cat=0
split_feature=80 8 80 8 80 68 14 8 8 46 41 87 8 72 41 72 40 8 14 14 5 40 9 5 80 80 46 9 40 9 46 8 8 40 9 5 41 72 13 13 5 13 40 40 8 5 5 9 80 13 40 13 5 46 46 40 72 40
split_gain=28.471 7.98111 7.38041 5.00154 3.91563 3.89832 3.46823 3.19011 3.10333 2.99759 2.84265 2.78353 2.62725 2.52398 2.0306 1.87558 2.4116 2.00707 1.71932 2.03779 2.22747 1.91644 1.51287 1.95326 1.43509 1.37974 1.48123 1.34373 1.28819 1.48388 1.18971 1.17065 1.3307 1.20262 1.14316 2.21882 1.13183 1.74864 1.0832 1.38447 1.04928 1.01273 1.00231 1.67968 0.95786 2.13549 0.977586 0.954133 2.24497 0.843108 0.832214 0.80321 0.781114 0.758238 0.758128 0.75613 0.669178 0.629211
threshold=13.037500000000003 60.770833333333336 5.8375000000000012 27.354166666666668 18.962500000000002 1.0000000180025095e-35 4.5000000000000009 75.270833333333357 47.500000000000007 0.058333333333333341 42.300000000000004 1.0000000180025095e-35 16.895833333333339 15.500000000000002 34.400000000000013 -1.0000000180025095e-35 6.3500000000000005 59.270833333333336 5.5000000000000009 2.5000000000000004 7.3500000000000005 19.750000000000004 28.616071428571434 7.3500000000000005 17.762500000000003 4.1125000000000007 0.89166666666666672 40.318452380952387 12.15 35.473214285714292 0.041666666666666671 24.645833333333339 55.854166666666679 10.750000000000002 37.547619047619058 5.5500000000000007 42.650000000000006 11.500000000000002 12.500000000000002 13.500000000000002 10.65 14.500000000000002 14.250000000000002 16.750000000000004 52.937500000000007 7.3500000000000005 5.8500000000000005 37.485119047619058 20.887500000000006 12.500000000000002 3.7500000000000004 13.500000000000002 20.350000000000005 1.0000000180025095e-35 0.041666666666666671 11.65 2.5000000000000004 16.250000000000004
decision_type=2 2 2 2 2 2 2 2 2 2 2 2 2 2 2 2 2 2 2 2 2 2 2 2 2 2 2 2 2 2 2 2 2 2 2 2 2 2 2 2 2 2 2 2 2 2 2 2 2 2 2 2 2 2 2 2 2 2
left_child=2 3 8 -2 36 7 44 12 25 10 22 14 53 40 -11 16 -14 31 19 21 41 38 -5 34 27 -1 54 -25 29 56 -10 -18 33 -33 35 -24 37 -3 -17 -40 -13 49 -35 -44 45 46 -7 48 -26 -21 -20 -51 -8 -4 -27 -6 -12 -52
right_child=1 4 5 9 55 6 52 -9 30 11 28 13 15 -15 -16 18 17 -19 50 20 -22 -23 23 24 47 26 -28 -29 -30 -31 -32 32 -34 42 -36 -37 -38 -39 39 -41 -42 -43 43 -45 -46 -47 -48 -49 -50 51 57 -53 -54 -55 -56 -57 -58 -59
leaf_value=-0.12002620178499332 -0.034323631224163847 0.012376939187036414 -0.1114299007195496 0.14330455955722651 0.28634799448055026 0.029215103069935973 -0.069008011204238454 0.1475872894503957 -0.047544002212635807 -0.0072275680415436003 -0.026094125020749984 -0.026787826785273337 0.041730934628723869 0.11075921641306768 0.075494720729574305 -0.045959979907869548 -0.053473410417193362 0.3065975026100618 0.0048812909105634857 -0.0031152151601714982 0.019687706927026361 0.014029754686002141 0.076730250839074393 0.087816139390651679 0.064549521400371235 -0.077798711195150833 0.03116093053267957 0.10639777969795215 0.047355571633136292 -0.02421777107891708 0.0477000231623858 0.05680509353803731 -0.098500995416224035 -0.013332908760975998 -0.020381373874795612 -0.0074263780854163129 -0.010686515201677543 0.13806310584325648 -0.0044457857300211866 -0.041002182029796996 0.013897908422652833 -0.018579624292386677 0.026580084473281699 -0.051596457806903771 0.087930879194543857 -0.029357722970616101 0.12335079057294263 0.019493316776543885 0.1858921590601752 0.015436822115308019 -0.06766740632264906 -0.00024033769851987107 0.027556749867413056 -0.031102181987262403 -0.041221762222062391 0.21376512328818989 0.043641817170144558 -0.0072504737936069947
leaf_weight=199 48 14.000000000000002 69 32 37 22 17.000000000000004 22 33 20 12.000000000000002 72 20 18 32 93 30 11.999999999999998 19 58 61 28 19 26 17 203 13.999999999999998 13.999999999999998 20 34 19 14.999999999999998 12.999999999999998 24 21 30 14.999999999999998 13.999999999999998 130 110 11.999999999999998 130 24 11.999999999999998 13.999999999999998 15.999999999999998 12.999999999999998 21 15.999999999999998 22 134 42 11.999999999999998 58 119 12.999999999999998 15.999999999999998 25
leaf_count=199 48 14 69 32 37 22 17 22 33 20 12 72 20 18 32 93 30 12 19 58 61 28 19 26 17 203 14 14 20 34 19 15 13 24 21 30 15 14 130 110 12 130 24 12 14 16 13 21 16 22 134 42 12 58 119 13 16 25
internal_value=-0.00303979 0.00811541 -0.00652886 0.00513651 0.023489 -0.00402982 0.00719718 -0.00494676 -0.0118291 0.0070876 0.0106425 0.000669959 -0.00536819 -0.00483393 0.0114662 -0.00438336 0.00152877 -0.00132291 -0.00542427 -0.00410044 -0.000714332 -0.00703617 0.0143928 0.0121665 0.0175665 -0.0131289 -0.0108874 0.0257988 0.00167771 -0.00240383 0.00154296 -0.00359542 -0.000260238 0.00267521 0.00491398 0.00971096 0.0107992 0.0176072 -0.00824766 -0.00621148 -0.00900954 -0.0030943 -0.00095502 0.00509523 0.0145538 0.010904 0.0188366 0.0114662 0.0175458 0.000657689 -0.0104366 0.00519546 -0.00929028 -0.0131376 -0.0116812 0.0343997 0.00736977 -0.0117918
internal_weight=2405 573 1832 480 93 1245 94 1151 587 432 278 154 1129 102 52 1002 150 130 852 674 313 361 196 164 94 535 336 40 82 62 52 118 88 75 70 49 43 28 333 240 84 252 60 36 65 51 35 54 33 122 178 64 29 127 322 50 28 159
internal_count=2405 573 1832 480 93 1245 94 1151 587 432 278 154 1129 102 52 1002 150 130 852 674 313 361 196 164 94 535 336 40 82 62 52 118 88 75 70 49 43 28 333 240 84 252 60 36 65 51 35 54 33 122 178 64 29 127 322 50 28 159
is_linear=0
shrinkage=0.0573391


Tree=31
num_leaves=63
num_cat=0
split_feature=80 80 80 19 56 102 46 5 102 19 46 102 76 41 19 102 102 19 14 105 102 19 28 53 5 46 5 12 76 105 102 102 80 80 76 80 41 80 12 80 41 12 12 28 102 102 102 12 105 105 105 98 5 5 80 105 105 19 19 25 80 12
split_gain=23.8725 7.85557 5.29341 4.36456 4.06143 2.8249 3.29226 2.60683 3.38983 2.6023 2.50444 2.72166 2.80618 2.75128 2.7592 3.79097 2.94872 2.23674 3.03812 2.85147 2.11642 2.06967 1.90962 2.19322 2.07028 1.90288 1.61831 1.58988 1.61585 1.55562 1.49566 1.61511 2.00381 1.47985 1.46739 1.45082 1.44903 1.33285 1.27501 1.25146 1.23887 1.16927 1.20138 1.13578 1.01736 1.70938 1.31619 0.992982 0.938172 0.923053 1.02417 0.921034 0.901345 1.14647 0.882546 0.837388 0.771653 0.761159 0.742284 0.681831 0.677417 0.656565
threshold=9.8375000000000039 21.000000000000004 4.3625000000000016 5.5000000000000009 1.0000000180025095e-35 81.598333333333343 0.70833333333333348 10.550000000000002 81.440000000000012 3.5000000000000004 0.10833333333333335 90.245555555555569 1911.0000000000002 21.800000000000004 11.500000000000002 76.820555555555572 85.304444444444457 25.500000000000004 2.5000000000000004 3.7498212667566277 80.768333333333331 24.500000000000004 0.93301270189221952 2635.0000000000005 21.650000000000002 0.041666666666666671 14.65 3.3023809523809535 1617.5000000000002 3.3001138131182688 84.959444444444458 86.457222222222242 16.662500000000005 10.912500000000003 2551.5000000000005 5.8375000000000012 41.600000000000001 16.000000000000004 3.4294642857142859 6.3125000000000018 56.350000000000009 2.9544642857142862 3.1068452380952385 0.6830127018922193 82.621666666666684 80.507222222222239 78.65000000000002 2.9666666666666672 2.7085612845156128 2.6311987479914647 2.1049841144630288 1.0000000180025095e-35 6.0500000000000007 8.5500000000000025 5.6375000000000011 3.9918112738411695 3.9005950183493101 39.500000000000007 43.500000000000007 1.0000000180025095e-35 5.8375000000000012 3.9080357142857154
decision_type=2 2 2 2 2 2 2 2 2 2 2 2 2 2 2 2 2 2 2 2 2 2 2 2 2 2 2 2 2 2 2 2 2 2 2 2 2 2 2 2 2 2 2 2 2 2 2 2 2 2 2 2 2 2 2 2 2 2 2 2 2 2
left_child=2 4 -1 -3 9 6 17 8 -5 59 11 12 21 20 34 -16 33 18 25 29 -14 -11 23 24 43 -4 54 36 -29 48 -23 -32 57 -17 -15 -8 52 -18 -26 -20 -38 -27 -43 47 45 46 -35 -7 -19 50 -36 -13 -12 -54 -24 -9 -41 -33 -30 -2 -49 -25
right_child=1 3 5 7 -6 22 35 55 -10 10 27 51 13 14 15 16 37 19 39 -21 -22 30 26 61 38 41 -28 28 58 -31 31 32 -34 44 49 -37 40 -39 -40 56 -42 42 -44 -45 -46 -47 -48 60 -50 -51 -52 -53 53 -55 -56 -57 -58 -59 -60 -61 -62 -63
leaf_value=-0.10173827207194232 -0.012452457277862726 -0.015418620461695606 -0.091256100383781763 0.13460683932781134 0.1369758114246363 0.011671136164299708 0.019008243283055819 0.19692973311567097 -0.0088503695185142821 -0.018391900737637922 -0.018346446548948458 -0.069159486085487151 0.0091345599500911711 0.0091334570095893321 -0.031899323671493979 -0.0028257719618128745 -0.016895233014828391 0.02557115658472393 -0.051773820469341272 -0.038686447534623518 0.13055487134527305 0.12093870752735406 0.051167679452573271 0.046385966015110677 -0.07233114408003756 -0.12282050354333396 -0.031069215303661045 0.059326966918832429 -0.022493568679139569 0.033693476708646482 -0.063620380969762427 0.025691179217713259 0.13368912169032135 0.03484128740214746 0.12970653610731325 0.049648159520364527 0.11301684823622177 0.028559862613383089 0.0095583908756452108 0.0026766908218076356 0.00089894030799976727 0.024665899132554979 -0.010123324829627326 -0.11925121519920578 0.10190337911512948 -0.0031686145865696879 0.099232061008975705 -0.066705369934613123 -0.02470087825399752 0.029773965208202188 0.15510710275257267 -0.00056380600910598759 0.018080161552560012 -0.013251103037074625 0.021141815481311488 0.44046552886076545 0.031965473051174434 -0.0067532205626009006 0.030934973294489843 -0.18032449473566645 -0.034285109363785211 -0.0099771310513721741
leaf_weight=255 42 15.999999999999998 130 21 11.999999999999998 15.999999999999998 12.000000000000002 39 26 12.999999999999998 15.999999999999998 23 14.000000000000002 20 73 34 60 12.000000000000002 55 26 17 30 13.999999999999998 17.000000000000004 11.999999999999998 17 30 20 99 24 11.999999999999998 43 15.999999999999998 15.000000000000002 13.000000000000002 14.999999999999998 12.999999999999998 14.999999999999998 25 138 19 20 52 113 34 40 15.999999999999998 90 18 15.999999999999998 13.999999999999998 15.999999999999998 17.000000000000004 13.999999999999998 27 19 11.999999999999998 11.999999999999998 13.999999999999998 23 315 12.999999999999998
leaf_count=255 42 16 130 21 12 16 12 39 26 13 16 23 14 20 73 34 60 12 55 26 17 30 14 17 12 17 30 20 99 24 12 43 16 15 13 15 13 15 25 138 19 20 52 113 34 40 16 90 18 16 14 16 17 14 27 19 12 12 14 23 315 13
internal_value=-0.00283131 0.00421041 -0.00744853 0.0178642 0.00223171 -0.00585779 -0.00273189 0.0221152 0.0120759 0.00174869 0.00269291 0.00474665 0.00586951 0.00341614 0.00196579 -0.000419431 0.0034294 -0.003777 -0.00543626 0.00501647 0.0197873 0.0132874 -0.00832772 -0.0093783 -0.0101723 -0.0101322 0.000564805 -0.00259627 -0.00642323 0.012528 0.01578 0.0118122 0.0151006 0.00837347 0.0128316 0.0167729 0.00384615 -0.00573312 0.00294317 -0.000419382 0.0132567 -0.00367172 -0.00047733 -0.0110811 0.01174 0.00783268 0.0179379 -0.00971069 0.00382091 0.0187991 0.0252662 -0.00984856 -0.002561 0.00314286 0.00796983 0.0302484 0.00229327 0.0099026 -0.00908226 -0.00926131 -0.0102642 0.00573192
internal_weight=2414 956 1458 121 835 1203 531 105 47 823 758 546 507 381 350 287 214 504 424 80 31 126 672 601 571 219 71 212 133 54 113 83 71 139 63 27 79 75 37 205 32 89 72 534 105 71 31 421 30 43 27 39 47 31 41 58 150 55 113 65 405 30
internal_count=2414 956 1458 121 835 1203 531 105 47 823 758 546 507 381 350 287 214 504 424 80 31 126 672 601 571 219 71 212 133 54 113 83 71 139 63 27 79 75 37 205 32 89 72 534 105 71 31 421 30 43 27 39 47 31 41 58 150 55 113 65 405 30
is_linear=0
shrinkage=0.0573391


Tree=32
num_leaves=75
num_cat=0
split_feature=6 6 11 9 8 8 23 14 12 10 46 46 23 8 8 11 77 6 103 103 11 77 12 9 23 14 14 11 11 9 9 11 11 8 12 19 46 19 12 8 10 10 11 9 10 9 41 19 19 76 11 9 46 12 9 103 103 6 19 23 9 19 76 12 9 8 19 23 11 11 0 11 10 9
split_gain=29.0057 6.053 3.87462 3.65298 3.5341 3.42329 2.87238 3.00187 3.44906 2.7546 2.74733 2.6385 2.24931 2.20247 2.08661 1.91334 1.79437 1.70513 1.76316 2.08943 1.68093 2.0767 1.64341 1.64224 1.84345 1.59268 3.10728 3.05118 2.78118 2.47993 2.30355 1.4577 1.37533 1.30133 1.29573 1.2792 1.22932 1.58229 2.77252 2.75348 3.42895 1.88556 4.09444 1.82949 1.71313 1.70719 1.22789 1.45909 3.37143 1.33343 1.13977 1.11604 1.10503 0.965203 3.75855 1.04407 0.947208 0.918045 0.916572 0.909903 0.888482 0.885967 0.880319 1.36461 1.56826 0.842528 0.837917 0.8161 0.806213 0.750565 0.682365 0.677766 0.666058 0.664498
threshold=7.6500000000000012 18.950000000000003 1.4854166666666668 28.616071428571434 68.604166666666671 47.750000000000007 -0.6035533905932734 2.5000000000000004 2.3127976190476196 49.969292972273514 0.025000000000000005 1.0000000180025095e-35 -0.3794095225512602 80.166666666666671 48.937500000000007 5.4520833333333343 2777.5000000000005 28.250000000000004 1.0840487257047755 1.0111508144660479 5.3604166666666684 2227.5000000000005 4.8500000000000005 28.616071428571434 1.0000000180025095e-35 4.5000000000000009 2.5000000000000004 3.8145833333333337 3.2625000000000006 32.553571428571438 38.080357142857146 2.0604166666666672 4.7604166666666679 26.812500000000004 3.3098214285714289 32.500000000000007 0.79166666666666674 16.500000000000004 3.5434523809523815 44.145833333333336 46.462569962309082 59.998692328276825 5.2645833333333343 34.622023809523817 49.067241633320869 37.032738095238102 31.500000000000004 33.500000000000007 30.500000000000004 2098.5000000000005 5.3062500000000012 39.922619047619058 0.70833333333333348 4.3428571428571443 44.318452380952387 1.0210191763492695 1.0204166957827461 10.15 29.500000000000004 -0.3794095225512602 38.687500000000007 7.5000000000000009 1504.5000000000002 3.3098214285714289 43.562500000000007 22.979166666666668 37.500000000000007 1.0000000180025095e-35 5.572916666666667 2.8250000000000006 57.500000000000007 1.8145833333333334 69.703186427060118 41.345238095238102
decision_type=2 2 2 2 2 2 2 2 2 2 2 2 2 2 2 2 2 2 2 2 2 2 2 2 2 2 2 2 2 2 2 2 2 2 2 2 2 2 2 2 2 2 2 2 2 2 2 2 2 2 2 2 2 2 2 2 2 2 2 2 2 2 2 2 2 2 2 2 2 2 2 2 2 2
left_child=6 2 -2 5 16 12 15 9 -9 23 13 34 57 25 -13 69 17 18 19 20 21 32 36 -8 52 26 28 29 58 31 -30 -28 -3 -14 -10 -32 37 50 39 43 -41 42 44 66 -42 -45 49 48 61 -27 65 -22 71 54 55 -40 -38 -4 -5 -23 -29 -48 -31 -64 -65 -12 -39 -11 -51 -1 -18 -25 -17 -21
right_child=1 4 3 10 -6 -7 7 8 11 67 22 14 33 -15 -16 72 70 -19 -20 73 51 59 -24 24 -26 46 27 60 30 62 35 -33 -34 -35 -36 -37 56 38 53 40 41 -43 -44 45 -46 -47 47 -49 -50 68 -52 -53 -54 -55 -56 -57 -58 -59 -60 -61 -62 -63 63 64 -66 -67 -68 -69 -70 -71 -72 -73 -74 -75
leaf_value=-0.099205196715195065 -0.095388114959383485 -0.0129829188016713 -0.050196251677559707 -0.028154902652769064 0.27846339676599607 0.12862467183326115 -0.10859806943282549 -0.060704812724243558 -0.054933128792726355 0.16634755812596905 0.0032085638577624971 0.099583784459347721 0.0087570896238327849 0.17049322770234684 -0.0044839816117433103 0.03125926576976782 0.035251373585667684 -0.055784450615065539 -0.019609186962116634 0.097491137765054206 -0.053523623464731537 0.067206559142018646 0.054746796754831475 -0.05589146865893161 -0.040897402791150082 0.064485465809554804 0.00096907482473882671 0.1177742211982253 0.047388780426254724 0.029005116379389167 -0.058669317745068401 0.090467875731103306 0.16556274953694278 0.131909862304181 0.0090282681582356372 0.010093697995896749 0.018415353938077413 0.018885732530755126 -0.02666841562731535 0.2472748397630484 -0.028935733357596881 -0.059995084076091998 0.17799870128878165 -0.02177018183383074 0.036493068401942517 0.0005349270903659937 0.005559242683267066 -0.060642058832578047 0.076571449122673205 -0.017170732884542361 0.0085588574273310122 0.14106101590166231 0.0213405333910851 -0.050814125952679735 0.035506668832119226 0.001359048592788016 -0.011297917998592871 0.0047922379208752064 -0.008544320569352672 0.20246213337058122 0.066436569892199981 -0.032228048126761666 -0.0275305945166558 0.036723891160768796 -0.065599180479091038 -0.035895892261122206 -0.0085877258002250937 -0.018807310813036184 0.020286461527756469 -0.052966056155452135 -0.018571679669127268 -0.018638300235339234 -0.078961079726908773 0.19282362671749037
leaf_weight=263 44 21 11.999999999999998 28 23 22 124 38 28 15 11.999999999999998 32 11.999999999999998 12.999999999999998 14.999999999999998 12.000000000000002 14.999999999999998 12.999999999999998 11.999999999999998 12.000000000000002 13.000000000000002 11.999999999999995 18 61 174 18 11.999999999999998 13.999999999999998 11.999999999999998 13.999999999999998 12.999999999999998 28 13.999999999999998 20 11.999999999999998 21 24 19 120 11.999999999999998 12.000000000000002 12.999999999999998 14.999999999999998 49 15.999999999999998 15.999999999999998 12.999999999999998 33 15.999999999999998 17 15.999999999999998 11.999999999999998 11.999999999999998 25 11.999999999999998 34 13.999999999999998 20 43 29.000000000000004 23 37 27 61 13.999999999999998 81 18 12 25 136 18 167 11.999999999999998 11.999999999999998
leaf_count=263 44 21 12 28 23 22 124 38 28 15 12 32 12 13 15 12 15 13 12 12 13 12 18 61 174 18 12 14 12 14 13 28 14 20 12 21 24 19 120 12 12 13 15 49 16 16 13 33 16 17 16 12 12 25 12 34 14 20 43 29 23 37 27 61 14 81 18 12 25 136 18 167 12 12
internal_value=-0.00324616 0.00242323 0.000785986 0.00145703 0.0114674 0.0128002 -0.0100922 -0.00781132 0.000229079 -0.00959021 0.000489166 0.00652407 0.00609132 0.0036163 0.0157355 -0.0138127 0.00880413 0.0114672 0.0133505 0.0153661 0.0117508 0.0159932 -0.00237633 -0.0104872 -0.00875304 0.00297077 0.00536379 0.0098334 -0.00200895 0.0063216 0.0089732 0.0186323 0.00573221 0.0168399 -0.00429911 0.00134799 -0.00297974 -0.00378183 -0.00195354 0.0033726 0.0123097 0.00634714 0.0121325 -0.00258544 -0.000817798 -0.00837923 -0.00169467 -0.00561748 -0.000694463 0.00477734 -0.00983636 -0.00114523 -0.00549475 -0.00669423 -0.00511182 -0.00752066 0.00693934 -0.00465709 -0.00912475 0.0247501 0.0246364 -0.00802607 0.0020757 0.000224519 0.00420416 -0.0122684 0.00759172 0.00827968 -0.000818242 -0.0147585 -0.00329987 -0.0063875 0.00190954 0.0305737
internal_weight=2457 1344 1138 1094 206 86 1113 690 125 565 1008 87 64 482 47 423 183 150 137 125 101 76 526 538 414 469 310 193 117 156 46 40 35 32 40 34 508 470 361 170 68 56 43 102 28 65 159 99 66 60 109 25 240 191 166 154 38 32 71 41 37 50 116 102 75 93 37 27 42 399 33 228 24 24
internal_count=2457 1344 1138 1094 206 86 1113 690 125 565 1008 87 64 482 47 423 183 150 137 125 101 76 526 538 414 469 310 193 117 156 46 40 35 32 40 34 508 470 361 170 68 56 43 102 28 65 159 99 66 60 109 25 240 191 166 154 38 32 71 41 37 50 116 102 75 93 37 27 42 399 33 228 24 24
is_linear=0
shrinkage=0.0573391


Tree=33
num_leaves=76
num_cat=0
split_feature=80 8 8 80 30 8 36 102 8 19 6 36 41 80 36 78 19 78 41 101 19 3 8 101 105 19 19 105 101 101 8 19 101 19 36 8 7 19 80 105 3 78 78 36 7 101 7 101 105 102 80 36 8 78 101 3 3 19 8 8 8 8 8 105 80 36 78 78 36 6 105 6 3 36 6
split_gain=25.075 10.0767 8.89404 6.1017 4.54739 2.48323 2.32522 3.59998 2.68164 2.38037 2.31615 2.31575 2.63161 2.14636 2.00739 3.36082 2.06292 1.95759 3.23232 1.95042 1.93495 1.89502 1.82725 1.76343 1.76151 1.68042 2.52302 2.11195 2.19155 2.41197 2.23694 2.30267 1.5841 1.57118 1.56818 1.50556 2.42293 1.49046 2.43266 1.39477 1.3022 1.30057 1.19985 1.5734 1.17378 1.16237 1.58042 1.18962 1.1292 1.0922 1.07245 0.993463 0.988062 1.38366 0.963463 0.960873 0.937002 0.92985 1.50126 1.4261 1.45328 1.18755 1.39194 0.922681 0.904244 0.877281 0.986911 3.52842 0.750018 0.821164 1.15723 0.724683 0.708433 0.678936 0.665998
threshold=13.037500000000003 49.520833333333336 20.354166666666668 21.387500000000003 1.0000000180025095e-35 27.354166666666668 12.750000000000002 85.029444444444451 32.854166666666679 16.500000000000004 5.1500000000000012 19.650000000000002 29.000000000000004 19.487500000000004 9.5500000000000025 1112.0000000000002 43.500000000000007 1137.0000000000002 51.300000000000004 0.99796605113406411 34.500000000000007 56.500000000000007 62.062500000000007 0.90743198807665559 3.6671820939690511 20.500000000000004 5.5000000000000009 2.7644060198316907 1.0656399718665499 1.0389715642367794 60.770833333333336 35.500000000000007 1.0613153252169787 26.500000000000004 16.750000000000004 39.104166666666679 18.950000000000003 44.500000000000007 4.0625000000000009 2.6697967506243567 62.500000000000007 2328.6500000000005 1491.0000000000002 17.350000000000005 19.650000000000002 0.98807470039864331 9.1500000000000004 0.97173700631697957 4.0297809603103794 88.758888888888904 18.100000000000005 7.3500000000000005 54.562500000000007 1241.3000000000002 0.87369816246518051 79.500000000000014 25.500000000000004 22.500000000000004 24.937500000000004 48.229166666666679 38.937500000000007 27.187500000000004 26.187500000000004 3.8335441535512205 7.4125000000000014 14.050000000000002 1266.8000000000004 1058.0000000000002 13.050000000000002 5.7500000000000009 3.051240042229169 24.950000000000003 59.500000000000007 15.850000000000003 18.750000000000004
decision_type=2 2 2 2 2 2 2 2 2 2 2 2 2 2 2 2 2 2 2 2 2 2 2 2 2 2 2 2 2 2 2 2 2 2 2 2 2 2 2 2 2 2 2 2 2 2 2 2 2 2 2 2 2 2 2 2 2 2 2 2 2 2 2 2 2 2 2 2 2 2 2 2 2 2 2
left_child=2 5 10 11 22 55 7 8 -7 13 -1 12 20 40 15 63 19 18 35 23 74 -14 37 51 52 26 -16 39 29 30 45 -32 56 -24 41 -8 -37 68 -39 -27 -10 65 44 -44 -19 46 -29 -48 -30 -26 -9 -17 53 -23 -28 -2 -21 -47 -59 60 61 62 -60 -6 -35 66 67 -12 69 -4 -71 -5 -58 -70 -3
right_child=1 3 4 71 14 6 17 50 9 -11 34 -13 21 -15 25 16 -18 42 -20 32 -22 24 33 -25 49 27 54 28 48 -31 31 -33 -34 64 -36 36 -38 38 -40 -41 -42 -43 43 -45 -46 57 47 -49 -50 -51 -52 -53 -54 -55 -56 -57 72 58 59 -61 -62 -63 -64 -65 -66 -67 -68 -69 73 70 -72 -73 -74 -75 -76
leaf_value=-0.10892102777774404 -0.034369961536416367 0.10490593595888513 -0.072904887657397138 0.16368462445384538 -0.093669303704840334 0.10837399235358376 -0.0055054496097659243 0.025480218302495097 0.048516401768114989 0.09604919188400049 -0.13424450096486429 0.24150350529094289 0.091346254236348928 0.04025431940634875 0.11023036052784677 -0.0051132828168611571 -0.0099669146125391135 -0.024076793432364504 -0.060014501496920905 0.0029053799317721777 0.16376496360240797 0.058697236050410398 0.043704504189989536 -0.10117811637006657 0.046540478508510924 0.0028650257225058379 0.0068161516691331754 -0.055331593972103132 -0.048000909218087875 0.053417759234739529 0.30730554812531918 0.0005924951717412516 -0.0074714563274643755 -0.096022966073508839 0.013284657588342857 0.11252171521744367 0.030391879523952198 -0.085762367420010505 0.029500236791063551 0.081067220016585811 -0.0055996721348409492 0.0069195783758476716 -0.017857151783370696 0.077343724194096741 0.0046369671785216641 0.0223122501789286 0.0092364693821231272 -0.0082725887953485466 -0.0094254623501891614 -0.012562945178601953 -0.047042124673373181 0.048386832877761306 -0.023169575616601382 -0.026008913325168345 -0.039428968043086356 0.0081039700559760296 0.079851207990362744 -0.021454782586753741 -0.044513619345041174 -0.043034891585179438 0.014075861431386588 -0.0052742062572121657 0.028827869319304877 0.00041191937124521346 0.010296825733162918 -0.058234415426357017 -0.054358502861720927 0.013634821197262089 -0.063586092491396656 0.0044464101971363763 -0.033998017434744433 0.31652027001738431 0.023003634512776549 -0.036472951672392111 0.049687967823170615
leaf_weight=285 31 12.000000000000002 52 32 27 19 14.999999999999998 22 12.999999999999998 15.999999999999998 34 11.999999999999998 19 11.999999999999998 13.999999999999998 15.000000000000002 39 53 14.999999999999998 11.999999999999998 17 13.000000000000002 14.999999999999998 11.999999999999998 32 27 17 47 51 21 14.999999999999998 31 15.999999999999998 18 14.999999999999998 21 12.999999999999998 12.000000000000002 17 12.999999999999998 31 13.999999999999998 12.000000000000002 15.999999999999998 18 21 16.000000000000004 11.999999999999998 20 14.999999999999998 21 15.999999999999998 38 12.999999999999998 139 11.999999999999998 29 64 12.000000000000002 34 18 107 13.999999999999998 11.999999999999998 19 64 91 30 79 31 39 30 19 148 11.999999999999998
leaf_count=285 31 12 52 32 27 19 15 22 13 16 34 12 19 12 14 15 39 53 15 12 17 13 15 12 32 27 17 47 51 21 15 31 16 18 15 21 13 12 17 13 31 14 12 16 18 21 16 12 20 15 21 16 38 13 139 12 29 64 12 34 18 107 14 12 19 64 91 30 79 31 39 30 19 148 12
internal_value=-0.00294925 0.00740006 -0.0062166 0.0162651 -0.00369225 0.00101175 0.00287645 0.00847196 0.0149323 0.00987398 -0.0124681 0.0109974 0.00928782 0.00429948 -0.0013529 0.00375444 0.00747543 -0.00172344 0.00609132 0.0112262 0.0219534 0.0052924 -0.00853403 0.00146588 0.00242747 -0.00280483 -0.00775724 -0.00119495 -0.00224361 -0.000640106 -0.00165701 0.0102196 0.0167476 0.00154296 -0.00841561 0.0132212 0.0198964 -0.00992037 0.00256881 0.0114657 -0.00156287 -0.00957259 -0.00677579 0.00327479 -0.0107398 -0.00324077 -0.00955549 0.0012273 -0.0115474 0.0108561 -0.00519919 0.00869099 -0.00376209 0.00484963 -0.00985006 -0.0118658 0.0210222 -0.00148642 -0.00246379 0.000154784 0.00254389 0.000473964 0.0114645 -0.0113186 -0.00480259 -0.0106558 -0.00832296 -0.00286623 -0.0109583 -0.00733134 -0.00327583 0.0318111 0.024605 -0.0129072 0.0114643
internal_weight=2438 585 1853 245 1320 340 297 134 91 72 533 183 171 56 890 197 158 163 64 119 41 130 430 43 111 693 170 523 483 412 391 46 76 52 248 49 34 378 29 40 44 233 99 28 71 345 75 28 71 47 43 31 64 26 156 43 60 270 249 185 151 133 26 39 37 219 155 64 349 122 70 62 48 227 24
internal_count=2438 585 1853 245 1320 340 297 134 91 72 533 183 171 56 890 197 158 163 64 119 41 130 430 43 111 693 170 523 483 412 391 46 76 52 248 49 34 378 29 40 44 233 99 28 71 345 75 28 71 47 43 31 64 26 156 43 60 270 249 185 151 133 26 39 37 219 155 64 349 122 70 62 48 227 24
is_linear=0
shrinkage=0.0573391


Tree=34
num_leaves=61
num_cat=0
split_feature=8 14 82 8 80 46 49 23 11 5 85 72 8 103 103 23 103 23 80 102 23 82 46 8 23 11 23 11 82 72 11 8 103 8 11 72 8 46 103 82 103 102 38 8 72 72 5 8 5 72 5 102 11 72 8 103 103 72 72 72
split_gain=15.972 7.20981 7.00871 5.08995 3.78731 3.3259 3.03639 3.03361 2.97619 3.23715 2.97409 5.6201 3.45131 3.14267 2.83243 2.60803 2.53283 2.4967 2.4905 2.28337 2.22311 1.84791 1.83543 3.03456 1.60618 1.59943 1.51357 1.50298 1.50169 1.30423 1.27436 1.25427 1.34969 1.23028 1.20961 1.20737 1.13067 1.92737 1.06019 1.03951 1.00664 1.0516 0.946058 0.923013 0.909246 0.879916 0.785971 0.725052 2.71328 0.71467 0.704462 0.839302 0.770809 0.685847 0.677296 0.963656 0.759741 0.65637 0.630682 0.627834
threshold=34.854166666666679 2.5000000000000004 17.856250000000003 51.062500000000007 21.525000000000006 1.0166666666666668 95552.000000000015 -0.6035533905932734 1.8145833333333334 12.450000000000001 2.9000000000000004 13.500000000000002 59.604166666666679 1.0574458356255594 1.0374885036467973 -0.6035533905932734 0.9995172490623494 1.0000000180025095e-35 6.1125000000000016 84.959444444444458 1.0000000180025095e-35 8.4812500000000011 0.058333333333333341 54.062500000000007 -0.3794095225512602 5.7062500000000007 -0.3794095225512602 2.8250000000000006 18.956250000000004 2.5000000000000004 1.8145833333333334 60.770833333333336 0.97902463129291151 58.854166666666679 3.0020833333333337 -2.4999999999999996 19.020833333333339 0.2083333333333334 0.94888247383077695 19.631250000000005 0.99613779567067307 81.728333333333339 8.6500000000000004 21.520833333333339 16.500000000000004 12.500000000000002 9.2500000000000018 23.312500000000004 7.2500000000000009 -1.0000000180025095e-35 6.2500000000000009 67.006527777777805 2.8145833333333337 6.5000000000000009 37.270833333333336 0.9915907540106067 0.97814258710753699 10.500000000000002 7.5000000000000009 2.5000000000000004
decision_type=2 2 2 2 2 2 2 2 2 2 2 2 2 2 2 2 2 2 2 2 2 2 2 2 2 2 2 2 2 2 2 2 2 2 2 2 2 2 2 2 2 2 2 2 2 2 2 2 2 2 2 2 2 2 2 2 2 2 2 2
left_child=1 7 10 6 16 15 19 -1 -9 17 25 13 22 14 31 27 -5 18 53 -4 21 30 23 -13 45 29 34 -3 -18 33 -17 38 -33 35 -23 -2 -28 43 -12 -30 -8 -42 -27 -38 57 -20 58 -19 -49 -37 51 -22 -52 -10 -40 56 -56 59 -26 -44
right_child=2 5 3 4 -6 -7 40 8 9 -11 11 12 -14 -15 -16 20 28 47 24 -21 50 26 -24 -25 46 42 36 -29 39 -31 -32 32 -34 -35 -36 49 37 -39 54 -41 41 -43 44 -45 -46 -47 -48 48 -50 -51 52 -53 -54 -55 55 -57 -58 -59 -60 -61
leaf_value=-0.094928395571873755 -0.017401812075923902 -0.064904466154923263 0.12020125921525088 -0.020684877458088492 0.22800610735700086 0.079764734755773378 0.048074655749435438 -0.072743461922122041 0.011029429177279356 -0.053899394612576014 -0.034013825777363081 0.063432486960336362 0.13942970617219716 -0.028932371063873159 0.088392160410989892 0.00067257528187260958 0.11215077043275769 -0.026956890896132148 -0.033551224304012459 -0.0013365979646159543 0.0028480054865013134 -0.016095059790258295 -0.0232437304616427 -0.015223622199244127 -0.024060550464874046 0.05796064200892604 -0.012583211467239105 -0.0021456537925363941 -0.0038160454759824966 -0.023322706175639824 0.017595168563961955 0.60317922893908504 0.001152194605937955 -0.053336679841957529 0.032236326222775863 0.060835224453721574 0.034328411525828224 -0.0087818230959876703 0.020125041428380182 0.10930134779917647 0.014464024836262178 -0.02465626051000875 0.0018313185763924793 0.061408173262764883 -0.020136099626164576 0.0033336878983278853 0.016623944830898657 0.03149040387126787 -0.027099418148272852 0.0078562542797525215 0.0020974182242031788 -0.023093684405599599 -0.054359617002359376 0.021941223966352275 -0.0016975705730407672 -0.0054222850085170792 0.071533450989092348 0.053314051134044048 0.058938473704166376 -0.013863950970524994
leaf_weight=222 22 75 20 14.999999999999998 46 14.999999999999998 12.999999999999998 189 15.999999999999998 210 19 23 23 54 22 14.000000000000002 14.999999999999998 43 48 19 13.999999999999998 80 22 18 15.000000000000002 13.999999999999998 27 39 11.999999999999998 165 17 11.999999999999998 31 12.999999999999998 20 14.999999999999998 12.999999999999998 14.999999999999998 41 21 22 31 35 55 14.999999999999998 15.999999999999998 34 15.999999999999998 33 38 36 68 12.999999999999998 18 17.000000000000004 136 12.999999999999998 23 13.999999999999998 29
leaf_count=222 22 75 20 15 46 15 13 189 16 210 19 23 23 54 22 14 15 43 48 19 14 80 22 18 15 14 27 39 12 165 17 12 31 13 20 15 13 15 41 21 22 31 35 55 15 16 34 16 33 38 36 68 13 18 17 136 13 23 14 29
internal_value=-0.00320895 -0.00723511 0.00225054 0.0114674 0.0201464 -0.00175099 0.00245696 -0.0103787 -0.00840728 -0.00593193 -0.000214979 0.00301984 0.0161337 -0.0002492 0.0021082 -0.00257191 0.0110114 -0.00156363 0.00274202 0.0151408 -0.000246527 0.00302141 0.00919126 0.01636 -0.000947829 -0.0039934 0.00109199 -0.0101594 0.0174383 -0.00654955 0.0160885 0.000490126 0.00946584 -0.000911785 -0.00401322 0.00191074 0.00573337 0.00904901 -0.00121765 0.0105966 -0.00503804 -0.00854541 0.00158142 0.0131529 -0.000336945 -0.00734553 0.00555095 -0.00909865 -0.0043286 0.00659821 -0.00625868 -0.00950896 -0.000818369 0.016524 -2.75378e-05 -0.00165775 0.00764294 0.00191082 -0.00138267 -0.00107451
internal_weight=2389 1375 1014 214 109 501 105 874 652 463 800 431 86 345 291 486 63 253 161 39 372 241 63 41 127 369 210 114 48 253 31 269 43 88 100 75 110 83 226 33 66 53 116 68 102 64 63 92 49 53 131 82 49 34 207 166 30 87 29 64
internal_count=2389 1375 1014 214 109 501 105 874 652 463 800 431 86 345 291 486 63 253 161 39 372 241 63 41 127 369 210 114 48 253 31 269 43 88 100 75 110 83 226 33 66 53 116 68 102 64 63 92 49 53 131 82 49 34 207 166 30 87 29 64
is_linear=0
shrinkage=0.0573391


Tree=35
num_leaves=65
num_cat=0
split_feature=80 4 4 80 56 23 10 87 19 4 40 50 4 40 9 78 9 101 78 50 10 36 100 36 101 101 78 36 101 10 4 78 101 78 36 9 36 78 36 10 78 78 36 36 100 19 78 100 23 19 19 19 103 103 78 78 87 87 19 78 19 19 23 19
split_gain=20.6849 8.91143 6.37834 3.38966 4.14031 2.30673 3.09423 3.20232 2.27131 2.16938 1.97572 1.80005 2.22374 1.71808 1.7115 1.68334 1.69567 2.84799 1.65665 1.94996 1.9543 1.63871 2.0873 1.7452 2.42923 1.83992 1.39862 1.37929 1.62439 1.36265 1.19254 1.65839 1.16334 1.22338 1.80332 1.72622 1.57948 1.43515 1.08341 0.966629 0.911562 1.30556 1.23823 0.888529 0.887691 2.69378 2.48699 0.893652 0.852011 1.07039 0.920499 0.843556 0.890539 0.846247 0.767775 1.33394 0.687695 1.54257 0.678011 0.657572 0.636638 0.808004 0.632458 0.629241
threshold=15.437500000000002 4.7500000000000009 15.050000000000002 7.8875000000000011 1.0000000180025095e-35 -0.6035533905932734 49.770050099206578 4.5000000000000009 37.500000000000007 18.450000000000003 1.2500000000000002 -0.66030521387292307 16.650000000000002 3.0500000000000003 51.663690476190482 969.70000000000016 29.991071428571434 0.88180608807480287 866.90000000000009 -0.84439595027966707 35.943026907518778 16.650000000000002 824.67777777777792 19.350000000000005 0.9559012092479986 1.0457953154392288 1297.4500000000003 10.050000000000002 1.1226585603012371 42.70924225939914 14.15 1058.0000000000002 0.99201635945932731 1181.8000000000004 9.0500000000000025 35.145833333333343 10.950000000000001 1050.0500000000004 17.950000000000003 30.822657114387418 1326.3500000000001 1219.4000000000003 15.15 17.550000000000004 903.01666666666677 26.500000000000004 1099.9500000000003 949.85555555555572 1.0000000180025095e-35 7.5000000000000009 15.500000000000002 12.500000000000002 1.0330508427039147 1.0730338600084453 1496.7000000000003 1300.3500000000001 4.5000000000000009 3.5000000000000004 45.500000000000007 1127.3500000000001 31.500000000000004 11.500000000000002 -0.3794095225512602 45.500000000000007
decision_type=2 2 2 2 2 2 2 2 2 2 2 2 2 2 2 2 2 2 2 2 2 2 2 2 2 2 2 2 2 2 2 2 2 2 2 2 2 2 2 2 2 2 2 2 2 2 2 2 2 2 2 2 2 2 2 2 2 2 2 2 2 2 2 2
left_child=1 39 10 5 14 56 15 -8 11 26 -2 60 -13 -12 21 -7 -17 -18 -15 29 -21 27 38 25 -25 44 -10 28 51 -20 31 -22 -19 37 35 -35 -36 -34 -23 63 41 -38 -42 -14 45 -24 47 -46 49 -29 -51 52 -5 -54 55 -33 57 -3 -53 -39 61 -4 -52 -1
right_child=2 3 8 4 -6 6 7 -9 9 -11 13 12 43 18 -16 16 17 32 19 20 30 22 23 24 -26 -27 -28 48 -30 -31 -32 54 33 34 36 -37 40 59 -40 -41 42 -43 -44 -45 46 -47 -48 -49 -50 50 62 58 53 -55 -56 -57 -58 -59 -60 -61 -62 -63 -64 -65
leaf_value=-0.081241722360596624 -0.059127599032701712 -0.068772425761428765 0.1325926595706268 -0.01522147714444325 0.28986981178664772 -0.06181135725981373 0.05608313785395927 -0.046919437849035142 0.021377829804857806 0.29941384426480816 0.1048738257106087 0.10518650717067839 -0.045627122221982064 -0.072049425570662184 0.10598216527038037 -0.051539313381060811 0.024540464641046124 -0.046613359301479015 0.094322457167205123 -0.017861575680853829 0.086152685376414864 0.0070442417869733404 -0.026159549192891523 0.049709373426082476 -0.02910987807896347 -0.024788164632494069 0.15908111258657703 0.039914568442354567 -0.070980616143660705 0.068643528737541218 -0.0061118205476924465 0.057439275530767032 0.0070639141607208552 0.022661849847456044 -0.0645367462188048 0.0030102479636420071 -0.016792703386400251 -0.026837126502792297 0.11129672855671822 -0.01915387558725937 -0.027231613242199523 0.02872505431282062 0.016841172960177168 0.039373620808508959 0.023314313662060795 0.056411900652246237 -0.043956788164725882 0.0021183612209863421 -0.022855181617602881 -0.022894516892183206 -0.014018727930469758 0.01528730434062806 0.053185825286362044 -0.0017896028712910982 0.10526481842117402 -0.029306749913078602 -0.069018900381826273 0.01100827899241889 0.0066961674943989101 -0.06915041378024317 0.11523897559364206 0.025774599466463134 -0.00023774127124177933 -0.062060567389071862
leaf_weight=342 29 120 12.999999999999998 61 14.999999999999998 48 30 20 21 28 11.999999999999998 15.999999999999998 20 11.999999999999998 22 74 17 48 25 34 20 13.000000000000002 23 14.999999999999998 60 22 12.999999999999998 13.999999999999998 21 17 18 20 22 15.999999999999998 27 22 12.999999999999998 73 13.999999999999998 15.999999999999998 31 30 19 13.999999999999998 29 26 29 27 110 46 146 25 13.000000000000002 14.999999999999998 19 15.999999999999998 78 20 40 29 15.999999999999998 22 103 47
leaf_count=342 29 120 13 61 15 48 30 20 21 28 12 16 20 12 22 74 17 48 25 34 20 13 23 15 60 22 13 14 21 17 18 20 22 16 27 22 13 73 14 16 31 30 19 14 29 26 29 27 110 46 146 25 13 15 19 16 78 20 40 29 16 22 103 47
internal_value=-0.00317547 -0.00548544 0.00901024 -0.00358984 -0.00120608 -0.00646515 -0.00438595 0.00917275 0.0176232 0.0262625 0.00268595 0.0123185 0.00458604 0.00478292 -0.00171881 -0.00583159 -0.00467144 -0.00299075 0.00338939 0.00485144 0.00130901 -0.00212661 0.0016889 -7.43201e-05 -0.00726207 0.00338122 0.016524 -0.00378391 0.000491273 0.015561 0.00560996 0.00879102 -0.00416996 -0.00276513 0.000580419 0.0114656 -0.00286657 -0.00702814 0.0167729 -0.0130957 0.000677809 0.00679918 -0.00458604 -0.00370869 0.00590462 0.0120511 0.0023605 0.00941863 -0.00556955 -0.00402656 -0.00476187 0.00253156 -0.00109481 0.00736977 0.00364794 -0.00127311 -0.0114148 -0.0090099 0.00749715 -0.00989304 0.0198976 0.0155605 -0.00338488 -0.0136639
internal_weight=2416 2031 385 1626 889 737 519 50 163 62 222 101 50 193 874 469 421 347 181 169 127 852 258 231 75 156 34 594 175 42 93 75 330 282 158 38 120 124 27 405 93 43 50 34 134 49 85 56 419 309 295 154 89 28 55 36 218 140 65 102 51 35 249 389
internal_count=2416 2031 385 1626 889 737 519 50 163 62 222 101 50 193 874 469 421 347 181 169 127 852 258 231 75 156 34 594 175 42 93 75 330 282 158 38 120 124 27 405 93 43 50 34 134 49 85 56 419 309 295 154 89 28 55 36 218 140 65 102 51 35 249 389
is_linear=0
shrinkage=0.0573391


Tree=36
num_leaves=59
num_cat=0
split_feature=6 68 6 10 76 6 102 80 102 76 10 78 104 80 13 13 13 68 10 10 10 76 10 10 78 78 76 104 78 76 10 78 78 78 102 102 78 80 78 102 10 78 80 102 10 14 76 76 3 10 10 10 10 10 78 102 78 10
split_gain=15.2252 8.03873 4.76931 3.97624 4.01361 3.19838 3.05946 2.6823 2.36228 3.22194 2.26734 2.25022 2.23425 2.08157 2.01877 3.71283 1.93422 1.90354 3.35708 1.83646 2.1384 1.73706 1.67461 1.67293 1.61826 1.81708 1.52995 2.72446 1.41009 1.53823 1.5125 1.64142 1.33424 1.38161 1.28403 1.2554 1.17708 1.43701 1.07555 1.73589 1.33595 2.3839 1.0682 1.04079 1.00427 0.851043 0.848259 1.25817 0.842153 0.817623 0.79232 0.952388 0.771331 0.745162 0.691124 0.686389 0.656304 0.65375
threshold=7.6500000000000012 1.0000000180025095e-35 23.550000000000004 39.906934124991928 1617.5000000000002 4.2500000000000009 89.070000000000007 13.237500000000002 72.112805429864281 2881.5000000000005 40.560821596536741 2464.7000000000003 49.344300509849312 4.2875000000000014 13.500000000000002 12.500000000000002 14.500000000000002 1.0000000180025095e-35 23.277274749778069 21.621910852812899 29.169962519642983 2128.5000000000005 41.752267032693759 33.106328339413132 1150.1000000000001 872.65000000000009 2157.5000000000005 41.712486899719046 1400.3500000000001 3480.5000000000005 53.062471661630646 1253.1000000000001 888.25000000000011 957.30000000000007 81.771666666666675 84.746666666666684 940.50000000000011 7.512500000000002 1095.4000000000003 86.457222222222242 46.901946344086745 1245.0500000000004 5.3125000000000009 81.598333333333343 51.87979068035515 2.5000000000000004 2456.5000000000005 1936.5000000000002 78.500000000000014 56.981992986567484 23.115925253857132 28.153097842809327 25.749190687904477 68.137080576810902 1219.4000000000003 80.768333333333331 969.70000000000016 23.986239087597088
decision_type=2 2 2 2 2 2 2 2 2 2 2 2 2 2 2 2 2 2 2 2 2 2 2 2 2 2 2 2 2 2 2 2 2 2 2 2 2 2 2 2 2 2 2 2 2 2 2 2 2 2 2 2 2 2 2 2 2 2
left_child=5 3 10 11 32 12 7 38 9 13 34 14 45 -7 15 -2 21 23 -19 -17 50 -15 -9 56 25 -25 27 -12 30 -30 -24 -32 -5 -34 -3 -16 -27 42 39 -6 41 -40 -38 -43 -42 -1 47 -22 -48 -46 -21 52 57 -51 -26 -28 -10 -52
right_child=1 2 -4 4 6 8 -8 22 17 -11 26 -13 -14 16 35 19 -18 18 -20 20 46 -23 28 24 54 36 55 -29 29 -31 31 -33 33 -35 -36 -37 37 -39 40 -41 44 43 -44 -45 49 -47 48 -49 -50 53 51 -53 -54 -55 -56 -57 -58 -59
leaf_value=-0.09119660292389252 -0.02366687212518798 0.092987102531421673 0.35435190827412705 0.017251878378414361 -0.024322805353937858 -0.071936361849845185 -0.021935450392226587 0.10205031953015424 -0.07069739760548828 -0.069441102640914465 -0.0039501580657684832 0.016933680347272641 0.24978097888051934 -0.037804458384228037 -0.011993071652775314 -0.022401434391024287 -0.036152167407277516 0.031126211061674989 -0.01752743829585602 0.022576859893382206 0.018739993070465429 0.033006074033147509 0.039688085743130562 -0.027139527782656894 -0.059274706709752017 0.02868642964034511 0.020165323695762235 0.1724946220403013 -0.016155844664198414 0.086761616731610147 0.042944612705389233 0.13480947435397481 0.16894886711564408 0.051334030704920278 0.040333280802082892 -0.035636573117715273 -0.060502093164575173 -0.050597046085491072 0.034786101086659631 0.0066509264777562839 -0.026656170386296082 0.045362475865288451 0.018345067755488196 -0.030499862089470909 0.023568605435748007 -0.071292558322363142 0.084982915898305172 -0.014482472926555573 -0.00078369640406231037 -0.010320333514061376 -0.0001348019288198573 0.026796228914318047 -0.0065697796480586107 0.0097653373941183619 -0.019536658211811404 -0.01611252428553479 -0.038203572367027178 0.030292335251995761
leaf_weight=265 142 14.000000000000002 21 20 43 11.999999999999998 97 23 62 26 17.000000000000004 11.999999999999998 11.999999999999998 14.999999999999998 132 35 15.999999999999998 19 48 11.999999999999998 23 64 107 14.999999999999998 27 13.999999999999998 13.999999999999998 11.999999999999998 40 11.999999999999998 23 12.999999999999998 23 12.999999999999998 13.999999999999998 99 11.999999999999998 20 14.999999999999998 11.999999999999998 41 12.000000000000002 33 11.999999999999998 38 50 17 52 18 39 12.000000000000002 15.999999999999998 25 19 75 26 302 19
leaf_count=265 142 14 21 20 43 12 97 23 62 26 17 12 12 15 132 35 16 19 48 12 23 64 107 15 27 14 14 12 40 12 23 13 23 13 14 99 12 20 15 12 41 12 33 12 38 50 17 52 18 39 12 16 25 19 75 26 302 19
internal_value=-0.00303865 0.00106594 0.0153543 -0.000320618 0.0029907 -0.00807594 0.00149116 0.00348621 -0.00603562 0.00090507 0.00998919 -0.00356727 -0.0128177 0.00530467 -0.00405747 -0.00143723 0.00814745 -0.00750793 0.00162542 0.00307958 0.00526071 0.0118296 0.00804819 -0.00860074 -0.00432942 0.00109757 0.00440353 0.0144302 0.00632168 -0.00176348 0.00926194 0.0194282 0.0176093 0.0242059 0.0237497 -0.00826546 0.00457192 0.0013226 -0.000818969 -0.00781771 0.00136809 0.0107306 0.00700666 -0.000476336 -0.00129717 -0.0137429 0 -0.00343969 0.00737025 0.00191086 0.0121494 0.00987398 0.00634714 -0.00237189 -0.00933091 -0.00286579 -0.0109005 0.0123897
internal_weight=2421 1334 118 1216 602 1087 546 449 760 133 97 614 327 107 602 371 95 627 67 229 194 79 218 560 196 94 69 29 195 52 143 36 56 36 28 231 79 65 231 55 176 39 45 24 137 315 110 75 35 96 84 72 56 58 102 40 364 31
internal_count=2421 1334 118 1216 602 1087 546 449 760 133 97 614 327 107 602 371 95 627 67 229 194 79 218 560 196 94 69 29 195 52 143 36 56 36 28 231 79 65 231 55 176 39 45 24 137 315 110 75 35 96 84 72 56 58 102 40 364 31
is_linear=0
shrinkage=0.0573391


Tree=37
num_leaves=58
num_cat=0
split_feature=82 6 6 101 8 101 82 101 8 82 81 53 81 8 53 81 8 81 10 8 2 10 4 81 81 4 8 8 10 8 10 22 8 101 14 81 81 2 10 8 101 81 2 81 8 10 2 10 10 82 14 10 14 101 101 10 6
split_gain=18.3717 8.02853 5.15634 3.98068 3.11881 2.71894 2.74735 2.71769 1.93754 2.899 3.00298 1.75635 1.55118 1.90578 1.54748 1.52889 1.65235 2.67709 1.59602 1.85424 1.48506 1.31156 1.30589 1.72296 1.2539 1.25029 1.27845 1.39885 1.34055 1.21627 1.41429 2.66763 2.88611 1.95056 1.2119 1.29048 1.186 1.34287 1.17161 1.24322 1.03182 1.02394 0.98246 0.972821 0.960787 0.95046 0.941616 0.92518 1.218 0.824966 0.716816 3.3207 1.23559 0.701528 1.42267 0.673288 0.665998
threshold=12.943750000000003 4.6500000000000012 25.350000000000005 0.87186424585848921 49.520833333333336 1.1108303697120636 5.4812500000000011 1.1008175142382979 47.500000000000007 21.381250000000001 77.437500000000014 2635.0000000000005 61.812500000000007 32.645833333333336 2957.0000000000005 34.437500000000007 76.479166666666671 74.937500000000014 63.572870508723142 62.708333333333336 24.500000000000004 88.329081172081331 4.8500000000000005 31.062500000000004 70.187500000000014 6.5500000000000007 28.604166666666668 21.687500000000004 53.062471661630646 16.687500000000004 25.640420083205324 1.0000000180025095e-35 30.270833333333339 1.0140186544119552 1.0000000180025095e-35 59.062500000000007 48.812500000000007 50.500000000000007 44.656132061319717 73.625000000000014 1.119645629045829 54.291666666666679 6.5000000000000009 68.062500000000014 65.250000000000014 48.107026286666418 41.500000000000007 59.718717138079754 50.337106344880446 15.068750000000001 4.5000000000000009 42.097282031180796 1.0000000180025095e-35 0.98009111622849376 1.0125162200746749 23.986239087597088 12.950000000000001
decision_type=2 2 2 2 2 2 2 2 2 2 2 2 2 2 2 2 2 2 2 2 2 2 2 2 2 2 2 2 2 2 2 2 2 2 2 2 2 2 2 2 2 2 2 2 2 2 2 2 2 2 2 2 2 2 2 2 2
left_child=1 25 3 -2 -4 6 20 11 12 10 47 15 13 -5 -13 55 18 -18 19 29 22 -19 -3 -24 49 42 27 -27 -28 -17 33 50 -33 34 -31 36 37 46 -12 -40 -26 -35 -1 -20 -21 -34 -36 48 -10 -14 51 52 -32 -47 -55 -8 -42
right_child=2 5 4 8 -6 -7 7 -9 9 -11 38 14 24 -15 -16 16 17 21 43 44 -22 -23 23 -25 40 26 28 -29 -30 30 31 32 45 41 35 -37 -38 -39 39 -41 56 -43 -44 -45 -46 53 -48 -49 -50 -51 -52 -53 -54 54 -56 -57 -58
leaf_value=-0.012728602448652064 0.12071647213404284 -0.044014987669992345 0.0050065257440795536 0.066738224250494568 0.239651742228257 -0.06977457525571816 -0.0020219269295800326 0.1571280422336806 0.077896880789215112 0.15249955136161564 0.081210833482956712 0.030309406811979751 -0.0014367500181046041 -0.0013488721257099644 -0.0022827754952494689 -0.051619641924453681 1.1726102295167014 0.020736103019232188 -0.0069475093789186293 0.098403988772029369 -0.046466933479121238 -0.022888628370235399 0.035892962286972412 -0.023862152020255666 -0.0045833803874596492 -0.041806571569167006 -0.095253098009295128 0.040064149370389525 0.0033789474255264918 -0.10437155601346296 -0.069472498367320862 -0.043191716547071816 0.0088119212219657482 0.015416302477796346 0.0019354347058755425 0.015426120361756645 -0.015647717121902251 -0.027295788432401224 -0.0040776443894944558 0.06618894823969125 0.011287925114220455 0.026150761487448815 -0.085489463276820943 -0.073659054722877357 -0.0037439205455211014 -0.013148257201423952 0.01926375612279688 0.17719382739388617 0.027098091676936775 -0.032497439188797682 -0.031386974219659691 0.0087713890007826544 -0.01209977591380881 0.029713265918711845 -0.029117170342303586 0.04583191618958192 0.035030343937146907
leaf_weight=12.999999999999998 18 14.999999999999998 15.999999999999998 18 28 66 26 19 14.999999999999998 33 15.999999999999998 20 28 24 28 69 13.999999999999998 16.000000000000004 11.999999999999998 13.000000000000002 155 11.999999999999998 13.000000000000002 11.999999999999998 162 12.000000000000002 46 17 19 14.999999999999998 75 81 109 14.000000000000002 36 34 52 27 122 11.999999999999998 12.000000000000002 14.999999999999998 298 54 12.999999999999998 23 15.999999999999998 11.999999999999998 22 25 100 36 170 35 18 22 11.999999999999998
leaf_count=13 18 15 16 18 28 66 26 19 15 33 16 20 28 24 28 69 14 16 12 13 155 12 13 12 162 12 46 17 19 15 75 81 109 14 36 34 52 27 122 12 12 15 298 54 13 23 16 12 22 25 100 36 170 35 18 22 12
internal_value=-0.00331212 -0.00610783 0.00563409 0.00407087 0.0244961 -0.00409561 -0.00354753 -0.00250061 0.0031407 0.00701881 0.00440821 -0.0028545 -6.10962e-05 0.0101007 0.00788268 -0.00332013 -0.00377383 0.00737057 -0.00423413 -0.00363565 -0.00985016 -0.00286529 0 0.00802467 -0.00184715 -0.0132373 -0.00744117 0.00256881 -0.0119075 -0.00406017 -0.00346976 -0.00479442 -0.000387877 0.000630829 -0.00159253 -0.000173547 -0.00275718 0.00166884 0.000382024 -0.001369 0.000369739 0.0144302 -0.014989 -0.0128565 0.0114645 0.00356405 0.00705586 0.0167314 0.0122403 -0.00962718 -0.00787078 -0.00638666 -0.00877609 -0.00135751 0.0022711 0.00668823 0.0114643
internal_weight=2415 1840 575 531 44 1435 1369 1174 513 232 199 1155 281 42 48 1107 1059 42 1017 951 195 28 40 25 239 405 94 29 65 925 856 647 266 209 180 165 131 79 150 134 186 29 311 66 26 185 52 49 37 53 381 281 245 76 53 48 24
internal_count=2415 1840 575 531 44 1435 1369 1174 513 232 199 1155 281 42 48 1107 1059 42 1017 951 195 28 40 25 239 405 94 29 65 925 856 647 266 209 180 165 131 79 150 134 186 29 311 66 26 185 52 49 37 53 381 281 245 76 53 48 24
is_linear=0
shrinkage=0.0573391


Tree=38
num_leaves=66
num_cat=0
split_feature=6 82 105 6 78 23 36 36 28 40 14 23 6 78 103 58 79 6 23 28 103 103 26 26 77 36 36 105 103 6 40 105 103 40 103 103 77 26 36 40 6 40 40 103 105 40 49 40 40 103 26 78 36 24 6 6 40 40 40 79 82 28 105 40 5
split_gain=16.4659 4.64312 3.85632 3.72874 2.87309 2.67559 3.52498 3.95448 2.29186 2.70411 2.41055 2.2433 2.08753 1.98303 1.97088 3.22618 2.2565 1.74805 1.71251 1.69195 1.92991 2.00562 1.61173 1.57527 1.55279 1.5991 1.52195 1.46001 1.38433 1.53391 1.73904 1.28985 2.11888 1.89674 1.20446 1.16365 1.15941 1.13258 1.30449 1.27735 1.11883 1.04338 1.04234 0.982815 0.961798 0.95962 0.948172 0.92859 0.926989 0.908222 0.888455 0.882049 0.832271 0.812071 0.802884 0.797908 0.769877 1.00651 1.18957 0.762111 0.707451 1.2669 0.693107 0.677159 0.63463
threshold=7.6500000000000012 19.943750000000005 4.1239153760105749 4.6500000000000012 726.05000000000007 -0.6035533905932734 17.350000000000005 12.450000000000001 0.93301270189221952 5.2500000000000009 2.5000000000000004 -0.3794095225512602 20.350000000000005 872.65000000000009 0.95588075012356211 1.457766492018435 83.125000000000014 9.5500000000000025 1.0000000180025095e-35 0.93301270189221952 0.87381155169842151 0.86468403271927186 -0.22252093395631442 1.0000000180025095e-35 2216.5000000000005 15.550000000000002 18.950000000000003 3.3945693058058275 1.0445808545111601 7.9500000000000011 9.7500000000000018 2.9852341600202195 0.89009650366133952 5.5500000000000007 1.0956715397530277 0.93370712571399839 2187.5000000000005 -0.22252093395631442 13.850000000000003 5.9500000000000011 13.15 15.750000000000002 19.650000000000002 1.092948987526573 4.4501975929165001 8.8500000000000032 92449.000000000015 16.350000000000005 9.4500000000000011 1.0259199894233839 1.0000000180025095e-35 1509.9000000000003 6.9500000000000011 -0.9159756150367534 9.7500000000000018 15.050000000000002 11.550000000000002 13.850000000000003 15.15 104.87500000000001 4.5267857142857153 0.6830127018922193 3.4219242762655635 10.950000000000001 5.7500000000000009
decision_type=2 2 2 2 2 2 2 2 2 2 2 2 2 2 2 2 2 2 2 2 2 2 2 2 2 2 2 2 2 2 2 2 2 2 2 2 2 2 2 2 2 2 2 2 2 2 2 2 2 2 2 2 2 2 2 2 2 2 2 2 2 2 2 2 2
left_child=3 4 11 44 -2 37 7 8 10 12 -7 48 50 -5 40 16 26 -17 31 20 21 -15 34 -21 25 -13 47 45 29 -9 -31 32 -12 62 35 -22 -25 38 39 52 -8 51 -28 49 60 64 -24 -16 -3 53 -10 56 -6 -34 -44 -18 63 -58 -59 -26 -1 -62 -33 -32 -20
right_child=1 2 -4 13 5 6 14 28 9 -11 18 24 -14 19 15 17 55 -19 27 23 22 -23 46 36 59 -27 42 -29 -30 30 41 33 43 -35 -36 -37 -38 -39 -40 -41 -42 -43 54 -45 -46 -47 -48 -49 -50 -51 -52 -53 -54 -55 -56 -57 57 58 -60 -61 61 -63 -64 -65 -66
leaf_value=-0.084866597234004984 -0.089342320106747058 -0.020046338425897401 0.32926228486023712 -0.054341682761171704 0.0084530786832464171 -0.063578283733820601 0.076568762860327558 0.015825103227182561 0.060870952872904296 0.15529648107140906 -0.0145132391276861 -0.034678892631572381 0.1336412478627633 -0.0021309324636592727 0.065513233216798403 0.013892757707371842 0.037801830151621883 -0.034979779973276406 -0.005289863408688378 0.011367617547340643 -0.04955633825149286 0.036489781670474557 -0.0046936680274580252 -0.035334035922913121 0.10268086182710481 0.20086564262634315 -0.059129353080774445 -0.069666496569161823 -0.019681052488760793 -0.027895665895422618 -0.0034937239534993752 0.002532749430377059 0.06807089342542598 -0.023771711758130323 -0.06762926968126691 0.006834384290741311 0.046604748250703966 -0.11830854511653803 -0.025072922828822054 0.0075808116207027034 0.058724464428008813 -0.0264154365121421 0.024592035004639582 -0.00066806821608673386 -0.0085224308924987044 0.020895428427981907 -0.033142141512738331 0.020970367123551902 0.10165767789650262 0.074876095052959349 -0.0063542681469400527 -0.047657255538871859 -0.034368124206118435 0.018948839913994715 0.0064175308353810077 0.099978745302914077 0.0074241341461560272 -0.027421596415018349 0.0085358069416119741 0.12071601657986508 -0.039043348020979647 -0.095969918826718806 0.069390740993435215 -0.023192894793369983 0.0031651029074666924
leaf_weight=177 30 17 13.999999999999998 44 11.999999999999998 43 12.000000000000002 19 20 25 17 13.000000000000002 11.999999999999998 36 18 19 14.999999999999998 30 30 12.999999999999998 13.999999999999998 11.999999999999998 48 22 42 11.999999999999998 26 17 39 43 45 14.000000000000002 35 39 11.999999999999998 78 19 32 67 43 19 21 12.999999999999998 12.999999999999998 14.999999999999998 11.999999999999998 379 34 14.999999999999998 12.999999999999998 13.999999999999998 17 29 28 23 19 114 43 14.999999999999998 18 103 118 14.999999999999998 31 42
leaf_count=177 30 17 14 44 12 43 12 19 20 25 17 13 12 36 18 19 15 30 30 13 14 12 48 22 42 12 26 17 39 43 45 14 35 39 12 78 19 32 67 43 19 21 13 13 15 12 379 34 15 13 14 17 29 28 23 19 114 43 15 18 103 118 15 31 42
internal_value=-0.00280814 0.00142919 0.011686 -0.00804845 0.000325065 0.000768032 0.0019303 8.86242e-05 0.00417132 0.0134855 0.00209148 0.00828171 0.00523406 -0.00542892 0.00819818 0.00608287 0.010305 -0.00666876 0.00406567 -0.00461059 -0.00551594 0.00549378 -0.00651127 0.00509576 0.0131532 0.00114523 0.00643752 -0.00187304 -0.00401509 -0.00286682 -0.00378179 0.00751301 0.011467 0.00134857 -0.00010994 0.00211858 -0.000418689 -0.00560826 -0.00353115 0.00122823 0.0216366 -0.0021651 0.00036936 0.0150101 -0.0123423 0.00122823 -0.00807028 0.0136713 -0.00465709 0.017502 -0.00202248 -0.00118991 -0.00601213 0.0146517 0.00668778 0.0232688 -0.000323548 0.00179994 -0.00434894 0.0181554 -0.0128795 -0.010715 0.0124533 -0.00512959 -0.00127366
internal_weight=2438 1348 131 1090 1217 1187 1004 776 389 71 318 117 46 677 228 197 148 49 275 633 579 48 531 54 85 25 114 101 387 348 329 174 106 68 104 92 41 183 151 84 31 286 62 89 413 84 427 52 32 76 34 265 41 63 36 34 248 172 58 60 398 221 29 76 72
internal_count=2438 1348 131 1090 1217 1187 1004 776 389 71 318 117 46 677 228 197 148 49 275 633 579 48 531 54 85 25 114 101 387 348 329 174 106 68 104 92 41 183 151 84 31 286 62 89 413 84 427 52 32 76 34 265 41 63 36 34 248 172 58 60 398 221 29 76 72
is_linear=0
shrinkage=0.0573391


Tree=39
num_leaves=73
num_cat=0
split_feature=82 7 10 19 82 42 10 36 78 40 7 100 7 19 105 19 40 46 78 46 78 38 3 40 3 10 81 81 105 3 78 10 105 36 38 77 81 100 77 100 77 40 3 19 10 105 46 82 7 36 36 100 7 78 78 78 78 100 40 36 38 77 40 7 19 77 40 38 36 40 40 36
split_gain=13.1889 7.63645 5.31753 3.14989 3.28402 3.13562 3.31805 2.56145 3.5751 2.53118 2.38054 2.27265 4.29341 3.49313 2.80443 2.08394 2.06946 3.83362 2.4295 2.05669 2.14212 2.00504 1.97632 1.92904 1.89252 2.30086 1.75472 1.75144 1.71833 1.60351 1.45463 1.43647 1.43459 1.41426 1.28282 1.23484 2.04497 2.91156 2.35497 1.25103 1.21909 1.51282 1.18175 1.15547 1.14568 1.08813 1.07554 1.02326 1.02315 1.76149 1.98531 0.942124 0.937989 0.936043 1.75903 1.49975 1.14221 0.936979 0.921406 0.919154 0.894971 0.892465 0.891751 0.771166 0.764803 0.764107 0.756457 0.737515 0.699879 0.692667 1.00362 0.655149
threshold=14.075000000000001 4.4500000000000011 50.117646665234993 49.500000000000007 20.993750000000002 3.3992500000000008 19.074201965419924 9.1500000000000004 1095.4000000000003 12.750000000000002 7.5500000000000007 864.9000000000002 11.850000000000003 26.500000000000004 2.6902241857368696 2.5000000000000004 8.6500000000000004 0.15833333333333335 1163.4500000000003 0.075000000000000011 902.75000000000011 35.650000000000013 40.500000000000007 12.65 67.500000000000014 26.383094801297727 67.062500000000014 78.812500000000014 3.2416820017496764 90.500000000000014 1191.7500000000002 16.234635992133995 4.5693348603528383 18.550000000000004 12.950000000000001 2209.5000000000005 83.437500000000014 848.3611111111112 2717.5000000000005 903.01666666666677 1813.5000000000002 17.350000000000005 33.500000000000007 32.500000000000007 52.093073968308396 2.3445534949900977 0.19166666666666668 5.1562500000000009 3.2500000000000004 7.9500000000000011 6.1500000000000012 730.16666666666686 8.5500000000000025 1230.6000000000001 1150.1000000000001 1424.1500000000003 1078.7 806.33333333333337 15.050000000000002 15.450000000000001 21.350000000000005 1802.5000000000002 12.850000000000003 14.450000000000001 42.500000000000007 2418.5000000000005 13.350000000000003 29.150000000000002 9.2500000000000018 12.250000000000002 10.350000000000003 15.850000000000003
decision_type=2 2 2 2 2 2 2 2 2 2 2 2 2 2 2 2 2 2 2 2 2 2 2 2 2 2 2 2 2 2 2 2 2 2 2 2 2 2 2 2 2 2 2 2 2 2 2 2 2 2 2 2 2 2 2 2 2 2 2 2 2 2 2 2 2 2 2 2 2 2 2 2
left_child=1 48 15 4 9 11 64 8 -8 67 42 12 13 31 -13 -2 17 68 19 23 -21 22 -17 -18 25 45 63 34 -19 32 -27 -3 40 -31 -28 46 -37 -38 -39 -40 41 58 47 -6 -32 -10 61 -9 -1 50 -50 -26 -25 54 56 -55 -33 -57 62 -49 -36 -29 -12 -24 -7 -11 -64 -4 -16 70 -42 -44
right_child=2 5 3 -5 43 6 7 10 24 65 29 14 -14 -15 16 21 18 28 -20 20 -22 -23 26 52 51 30 27 35 -30 33 44 53 -34 -35 60 36 37 38 39 -41 69 -43 71 -45 -46 -47 -48 59 49 -51 -52 -53 -54 55 -56 57 -58 -59 -60 -61 -62 -63 66 -65 -66 -67 -68 -69 -70 -71 -72 -73
leaf_value=-0.094527865745958339 -0.050405268934446579 0.031071670701354338 0.028568488285452727 0.25996889052323785 0.19911959483942149 -0.073459190401325009 -0.10995517952308854 -0.040179857094283684 -0.018215093351420807 0.046317834060926551 -0.016177436448370417 -0.055598790355790038 -0.037969893086260774 0.029568541800182181 -0.00084154140068065273 0.075195837159989121 -0.019115404431185101 -0.012129525993310786 -0.024857611747839774 0.0014213896254281931 -0.043010818350932727 -0.048596271739488807 9.4208936274688709e-05 0.022096282967379335 0.038126603889104729 0.16365741568006162 0.01114575565519723 0.10324649749190502 0.15070817482134516 -0.015733066175599685 0.048096333684809464 0.016935522223291012 0.091722956269336658 0.013327793723717687 0.089691560844010559 -0.015074559177290437 -0.014339860640540882 0.096110603824278662 0.086172933881370067 -0.017805041351132908 -0.0019046468947100986 0.019558278587259975 -0.030727224227976194 0.16703246346939662 -0.0016488272714678691 0.0033807594733615189 -0.019781484495989161 -0.023168042756066716 -0.067495677152204503 -0.055653813517565237 0.011439253982175202 -0.0097551651466625221 0.061524829680801404 -0.017748959337153789 0.03124808202324306 0.03695041852330605 -0.061230533083564728 -0.013676171298936802 -0.0076953888748902211 0.013283145405541815 0.022845993893923878 -0.0036166743643131359 0.01627423319123943 -0.016281595326524755 -0.019822345273712988 0.13267425766299965 0.0015400196629402705 -0.016339783426227269 -0.050711612773028131 -0.014902258805797259 0.034210600952880331 -0.018810048656329601
leaf_weight=151 23 13.999999999999998 43 19 12.000000000000002 104 25 19 18.000000000000004 23 39 42 26 21 16.000000000000004 17 21 11.999999999999998 50 17 32 14.999999999999998 19 12.000000000000002 11.999999999999998 11.999999999999998 17 15.999999999999998 28 101 37 13.000000000000002 12.999999999999998 20 15.000000000000002 22 33 28 15.000000000000002 11.999999999999998 71 12.999999999999998 148 14.999999999999998 13.999999999999998 11.999999999999998 14.999999999999998 34 18 144 40 39 18 30 18 12.000000000000002 14.999999999999998 13.999999999999998 17 29 11.999999999999998 33 13.000000000000002 23 21 11.999999999999998 13.999999999999998 12.999999999999998 12.999999999999998 179 36 121
leaf_count=151 23 14 43 19 12 104 25 19 18 23 39 42 26 21 16 17 21 12 50 17 32 15 19 12 12 12 17 16 28 101 37 13 13 20 15 22 33 28 15 12 71 13 148 15 14 12 15 34 18 144 40 39 18 30 18 12 15 14 17 29 12 33 13 23 21 12 14 13 13 179 36 121
internal_value=-0.00280696 -0.00486403 0.00601286 0.0154431 0.011953 -0.00316538 -0.0047066 -0.00364176 0.00281579 0.00674136 -0.00490055 0.00105473 0.00636672 0.0104209 -0.00226264 0.00191117 0.000340208 0.00855826 -0.00344002 0.00171976 -0.00666876 0.00322025 0.00432612 0.00977985 0.00629094 0.0111586 0.00308731 0.005155 0.0200656 -0.00242238 0.017382 0.00652425 -0.000653138 -0.00819749 0.015375 0.00257011 0.00625461 0.0101638 0.0182421 0.00615636 -0.00129078 0.00429988 -0.00854348 0.0295128 0.0131524 -0.00190989 -0.00376209 -0.00251678 -0.0124909 -0.00982106 -0.00138336 -0.00258499 0.019109 0.00415938 0.0102196 -0.000818464 0.0012273 0.00925956 0.00145026 0.00100055 0.0231429 0.000350337 0.00451681 -0.00764359 -0.0135313 0.0188366 0.0125263 -0.000818464 -0.00731338 -0.00316752 0.000481956 -0.0103804
internal_weight=2390 1938 452 137 118 1585 1161 1036 169 91 867 424 163 137 261 315 219 69 150 100 49 292 277 51 144 93 260 218 40 516 63 116 395 121 44 174 110 88 55 27 382 96 351 27 51 30 64 82 353 202 58 51 30 102 46 56 28 26 83 63 27 49 66 42 125 35 27 56 29 286 107 269
internal_count=2390 1938 452 137 118 1585 1161 1036 169 91 867 424 163 137 261 315 219 69 150 100 49 292 277 51 144 93 260 218 40 516 63 116 395 121 44 174 110 88 55 27 382 96 351 27 51 30 64 82 353 202 58 51 30 102 46 56 28 26 83 63 27 49 66 42 125 35 27 56 29 286 107 269
is_linear=0
shrinkage=0.0573391


Tree=40
num_leaves=66
num_cat=0
split_feature=4 103 68 0 68 9 5 5 23 23 0 40 5 9 87 10 4 2 5 2 0 9 38 4 38 5 2 15 15 2 2 10 38 5 103 4 0 0 87 40 0 10 2 2 5 5 9 10 0 0 0 4 40 40 5 40 40 40 23 23 2 2 0 0 0
split_gain=9.91478 6.90306 3.73258 3.98961 3.52288 3.33682 3.15218 3.12332 2.72326 4.81909 2.64039 1.94004 2.25443 2.40245 1.86503 1.70842 2.15251 1.96132 2.91521 1.83479 1.5584 2.5159 1.44112 1.39765 2.03548 2.02273 1.70617 2.03884 1.61211 1.38379 1.38201 1.51537 1.35024 1.25759 1.2059 1.1993 2.02626 1.12535 1.09839 1.05416 1.05361 0.987951 1.19587 1.36098 0.971332 1.3385 0.938244 0.932156 0.90905 0.815279 0.811061 0.797959 0.761358 1.04092 0.726606 0.716415 0.690939 0.69029 0.788024 1.01682 0.688458 0.666561 0.663509 1.08369 0.691052
threshold=6.3500000000000005 0.87006988446018141 1.0000000180025095e-35 58.500000000000007 1.0000000180025095e-35 56.636904761904766 9.5500000000000025 7.3500000000000005 -0.3794095225512602 1.0000000180025095e-35 32.500000000000007 7.3500000000000005 11.550000000000002 29.604166666666668 2.5000000000000004 36.311987391640059 7.0500000000000007 75.500000000000014 7.8500000000000005 88.500000000000014 61.500000000000007 34.360119047619058 13.250000000000002 4.6500000000000012 25.950000000000003 9.9500000000000011 44.500000000000007 3.5000000000000004 2.5000000000000004 50.500000000000007 40.500000000000007 33.526687321542028 21.050000000000004 7.1500000000000012 0.98063898654444015 16.150000000000002 122.50000000000001 39.500000000000007 6.5000000000000009 6.0500000000000007 80.500000000000014 38.836553755353179 46.500000000000007 101.50000000000001 13.250000000000002 12.550000000000002 40.752976190476197 30.198601571084264 89.500000000000014 24.500000000000004 95.500000000000014 14.65 8.9500000000000011 11.050000000000002 5.4500000000000011 6.2500000000000009 5.4500000000000011 7.3500000000000005 -0.6035533905932734 1.0000000180025095e-35 112.50000000000001 25.500000000000004 69.500000000000014 107.50000000000001 50.500000000000007
decision_type=2 2 2 2 2 2 2 2 2 2 2 2 2 2 2 2 2 2 2 2 2 2 2 2 2 2 2 2 2 2 2 2 2 2 2 2 2 2 2 2 2 2 2 2 2 2 2 2 2 2 2 2 2 2 2 2 2 2 2 2 2 2 2 2 2
left_child=4 11 8 6 23 57 22 14 34 10 -10 -2 13 -13 -6 16 -12 29 -19 40 -18 -22 -4 24 47 26 27 28 32 -17 31 -29 -25 -28 54 -21 60 -11 50 -24 -20 61 -43 62 45 49 -31 -1 -46 -36 -23 -45 55 -54 -3 56 -51 58 -5 -60 -37 -39 64 -64 -44
right_child=1 2 3 5 7 -7 -8 -9 9 37 15 12 -14 -15 -16 17 20 18 19 35 21 38 39 25 -26 -27 33 30 -30 46 -32 -33 -34 -35 44 36 -38 41 -40 -41 -42 42 43 51 48 -47 -48 -49 -50 52 -52 -53 53 -55 -56 -57 -58 -59 59 -61 -62 -63 63 -65 -66
leaf_value=-0.068641648442901118 0.10580157689103493 -0.00015161647251596365 0.1029915025454345 -0.050559574686096981 0.0014727390415311956 0.16002138508242611 0.16390073778784109 -0.053353330112173004 0.078325973320903616 0.0036511487646428949 0.015270555037156776 0.0037200081024591639 -0.099348848998006431 0.12099100122878624 0.037593356086599201 0.066223797898818659 -0.0092624539894309871 0.11143920286184029 0.050915673516825612 0.052582885774247808 -0.034848712148342557 0.016831095894952918 -0.027283437923417635 0.012789591970588814 -0.027745953620782023 -0.086940864663095516 -0.025537801118787534 -0.033992116383461793 0.036230839597931316 -0.0012115637706723859 0.0039708733680266341 0.013776468190248322 -0.014342310808752624 0.00037683737978501798 0.0076023757572257497 -0.0023840965841511342 0.097681578972777197 -0.00086327312432856677 -0.010001856325207812 0.11428105527423554 0.020863187348819884 -0.043763635154075706 0.013617766722395125 0.010131870179773874 -0.029896286081996997 0.078266310697533426 -0.052319288114297757 -0.0033407120984784715 -0.0038764834922984355 -0.020515591678540064 -0.021508896963824936 -0.044106554806003853 0.0092206518046257964 -0.0095077931350593548 -0.030156519216950572 -0.031736444545251694 0.019927935911851866 -0.05963832913710021 0.04584146851430565 -0.022117320498079875 -0.028595216367790052 -0.029873018180104349 0.022897714257615623 -0.028275546872729027 -0.019419340485787872
leaf_weight=305 21 15.999999999999998 11.999999999999998 14.999999999999998 22 17 20 13.999999999999998 21 51 20 14.000000000000002 15.999999999999998 14.999999999999998 15.999999999999998 29 72 13.999999999999998 14.000000000000002 26 37 52 14.000000000000002 18.000000000000004 62 62 102 72 17 45 17 15.999999999999998 12.999999999999998 33 11.999999999999998 22 12.999999999999998 14.999999999999998 19 12.999999999999998 12.999999999999998 25 13.999999999999998 12.999999999999998 73 11.999999999999998 14.999999999999998 11.999999999999998 41 60 11.999999999999998 24 38 180 97 50 17 19 32 20 15.999999999999998 135 55 13.999999999999998 36
leaf_count=305 21 16 12 15 22 17 20 14 21 51 20 14 16 15 16 29 72 14 14 26 37 52 14 18 62 62 102 72 17 45 17 16 13 33 12 22 13 15 19 13 13 25 14 13 73 12 15 12 41 60 12 24 38 180 97 50 17 19 32 20 16 135 55 14 36
internal_value=-0.00314454 -0.000620049 -0.00137902 0.00686613 -0.00846495 5.53397e-05 0.0187547 0.00595328 -0.00232103 -0.000181323 0.00390937 0.0175475 0.0108289 0.0203609 0.0144831 0.00291474 -0.000703043 0.00662 0.0114671 0.00815912 -0.00256808 0.00143314 0.00926053 -0.00949349 -0.0119063 -0.00688051 -0.0048577 -0.000711814 0.00907713 0.00019289 -0.00518728 -0.0080788 0.00129348 -0.00955595 -0.00527202 0.0036482 -0.0014608 -0.00489319 0.00697662 0.00190974 0.0210196 -0.00611483 -0.00326268 -0.00139647 -0.00402432 -0.0025949 -0.00477734 -0.0137647 -0.00865052 -0.0032282 0.0105706 -0.0110007 -0.00373936 -0.00168316 -0.0106045 -0.00726845 -0.00379713 -0.00453316 -0.00179657 0.00154296 -0.00814633 -0.00955601 0.00158973 0.00523448 -0.00343936
internal_weight=2427 1646 1580 162 781 103 59 52 1418 822 440 66 45 29 38 419 212 207 118 104 192 120 39 729 379 350 288 153 48 89 105 88 31 135 596 77 51 382 83 27 27 331 181 156 483 369 60 317 114 357 64 37 345 218 113 127 77 86 67 52 38 150 119 69 50
internal_count=2427 1646 1580 162 781 103 59 52 1418 822 440 66 45 29 38 419 212 207 118 104 192 120 39 729 379 350 288 153 48 89 105 88 31 135 596 77 51 382 83 27 27 331 181 156 483 369 60 317 114 357 64 37 345 218 113 127 77 86 67 52 38 150 119 69 50
is_linear=0
shrinkage=0.0573391


Tree=41
num_leaves=70
num_cat=0
split_feature=7 82 8 22 102 41 8 9 10 8 15 9 7 79 78 82 5 9 9 9 5 102 102 2 7 5 78 7 78 82 7 9 15 9 23 102 10 10 41 2 7 23 102 7 41 27 102 82 79 78 2 79 15 23 15 7 9 7 5 79 2 5 5 78 5 9 102 23 102
split_gain=12.3994 7.33845 6.81267 3.55866 5.61531 2.98351 2.54742 2.56682 2.47013 2.39083 3.35586 2.3738 2.02782 1.95098 1.99774 2.1253 1.9246 1.82476 1.67271 1.62111 2.12629 1.52813 1.71211 1.60021 1.68568 1.75989 2.47553 1.47604 1.45187 1.49901 1.45094 1.87627 1.38708 1.37223 1.41688 1.34351 1.65839 1.50652 1.38359 1.26083 1.39409 1.22364 1.2213 1.18695 2.05276 1.88484 1.65452 1.14973 1.12939 1.25561 1.10742 1.07355 1.0418 0.892454 0.859234 0.924007 0.858314 0.849478 0.791337 0.75294 0.735974 0.700444 0.961107 0.687571 0.684009 0.679986 0.670327 0.693933 0.644791
threshold=4.7500000000000009 13.043750000000001 66.250000000000014 1.0000000180025095e-35 84.690555555555576 64.250000000000014 48.229166666666679 29.812500000000004 19.266696922546554 26.062500000000004 6.5000000000000009 32.779761904761912 13.950000000000001 37.125000000000007 997.85000000000014 5.6187500000000012 14.350000000000003 33.071428571428577 47.133928571428577 31.086309523809529 13.350000000000003 84.959444444444458 87.878333333333345 32.500000000000007 11.850000000000003 7.3500000000000005 1241.3000000000002 6.9500000000000011 1245.0500000000004 6.7687500000000016 9.2500000000000018 37.985119047619058 11.500000000000002 40.505952380952387 -0.6035533905932734 80.278888888888915 52.093073968308396 46.149409477600734 36.550000000000004 70.500000000000014 14.65 -0.6035533905932734 88.932777777777787 3.3500000000000001 39.800000000000004 0.68301270189221941 71.28451388888891 9.7187500000000018 46.375000000000007 919.6500000000002 108.50000000000001 43.875000000000007 9.5000000000000018 -0.3794095225512602 7.5000000000000009 8.9500000000000011 42.973214285714292 13.250000000000002 8.7500000000000018 34.625000000000007 79.500000000000014 10.250000000000002 15.950000000000001 1183.5500000000004 7.1500000000000012 36.672619047619058 90.14222222222223 1.0000000180025095e-35 73.843333333333348
decision_type=2 2 2 2 2 2 2 2 2 2 2 2 2 2 2 2 2 2 2 2 2 2 2 2 2 2 2 2 2 2 2 2 2 2 2 2 2 2 2 2 2 2 2 2 2 2 2 2 2 2 2 2 2 2 2 2 2 2 2 2 2 2 2 2 2 2 2 2 2
left_child=43 3 5 8 9 6 21 -8 -2 10 30 -6 17 14 -10 -16 42 41 -4 -9 35 23 -23 -3 -25 39 -27 -18 29 63 31 -5 -30 -19 -35 60 37 38 -37 40 -26 -11 -13 -1 -45 -46 -47 -34 51 65 -22 -31 -44 -24 -29 -56 -36 -7 -28 -17 -21 64 -63 -15 -51 -50 67 -55 -43
right_child=1 2 18 4 11 57 7 19 13 12 -12 16 -14 28 15 59 27 33 -20 20 50 22 53 24 25 26 58 54 32 48 -32 -33 47 34 56 36 -38 -39 -40 -41 -42 68 52 44 45 46 -48 -49 49 61 -52 -53 -54 66 55 -57 -58 -59 -60 -61 -62 62 -64 -65 -66 -67 -68 -69 -70
leaf_value=-0.083554892956546709 -0.060956312040399536 -0.0084545604617827161 0.092524132440048285 -0.034202778549841682 0.1349394044409144 -0.0026486961666008415 0.17233387676593298 -0.013497776282878571 -0.039369006930169183 0.0087246197542416581 0.019093239001920139 -0.064300347545989137 -0.054815323843656033 -0.038355247801932224 -0.0064174690278483862 0.012587063159029344 -0.067105362033838226 0.0022184826313998859 0.22867492810361109 0.086070925576835794 0.016499479548419547 -0.042958373576047378 -0.0069004831663851962 0.06536646407125038 -0.0053345666930035129 0.084790112510256851 0.0079267854384694955 -0.0062069051649353158 -0.029694135609501959 -0.012420753118450374 0.015054513070152318 0.018397250508188953 -0.012213790285902942 0.0036982572376116074 0.024872302009553211 0.0075316713780137733 0.14143199563545614 -0.0041295262693826929 0.080470538016517365 -0.016755946272176379 0.10666042809527883 0.10992231235384103 -0.00028108545560693801 -0.05420234676403228 -0.053023196290975121 0.032346780730723577 -0.024748799574416763 0.033469205559684648 -0.022167720962122068 -0.0016888699369468063 -0.041327641445852888 0.005971036623511638 -0.038229361704851236 0.064359132973606861 0.042173214722240601 0.0024657845103742432 0.11595856069080111 -0.022353441695155799 -0.013387610412259891 0.023708970157376424 0.10200667899642391 -0.023472378484773109 0.00068867647022148191 -0.00032397439664255207 0.010371270946142628 -0.025757594191867513 -0.0061103027991873176 0.00034231931533829866 0.017756124448412808
leaf_weight=170 97 14.999999999999998 36 61 21 12.999999999999998 11.999999999999998 11.999999999999998 12.999999999999998 15.999999999999998 17 71 11.999999999999998 80 37 33 17 73 15.999999999999998 17 21 48 20 17 12.999999999999998 30 18 11.999999999999998 246 12.999999999999998 15.999999999999998 21 18 14.999999999999998 12.000000000000002 13.000000000000002 20 29 12.999999999999998 37 19 23 55 156 59 19 25 17 24 73 11.999999999999998 20 28 18 17 21 15.999999999999998 29 14.999999999999998 12.999999999999998 21 65 75 14.999999999999998 45 37 13.999999999999998 18 11.999999999999998
leaf_count=170 97 15 36 61 21 13 12 12 13 16 17 71 12 80 37 33 17 73 16 17 21 48 20 17 13 30 18 12 246 13 16 21 18 15 12 13 20 29 13 37 19 23 55 156 59 19 25 17 24 73 12 20 28 18 17 21 16 29 15 13 21 65 75 15 45 37 14 18 12
internal_value=-0.00260759 -0.000712785 0.00495668 -0.00283741 0.000877132 0.00287847 0.00423689 0.00978092 -0.00499921 0.00620177 -0.000248999 -0.0055915 0.0103462 -0.00398027 0.00370262 0.00697662 -0.00734222 0.0119823 0.0246971 0.00783833 0.00950363 0.000894519 -0.00408133 0.00447492 0.00627225 0.00408284 0.0110114 0.000769672 -0.00499347 -0.00296306 -0.00432914 -0.00741131 -0.00822311 0.0080071 0.0161325 0.013243 0.00879102 0.00364794 0.0136695 -0.00224307 0.00609036 0.0210218 -0.0108716 -0.0114543 -0.00901014 -0.00272734 0.00625377 0.00245611 -0.00123789 -0.00228264 -0.00329987 0.00885926 -0.00614767 0.00163767 0.00573272 0.00995682 0.0237497 -0.0117388 0.000172712 0.0152051 0.0220268 -0.000533248 -0.00327617 -0.00935453 0.00272079 -0.00968058 0.00573272 0.00987289 0.0270268
internal_weight=2432 2003 546 1457 536 494 452 170 921 294 115 242 179 824 96 83 221 167 52 158 146 282 118 164 149 132 63 67 728 447 98 82 281 116 43 113 75 55 26 69 32 51 154 429 259 103 44 35 352 319 33 33 83 70 50 38 28 42 33 46 38 258 140 95 118 61 50 36 35
internal_count=2432 2003 546 1457 536 494 452 170 921 294 115 242 179 824 96 83 221 167 52 158 146 282 118 164 149 132 63 67 728 447 98 82 281 116 43 113 75 55 26 69 32 51 154 429 259 103 44 35 352 319 33 33 83 70 50 38 28 42 33 46 38 258 140 95 118 61 50 36 35
is_linear=0
shrinkage=0.0573391


Tree=42
num_leaves=60
num_cat=0
split_feature=26 8 8 101 1 101 5 40 101 27 11 101 5 40 28 102 79 101 79 102 101 76 76 11 5 11 11 76 82 82 82 8 11 82 40 40 102 102 101 79 79 105 105 40 105 11 105 105 40 40 101 40 40 40 101 102 40 40 76
split_gain=14.2449 9.80053 5.63699 3.2334 3.65912 2.77809 2.75022 2.5246 2.35897 2.33962 3.74792 2.17403 2.15462 2.10294 2.00757 1.99938 1.72484 2.39933 1.67522 1.66615 1.49955 1.86779 2.37233 1.41128 1.33302 1.58592 1.20639 1.29535 1.28628 1.97591 1.18422 1.16461 1.32608 1.23252 1.29756 2.18802 1.06172 3.00518 1.42709 1.17866 1.49315 1.04978 1.03234 1.29518 1.15662 0.991365 0.981203 1.33347 0.959888 1.0736 0.819308 0.707277 1.15841 0.900212 0.703596 0.699224 1.1132 0.667691 0.655266
threshold=-0.22252093395631442 57.104166666666679 25.750000000000004 0.9995634560312916 40.500000000000007 0.82585094349007215 8.1500000000000004 17.250000000000004 0.85204993172152577 0.25000000000000011 6.1854166666666677 0.96153883123664319 7.3500000000000005 0.25000000000000006 0.93301270189221952 87.252222222222244 34.875000000000007 0.98202580260413075 43.375000000000007 83.810555555555567 1.0549537113551704 1978.5000000000002 2679.5000000000005 1.447916666666667 16.450000000000003 4.0979166666666682 1.9604166666666667 2115.5000000000005 4.8937500000000007 6.8687500000000012 22.256250000000005 34.354166666666679 4.8520833333333346 5.4812500000000011 0.25000000000000006 3.0500000000000003 89.810000000000016 88.932777777777787 1.0531770738793895 84.375000000000014 110.87500000000001 3.7991091584461878 2.5768008503739663 10.950000000000001 3.3889434397023357 4.8104166666666677 3.6709220096724082 3.2927040268158851 7.5500000000000007 5.5500000000000007 0.86295458628706234 15.550000000000002 8.0500000000000025 12.950000000000001 1.011500411272904 75.827222222222233 16.650000000000002 2.0500000000000003 2931.5000000000005
decision_type=2 2 2 2 2 2 2 2 2 2 2 2 2 2 2 2 2 2 2 2 2 2 2 2 2 2 2 2 2 2 2 2 2 2 2 2 2 2 2 2 2 2 2 2 2 2 2 2 2 2 2 2 2 2 2 2 2 2 2
left_child=1 5 14 -3 9 -1 -6 8 -4 10 -5 -9 16 -14 26 20 17 -7 -15 54 21 -13 -23 -18 51 46 50 -28 -29 -30 31 33 -33 -25 -35 57 37 38 39 55 -41 -16 43 48 -44 -27 47 -26 49 -37 -2 52 -10 -54 -19 -20 -57 -36 -31
right_child=2 3 7 4 6 12 -8 11 24 -11 -12 15 13 18 41 -17 23 19 36 -21 -22 22 -24 30 25 45 27 28 29 58 -32 32 -34 34 35 42 -38 -39 -40 40 -42 -43 44 -45 -46 -47 -48 -49 -50 -51 -52 -53 53 -55 -56 56 -58 -59 -60
leaf_value=0.08102608130949937 -0.019128474703668935 -0.022954203866195351 0.52341482405172901 0.11764845835520693 0.095556562282451865 -0.02406078113884326 0.16097519419656711 0.076530366486440335 -0.01650902221094086 -0.0065546963269417207 -0.013511808429282842 0.043125226816973943 -0.044515795566875571 0.062437927146462645 0.0090842611382880682 -0.043303822772403543 -0.071077698517277882 0.035517600730714124 -0.021257505400017106 -0.022267618809804338 -0.023432933322389816 -0.0086964051703622355 0.023149322954496676 -0.041663768690668006 -0.039981664810560785 0.027817332025440657 -0.035569712691350681 -0.038682141872754788 0.015783746809482167 -0.017568395584732097 0.094091304636756329 -0.014707125961395671 0.00623335001937268 -0.053499435712563763 0.011313709513930752 0.01131460448890838 -0.0022811344051834373 0.083554306357445693 -0.018442351014268429 0.062454511709428472 -0.015501626735082154 -0.028230911142708256 -0.014585988324877314 -0.008777836815271868 0.0040219795109393474 0.0013966552399629359 -0.040687848279900199 0.0048405742039182428 0.04346696642893659 -0.0043958818881035238 -0.075236610821720229 -0.00043938840017031792 -0.055291469082551413 -0.011291519950442197 0.0036796259071440155 0.024137348680402411 -0.0078727159535809232 0.02480987396552024 -0.073099347940251011
leaf_weight=17 12.999999999999998 15.999999999999998 17 15.000000000000002 11.999999999999998 20 45 12.999999999999998 167 22 11.999999999999998 14.999999999999998 14.999999999999998 11.999999999999998 20 24 37 35 15.999999999999998 11.999999999999998 18 25 13.999999999999998 13.999999999999998 18 14.999999999999998 135 42 43 39 14.999999999999998 164 32 19 12.000000000000002 12.000000000000002 41 15.999999999999998 27 87 12.999999999999998 13.999999999999998 108 48 13.999999999999998 90 59 42 22 15.999999999999998 311 44 98 89 12.999999999999998 58 27 14.999999999999998 18
leaf_count=17 13 16 17 15 12 20 45 13 167 22 12 15 15 12 20 24 37 35 16 12 18 25 14 14 18 15 135 42 43 39 15 164 32 19 12 12 41 16 27 87 13 14 108 48 14 90 59 42 22 16 311 44 98 89 13 58 27 15 18
internal_value=-0.00271431 0.00229027 -0.00654648 0.0175768 0.0212034 0.000299814 0.0310808 -0.00317352 -0.00454936 0.00971096 0.0210196 0.00489172 -0.000124614 0.00374893 -0.0105196 0.00191086 -0.00211242 0.00573316 0.00480703 0.0114664 0.00668867 0.0114662 0.00485034 -0.00330125 -0.0051254 -0.00158688 -0.0112864 -0.00850746 -0.00468365 -0.00114639 -0.00248733 -0.00298732 -0.00637719 -0.000614218 0.000258541 0.00136948 0.00392302 0.00535768 0.00367149 0.00533425 0.00974687 0.00303421 -0.000521102 0.00386109 -0.00404151 0.00354909 -0.00611887 -0.00095502 0.0103194 0.00327479 -0.013662 -0.0071168 -0.00796897 -0.0110688 0.0162438 0.000964737 0.00303504 0.0167729 -0.00814695
internal_weight=2442 1059 1383 122 106 937 57 748 639 49 27 109 920 312 635 96 608 80 297 60 72 54 39 528 622 224 601 277 142 100 491 476 196 280 266 247 285 244 228 201 100 34 220 98 122 105 119 60 50 28 324 398 354 187 48 101 85 27 57
internal_count=2442 1059 1383 122 106 937 57 748 639 49 27 109 920 312 635 96 608 80 297 60 72 54 39 528 622 224 601 277 142 100 491 476 196 280 266 247 285 244 228 201 100 34 220 98 122 105 119 60 50 28 324 398 354 187 48 101 85 27 57
is_linear=0
shrinkage=0.0573391


Tree=43
num_leaves=55
num_cat=0
split_feature=24 8 53 8 5 101 24 24 102 6 102 104 8 5 8 78 101 12 40 12 12 102 8 46 40 46 40 46 102 105 102 15 46 8 24 24 105 102 15 78 6 46 5 102 105 19 102 101 15 19 102 12 19 101
split_gain=13.3861 7.48342 4.95974 5.8109 3.48489 3.03881 2.76941 3.81613 3.10757 2.74416 2.76551 2.33482 2.20439 2.65513 2.08499 1.88371 1.66843 1.6052 1.51465 1.94297 1.70416 1.51951 1.50085 1.47673 1.42802 1.4067 1.65599 1.40338 1.37083 1.21341 2.01256 1.2084 2.27242 1.61587 1.18883 1.22354 1.36564 1.18163 1.15867 1.1486 1.47334 1.04505 2.30172 1.8266 1.03367 0.910675 0.870062 0.818389 0.9091 4.05616 0.814084 0.799445 0.746125 0.641447
threshold=-0.78656609248549325 16.270833333333339 2006.0000000000002 69.312500000000014 14.15 0.99884953747512051 -0.98296291314453399 -0.9159756150367534 83.698888888888902 23.850000000000005 71.28451388888891 34.805546132866695 25.395833333333339 6.7500000000000009 47.979166666666679 1860.5000000000002 0.98009111622849376 3.20327380952381 12.65 2.9005952380952391 3.2244047619047622 81.268333333333331 51.062500000000007 0.14166666666666669 3.6500000000000008 0.041666666666666671 12.15 0.10833333333333335 71.694444444444457 3.9784118899338465 83.190000000000012 10.500000000000002 0.041666666666666671 58.250000000000007 -0.9159756150367534 -0.98296291314453399 4.0297809603103794 72.448888888888902 9.5000000000000018 1092.4000000000003 6.8500000000000005 1.0000000180025095e-35 4.1500000000000012 82.427222222222227 3.209363656249931 21.500000000000004 75.827222222222233 1.0181571318831322 6.5000000000000009 36.500000000000007 81.121666666666684 3.7324404761904768 11.500000000000002 0.86332168915702812
decision_type=2 2 2 2 2 2 2 2 2 2 2 2 2 2 2 2 2 2 2 2 2 2 2 2 2 2 2 2 2 2 2 2 2 2 2 2 2 2 2 2 2 2 2 2 2 2 2 2 2 2 2 2 2 2
left_child=1 17 3 4 6 -4 16 8 14 10 -5 -6 -2 22 15 28 53 41 19 -13 -20 -22 -14 -7 51 26 -10 47 -8 -12 -31 33 44 37 35 -23 -37 -9 -29 -30 -41 -1 43 -43 -33 -16 -39 48 52 -50 -42 -21 -18 -3
right_child=12 2 5 9 11 23 7 31 25 -11 29 18 13 -15 45 -17 27 -19 20 24 21 34 -24 -25 -26 -27 -28 38 39 30 -32 32 -34 -35 -36 36 -38 46 -40 40 50 42 -44 -45 -46 -47 -48 -49 49 -51 -52 -53 -54 -55
leaf_value=-0.055839268898085714 -0.073037412832199042 -0.003480029928969214 0.05086426997848268 0.59242123262598556 -0.077108264392675263 -0.013832596341220752 0.03997463818778129 0.0031758258097718071 -0.0017824529543290267 0.30369459725322762 0.069016821303124892 0.054494389220396677 -0.012954542771989886 -0.041806142701053046 0.12598709181085899 0.076475006033094761 0.035032015042906837 0.0063236722209867313 -0.061251291043025805 0.016218704042380322 0.017784475387797451 -0.029325102340503499 0.010899955388599671 0.015379515391303283 -0.029648601089805802 -0.007736736627856569 0.029128825637641222 -0.020132426549324095 -0.017111359551998474 -0.052880844815143289 0.084712906703333368 0.028954006697671206 0.059094021281022896 0.086656388761669145 -0.016846947677403641 0.017646398850391223 -0.0019288611367444179 -0.027253639817929064 0.053516977544845121 0.051854471686159309 -0.00012629323154022694 0.023557585311116454 -0.052695266752270035 -0.12239708065987599 -0.050885652573626393 0.10085592811635623 -0.0077319850071663823 0.0045116030094987077 0.028270454175917784 -0.014585347650004311 0.047662035763474914 -0.04595384332948927 -0.025712805138186703 -0.04401763211629129
leaf_weight=111 227 12.999999999999998 32 11.999999999999998 66 22 35 52 42 15.999999999999998 15.999999999999998 11.999999999999998 150 162 26 14.999999999999998 26 28 13.999999999999998 18.000000000000004 14.999999999999998 29.999999999999993 43 13.999999999999998 149 42 34 67 15.999999999999998 22 21 14.999999999999998 20 28 31 33.000000000000007 15.999999999999998 17 17 13.999999999999998 52 13.000000000000002 66 15.999999999999998 18 21 217 55 26 56 28 11.999999999999998 45 51
leaf_count=111 227 13 32 12 66 22 35 52 42 16 16 12 150 162 26 15 26 28 14 18 15 30 43 14 149 42 34 67 16 22 21 15 20 28 31 33 16 17 17 14 52 13 66 16 18 21 217 55 26 56 28 12 45 51
internal_value=-0.00243363 -2.81357e-05 0.00137339 0.000700329 -0.000166753 0.0165256 0.00156475 0.00367891 0.00820368 0.0150915 0.0102553 -0.00474916 -0.0100096 -0.00718739 0.0124369 0.00931713 -0.0025447 -0.0096052 -0.00277994 -0.00609384 0.0017735 0.00389865 -0.0026439 0.00509523 -0.00759145 0.000777164 0.00543136 -0.000706795 0.00731522 0.00514983 0.000132551 -0.000328004 0.00767998 -0.00167987 0.00156342 0.00529769 0.010881 -0.00296703 -0.00696183 0.00416964 0.00658722 -0.0113561 -0.00694036 0.00652261 -0.00156256 0.0230547 -0.00470451 0.00181921 -0.00033706 0.00377537 0.00358307 0.00382091 -0.00508704 -0.010929
internal_weight=2415 1833 1599 1531 1444 68 1048 692 325 87 71 396 582 355 207 160 356 234 330 191 139 125 193 36 179 118 76 292 145 59 43 367 53 314 110 79 49 286 84 110 94 206 95 29 33 47 234 208 153 82 80 30 71 64
internal_count=2415 1833 1599 1531 1444 68 1048 692 325 87 71 396 582 355 207 160 356 234 330 191 139 125 193 36 179 118 76 292 145 59 43 367 53 314 110 79 49 286 84 110 94 206 95 29 33 47 234 208 153 82 80 30 71 64
is_linear=0
shrinkage=0.0573391


Tree=44
num_leaves=54
num_cat=0
split_feature=24 8 103 15 8 104 8 80 5 104 103 80 100 46 104 100 5 104 12 5 80 105 5 104 103 103 36 12 100 12 100 5 8 36 8 5 8 100 8 103 100 100 100 12 100 24 80 80 12 100 5 100 36
split_gain=9.86238 6.60078 3.51642 3.38652 3.34592 2.83161 4.086 3.08471 2.68263 3.04627 2.64517 2.58606 3.12701 2.30773 2.35159 2.17933 2.09293 1.67872 2.02511 1.64127 1.61258 1.52309 1.46449 1.73324 1.45678 3.40529 1.83964 1.75059 1.62319 1.50616 1.46966 1.51076 1.45559 1.35044 1.29135 1.21165 1.19295 2.95918 3.03439 1.06164 1.0426 0.994996 0.964135 0.951873 0.928554 0.902504 0.827767 1.41623 0.816975 0.808428 1.95458 0.759398 0.754542
threshold=-0.78656609248549325 16.270833333333339 0.87006988446018141 11.500000000000002 25.395833333333339 34.073502635590934 58.541666666666679 12.462500000000002 10.550000000000002 25.531339368455487 0.9278933608540979 17.412500000000005 953.75000000000011 1.0000000180025095e-35 22.596050493235676 945.07222222222231 8.3500000000000032 26.93882067175624 2.6574404761904766 5.8500000000000005 5.2708333333333348 1.9886362441627161 14.65 38.134626718052829 1.0634447149697153 1.0390269674223138 16.650000000000002 3.2193452380952388 829.49444444444464 3.9389880952380958 706.13430059523819 7.1500000000000012 48.937500000000007 12.850000000000003 40.312500000000007 14.450000000000001 49.770833333333336 771.21666666666681 28.062500000000004 1.0529274122465357 766.84690799396697 868.25555555555559 769.99897316538897 3.4782738095238099 880.71666666666681 -0.9159756150367534 21.387500000000003 19.887500000000006 3.8732142857142859 949.12777777777785 12.050000000000002 850.19444444444446 9.6500000000000004
decision_type=2 2 2 2 2 2 2 2 2 2 2 2 2 2 2 2 2 2 2 2 2 2 2 2 2 2 2 2 2 2 2 2 2 2 2 2 2 2 2 2 2 2 2 2 2 2 2 2 2 2 2 2 2
left_child=1 13 8 10 -2 -5 22 -8 9 -3 33 17 15 -1 44 32 20 18 21 34 43 -12 23 -7 25 26 28 -28 30 -29 -21 -32 45 36 -19 -27 37 38 -4 -22 -33 42 -20 -6 -15 -13 47 -34 -18 51 -51 -26 -25
right_child=4 2 3 5 16 6 7 -9 -10 -11 11 12 -14 14 -16 -17 48 19 41 24 39 -23 -24 52 49 35 27 29 -30 -31 31 40 46 -35 -36 -37 -38 -39 -40 -41 -42 -43 -44 -45 -46 -47 -48 -49 -50 50 -52 -53 -54
leaf_value=-0.053761589544044933 -0.065491671879158941 0.000861777812423213 -0.079683386972047937 0.097223927782146238 -0.037822760625645165 -0.014735466346930551 0.012976494062200247 0.21257771519509822 -0.047747345378967798 0.08990468459354245 0.008154675607382136 0.047522526545025146 -0.040961115854765147 0.016846411354579059 -0.049855870429199166 0.13315079402005864 -0.058012856036462036 -0.024810577564075037 0.0063705625950670804 -0.0074456831279504651 -0.0043934842858628399 -0.11730952202760014 -0.028125501084807637 0.0012815314431546057 -0.010746863567792109 0.024026611856721072 -0.058590875302935323 0.01462252648853634 -0.01242864655440374 -0.0013257908018329695 0.05102530022811317 0.10461087705904568 0.0333869502467967 -0.057327325834382638 0.024875292719147953 0.038871748041309509 -0.022749970280470426 -0.041579125547370123 0.032163074964043054 -0.041206321907729465 -0.011743408525872818 -0.0022172766251627209 0.061044455181591011 0.050708268451006608 -0.079000515964067458 -0.017341226386685647 0.087110656463558658 -0.020447952455507311 -0.018078939500457844 0.0079808012928717018 -0.037389645352737498 -0.055288888475627358 0.090827926849252741
leaf_weight=118 239 21 13.999999999999998 11.999999999999998 14.999999999999998 23 19 23 21 27 21 53 26 23 53 18 79 55 14.999999999999998 38 184 21 33 18 32 25 12.999999999999998 147 348 70 11.999999999999998 32 51 39 11.999999999999998 11.999999999999998 26 35 20 33 39 15.999999999999998 28 20 12.999999999999998 22 34 17 43 22 18 54 15.999999999999998
leaf_count=118 239 21 14 12 15 23 19 23 21 27 21 53 26 23 53 18 79 55 15 38 184 21 33 18 32 25 13 147 348 70 12 32 51 39 12 12 26 35 20 33 39 16 28 20 13 22 34 17 43 22 18 54 16
internal_value=-0.00249938 -0.0003653 0.000882668 0.000311235 -0.00878315 0.00868 0.0062547 0.0210213 0.0135439 0.0210216 -0.000558876 0.000261229 0.00588931 -0.00999934 -0.00302749 0.00837996 -0.00539647 -0.000946338 0.00607393 -0.00170964 -0.00241171 -0.00354838 -0.000636696 0.00492817 -0.00103765 -6.22798e-05 -0.0009597 0.0032407 -0.00301968 0.00446533 0.00270072 0.00697662 0.00644624 -0.00821522 -0.0103541 0.0168888 -0.0045262 -0.000581177 0.0114653 -0.00425395 0.00379497 0.012924 0.0174658 0.0090083 0.00828034 0.000381789 0.0109049 0.00725073 -0.0115611 -0.00673456 0 -0.00986675 0.0131515
internal_weight=2418 1805 1598 1529 613 144 132 42 69 48 1385 1251 221 207 89 195 374 1030 101 929 252 42 90 57 862 736 699 230 469 217 121 83 177 134 67 37 95 69 34 217 71 59 43 35 36 75 102 68 122 126 40 86 34
internal_count=2418 1805 1598 1529 613 144 132 42 69 48 1385 1251 221 207 89 195 374 1030 101 929 252 42 90 57 862 736 699 230 469 217 121 83 177 134 67 37 95 69 34 217 71 59 43 35 36 75 102 68 122 126 40 86 34
is_linear=0
shrinkage=0.0573391


Tree=45
num_leaves=71
num_cat=0
split_feature=82 23 12 104 4 4 9 26 41 36 41 36 104 4 36 78 36 9 36 36 41 80 4 80 36 12 12 36 12 12 9 78 72 9 4 5 9 9 9 23 23 14 36 4 9 9 9 12 12 9 4 78 80 80 80 26 80 9 104 41 4 104 36 36 36 36 12 80 80 9
split_gain=11.1248 5.3179 4.2738 2.79842 3.04041 2.40928 2.17457 2.08248 1.8944 1.87884 4.72428 1.81536 1.96445 2.13336 1.95996 1.59478 1.91298 2.03462 1.74424 1.5815 1.51972 1.49258 2.53264 2.7344 1.7517 2.18506 2.97522 1.89739 2.27436 1.62985 1.55451 1.43001 1.39015 2.90294 1.33793 1.31427 1.30188 1.2852 1.58382 1.14794 1.29138 1.13192 1.11421 1.18376 1.11181 1.21851 1.14365 1.09762 1.1961 1.09427 1.09131 1.45832 1.32243 1.07565 1.28064 1.07264 1.06951 0.902121 0.894265 1.44312 1.27439 1.21776 1.97834 0.932942 0.909333 0.882647 0.683306 0.658728 0.768469 0.636167
threshold=10.381250000000003 -0.6035533905932734 2.5991071428571435 24.862892538471261 4.9500000000000011 12.250000000000002 52.773809523809526 -0.22252093395631442 68.200000000000017 17.850000000000005 40.150000000000006 4.1500000000000012 27.08903251725037 4.0500000000000007 13.450000000000001 1095.4000000000003 9.4500000000000011 35.324404761904766 7.0500000000000007 12.550000000000002 21.400000000000002 21.387500000000003 17.350000000000005 22.250000000000004 18.050000000000004 2.7949404761904768 2.3127976190476196 10.15 4.154761904761906 3.8895833333333334 34.044642857142868 1769.7000000000003 2.5000000000000004 30.595238095238098 13.450000000000001 3.6500000000000008 39.389880952380956 43.157738095238102 39.389880952380956 1.0000000180025095e-35 -0.3794095225512602 2.5000000000000004 20.150000000000002 11.750000000000002 31.086309523809529 39.389880952380956 34.940476190476197 3.6755952380952386 3.9973214285714289 39.598214285714292 11.65 1042.2 8.7625000000000011 19.487500000000004 10.912500000000003 -0.22252093395631442 24.187500000000004 23.285714285714288 30.421976279544648 23.200000000000003 7.9500000000000011 41.255918228883566 12.950000000000001 11.15 19.050000000000004 15.950000000000001 3.1151785714285722 8.8125000000000018 7.5875000000000012 36.184523809523817
decision_type=2 2 2 2 2 2 2 2 2 2 2 2 2 2 2 2 2 2 2 2 2 2 2 2 2 2 2 2 2 2 2 2 2 2 2 2 2 2 2 2 2 2 2 2 2 2 2 2 2 2 2 2 2 2 2 2 2 2 2 2 2 2 2 2 2 2 2 2 2 2
left_child=1 7 41 19 -5 8 21 47 11 15 37 -2 13 -13 20 50 17 18 -17 32 -15 24 23 -23 25 26 -7 28 44 30 -29 39 -4 -34 -32 -22 -26 38 -11 40 -18 -3 43 58 -27 46 -46 -1 -49 -41 55 52 -52 54 -36 -6 -24 -43 60 -60 -14 62 63 -61 65 -64 -20 68 -12 -57
right_child=5 2 3 4 9 6 -8 -9 -10 10 67 12 42 14 -16 16 31 -19 66 -21 35 22 56 -25 36 27 -28 29 -30 -31 34 -33 33 -35 53 -37 -38 -39 -40 49 -42 57 -44 -45 45 -47 -48 48 -50 -51 51 -53 -54 -55 -56 69 -58 -59 59 61 -62 -63 64 -65 -66 -67 -68 -69 -70 -71
leaf_value=-0.019547847718445841 -0.058071810345509921 -0.068204722644206586 -0.032232603159231654 -0.049938331509988249 0.010253672538848057 -0.006756867909951678 0.20776767859356085 -0.057372873941917452 -0.019220966573543125 -0.027668600861893395 0.019064827802985324 -0.085521199475296655 0.00069571123723478543 -0.0029559165237245531 -0.051670857843625947 -0.0030837081114680484 -0.011001762126754501 -0.0017409479771534817 0.031368735281427307 0.01679353241848747 0.0062674862298872144 0.17991350820395566 0.077766048039225016 -0.016360420759742381 0.039249096645553344 -0.018430464187174856 0.1076131189586385 -0.025583061994926083 0.09098736757036445 -0.035398292943466116 0.060321568510401311 -0.09576347077541135 0.041475046907170271 -0.023314796451312007 -0.052117824203168607 0.080883316301630828 0.030071319802423172 -0.025290219927768549 0.028966072315973351 -0.025367176662180455 0.011736251460173238 -0.023402992389449543 0.087501061023284213 -0.023483620813120547 0.044779286289068215 -0.019664259508838038 0.044435312553624255 0.0070197177665926713 -0.036254860500551697 0.018087713996155708 0.025799320250734781 -0.059721452946634987 -0.015050876365197608 -0.03088324741489944 0.0059474219153031012 -0.058275298334502672 0.17248399255015057 -0.00055300150851232547 -0.010781110926696764 0.020943871771707801 -0.0068255319820274213 -0.020902406291333091 -0.0021905439772979532 0.054834626099803579 -0.0047262041125763063 0.031728744297457021 0.0065913257128680808 0.0055325154856543882 0.018368741277504336 -0.016427137152390598
leaf_weight=136 23 98 18 68 14.999999999999998 13.000000000000002 19 342 26 43 12.000000000000002 12.999999999999998 22 11.999999999999998 12.999999999999998 23 104 54 27 15.999999999999998 19 15.999999999999998 21 29 19 11.999999999999998 15.999999999999998 41 11.999999999999998 31 11.999999999999998 21 16.000000000000004 14.999999999999998 12.999999999999998 42 32 15.999999999999998 20 83 89 12.999999999999998 19 21 14.000000000000002 14.999999999999998 12.999999999999998 21 25 24 15.000000000000002 19 12.999999999999998 14.999999999999998 59 56 13.999999999999998 32 26 24 56 17 45 17 12.999999999999998 38 12.999999999999998 13.999999999999998 13.999999999999998 87
leaf_count=136 23 98 18 68 15 13 19 342 26 43 12 13 22 12 13 23 104 54 27 16 19 16 21 29 19 12 16 41 12 31 12 21 16 15 13 42 32 16 20 83 89 13 19 21 14 15 13 21 25 24 15 19 13 15 59 56 14 32 26 24 56 17 45 17 13 38 13 14 14 87
internal_value=-0.00227557 -0.00516122 -0.00278405 -0.00131331 -0.00221061 0.00295337 0.00609213 -0.00987006 2.56363e-05 -0.00117382 0.00544432 0.000955561 0.00186305 0.00886075 0.0121335 -0.00239872 -0.000445017 0.00583141 0.0128316 0.0101434 0.0157864 0.00518493 0.0121834 0.00318444 0.00341849 0.00155188 0.0164071 -0.000265985 0.00799166 -0.00345347 -0.000818864 -0.00273284 0.00503065 0.0123897 0.00306919 0.0194557 0.0131524 -0.00268492 0.00100055 -0.00172004 0.000920794 -0.0119885 -0.000461672 -0.00137682 0.00297227 0.00737057 0.0146496 -0.00491447 0.0027413 -0.00648355 -0.00657271 0.00109716 0.00941727 0.000592745 0.00350337 -0.00885443 0.0237507 -0.00445851 -0.000311007 0.00191107 -0.00543912 0.00402085 0.00581718 0.01636 0.00131361 0.00352265 0.0200656 0.0214989 0.0268993 -0.0103846
internal_weight=2424 1562 1038 895 830 862 416 524 446 762 119 420 397 99 86 643 438 117 63 65 73 397 80 45 317 266 29 237 66 171 140 321 49 31 99 61 51 79 63 300 193 143 298 279 54 42 27 182 46 107 205 47 28 87 72 158 35 45 258 180 78 154 137 41 96 83 40 40 26 143
internal_count=2424 1562 1038 895 830 862 416 524 446 762 119 420 397 99 86 643 438 117 63 65 73 397 80 45 317 266 29 237 66 171 140 321 49 31 99 61 51 79 63 300 193 143 298 279 54 42 27 182 46 107 205 47 28 87 72 158 35 45 258 180 78 154 137 41 96 83 40 40 26 143
is_linear=0
shrinkage=0.0573391


Tree=46
num_leaves=54
num_cat=0
split_feature=23 11 11 14 23 23 8 8 2 2 11 76 76 14 81 81 38 14 81 78 2 2 81 81 81 78 76 28 11 78 81 14 2 53 2 41 11 38 78 76 2 2 11 41 76 78 78 28 78 78 41 41 78
split_gain=9.0785 6.54112 4.97248 4.03955 2.73786 6.77681 2.62573 2.3095 1.94786 1.8231 1.78305 1.78189 1.71652 1.62241 2.2989 1.53362 2.08857 2.79178 1.90393 1.44686 1.75997 1.41278 1.33705 1.44927 1.30076 1.44827 1.97804 2.42938 1.18503 1.1797 1.17408 1.15047 1.33857 1.0653 1.00774 0.978631 0.963475 1.6047 0.933269 0.893702 0.875786 1.47072 0.810145 0.800095 0.71736 0.709233 0.715353 0.669979 0.643032 1.06988 0.624897 0.697291 0.621443
threshold=-0.6035533905932734 1.5250000000000001 2.4520833333333338 1.0000000180025095e-35 1.0000000180025095e-35 -0.3794095225512602 66.687500000000014 27.354166666666668 129.50000000000003 98.500000000000014 5.1895833333333341 2218.5000000000005 2607.0000000000005 1.5000000000000002 43.187500000000007 45.133928571428577 14.250000000000002 1.5000000000000002 35.791666666666679 2282.7000000000003 92.500000000000014 73.500000000000014 34.687500000000007 96.687500000000014 76.312500000000014 1108.6500000000003 2296.5000000000005 -0.9330127018922193 1.9333333333333333 884.60000000000014 101.93750000000001 5.5000000000000009 43.500000000000007 1669.0000000000002 96.500000000000014 19.600000000000005 1.6708333333333336 14.15 2358.2000000000003 2078.5000000000005 79.500000000000014 69.500000000000014 3.2479166666666672 65.350000000000009 1806.5000000000002 1026.4000000000003 919.6500000000002 -0.68301270189221952 1374.7000000000003 1648.4500000000003 23.200000000000003 58.500000000000007 1326.3500000000001
decision_type=2 2 2 2 2 2 2 2 2 2 2 2 2 2 2 2 2 2 2 2 2 2 2 2 2 2 2 2 2 2 2 2 2 2 2 2 2 2 2 2 2 2 2 2 2 2 2 2 2 2 2 2 2
left_child=2 15 -1 7 5 10 8 -3 9 19 21 -11 -13 42 39 16 -2 -18 -19 20 22 29 -7 35 25 45 -27 -28 36 -5 -25 32 -16 43 -8 -24 -6 -38 48 44 41 -12 -4 -30 -15 46 -9 -29 52 -50 -37 -52 -31
right_child=1 3 13 4 28 6 34 24 -10 11 40 12 -14 14 31 -17 17 18 -20 -21 -22 -23 23 30 -26 26 27 47 33 38 -32 -33 -34 -35 -36 50 37 -39 -40 -41 -42 -43 -44 -45 -46 -47 -48 -49 49 -51 51 -53 -54
leaf_value=-0.071190445644763428 -0.05242314220603668 -0.072047193701442344 -0.049589767039644662 -0.012654934319889536 -0.0066195365776514636 0.050632246906467712 0.12375945381520466 -0.019528350548196901 0.10010933846934221 -0.01993393624545866 0.049400808967704893 0.052974572415007332 -0.0084838784351847028 0.010021348807446793 0.007335274296863278 -0.052099764929428222 -0.070803800968757991 -0.0050520353240352213 0.015735671573345104 0.053711176212123207 0.051752307994895407 -0.020115836654132347 0.021184280014837655 0.13712667920078705 0.01351409900608729 0.050933452944382396 0.0066875882999891103 -0.0904266504170185 -0.0054193310010514726 0.0015216860278289776 0.018913181665768705 -0.062607994863496011 -0.0057204364099402976 0.0091103031370618863 0.20223723080269843 -0.024512778245017408 -0.0039780656189718801 0.0088568280685326888 0.022693379774467514 0.023252413158837398 0.043113835701763588 -0.021064394020389985 -0.008026972166647519 -0.02262150286074421 -0.012355605629713143 -0.075477321463985392 0.0037711710257179384 -0.014402412998391163 -0.0043311765348925061 0.0074613477060971323 0.011061757376390339 -0.0084972470519470225 0.048099201944448465
leaf_weight=212 49 73 50 19 17 11.999999999999998 17 31 11.999999999999998 38 35 15.999999999999998 23 14.000000000000002 25 88 27 35 21 15.999999999999998 19 98 18 13.000000000000002 11.999999999999998 20 11.999999999999998 15.999999999999998 340 167 13.999999999999998 76 152 21 21 20 12.000000000000002 18 11.999999999999998 19 50 15.999999999999998 31 20 11.999999999999998 26 11.999999999999998 56 38 24 195 26 12.999999999999998
leaf_count=212 49 73 50 19 17 12 17 31 12 38 35 16 23 14 25 88 27 35 21 16 19 98 18 13 12 20 12 16 340 167 14 76 152 21 21 20 12 18 12 19 50 16 31 20 12 26 12 56 38 24 195 26 13
internal_value=-0.00209384 -0.00010605 -0.00827573 0.00115526 0.00240315 0.00414657 0.0090993 -0.00542254 0.00779904 0.00713226 -0.000680217 -0.000818646 0.00779047 -0.0043419 -0.00238577 -0.00938242 -0.00547284 6.8674e-05 0.00737097 0.00897085 0.00812131 -0.00251909 0.0070421 0.00625496 -0.00201439 -0.00328098 0.000992041 -0.0028664 -0.00139319 -0.000398934 0.0188962 -0.00450986 -0.00197585 -0.00245297 0.0235355 0.0049367 0.00719648 0.013376 0.00063194 0.00955481 0.00607393 0.000786278 -0.0115375 -0.00318537 0.00264467 -0.00972159 -0.00519919 -0.00684794 -0.000142022 -0.0051781 0.00397308 0.00485152 0.00159253
internal_weight=2429 1838 591 1618 1360 932 460 258 422 410 472 77 39 379 298 220 132 83 56 333 317 371 298 286 185 173 104 84 428 273 27 253 177 381 38 259 47 30 254 45 101 51 81 360 26 69 43 72 242 62 241 221 180
internal_count=2429 1838 591 1618 1360 932 460 258 422 410 472 77 39 379 298 220 132 83 56 333 317 371 298 286 185 173 104 84 428 273 27 253 177 381 38 259 47 30 254 45 101 51 81 360 26 69 43 72 242 62 241 221 180
is_linear=0
shrinkage=0.0573391


Tree=47
num_leaves=47
num_cat=0
split_feature=6 24 24 36 40 5 36 36 9 40 24 100 36 100 14 76 76 100 36 36 100 76 24 40 100 14 36 14 36 36 100 100 100 76 76 14 36 36 5 76 100 100 76 36 76 76
split_gain=10.1567 2.95887 4.38846 2.65172 2.16972 2.34355 2.57698 1.74724 1.6372 2.3674 2.38763 3.28563 2.01333 1.70919 1.55628 1.5492 1.17613 1.88792 1.50553 1.38829 1.54766 1.19791 1.12705 1.06126 1.01632 1.92451 0.909875 0.862342 0.809577 0.801851 0.776432 1.45602 0.84682 0.752864 0.921515 0.744428 0.913629 0.81267 0.743654 0.740171 0.72104 0.995086 0.677237 0.706136 0.665418 0.650244
threshold=5.4500000000000011 -0.9159756150367534 -0.98296291314453399 17.850000000000005 -0.6499999999999998 17.850000000000005 11.850000000000003 17.250000000000004 24.636904761904763 3.7500000000000004 -0.78656609248549325 884.72222222222229 6.1500000000000012 842.04444444444459 1.5000000000000002 1882.5000000000002 1740.0000000000002 867.61666666666679 9.0500000000000025 8.7500000000000018 851.68888888888898 1292.5000000000002 -0.78656609248549325 16.350000000000005 771.21666666666681 2.5000000000000004 15.250000000000002 2.5000000000000004 18.150000000000002 16.450000000000003 834.12222222222238 865.3611111111112 690.22222222222229 2072.5000000000005 2233.5000000000005 5.5000000000000009 11.250000000000002 10.65 8.8500000000000032 2146.5000000000005 852.66111111111127 862.52777777777794 1695.5000000000002 16.950000000000003 1740.0000000000002 2607.0000000000005
decision_type=2 2 2 2 2 2 2 2 2 2 2 2 2 2 2 2 2 2 2 2 2 2 2 2 2 2 2 2 2 2 2 2 2 2 2 2 2 2 2 2 2 2 2 2 2 2
left_child=8 2 3 27 -4 6 35 26 -1 10 11 12 -10 14 -14 -7 21 18 19 20 -18 -3 39 -5 25 -11 -8 -2 -9 -26 32 40 -20 -17 -35 36 37 -6 -25 -19 -32 -42 43 -23 -29 -36
right_child=1 16 4 23 5 15 7 28 9 24 -12 -13 13 -15 -16 33 17 22 30 -21 -22 42 -24 38 29 -27 -28 44 -30 -31 31 -33 -34 34 45 -37 -38 -39 -40 -41 41 -43 -44 -45 -46 -47
leaf_value=-0.10461956583190853 -0.030611376581130653 -0.026765688633401789 -0.038580793513294333 0.021816978113836476 0.05531976160692257 0.033664952753477091 0.0052069734565898676 0.053430945372044583 -0.024848658737547054 -0.027845993803515847 -0.05258724563946008 -0.055918063793196582 -0.019809396967797988 0.037440007943198308 0.044246798814481347 -0.050550764838751122 -0.0042568713802941111 -0.003357724343545337 0.0097546008889774789 0.0038683519459646689 0.021472355059776158 -0.0084084657816982239 -0.030238141934772603 0.016428645640243492 -0.044769555262414724 0.056362785715448276 -0.004191969835358013 0.012444975675333146 0.016269836340565329 -0.018388842920836989 0.038763023471092194 -0.032344994556516904 -0.011704378381748643 0.019186603650461539 -0.041339307951086618 0.0071734232207120979 0.056100553028580108 0.0016860497796252971 -0.0013924808729845581 -0.012498710473130465 -0.010423334331641292 0.02281809271587425 0.023904069091449182 0.009134868203213603 -0.0068654911521851027 -0.00036880600998322118
leaf_weight=92 124 20 19 12.999999999999998 94 13.999999999999998 118 25 18 89 38 17 15 12.999999999999998 12 27 62 100 17 12.999999999999998 11.999999999999998 57 131 21 211 14.999999999999998 57 47 61 58 23 11.999999999999998 153 13.999999999999998 23 26 11.999999999999998 12.999999999999998 35 122 27 15.999999999999998 13.999999999999998 44 250 25
leaf_count=92 124 20 19 13 94 14 118 25 18 89 38 17 15 13 12 27 62 100 17 13 12 57 131 21 211 15 57 47 61 58 23 12 153 14 23 26 12 13 35 122 27 16 14 44 250 25
internal_value=-0.00293212 -0.000850256 0.00121659 -0.00269133 0.00484331 0.00555355 0.00751323 0.004108 -0.009563 -0.00823498 -0.000963773 0.00496864 0.0114663 0.0186323 0.010403 -0.00217067 -0.00340685 -0.00436703 -0.00128359 0.005206 0.002169 0.00148627 -0.00729309 0.00772732 -0.0104377 -0.00562308 0.000818916 -0.00439905 0.0108001 -0.0122988 -0.00356037 0.00117569 -0.00573356 -0.00496017 -0.00147907 0.0136421 0.0155626 0.0138784 0.00429948 -0.00480384 0.00451681 0.000132551 0.00373907 0.00210011 -0.00272201 -0.00525489
internal_weight=2419 1841 1018 490 528 509 406 261 578 486 113 75 58 40 27 103 823 688 335 87 74 135 353 69 373 104 175 421 86 269 248 78 170 89 62 145 119 107 56 222 66 43 115 101 297 48
internal_count=2419 1841 1018 490 528 509 406 261 578 486 113 75 58 40 27 103 823 688 335 87 74 135 353 69 373 104 175 421 86 269 248 78 170 89 62 145 119 107 56 222 66 43 115 101 297 48
is_linear=0
shrinkage=0.0573391


Tree=48
num_leaves=81
num_cat=0
split_feature=4 26 10 11 22 100 100 11 100 19 72 19 100 19 19 72 41 4 41 41 104 72 72 41 100 100 10 100 76 10 41 104 104 26 87 41 19 104 10 28 100 100 87 79 19 79 79 100 11 100 72 76 41 76 72 13 104 13 104 19 79 104 3 100 100 41 79 76 76 100 41 41 72 41 100 100 100 102 72 19
split_gain=10.4341 4.79462 4.73664 3.00959 2.80211 3.58456 4.58381 3.26188 2.62307 4.00381 3.28119 3.06164 2.75752 2.59872 2.86809 2.51707 2.49305 2.44465 2.35881 3.20021 2.18793 1.98883 1.89195 1.72551 1.65378 3.30011 1.54667 1.54418 1.91734 1.65248 2.03458 2.67024 1.69602 1.46643 1.40536 2.45762 2.3958 2.02661 1.38973 1.38077 1.33265 4.1199 2.16576 1.31432 1.28248 1.27358 2.30005 1.25786 1.83496 1.36665 1.2173 1.15601 1.11677 1.09422 1.08237 1.05319 1.41744 1.37148 1.71196 1.04203 1.01555 1.00197 1.10145 0.95079 0.923259 0.851784 0.784362 0.775283 2.1158 0.774039 0.96028 0.756939 0.691611 0.653135 0.653048 0.657969 0.874756 1.50734 0.627761 0.627546
threshold=4.9500000000000011 1.0000000180025095e-35 51.213657990154353 2.5187500000000007 1.0000000180025095e-35 749.50555555555559 710.33447488584488 3.072916666666667 903.85555555555572 30.500000000000004 -1.0000000180025095e-35 41.500000000000007 911.68333333333351 43.500000000000007 35.500000000000007 7.5000000000000009 51.650000000000006 20.450000000000003 55.600000000000001 35.800000000000004 39.434123157347969 9.5000000000000018 1.0000000180025095e-35 35.800000000000004 954.96111111111122 945.07222222222231 24.848654109998076 947.01666666666677 3480.5000000000005 62.388423057920654 44.45000000000001 44.841925831539093 41.359412932405583 1.0000000180025095e-35 2.5000000000000004 27.550000000000001 24.500000000000004 28.227883110872586 23.77886753112319 0.25000000000000017 855.96666666666681 811.61666666666679 1.0000000180025095e-35 75.875000000000014 50.500000000000007 84.875000000000014 54.291666666666679 865.3611111111112 5.2645833333333343 883.97222222222229 8.5000000000000018 2003.0000000000002 32.600000000000001 2491.5000000000005 7.5000000000000009 14.500000000000002 31.706630018132007 12.500000000000002 34.651179277964012 45.500000000000007 66.875000000000014 34.178668669891017 49.500000000000007 941.35555555555572 836.35555555555572 40.150000000000006 62.625000000000007 2382.5000000000005 2054.5000000000005 864.0777777777779 26.800000000000004 58.150000000000006 7.5000000000000009 32.95000000000001 860.81111111111125 880.04444444444459 940.33888888888907 90.366666666666688 6.5000000000000009 47.500000000000007
decision_type=2 2 2 2 2 2 2 2 2 2 2 2 2 2 2 2 2 2 2 2 2 2 2 2 2 2 2 2 2 2 2 2 2 2 2 2 2 2 2 2 2 2 2 2 2 2 2 2 2 2 2 2 2 2 2 2 2 2 2 2 2 2 2 2 2 2 2 2 2 2 2 2 2 2 2 2 2 2 2 2
left_child=3 2 8 33 5 6 -3 22 9 34 -10 12 -12 14 27 -7 20 24 19 67 26 -8 -6 -5 25 47 -14 28 29 30 31 32 73 59 40 39 37 53 -39 -36 41 42 65 60 50 46 -43 48 -4 -49 -17 -40 -16 -37 -53 56 -52 -58 -59 -1 66 -24 -63 -45 -50 -2 -28 68 -11 -42 -71 -32 -67 -9 -60 -76 -77 -78 -13 -19
right_child=1 4 17 23 7 15 21 13 10 18 11 78 16 -15 52 44 -18 79 -20 -21 -22 -23 61 -25 -26 -27 43 -29 -30 -31 71 -33 -34 -35 35 36 -38 38 51 -41 69 45 -44 63 -46 -47 -48 49 64 -51 55 54 -54 -55 -56 -57 57 58 74 -61 -62 62 -64 -65 -66 72 -68 -69 -70 70 -72 -73 -74 -75 75 76 77 -79 -80 -81
leaf_value=-0.03205642056480161 -0.0022522153367260061 -0.055310236792963874 0.088718340443678573 -0.0060835247218853352 -0.061014354298588966 -0.049580424024548569 0.0042257487496165794 0.012535970993586852 -0.036609120413420876 0.0090009068553034352 -0.054368939381854831 -0.055382966232645166 0.014099484431754706 -0.037009299998228738 0.1169638252123589 0.0058004798566202087 -0.028441233602706277 0.029905804641078275 -0.0094595355874328036 0.11084797332176097 -0.032374240637080602 0.38283457648843494 -0.034479675325597904 0.04324564466106031 -0.045410382919768788 0.11312228635289687 0.0051772286571978351 -0.028410118525668829 -0.050494247894466458 -0.0054115694682157177 0.092015185391200405 -0.048805480795626591 0.035163503420482162 -0.071677788053524802 -0.022905727665351074 0.045065402014868382 0.048598609771658217 -0.021819595708975174 -0.015165937083346249 0.047772474236684882 -0.022517000549426971 0.03182479185062162 -0.015389932935944343 0.041840186639615688 0.018223710189369767 0.04730219665782933 -0.0027350830040940039 -0.10717655534066779 -0.0039517766766860958 0.012701171330379735 -0.05889601089531929 0.061327801341647004 0.023767698466736275 0.0025378614144902366 0.00027568265772906844 -0.054824503793340057 -0.031583768223018241 0.011787338128774295 -0.01998019190386886 0.0084244999010939774 -0.011387784526358625 -0.017198560096067707 0.013364150588061246 0.044866446847778033 0.063783335639522543 0.048766340677125049 0.025594624527055035 -0.0026279401699723869 0.054760416035448477 -0.014131357684768897 -0.0047019247874276549 0.032862364427061121 0.0060395921647149074 -0.011158798717752617 0.0061111719113976261 -0.038476894004831314 0.015830732838941219 -0.022758332231783161 -0.013286099770586044 0.29967999275694751
leaf_weight=256 39 31 22 19 56 165 17 15.999999999999998 57 14.000000000000002 20 39 11.999999999999998 26 19 18 23 12.000000000000002 14.999999999999998 25 21 18 12.999999999999998 23 11.999999999999998 13.999999999999998 40 20 23 24 12.000000000000002 12.999999999999998 26 149 43 19 30 13.999999999999998 23 11.999999999999998 19 21 69 11.999999999999998 29 11.999999999999998 26 12.999999999999998 27 22 29 14.999999999999998 12.999999999999998 22 22 48 56 27 23 32 18 11.999999999999998 20 30 15.999999999999998 12.000000000000002 11.999999999999998 11.999999999999998 12.999999999999998 15.999999999999998 74 17 17 18 24 25 17.000000000000004 12.999999999999998 39 17
leaf_count=256 39 31 22 19 56 165 17 16 57 14 20 39 12 26 19 18 23 12 15 25 21 18 13 23 12 14 40 20 23 24 12 13 26 149 43 19 30 14 23 12 19 21 69 12 29 12 26 13 27 22 29 15 13 22 22 48 56 27 23 32 18 12 20 30 16 12 12 12 13 16 74 17 17 18 24 25 17 13 39 17
internal_value=-0.00244445 -0.00056446 0.00201925 -0.0100192 -0.00372566 -0.00626471 0.00625424 0.000454408 0.000436167 0.00272942 -0.00371002 -0.00103455 0.0029277 0.00426862 0.0064753 -0.00800797 0.005324 0.0112823 0.0147327 0.0195292 0.00810608 0.0204746 -0.00811761 0.00464043 0.00782669 0.00995821 0.0110047 0.00349434 0.00550262 0.00828175 0.011467 0.00636143 0.0114664 -0.0114283 0.000851496 0.00458686 0.00850151 0.00473623 -0.000929313 -0.00573283 -0.00159784 0.00122849 -0.0042268 0.00890738 -0.00495436 0.0138958 0.0096362 0.00630668 0.0110255 -0.00245611 -0.00614326 0.00286618 0.0222147 0.0149616 0.00914123 -0.00713431 -0.00541211 -0.00356405 -0.000310872 -0.00903861 0.0040949 0.00063629 0.00609036 0.0169261 0.00413253 0.0030349 0.00815844 0.00926053 0.0146496 -0.00668021 -0.00445911 0.0243147 0.0104764 0.00303421 -0.00370968 -0.00123338 -0.00469038 0.00190989 -0.0105846 0.0262916
internal_weight=2409 1930 1062 479 868 540 66 328 907 584 323 266 188 227 201 474 168 155 79 64 145 35 101 42 126 114 124 169 149 126 102 73 60 437 505 200 145 115 74 55 305 196 137 112 309 59 47 100 65 35 280 60 32 41 37 262 214 185 129 288 70 45 32 42 43 68 52 39 27 109 90 29 29 34 102 79 55 30 78 29
internal_count=2409 1930 1062 479 868 540 66 328 907 584 323 266 188 227 201 474 168 155 79 64 145 35 101 42 126 114 124 169 149 126 102 73 60 437 505 200 145 115 74 55 305 196 137 112 309 59 47 100 65 35 280 60 32 41 37 262 214 185 129 288 70 45 32 42 43 68 52 39 27 109 90 29 29 34 102 79 55 30 78 29
is_linear=0
shrinkage=0.0573391


Tree=49
num_leaves=58
num_cat=0
split_feature=7 103 26 4 11 12 78 24 22 42 4 103 78 78 11 12 11 102 24 15 78 4 76 102 102 102 12 102 24 42 26 4 12 105 12 102 11 76 76 78 12 78 78 78 102 12 102 102 12 12 12 11 11 12 11 76 12
split_gain=9.80931 4.05395 3.55338 6.44429 2.79674 3.73582 2.65366 2.1951 1.96417 4.04861 3.06042 2.17822 3.6679 2.02125 1.70121 2.18373 1.86978 2.00586 1.89818 1.74233 1.6734 2.1773 2.65366 1.64042 1.61743 1.56919 1.78879 1.49035 1.42719 1.57119 1.34747 1.5351 1.32138 1.25992 1.2499 1.18474 1.17247 1.14899 1.77029 0.994457 0.961646 0.957563 0.943613 0.946922 0.931553 1.68702 1.47478 0.892654 0.810486 1.49686 0.7615 0.756378 0.974084 0.682853 0.666566 0.662265 0.630359
threshold=4.5500000000000007 1.1231355158545502 -0.22252093395631442 20.450000000000003 4.2937500000000011 2.763988095238096 953.70000000000016 -0.9159756150367534 1.0000000180025095e-35 1.0000000180025095e-35 6.5500000000000007 0.95800987835971851 1289.0500000000004 1407.7500000000002 6.5770833333333343 4.3133928571428575 3.6437500000000007 76.820555555555572 -0.78656609248549325 8.5000000000000018 1009.4000000000002 14.450000000000001 2847.0000000000005 78.842777777777783 77.557222222222236 80.768333333333331 3.080654761904762 89.931111111111122 -0.98296291314453399 4.2340833333333343 -0.22252093395631442 3.4500000000000006 3.7776785714285719 5.4183165918466463 2.7949404761904768 66.801065449010665 4.9854166666666675 2418.5000000000005 2119.5000000000005 2328.6500000000005 3.2773809523809532 872.65000000000009 1141.7500000000002 1234.5000000000002 82.932777777777787 3.0541666666666671 81.268333333333331 83.190000000000012 2.6574404761904766 2.8077380952380957 3.9854166666666671 2.0187500000000007 3.5395833333333337 3.3023809523809535 2.3187500000000005 2636.5000000000005 3.3479166666666673
decision_type=2 2 2 2 2 2 2 2 2 2 2 2 2 2 2 2 2 2 2 2 2 2 2 2 2 2 2 2 2 2 2 2 2 2 2 2 2 2 2 2 2 2 2 2 2 2 2 2 2 2 2 2 2 2 2 2 2
left_child=30 2 3 4 7 -6 50 28 14 24 -11 -12 27 -14 16 19 17 -4 23 -16 -8 37 42 -19 -10 -26 -27 40 29 53 31 -1 -15 -18 -31 -30 48 38 -22 -9 -13 -25 -23 -44 46 -46 -43 -47 -32 -50 -7 -3 -53 -2 -28 -39 -48
right_child=1 51 8 -5 5 6 20 39 9 10 11 12 13 32 15 -17 33 18 -20 -21 21 22 -24 41 25 26 54 -29 35 34 36 -33 -34 -35 -36 -37 -38 55 -40 -41 -42 44 43 -45 45 47 56 -49 49 -51 -52 52 -54 -55 -56 -57 -58
leaf_value=-0.037678521570688212 -0.0010014320086234414 -0.12473039146825032 -0.047670963826443334 0.16998523359517803 0.094822798461321703 0.069479987471109741 -0.038757422879795451 -0.009797555896370028 0.038180283757852672 -0.041061364512728994 -0.056004442344654348 0.011158674886667334 0.081484188772864161 -0.029700079117676456 0.12740314964614807 -0.022129727594667605 -0.038009941042978078 0.020131608074147031 -0.035832256216983042 -0.028046956789231917 -0.01317994496202452 0.020933755299037491 -0.019701589060782562 -0.036684441749030738 -0.0056518713844084688 0.25389786239958045 0.0089329757667378877 0.014125318729282292 0.034461182624940696 0.0074301987092801154 -0.082013311085833665 0.014165277265359514 0.031678453006724887 0.090889973760454171 -0.0075224726335992309 0.014027874988593144 0.0054550122581030064 -0.022682980199986907 0.033240063119356872 0.039188220828773858 -0.010546612218224456 0.010656639538600732 0.080067668230694389 0.027873943236684628 -0.024622519373675919 0.033964677946654448 -0.0057362324248045639 0.0096742225776844659 0.00057249750703360677 -0.042243521498400965 0.012251095484204538 0.0089141755943437997 -0.031878279123732145 0.022352959119147819 0.00017280430798380164 -0.0087717844563292083 -0.025528783235125269
leaf_weight=19 26 58 84 22 12.999999999999998 25 24 291 23 60 39 15.999999999999998 15.999999999999998 14.000000000000002 19.000000000000004 22 161 11.999999999999998 41 11.999999999999998 36 23 20 17 12.999999999999998 15.999999999999998 11.999999999999998 17 17 24 109 14.999999999999998 11.999999999999998 11.999999999999998 104 165 23 19 33 11.999999999999998 93 21 13.999999999999998 38 29 11.999999999999998 13.999999999999998 98 28 201 13.999999999999998 12.000000000000002 19 24 47 24 32
leaf_count=19 26 58 84 22 13 25 24 291 23 60 39 16 16 14 19 22 161 12 41 12 36 23 20 17 13 16 12 17 17 24 109 15 12 12 104 165 23 19 33 12 93 21 14 38 29 12 14 98 28 201 14 12 19 24 47 24 32
internal_value=-0.0029856 -0.00137033 -0.000819111 0.00163483 0.000921264 0.00569318 0.00424714 -0.00111559 -0.00328327 -6.05874e-05 -0.00388684 -0.000581527 0.00225235 0.0169261 -0.00536199 0.00443465 -0.00633623 -0.00398174 -0.00162031 0.0142391 0.00191112 0.00357307 0.00995807 0.000365844 0.00914259 0.00560292 0.00879102 -0.00263906 0.00191119 -0.00173927 -0.0112499 -0.000336256 0.0070546 -0.0112353 -0.00510632 0.00548155 -0.0122776 -0.00184267 0.00274164 -0.00471184 -0.00510213 -0.0007455 0.0149068 0.0191842 0.000333843 0.00301099 -0.00521957 0.00625461 -0.01313 -0.011192 0.0180809 -0.0133351 -0.00610186 0.0068794 0.00417806 -0.00919917 -0.0109674
internal_weight=2416 2021 1932 968 946 283 270 663 964 378 267 207 168 42 586 53 533 360 276 31 231 207 95 235 111 88 75 126 360 178 395 34 26 173 128 182 361 112 69 303 109 223 75 52 206 139 67 110 338 229 39 89 31 50 59 43 46
internal_count=2416 2021 1932 968 946 283 270 663 964 378 267 207 168 42 586 53 533 360 276 31 231 207 95 235 111 88 75 126 360 178 395 34 26 173 128 182 361 112 69 303 109 223 75 52 206 139 67 110 338 229 39 89 31 50 59 43 46
is_linear=0
shrinkage=0.0573391


Tree=50
num_leaves=64
num_cat=0
split_feature=24 26 68 40 40 101 101 101 5 101 101 26 3 41 41 24 41 24 101 37 41 101 41 5 77 41 48 48 24 41 41 88 77 41 101 101 41 41 41 41 101 3 3 101 41 41 3 77 77 3 3 3 41 41 41 41 41 46 46 101 48 41 41
split_gain=8.44397 5.80862 3.75928 3.25382 2.88427 2.50283 2.04906 4.58889 3.29428 2.84311 3.62233 2.00035 1.7607 1.92669 1.89515 1.67784 1.61799 1.57944 1.51946 1.77781 1.49874 1.45543 1.34544 1.25836 4.10229 1.38314 2.93038 1.77366 1.1678 1.09281 1.18266 1.90786 1.1319 1.01668 1.00814 3.70219 2.04712 1.03845 1.71821 1.14089 1.01952 1.00009 1.04004 0.991408 0.892075 0.814251 0.771663 0.98337 1.98063 0.963254 0.820895 0.865391 0.759367 2.31923 1.04894 1.08148 0.801189 0.700397 0.764638 0.669411 0.666583 0.651162 0.628789
threshold=-0.78656609248549325 -0.22252093395631442 1.0000000180025095e-35 17.050000000000004 1.7500000000000002 1.0747491046717577 0.86332168915702812 0.90333835916534688 6.5500000000000007 0.99580663250624679 0.98134779542979622 -0.22252093395631442 22.500000000000004 63.550000000000004 35.100000000000001 -0.98296291314453399 44.100000000000001 -0.9159756150367534 1.166476813109727 1.1500000000000001 44.45000000000001 1.0272441333440157 27.200000000000003 6.1500000000000012 2637.5000000000005 39.400000000000013 94673.000000000015 95552.000000000015 -0.9159756150367534 71.450000000000003 46.600000000000001 1.0000000180025095e-35 3403.5000000000005 41.600000000000001 0.90333835916534688 0.99054969350452271 39.400000000000013 20.000000000000004 18.200000000000003 22.500000000000004 0.86530532737705179 57.500000000000007 47.500000000000007 0.93185302342951004 29.350000000000005 46.250000000000007 124.50000000000001 2329.5000000000005 2520.0000000000005 75.500000000000014 95.500000000000014 53.500000000000007 41.95000000000001 38.70000000000001 29.700000000000003 28.250000000000004 40.850000000000009 1.0000000180025095e-35 0.025000000000000005 0.99201635945932731 95552.000000000015 35.45000000000001 23.950000000000006
decision_type=2 2 2 2 2 2 2 2 2 2 2 2 2 2 2 2 2 2 2 2 2 2 2 2 2 2 2 2 2 2 2 2 2 2 2 2 2 2 2 2 2 2 2 2 2 2 2 2 2 2 2 2 2 2 2 2 2 2 2 2 2 2 2
left_child=1 2 6 18 -4 17 8 -8 -1 10 16 21 20 14 46 -6 22 41 19 29 -11 43 -9 24 -16 26 -25 33 -28 30 31 32 34 -27 36 -36 40 38 -37 -39 -3 42 -5 -2 -19 -21 47 -14 49 -49 51 -50 53 54 55 62 -55 -32 -59 -45 -26 -12 -41
right_child=11 3 4 5 15 -7 7 9 -10 12 61 -13 13 -15 23 -17 -18 44 -20 45 -22 -23 -24 25 60 27 28 -29 -30 -31 57 -33 -34 -35 35 37 -38 39 -40 52 -42 -43 -44 59 -46 -47 -48 48 50 -51 -52 -53 -54 56 -56 -57 -58 58 -60 -61 -62 -63 -64
leaf_value=-0.007190168036038112 -0.014617401240754583 -0.024268096451166874 -0.017645221362543203 0.0076681408086323342 0.050012296530973971 -0.053974329964574609 -0.019789315755091477 0.023885527757891871 0.096688732379637002 -0.01099774457935261 0.0590539117365112 -0.044457111405219872 -0.010991670947922602 -0.036728089305967111 -0.013029185526293525 0.12948106277997637 0.01596327156136057 -0.013953221713550979 -0.10389361608326347 0.012175713691507207 0.021617857482806299 -0.028224772308995835 -0.023109695895305201 -0.027292959671066867 0.047307866851675477 -0.00366258135568995 0.070679394204291771 -0.0039892276673061822 0.026917096776174591 0.0095437798629809528 -0.035468346010104498 -0.060143199355291992 -0.036398549687978426 0.039257959330773286 -0.047337860730195927 0.0095786822887183581 0.04787572124837939 -0.035662097178093773 0.094364342811517787 0.0023646356540553836 0.0048213599560687588 0.0029628446862852756 0.023343237440863546 0.0093244097844049044 0.0059951441414202418 -0.00023686708008444261 0.11733928084463015 0.0825781924977253 -0.010649609376227904 0.0096535100146200765 -0.034478938376163087 0.042842800181540484 -0.024400641647286503 0.041135299420812038 -0.014037919962662527 0.014899942885919839 -0.006214495395643462 0.023770971180041033 -0.01586843853716613 -0.0039380513889206705 0.0087917349339096586 0.13686422840424256 -0.013227789880626235
leaf_weight=15.999999999999998 37 15.999999999999998 17 12.000000000000002 13.999999999999998 13.999999999999998 63 13.999999999999998 17 12.000000000000002 17 352 105 31 42 32 18 12.999999999999998 39 14.000000000000002 11.999999999999998 48 26 15.999999999999998 12 14.999999999999998 26.999999999999996 67 15.000000000000002 20 66 85 36 44 59 38 20 22 11.999999999999998 37 23 40 11.999999999999998 25 25 15.999999999999998 11.999999999999998 12.000000000000002 18 15.999999999999998 20 34 57 23 112 33 11.999999999999998 14.999999999999998 107 141 14 14.999999999999998 61
leaf_count=16 37 16 17 12 14 14 63 14 17 12 17 352 105 31 42 32 18 13 39 14 12 48 26 16 12 15 27 67 15 20 66 85 36 44 59 38 20 22 12 37 23 40 12 25 25 16 12 12 18 16 20 34 57 23 112 33 12 15 107 141 14 15 61
internal_value=-0.00267106 -0.000715137 0.00304863 -0.00351535 0.0164719 0.00553568 0.0018574 0.00117721 0.0158085 0.00268945 0.0121039 -0.00854845 0.0010723 0.000343964 0.00125918 0.0239298 0.00355812 0.00865637 -0.00465292 -0.00416416 0.0162416 -0.00463717 -0.00286579 0.00464152 -0.0020231 0.0071047 0.0144319 0.00373119 0.0223863 -0.00464615 -0.00496382 -0.00379886 -0.0025858 0.0109805 -0.00191122 -0.00280533 0.00514983 -0.000859291 0.0068794 -0.00194331 -0.00249825 0.0141541 0.0234076 -0.00251366 -0.000602614 0.00955395 -0.00266857 -0.00349605 0.000573028 0.0135123 -0.00445896 -0.000660902 -0.00111244 0.00012363 -0.00186394 0.00161919 0.0139224 -0.00896647 -0.00639139 -0.000621531 0.0158745 0.0275895 -0.00140382
internal_weight=2415 1812 773 1039 63 116 710 677 33 614 90 603 524 500 469 46 58 102 923 884 24 251 40 252 68 184 58 126 42 854 834 646 561 59 525 466 59 407 50 357 39 64 24 203 38 30 217 205 100 28 72 52 335 278 243 131 35 188 122 166 26 32 98
internal_count=2415 1812 773 1039 63 116 710 677 33 614 90 603 524 500 469 46 58 102 923 884 24 251 40 252 68 184 58 126 42 854 834 646 561 59 525 466 59 407 50 357 39 64 24 203 38 30 217 205 100 28 72 52 335 278 243 131 35 188 122 166 26 32 98
is_linear=0
shrinkage=0.0573391


Tree=51
num_leaves=57
num_cat=0
split_feature=7 68 82 4 57 4 26 26 4 12 4 37 12 25 82 37 79 79 79 13 7 79 79 12 12 79 12 22 12 12 12 12 12 12 12 12 79 12 12 103 103 103 12 82 82 12 12 12 12 12 79 12 12 12 4 26
split_gain=8.00122 5.85435 4.97271 4.56963 4.18884 3.43494 3.13091 2.16055 1.86563 1.84526 2.74191 2.74192 1.56904 1.62331 1.90622 1.681 1.73843 1.56824 1.54884 1.84592 1.53004 1.51165 1.66436 1.48006 1.64408 1.47502 1.39862 1.26173 1.1044 2.21207 1.7309 3.1898 1.01073 0.958214 0.976794 0.892283 0.859708 0.784853 0.877417 1.05206 1.03873 2.94271 0.936194 0.771667 3.26699 0.705779 0.704669 0.966353 2.23554 0.702352 0.683187 0.67422 0.993904 0.977086 0.646757 0.622251
threshold=3.5500000000000003 1.0000000180025095e-35 20.993750000000002 5.6500000000000012 1.5000000000000002 9.1500000000000004 0.81174490092936691 -0.56174490092936669 9.2500000000000018 3.2306547619047623 4.6500000000000012 0.45000000000000007 4.3133928571428575 0.6078576107927941 20.156250000000004 0.25000000000000006 110.87500000000001 46.375000000000007 100.62500000000001 14.500000000000002 13.350000000000003 80.375000000000014 103.87500000000001 3.2193452380952388 3.1068452380952385 42.125000000000007 3.5434523809523815 1.0000000180025095e-35 3.2886904761904763 3.5797619047619054 2.9434523809523818 2.7208333333333337 3.4842261904761913 3.3687500000000004 3.4949404761904765 4.0616071428571434 34.125000000000007 4.3604166666666684 3.823809523809524 1.0460580999145639 1.0831843010094919 1.1112655029029241 3.9255952380952381 12.18125 8.0812500000000025 2.5029761904761911 3.3514880952380954 3.0747023809523815 3.0014880952380962 3.459226190476191 80.125000000000014 2.9666666666666672 2.8955357142857148 2.8327380952380956 2.5500000000000003 1.0000000180025095e-35
decision_type=2 2 2 2 2 2 2 2 2 2 2 2 2 2 2 2 2 2 2 2 2 2 2 2 2 2 2 2 2 2 2 2 2 2 2 2 2 2 2 2 2 2 2 2 2 2 2 2 2 2 2 2 2 2 2 2
left_child=55 4 3 -3 5 6 9 20 -7 10 11 54 13 14 15 16 18 -15 19 27 -5 -16 32 24 51 36 -19 28 30 33 31 -10 -23 -30 -35 45 -9 38 40 42 -11 -42 -40 44 -14 -29 47 48 -47 -8 -21 52 53 -12 -2 -1
right_child=1 2 -4 7 -6 8 49 25 12 37 23 -13 43 17 21 -17 -18 26 -20 50 -22 22 -24 -25 -26 -27 -28 35 29 -31 -32 -33 -34 34 -36 -37 -38 -39 39 -41 41 -43 -44 -45 -46 46 -48 -49 -50 -51 -52 -53 -54 -55 -56 -57
leaf_value=-0.033542010010548996 -0.11283809748880971 0.023995945812847894 0.27074587558163971 -4.6533621712699223e-05 0.36719102618062055 0.029189335233631937 -0.069624439129721605 -0.0011895659094255313 -0.013955513898624516 -0.012385171004024725 0.00048365781237043359 0.028365127955262342 -0.097151620511300357 -0.018217947879020046 -0.028242938367322095 -0.015676629684437872 -0.029091628296407265 0.081622376866955837 0.026892896162191478 -0.034641842097194529 0.085662578175591184 0.10156756011004123 -0.00060787337571602891 0.010594719158663972 -0.0095410606946940528 -0.015921470797972549 0.012918081713609942 0.031944673717639357 0.057223726866035871 -0.018205629722306289 -0.032372945940283795 0.027189189438852835 0.053706804594265516 -0.0075927144201934594 0.0030274725098549866 -0.01432557353352407 0.030399366136107806 -0.032437611734299196 0.0092392184775226555 -0.025021123439981554 0.030769626177974491 -0.048854136882428525 -0.0024625959379692259 -0.03801542232930475 0.0090837248173675153 -0.0067496974368491799 0.025451855992908168 -0.047302178245878942 0.020523059204784311 -0.032281009165652082 -0.042230791686525646 0.011004279232739288 -0.014341104650717177 0.0095843975584150067 -0.02636779827570658 -0.060302632780580102
leaf_weight=83 28 26 13.999999999999998 21 11.999999999999998 15.999999999999998 85 18.000000000000004 32 329 122 12.999999999999998 23 14.999999999999998 11.999999999999998 89 21 12.999999999999998 34 44 28 34 34 13.999999999999998 53 75 21 12.999999999999998 19 61 65 29 13.999999999999998 26 28 26 12.999999999999998 58 15.999999999999998 21 14.999999999999998 17 43 34 14.999999999999998 23 91 27 11.999999999999998 27 26 62 24 20 151 122
leaf_count=83 28 26 14 21 12 16 85 18 32 329 122 13 23 15 12 89 21 13 34 44 28 34 34 14 53 75 21 13 19 61 65 29 14 26 28 26 13 58 16 21 15 17 43 34 15 23 91 27 12 27 26 62 24 20 151 122
internal_value=-0.00328977 -0.00228105 0.0072038 0.00465652 -0.00320262 -0.00340583 -0.00555631 0.00092458 -0.00077343 -0.00452427 -0.00201326 -0.00734623 -0.00112591 -0.000403953 -0.0010562 -0.00213509 -0.00100362 0.00971096 -0.000391823 -0.00116428 0.010881 0.00658722 0.00936912 0.00145764 0.000550816 -0.00367788 0.016524 0.000177522 -0.00242571 0.00119784 -0.00627951 0.000657389 0.0162438 0.00793226 0.00403401 0.00370289 0.00684161 -0.00697479 -0.00614984 -0.000716279 -0.00735383 0.00250718 0.00320629 -0.00923692 -0.0036201 0.00524998 0.00415955 -0.000554313 0.00573221 -0.0146411 -0.00982844 0.00266556 0.000759692 0.00258398 -0.00919306 -0.0141245
internal_weight=2407 2202 195 181 2007 1995 1098 155 897 986 487 192 881 809 760 666 577 49 556 522 49 94 82 295 281 106 34 452 260 134 126 61 48 73 54 192 31 499 441 80 361 32 59 72 38 166 153 62 35 112 70 228 166 142 179 205
internal_count=2407 2202 195 181 2007 1995 1098 155 897 986 487 192 881 809 760 666 577 49 556 522 49 94 82 295 281 106 34 452 260 134 126 61 48 73 54 192 31 499 441 80 361 32 59 72 38 166 153 62 35 112 70 228 166 142 179 205
is_linear=0
shrinkage=0.0573391


Tree=52
num_leaves=48
num_cat=0
split_feature=6 82 94 8 8 6 101 101 79 12 27 79 38 38 36 101 36 12 5 9 36 5 2 101 8 101 36 79 79 36 36 38 12 12 36 36 12 36 79 6 6 79 101 101 12 79 79
split_gain=8.02802 2.75972 2.83823 3.1074 2.58523 2.01884 1.985 2.59593 2.4698 1.72368 2.04005 1.69127 1.62701 1.82237 1.5547 1.50755 1.49891 1.34786 2.02153 1.43048 1.31171 1.171 1.46265 1.14686 2.13666 1.55501 1.15597 1.27363 1.12828 1.04247 1.51697 1.02785 0.91505 1.24433 1.91633 1.20259 1.17407 1.04041 0.878441 0.873691 0.88279 0.74042 0.71818 0.895448 0.70803 0.64427 0.713449
threshold=4.2500000000000009 16.662500000000005 1.0000000180025095e-35 25.750000000000004 58.250000000000007 27.050000000000004 0.87186424585848921 0.93185302342951004 46.875000000000007 3.045238095238096 0.93301270189221952 36.625000000000007 16.950000000000003 19.550000000000004 6.3500000000000005 1.1108303697120636 4.8500000000000005 2.202380952380953 8.9500000000000011 42.327380952380956 4.5500000000000007 11.450000000000001 85.500000000000014 1.0389715642367794 21.187500000000004 1.0800376415142821 5.4500000000000011 36.625000000000007 33.375000000000007 17.750000000000004 18.350000000000005 25.950000000000003 2.2589285714285716 2.857738095238096 13.750000000000002 15.550000000000002 2.7339285714285722 10.450000000000001 66.625000000000014 21.550000000000004 23.550000000000004 46.625000000000007 0.98708015494768575 1.0012140070184903 2.6220238095238098 63.875000000000007 71.625000000000014
decision_type=2 2 2 2 2 2 2 2 2 2 2 2 2 2 2 2 2 2 2 2 2 2 2 2 2 2 2 2 2 2 2 2 2 2 2 2 2 2 2 2 2 2 2 2 2 2 2
left_child=9 2 3 11 16 39 8 41 -4 -1 -11 12 -2 -14 20 23 -3 -18 42 21 -5 22 -20 26 -25 38 -9 -28 -16 45 -31 -15 -30 34 36 -35 44 -38 -26 -6 -41 -8 -19 -44 -34 -29 -47
right_child=1 4 6 14 5 -7 7 15 -10 10 -12 -13 13 31 28 -17 17 18 19 -21 -22 -23 -24 24 25 -27 27 29 32 30 -32 -33 33 35 -36 -37 37 -39 -40 40 -42 -43 43 -45 -46 46 -48
leaf_value=-0.057683924692855014 -0.016172140531762122 -0.038759639031565887 0.035875112601027083 -0.090332804564807134 0.077909029946017228 0.25157455971296921 -0.021600138546698937 -0.01387695016440935 -0.006538774726714879 -0.018453251645544965 0.06115103708030719 -0.026592928575462787 0.010548163302164985 -0.017178658816840525 0.01421471158079521 -0.070531780287454451 0.048481024617820841 -0.020713103300674413 0.084563644817548855 0.16668642133017753 0.020559903405052784 -0.03137957597177643 0.0017399080138534822 0.01838973607865577 0.013319170967235176 -0.050789751915960829 0.024358854320856035 -0.0016817504483433339 -0.048103972413348781 0.0157083443524649 0.0014608149529112941 0.019363883535991288 0.0052354706585166994 -0.0072998091786894148 -0.035237405806160901 -0.0010389959731471003 0.0075192722103607206 0.085314458236489435 0.04164348588852837 -0.01717259711019551 0.05327428492445923 -0.03577779162511005 0.0033434450472603306 -0.009397272125653772 -0.024872268816346441 0.011594022499393342 -0.0011662734794633401
leaf_weight=213 50 19 17 12.000000000000002 25 11.999999999999998 32 26 14.999999999999998 98 13.999999999999998 187 14.999999999999998 27 23 24 15.999999999999998 19 23 11.999999999999998 15.999999999999998 22 44 17 29 21 65 189 13.999999999999998 13.999999999999998 55 11.999999999999998 30 365 15.999999999999998 284 12.000000000000002 11.999999999999998 12.999999999999998 16.000000000000004 12.999999999999998 30 59 31 12.999999999999998 51 56
leaf_count=213 50 19 17 12 25 12 32 26 15 98 14 187 15 27 23 24 16 19 23 12 16 22 44 17 29 21 65 189 14 14 55 12 30 365 16 284 12 12 13 16 13 30 59 31 13 51 56
internal_value=-0.0023003 -0.000974719 -0.001863 -0.00365743 0.00400066 0.0140727 0.00112217 0.000405557 0.0150483 -0.0106736 -0.00491428 -0.00872869 -0.00286651 0.00403401 -0.00180573 0.00163819 0.00128704 0.00258767 0.00136503 0.00720931 0.0114648 0.00470248 0.00847142 0.00226781 0.00859996 0.00373079 0.00115676 0.00186676 -0.00228903 0.000549727 0.00689637 -0.00249825 -0.00267474 -0.0023969 0.00421344 -0.00324237 0.00847142 0.0186303 0.0101007 0.00934274 0.00256881 -0.0107266 -0.00405008 -0.00191083 0.0027992 -0.000929696 0.00262538
internal_weight=2378 2053 1742 1088 311 66 654 622 32 325 112 291 104 54 797 560 245 226 210 101 28 89 67 536 80 63 456 430 769 365 69 39 746 732 83 649 67 24 42 54 29 62 109 90 43 296 107
internal_count=2378 2053 1742 1088 311 66 654 622 32 325 112 291 104 54 797 560 245 226 210 101 28 89 67 536 80 63 456 430 769 365 69 39 746 732 83 649 67 24 42 54 29 62 109 90 43 296 107
is_linear=0
shrinkage=0.0573391


Tree=53
num_leaves=73
num_cat=0
split_feature=18 46 80 46 102 79 79 77 27 0 49 46 87 104 102 102 46 102 46 46 87 104 102 46 27 46 79 38 49 46 79 77 77 1 87 104 40 104 40 77 79 104 102 104 40 40 1 1 77 46 80 104 104 0 40 105 104 102 40 102 47 102 3 40 87 77 104 104 104 104 46 1
split_gain=7.08869 7.78038 4.68432 3.60534 4.22322 3.78459 3.41202 3.11256 3.07748 2.90636 2.9047 2.5462 2.5465 2.31286 2.27176 2.45285 3.99742 3.83598 2.3796 2.23192 2.25713 2.91931 1.86424 1.71833 1.66966 1.69652 2.77563 1.66534 2.59493 2.01547 1.86675 1.81718 1.63944 1.53334 1.64748 1.45425 1.6174 1.45061 1.44769 1.4295 1.55882 1.29924 1.2985 1.27174 1.26997 3.27981 1.45269 1.26905 1.21606 1.20785 1.11531 1.07727 1.77808 1.05066 1.04072 1.00912 1.72766 1.03521 1.16283 1.12327 1.05354 1.02604 0.94239 0.916357 0.859603 0.847592 0.770134 0.741705 1.1317 0.920189 0.691611 0.686643
threshold=1.0000000180025095e-35 0.058333333333333341 3.9291666666666671 1.0000000180025095e-35 84.362777777777794 35.125000000000007 44.125000000000007 1584.5000000000002 -0.6830127018922193 38.500000000000007 102115.00000000001 0.25833333333333336 2.5000000000000004 43.873304821143634 70.881419753086433 76.379444444444459 0.025000000000000005 82.092222222222247 1.0000000180025095e-35 0.10833333333333335 6.5000000000000009 45.289704113035818 79.268333333333359 1.3833333333333335 1.0000000180025095e-35 0.37500000000000006 66.875000000000014 19.850000000000005 102115.00000000001 0.27500000000000008 81.375000000000014 1943.5000000000002 2399.5000000000005 47.500000000000007 5.5000000000000009 45.976524640492435 15.65 29.02793390810778 13.350000000000003 3311.5000000000005 77.875000000000014 34.592478338119179 83.101666666666674 48.644769695079837 7.6500000000000012 10.550000000000002 51.500000000000007 49.500000000000007 1883.5000000000002 0.67500000000000004 22.687500000000004 38.589131261853488 36.451503816419994 68.500000000000014 6.4500000000000011 2.2179094891154549 24.371981122973093 62.181297134238314 2.3500000000000001 82.139444444444464 1.0000000180025095e-35 90.423888888888897 62.500000000000007 13.550000000000002 5.5000000000000009 2603.0000000000005 36.566998229767144 36.400470968281191 37.726299130389599 44.62471056711513 0.2083333333333334 27.500000000000004
decision_type=2 2 2 2 2 2 2 2 2 2 2 2 2 2 2 2 2 2 2 2 2 2 2 2 2 2 2 2 2 2 2 2 2 2 2 2 2 2 2 2 2 2 2 2 2 2 2 2 2 2 2 2 2 2 2 2 2 2 2 2 2 2 2 2 2 2 2 2 2 2 2 2
left_child=2 6 -1 8 5 11 -2 -8 9 64 13 12 -5 14 18 -16 22 -18 -9 20 35 -22 -17 37 25 43 66 49 30 -30 -29 -32 -33 -11 63 36 38 -21 48 -12 -41 65 -38 51 71 -46 -47 -19 54 -3 -15 52 -6 -48 -7 -10 -57 -58 59 -59 -60 -61 -54 -35 -4 70 -27 -43 -69 -70 -39 -24
right_child=1 27 3 4 24 19 7 10 55 33 39 -13 -14 50 15 16 17 47 -20 23 21 -23 44 -25 -26 26 -28 28 29 -31 31 32 -34 34 -36 -37 42 41 -40 40 -42 67 -44 -45 45 46 53 -49 -50 -51 -52 -53 62 -55 -56 56 57 58 60 61 -62 -63 -64 -65 -66 -67 -68 68 69 -71 -72 -73
leaf_value=-0.043890515801663949 0.045163792711476865 -0.02510585285052892 0.020470391309940477 -0.0038030417475223444 -0.010324437223270101 0.01209987655004478 0.081353391321144747 0.075988111849971285 -0.032777835432034177 -0.062892289699783832 -0.030906672705058202 0.035435868423338526 0.02778005494233738 0.013099092444250272 -0.026725541933590065 0.071988701201349967 0.15511663021766539 -0.0018890935802937639 0.012571822295973019 -0.036587396518714448 0.09187754006715261 0.46192869449107621 -0.051486746269281271 0.033518313785292755 -0.089963390921664693 -0.032700245665763426 0.027986019577446175 -0.040667208363939965 0.042957562736447324 -0.0020420816472415189 -0.058390718399691531 0.12046966479165529 -0.0017667085988072233 -0.0057101756794957033 -0.020746817689937518 -0.04263835078481016 0.0090798372593276534 0.0007700470688902912 -0.023829496818303153 0.021362409411206512 -0.0078672726666677382 -0.061507958053935649 0.021047961349544179 0.032402193386460949 0.052231035566925904 -0.017699892722014606 -0.0040877575461266188 0.029872866491831136 -0.00096442378976995826 0.0053713006459255985 0.18652465923580214 -0.035001621460326822 0.011487196129069959 0.03784381239567116 0.048683018039127418 0.003457825367642648 0.0038899696518119946 0.016659413879773648 -0.02357657081176609 -0.04293943567543506 0.02401025385413582 0.02806854589470624 -0.034488090660113685 0.0088985341713872963 0.0017473475794581729 -0.020518524270225564 0.021473385496228334 0.0025378987044596549 -0.053646462501286851 0.0008782613911429857 0.016511815330400952 -0.015610148146153045
leaf_weight=178 15.999999999999998 111 18 33 86 12.000000000000002 17 21 73 22 39 27 41 12.000000000000002 26 12.999999999999998 19 21 21 40 23 11.999999999999998 18 11.999999999999998 47 26 21 36 15.000000000000002 11.999999999999998 11.999999999999998 13.999999999999998 19 22 56 12.999999999999998 15.999999999999998 17.000000000000004 20 14.999999999999998 22 19 17 11.999999999999998 32 54 20 14.999999999999998 87 15.999999999999998 12.999999999999998 87 17 17 11.999999999999998 23 18 12.999999999999998 372 21 11.999999999999998 19 15.999999999999998 44 13.000000000000002 11.999999999999998 14.999999999999998 14.999999999999998 35 22 11.999999999999998 23
leaf_count=178 16 111 18 33 86 12 17 21 73 22 39 27 41 12 26 13 19 21 21 40 23 12 18 12 47 26 21 36 15 12 12 14 19 22 56 13 16 17 20 15 22 19 17 12 32 54 20 15 87 16 13 87 17 17 12 23 18 13 372 21 12 19 16 44 13 12 15 15 35 22 12 23
internal_value=-0.00258586 0.00242549 -0.00452604 -0.0035143 -0.000918494 0.00241115 0.00697567 0.00598068 -0.00646044 0.000163629 0.00496162 0.0123185 0.00681783 0.00732156 0.00592484 0.00391131 0.00578308 0.0192846 0.0182911 -0.000115751 0.00389449 0.0171985 0.00158712 -0.00473641 -0.00597921 -0.00430024 0.00406839 -0.00597765 -0.000742943 0.0146496 -0.00587475 0.00191036 0.00885926 -0.00326481 -0.000751686 0.00126318 0.00272682 -0.00620027 -0.000131051 -0.00512959 0.00294317 -0.00330098 0.0140712 -0.0066805 -6.97196e-05 0.00284327 -0.00270893 0.00828034 0.00242747 -0.0104288 0.0240767 -0.00773766 -0.00419158 0.0060422 0.0138529 -0.00856431 -0.00760509 -0.00838017 -0.00893528 -0.000972966 -0.0100341 -0.00573242 0.00712195 0.00538552 0.0160885 0.00517311 -0.00461377 -0.00711941 -0.00445896 -0.00814695 0.0104764 -0.00880885
internal_weight=2397 669 1728 1550 824 497 434 418 726 175 401 101 74 325 300 258 232 55 42 396 212 35 177 184 327 280 62 235 108 27 81 45 33 144 122 177 164 172 131 76 37 132 33 218 164 123 91 36 111 127 25 206 119 37 24 551 478 455 437 53 384 40 33 66 31 41 41 91 72 57 29 41
internal_count=2397 669 1728 1550 824 497 434 418 726 175 401 101 74 325 300 258 232 55 42 396 212 35 177 184 327 280 62 235 108 27 81 45 33 144 122 177 164 172 131 76 37 132 33 218 164 123 91 36 111 127 25 206 119 37 24 551 478 455 437 53 384 40 33 66 31 41 41 91 72 57 29 41
is_linear=0
shrinkage=0.0573391


Tree=54
num_leaves=44
num_cat=0
split_feature=7 12 23 23 23 80 77 7 38 101 76 76 36 76 36 101 76 3 76 80 38 5 101 76 36 77 36 101 101 81 101 101 3 80 38 76 5 7 38 5 76 77 76
split_gain=9.14343 4.68622 3.50176 4.6834 5.00589 1.91628 2.10206 1.89527 2.19224 1.59094 1.46575 1.36513 1.98475 1.93498 1.62264 1.37439 1.24931 1.09186 1.19657 1.69779 1.38022 1.06263 1.054 1.1375 1.02027 1.20657 0.950943 0.907502 1.19548 0.937253 0.994794 1.04068 0.899759 0.891473 0.887549 0.951759 0.843588 0.842635 0.761159 0.737277 0.668831 0.641992 0.637713
threshold=4.1500000000000012 2.1026785714285716 -0.6035533905932734 1.0000000180025095e-35 -0.3794095225512602 24.187500000000004 1561.0000000000002 5.2500000000000009 15.450000000000001 0.87186424585848921 3046.5000000000005 1824.5000000000002 17.250000000000004 2111.5000000000005 14.550000000000002 0.9995634560312916 1607.5000000000002 59.500000000000007 2072.5000000000005 5.3125000000000009 7.8500000000000005 14.15 1.0636389168527927 2442.5000000000005 8.9500000000000011 2855.0000000000005 15.15 0.93185302342951004 0.95215474797391841 103.31250000000001 1.0574115037089931 1.0270426169587692 85.500000000000014 25.625000000000004 27.350000000000005 3046.5000000000005 10.550000000000002 7.5500000000000007 17.750000000000004 6.7500000000000009 2246.5000000000005 2324.5000000000005 2168.5000000000005
decision_type=2 2 2 2 2 2 2 2 2 2 2 2 2 2 2 2 2 2 2 2 2 2 2 2 2 2 2 2 2 2 2 2 2 2 2 2 2 2 2 2 2 2 2
left_child=-1 -2 27 4 7 6 26 8 -4 -8 32 12 14 37 16 24 -11 18 21 -20 -21 36 23 40 -15 -26 -6 -3 -29 30 31 39 -9 -7 35 -19 -5 -13 -22 -30 42 -39 -17
right_child=1 2 3 17 5 33 9 10 -10 11 -12 13 -14 15 -16 22 -18 34 19 20 38 -23 -24 -25 25 -27 -28 28 29 -31 -32 -33 -34 -35 -36 -37 -38 41 -40 -41 -42 -43 -44
leaf_value=-0.037878372746928922 -0.04774484146402877 -0.037276331899247006 -0.016654776712546424 -0.016236953680194732 0.030666440506264561 0.12523472409121067 0.043974520453501913 0.00069233859240411396 0.014878166737141986 -0.013287156873334349 -0.013906395810879133 0.011963130017331274 0.071841977043553246 -0.034104145417009915 -0.027340756963629809 0.0026493771940359831 0.081453873915902447 -0.0035082806579389007 -0.028064826420186924 -0.033978679719806809 0.016269316508310948 -0.030788469516682616 -0.0016107072416496491 0.037355497422038413 -0.017430630338104148 0.01684029727519824 0.0019948601099527754 0.009908332232696427 -0.0039470103902316117 0.0027607563682176543 -0.04071329307346646 0.0046617776474789244 -0.0082161905406792062 0.22470500447282807 -0.029775962538069172 -0.040082697271819394 0.0041449612424257912 -0.021101064700788218 0.0019678762108290182 -0.028842331702876957 -0.004167080219372679 0.0048326861926419008 0.037558659669240907
leaf_weight=293 68 47 18 64 14.000000000000002 14.000000000000002 27 326 25 12.000000000000002 63 13.999999999999998 28 11.999999999999998 12.999999999999998 30 18 194 27 12.999999999999998 53 21 37 100 37 19 15.999999999999998 15.999999999999998 156 31 58 20 101 13.999999999999998 38 26 14.999999999999998 43 66 102 53 14.999999999999998 22
leaf_count=293 68 47 18 64 14 14 27 326 25 12 63 14 28 12 13 30 18 194 27 13 53 21 37 100 37 19 16 16 156 31 58 20 101 14 38 26 15 43 66 102 53 15 22
internal_value=-0.00204144 -0.000709163 -0.000210246 0.00103266 0.00319617 0.00709799 0.00629594 -0.00074222 0.0107992 0.00537542 -0.00175519 0.00456929 0.0118704 0.00321206 0.00413253 0.00517883 0.011465 -0.00344912 -0.000818987 0.00227165 0.00495159 -0.00573331 0.00720265 0.00881028 -0.0020231 0.00122799 0.02102 -0.00480036 -0.00387737 -0.00454636 -0.00542656 -0.00400118 -0.000550479 0.0217022 -0.00608927 -0.00469113 -0.00268492 -0.00525529 0.00688978 -0.00497806 0.00464122 -0.00830306 0.00926102
internal_weight=2379 2086 2018 1588 1071 538 510 533 43 480 490 453 71 382 43 310 30 517 259 159 132 100 242 205 68 56 30 430 383 367 336 278 427 28 258 220 79 72 119 258 105 58 52
internal_count=2379 2086 2018 1588 1071 538 510 533 43 480 490 453 71 382 43 310 30 517 259 159 132 100 242 205 68 56 30 430 383 367 336 278 427 28 258 220 79 72 119 258 105 58 52
is_linear=0
shrinkage=0.0573391


Tree=55
num_leaves=58
num_cat=0
split_feature=6 11 46 24 24 46 14 100 24 8 11 25 24 11 14 8 11 105 8 76 76 14 8 11 8 8 76 76 100 8 76 8 53 76 8 76 53 72 8 8 46 76 8 105 105 76 105 11 8 100 8 100 76 8 76 82 76
split_gain=7.40742 3.14446 4.07015 2.55859 4.14951 2.28976 2.98356 2.81755 3.07425 2.21086 2.45577 2.15088 2.03716 1.83082 1.7739 2.06088 1.72711 2.31366 1.71424 1.58253 1.64482 1.54248 1.39889 1.81808 1.34569 1.34137 1.30892 2.59119 1.28237 1.2668 1.37796 1.24255 1.19677 1.16039 1.04971 0.926623 0.92518 0.916121 1.18973 2.02286 0.907087 0.943829 0.869351 1.05602 1.64206 0.939649 0.906929 0.858216 1.33561 1.1011 1.14089 0.879531 0.819867 0.789539 0.772956 0.733024 0.724993
threshold=4.6500000000000012 2.4520833333333338 0.89166666666666672 -0.98296291314453399 -0.9159756150367534 1.0000000180025095e-35 1.5000000000000002 885.58888888888907 -0.78656609248549325 22.833333333333339 5.2187500000000009 -0.60785761079279388 -0.78656609248549325 3.3895833333333334 5.5000000000000009 65.687500000000014 1.3270833333333336 1.8548301738238091 64.645833333333343 1824.5000000000002 2067.0000000000005 1.0000000180025095e-35 14.60416666666667 1.5250000000000001 72.041666666666686 90.750000000000014 3123.0000000000005 2771.0000000000005 859.87222222222238 41.104166666666679 1729.5000000000002 27.187500000000004 256.00000000000006 1970.5000000000002 26.437500000000004 2881.5000000000005 1289.5000000000002 4.5000000000000009 56.750000000000007 51.062500000000007 0.15833333333333335 2418.5000000000005 38.687500000000007 3.7498212667566277 3.5879693345598418 1872.5000000000002 2.8240388334664579 2.1395833333333338 20.812500000000004 949.85555555555572 21.687500000000004 931.33333333333337 2301.0000000000005 25.750000000000004 2226.5000000000005 6.4062500000000009 1819.0000000000002
decision_type=2 2 2 2 2 2 2 2 2 2 2 2 2 2 2 2 2 2 2 2 2 2 2 2 2 2 2 2 2 2 2 2 2 2 2 2 2 2 2 2 2 2 2 2 2 2 2 2 2 2 2 2 2 2 2 2 2
left_child=5 2 12 42 14 -1 13 8 -8 -6 11 37 16 -7 15 19 55 -18 35 36 33 -19 -23 -24 -16 28 27 29 -20 31 -31 53 -29 -21 47 54 -5 38 39 -11 -22 -42 56 44 46 -45 52 49 -49 50 51 -25 -44 -13 -12 -2 -3
right_child=1 3 -4 4 9 6 7 -9 -10 10 18 26 -14 -15 24 -17 17 21 25 20 40 22 23 34 -26 -27 -28 32 -30 30 -32 -33 -34 -35 -36 -37 -38 -39 -40 -41 41 -43 43 45 -46 -47 -48 48 -50 -51 -52 -53 -54 -55 -56 -57 -58
leaf_value=-0.041197640291392244 -0.018989233325305509 0.00052031024895908573 0.028897961843229871 0.015855018364127917 0.042572792454023976 -0.047208518809548447 0.060757511077375176 -0.077881800382673755 -0.0004622051019940434 -0.020398256183771394 0.0036067033558484351 -0.01172404033030337 -0.044753414255090149 0.010133151314960643 -0.0074235388954239558 0.13573270236359142 0.010004722063992026 -0.060021312635513892 -0.0070042301082886673 0.0066017477046015609 0.039487492704567834 0.0071215181862261988 -0.034877963445680227 -0.0033710271340598348 0.072702509604752316 0.23314105699604268 -0.02499672995533159 0.041255483907672044 -0.00026867414237129823 0.016096358424000062 0.00010834995408593249 -0.0070262698405036544 -0.0015727384630268163 -0.027930649493035312 0.038395385221554841 -0.0071377348403031992 0.10939254239044253 -0.035472902452479388 -0.064255554097221598 0.024894733175055951 0.047167583293062934 -0.01423113483756361 0.07831361172640143 0.00085873855830462221 0.060632436622523891 -0.032342123866589523 -0.0054583603365666216 0.0067223674600449873 -0.011911901821414604 0.0099888486635211615 0.0024527414052359043 -0.022738695141280237 -0.0013596974587111285 0.014637868407905371 0.053937546558780539 -0.10502897734393601 -0.008193491887937266
leaf_weight=214 15.999999999999998 25 14.999999999999998 37 12.999999999999998 97 20 20 33 47 40 20 61 12.999999999999998 73 18 21 27 19 23 146 11.999999999999998 30 129 13.999999999999998 11.999999999999998 32 19.000000000000004 49 17 42 184 11.999999999999998 25 24 12.999999999999998 11.999999999999998 82 19 20 17 20 12.999999999999998 21 13.999999999999998 41 92 11.999999999999998 126 25 24 23 26 23 35 44 107
leaf_count=214 16 25 15 37 13 97 20 20 33 47 40 20 61 13 73 18 21 27 19 23 146 12 30 129 14 12 32 19 49 17 42 184 12 25 24 13 12 82 19 20 17 20 13 21 14 41 92 12 126 25 24 23 26 23 35 44 107
internal_value=-0.00253357 -0.00112053 -0.0046435 0.000338687 0.00169949 -0.00969113 -0.00498162 0.00400517 0.0109253 -0.00093643 -0.0013811 -0.00333822 -0.00541415 -0.0109458 0.00647841 0.00858138 -0.00423606 -0.00302507 0.00464141 0.00737193 0.00538615 -0.00392867 -0.00304381 -0.00363281 -0.000724554 -0.00143298 -0.000772083 0.000343561 -0.0045526 -0.00136317 0.00612161 -0.00330878 0.0160885 -0.00406044 -0.00251142 0.0101638 0.0167314 -0.00866869 -0.00453316 -0.000940824 0.00786416 -0.000154044 -0.00400851 -0.0016895 0.000988342 -0.00795237 -0.00100643 -0.00333195 -0.00681375 -0.000941201 -0.00254091 -0.00437553 0.00632041 0.00546586 0.0126134 -0.0133776 -0.0076447
internal_weight=2408 2011 589 1422 1083 397 183 73 53 698 685 517 574 110 385 298 513 453 168 280 231 432 405 393 87 80 349 317 68 286 59 227 31 48 363 88 49 168 86 67 183 37 339 207 145 62 131 339 138 201 176 152 39 43 75 60 132
internal_count=2408 2011 589 1422 1083 397 183 73 53 698 685 517 574 110 385 298 513 453 168 280 231 432 405 393 87 80 349 317 68 286 59 227 31 48 363 88 49 168 86 67 183 37 339 207 145 62 131 339 138 201 176 152 39 43 75 60 132
is_linear=0
shrinkage=0.0573391


Tree=56
num_leaves=48
num_cat=0
split_feature=23 23 10 10 104 23 100 41 100 102 41 101 100 104 100 41 104 41 41 41 57 16 104 100 41 28 41 100 100 100 104 14 104 104 41 41 100 100 41 41 41 10 101 41 101 41 41
split_gain=6.79456 3.19128 2.39715 2.30248 2.06909 1.86212 1.689 1.68891 2.48664 1.63041 1.33236 1.25432 1.22148 1.19395 1.10565 1.08296 1.54922 1.53785 1.36892 1.9431 1.01398 1.02549 0.960827 0.909968 0.88409 0.865202 0.849723 1.03304 1.60067 1.15785 0.915214 0.84871 0.791806 1.2954 0.767416 0.709333 0.706225 1.5234 0.778329 0.695332 1.01108 0.692954 0.690282 0.653406 0.635799 0.627714 0.71736
threshold=-0.6035533905932734 1.0000000180025095e-35 15.677423552393696 28.408383085661434 61.570382858019805 -0.3794095225512602 891.02222222222224 30.050000000000001 885.58888888888907 82.932777777777787 53.100000000000001 1.1230721463448046 870.8611111111112 28.053282741275329 851.68888888888898 16.000000000000004 35.378626169324541 28.600000000000005 39.800000000000004 29.700000000000003 1.0000000180025095e-35 2.5000000000000004 25.647924989120018 922.92777777777781 32.600000000000001 0.93301270189221952 36.550000000000004 706.13430059523819 766.84690799396697 685.98716475095796 30.69513752509663 1.0000000180025095e-35 36.400470968281191 29.02793390810778 53.800000000000004 31.500000000000004 756.81111111111125 710.33447488584488 38.350000000000009 23.200000000000003 30.050000000000001 19.83801546531695 1.0942433209559608 64.600000000000009 1.0066587530312356 58.500000000000007 70.750000000000014
decision_type=2 2 2 2 2 2 2 2 2 2 2 2 2 2 2 2 2 2 2 2 2 2 2 2 2 2 2 2 2 2 2 2 2 2 2 2 2 2 2 2 2 2 2 2 2 2 2
left_child=3 2 7 41 5 6 26 -2 -9 12 15 20 14 22 36 -11 17 -17 19 -18 21 -3 -5 -12 -19 42 30 29 -29 -28 39 -15 33 -16 -30 -32 37 -7 -38 -4 -41 -1 44 -40 -8 -36 -47
right_child=1 11 4 13 -6 9 25 8 -10 10 23 -13 -14 31 32 16 18 24 -20 -21 -22 -23 -24 -25 -26 -27 27 28 34 -31 35 -33 -34 -35 45 -37 38 -39 43 40 -42 -43 -44 -45 -46 46 -48
leaf_value=-0.067045155420820041 -0.035508184855887866 -0.0092878289854128968 0.0055037402629522858 -0.0053682758885599648 0.14846955741175563 -0.0013800527151974378 -0.005067299924194555 0.027977661868162525 -0.10985518108546122 0.078750433279694679 0.010389100394260839 -0.040715889770656419 -0.010118762576482155 -0.032841424884506122 0.040468676762976871 -0.028817863204323751 0.02955081624890929 0.030062681867144513 0.034460287941762202 -0.00077626033273276785 0.025749821766333603 -0.0013202265539274413 0.010647817854816636 -0.00572336179930705 0.0027739897209947124 0.0060743455908710336 0.00088703466332944907 0.036726708701592566 0.0064170983441950071 -0.016391701038404035 -0.0026190393795493877 -0.0094299618806268325 0.042613513470316111 -0.0096696844076706381 -0.031570353491688422 -0.039728252062581244 -0.0054535806619747888 0.047550837015337528 0.0088311436178447611 -0.011106828419423991 0.0048240065935280744 -0.024901901344377506 -0.011749956674949876 -0.021417784480851638 0.0045345911278679733 0.0020285305667341381 -0.029194474966251553
leaf_weight=91 38 285 13.999999999999998 13.000000000000002 13.999999999999998 53 139 24 17 11.999999999999998 12.999999999999998 37 39 69 11.999999999999998 24 36 11.999999999999998 37 41 22 296 12.999999999999998 23 52 12.999999999999998 15.000000000000002 19 82 13.999999999999998 84 289 17 29 12.999999999999998 31 72 28 44 27 26 142 25 12.999999999999998 21 14.000000000000002 11.999999999999998
leaf_count=91 38 285 14 13 14 53 139 24 17 12 13 37 39 69 12 24 36 12 37 41 22 296 13 23 52 13 15 19 82 14 84 289 17 29 13 31 72 28 44 27 26 142 25 13 21 14 12
internal_value=-0.00232997 -0.000583038 0.00116205 -0.00753668 0.001843 0.00156564 -0.000804143 -0.00849108 -0.000418689 0.00390144 0.00733914 -0.00385239 0.00110183 -0.00480798 0.00248167 0.00905601 0.00806119 0.00234519 0.012473 0.00811592 -0.00322346 -0.00368107 0.0070546 -0.00286566 0.00698718 -0.00503861 0.00158447 0.00451217 0.00655259 -0.00533647 -0.00113397 -0.00566968 0.00948929 0.00517311 0.0041223 -0.00423765 0.000545914 0.00474218 -0.00208877 0.00419267 0.00118932 -0.0120335 -0.00604352 0.00291643 -0.00465846 -0.00249825 0.00264467
internal_weight=2456 1839 1199 617 1120 1106 549 79 41 557 250 640 307 384 268 214 202 88 114 77 603 581 26 36 64 198 351 169 140 29 182 358 58 41 121 115 210 81 129 67 53 233 185 57 160 39 26
internal_count=2456 1839 1199 617 1120 1106 549 79 41 557 250 640 307 384 268 214 202 88 114 77 603 581 26 36 64 198 351 169 140 29 182 358 58 41 121 115 210 81 129 67 53 233 185 57 160 39 26
is_linear=0
shrinkage=0.0573391


Tree=57
num_leaves=60
num_cat=0
split_feature=13 8 14 8 46 58 49 76 13 46 8 9 38 38 104 76 46 76 38 38 36 36 76 36 46 38 14 36 36 36 104 38 0 8 80 8 80 38 8 36 8 8 8 38 3 38 38 46 9 9 9 76 76 104 104 38 38 38 36
split_gain=6.68741 3.99423 3.30637 2.86317 3.10926 2.41868 2.62708 2.73113 2.09962 2.04118 1.91412 1.60629 1.38322 1.71006 3.13401 3.53287 2.42658 1.38159 1.2774 1.74098 1.79938 1.86926 1.41718 1.16967 1.19498 1.23341 1.09278 1.08479 1.27482 1.20846 1.56475 1.18917 0.983839 1.19625 1.38483 1.39695 1.33032 0.981216 0.932891 0.898484 0.881831 1.04086 1.01052 0.877401 0.828623 0.998932 0.790609 0.782908 0.970102 1.42382 0.864786 0.729046 0.772481 0.725829 1.38828 0.689025 0.992302 1.07955 0.644699
threshold=14.500000000000002 21.687500000000004 1.5000000000000002 32.854166666666679 0.37500000000000006 1.457766492018435 92449.000000000015 1978.5000000000002 12.500000000000002 1.0000000180025095e-35 24.937500000000004 54.035714285714292 34.750000000000007 18.150000000000002 26.582196341743217 1543.0000000000002 0.89166666666666672 3926.0000000000005 19.050000000000004 19.750000000000004 14.550000000000002 12.350000000000003 2226.5000000000005 3.4500000000000006 0.10833333333333335 17.450000000000003 1.0000000180025095e-35 17.450000000000003 20.550000000000004 10.15 23.103081386613709 9.6500000000000004 76.500000000000014 57.104166666666679 11.537500000000003 44.145833333333336 8.8875000000000011 35.350000000000001 34.104166666666679 8.1500000000000004 34.104166666666679 37.812500000000007 22.520833333333339 11.550000000000002 25.500000000000004 27.750000000000004 4.8500000000000005 1.0000000180025095e-35 31.258928571428573 37.720238095238102 37.032738095238102 2218.5000000000005 2093.0000000000005 23.624752473279624 22.435428262746747 11.15 17.150000000000002 20.050000000000004 18.850000000000005
decision_type=2 2 2 2 2 2 2 2 2 2 2 2 2 2 2 2 2 2 2 2 2 2 2 2 2 2 2 2 2 2 2 2 2 2 2 2 2 2 2 2 2 2 2 2 2 2 2 2 2 2 2 2 2 2 2 2 2 2 2
left_child=2 -2 3 5 44 6 7 -1 37 -9 -7 12 13 16 53 -16 17 23 -17 -20 21 22 -21 -10 25 27 38 29 -29 30 -25 -32 33 34 35 36 40 43 -3 -24 42 -42 -28 46 -5 55 -4 -8 -49 50 -50 52 -22 54 -15 -46 -57 -58 -26
right_child=1 26 8 4 -6 10 47 9 11 -11 -12 -13 -14 14 15 18 -18 -19 19 20 51 -23 39 24 58 -27 32 28 -30 -31 31 -33 -34 -35 -36 -37 -38 -39 -40 -41 41 -43 -44 -45 45 -47 -48 48 49 -51 -52 -53 -54 -55 -56 56 57 -59 -60
leaf_value=-0.11043003429078325 -0.050866167239167162 -0.040501124074957248 0.0025405500321093134 -0.02008893211849044 0.026422786656217757 0.012311744290145773 -0.039085041876249123 0.0014110553884385706 -0.048364745758089876 0.027122084002699311 -0.0299954143528776 0.10623581999098551 -0.013968178875727455 0.022654600420563328 0.12555498552501554 0.041984081240161494 0.019459476663330543 0.028727591931417343 -0.04912957114567152 -0.042020804157269692 0.013423625563688039 -0.023731119492616418 -0.0027707762537526564 -0.01081541946991901 -0.0038873837775035302 -0.010122611987692626 0.0039293412708347221 0.035448709226349108 -0.049212076870166939 -0.0048802948026256511 0.077828743783922572 0.0047943389900563411 -0.027664132205610044 0.02416596798082208 -0.032154097234149623 0.005247237833923629 -0.032140044526646393 -0.036382693021631628 -0.010227820733289312 0.029571759127347046 0.015178261579125524 -0.013869561776313641 -0.011052771980719696 -0.00019845502999115688 0.0035534051860898817 0.0079748518394697245 -0.018605278048595623 -0.066841615004714763 -0.010076210645062603 -0.031054260557031532 0.022904735812478916 0.02962791351711043 -0.0072242258419429059 0.046176941788784301 -0.025920567083977671 -0.0046243837866784742 0.0057620307965151876 -0.034553289251060423 -0.023855329900919382
leaf_weight=12.999999999999998 161 40 14.999999999999998 15.999999999999998 22 14.000000000000002 137 16.000000000000004 13.999999999999998 12.999999999999998 14.999999999999998 19 35 24 15.999999999999998 26 11.999999999999998 12.999999999999998 23 14.999999999999998 50 40 18 20 70 17 13.999999999999998 47 11.999999999999998 161 21 52 109 28 34 32 33 21 30 43 12.000000000000002 11.999999999999998 103 315 21 17 86 47 52 42 12.999999999999998 28 15.999999999999998 21 11.999999999999998 42 23 14.999999999999998 14.999999999999998
leaf_count=13 161 40 15 16 22 14 137 16 14 13 15 19 35 24 16 26 12 13 23 15 50 40 18 20 70 17 14 47 12 161 21 52 109 28 34 32 33 21 30 43 12 12 103 315 21 17 86 47 52 42 13 28 16 21 12 42 23 15 15
internal_value=-0.00247919 -0.00767654 -0.000718715 -0.0045826 0.00191103 -0.00738104 -0.00876423 0.00464043 0.000848607 0.0144302 0.00849951 0.0025256 0.00214405 0.00264075 0.00576827 0.00323166 0.000353555 -0.00033721 0.00161596 0.000270549 0.0019111 -0.00286655 0.00241369 -0.000895419 -0.000345332 0.00121616 -0.00488717 0.00203329 0.00903693 0.0004062 0.00560996 0.0095031 -0.00366531 -0.00179704 -0.00310567 -0.00133586 -0.00336098 -0.00237481 -0.0114666 0.00629688 -0.000935051 0.00907557 -0.00298907 -0.00176418 -0.001369 0.000291258 -0.00641455 -0.0106991 -0.00789299 -0.00487598 0.000440522 0.00780714 0.00451681 0.0180045 0.013058 -0.00187304 -0.00429977 0.0024131 -0.00640775
internal_weight=2403 608 1795 518 156 362 333 42 1277 29 29 840 821 786 332 275 454 442 259 233 210 116 76 429 415 330 447 313 59 254 93 73 377 268 240 206 174 437 70 61 141 24 117 416 134 118 101 291 154 107 65 94 66 57 36 101 80 38 85
internal_count=2403 608 1795 518 156 362 333 42 1277 29 29 840 821 786 332 275 454 442 259 233 210 116 76 429 415 330 447 313 59 254 93 73 377 268 240 206 174 437 70 61 141 24 117 416 134 118 101 291 154 107 65 94 66 57 36 101 80 38 85
is_linear=0
shrinkage=0.0573391


Tree=58
num_leaves=83
num_cat=0
split_feature=7 8 79 46 18 46 8 100 100 8 38 58 101 38 38 100 9 9 9 9 101 19 19 8 100 19 19 76 58 101 100 9 100 9 7 101 58 8 8 100 7 100 101 9 7 19 100 9 9 26 9 19 46 38 9 8 19 38 100 102 9 100 100 7 100 30 76 100 76 8 76 8 19 2 79 38 9 101 7 7 19 19
split_gain=8.01288 2.942 3.21071 2.91133 2.64025 4.21624 2.61662 2.35731 2.67226 3.25933 2.33131 2.21439 2.14437 2.10961 2.45492 2.71161 5.51901 3.20301 3.95781 3.5422 3.17238 2.62778 2.60447 2.48039 2.08661 2.02761 2.00868 1.93013 3.37913 2.06371 1.9579 3.72821 2.69867 2.58407 2.27468 3.46684 1.79743 1.72192 1.62593 1.56126 2.11143 1.54818 1.88537 1.51868 1.41973 1.4043 2.07325 1.38628 1.38284 1.37033 1.34645 1.33918 1.28735 1.2522 1.24994 3.17507 1.16643 1.14976 1.10749 2.17962 1.72025 3.60663 1.24605 1.90167 1.22526 1.20213 1.1496 1.37917 1.37741 1.02875 0.960047 0.932654 0.879092 0.864958 0.848117 0.790787 0.716092 0.672553 0.655566 0.650263 0.676895 0.661784
threshold=4.1500000000000012 16.541666666666668 39.875000000000007 1.0000000180025095e-35 1.0000000180025095e-35 0.058333333333333341 48.937500000000007 876.01666666666677 819.52777777777794 27.354166666666668 12.750000000000002 1.7141970648955189 0.86205999223061969 34.45000000000001 31.350000000000005 903.85555555555572 40.937500000000007 36.824404761904766 34.773809523809533 32.553571428571438 0.9995634560312916 44.500000000000007 14.500000000000002 56.187500000000007 790.25555555555559 1.5000000000000002 49.500000000000007 2146.5000000000005 1.0000000180025095e-35 1.0942433209559608 972.85000000000014 41.130952380952387 956.15000000000009 39.598214285714292 7.0500000000000007 0.98645135799193417 0.71419706489551882 30.979166666666668 54.062500000000007 883.26111111111129 9.2500000000000018 752.27777777777794 0.90000647649483256 39.238095238095248 8.1500000000000004 29.500000000000004 945.6444444444445 33.473214285714292 38.032738095238102 -0.22252093395631442 41.979166666666671 45.500000000000007 1.0000000180025095e-35 19.150000000000002 28.767857142857149 30.041666666666668 44.500000000000007 19.850000000000005 907.15555555555568 83.28388888888891 40.937500000000007 895.18333333333351 865.83888888888907 9.7500000000000018 904.11666666666679 1.0000000180025095e-35 2324.5000000000005 835.74444444444453 2470.5000000000005 46.020833333333336 2107.5000000000005 55.604166666666679 41.500000000000007 60.500000000000007 29.375000000000004 16.950000000000003 39.824404761904766 1.0211100886693514 11.65 10.550000000000002 39.500000000000007 43.500000000000007
decision_type=2 2 2 2 2 2 2 2 2 2 2 2 2 2 2 2 2 2 2 2 2 2 2 2 2 2 2 2 2 2 2 2 2 2 2 2 2 2 2 2 2 2 2 2 2 2 2 2 2 2 2 2 2 2 2 2 2 2 2 2 2 2 2 2 2 2 2 2 2 2 2 2 2 2 2 2 2 2 2 2 2 2
left_child=12 3 7 51 25 11 37 8 9 41 -8 13 -1 14 15 16 17 18 19 21 -17 22 24 72 71 -4 49 28 45 30 31 33 39 34 75 -36 74 -7 57 -33 -41 42 -3 -40 53 -27 56 -37 -49 -14 70 -2 -18 76 55 -26 -47 -12 59 62 61 -61 63 65 -63 -29 -67 68 -68 -19 -10 -6 73 -22 -5 -30 -9 -34 -64 80 -60 -82
right_child=1 2 4 36 5 6 10 44 50 -11 38 -13 26 -15 -16 20 52 69 -20 -21 23 -23 -24 -25 54 27 -28 58 29 -31 -32 32 77 -35 35 47 -38 -39 43 40 -42 -43 -44 -45 -46 46 -48 48 -50 -51 -52 -53 -54 -55 -56 -57 -58 -59 79 60 -62 64 78 -65 -66 66 67 -69 -70 -71 -72 -73 -74 -75 -76 -77 -78 -79 -80 -81 81 -83
leaf_value=0.015265414824087949 -0.037156070499647247 0.024885160045457908 0.031028268925193295 0.024342010021298367 0.075146890775160513 0.0055173789499735754 -0.040550168951348643 0.0046932125209404119 0.027029711736321002 0.090426086538088743 0.0025964959081844446 -0.058152442536822606 8.2208682715322003e-05 -0.010254123798091284 0.140382836044152 0.0386322753860378 0.08360634942148501 0.0068421944402666255 0.092358564292468123 -0.012428242201494369 0.0030894456590766575 0.096009496144246004 -0.059005829086655186 0.068850854743710263 -0.02128117987416759 -0.028405668909293014 0.0086280527795885142 -0.036832428721947197 -0.022787959710449727 -0.010340314657987043 -0.027599867807887368 0.052458479357806884 0.011091884122904799 -0.011081835688140763 -0.0051063482341429656 0.0023345393742827182 -0.014140892180236689 -0.01996835920356296 0.020462119271681387 -0.028328957191902433 0.029771243827980506 -0.038128191170875722 -0.0035528057479456998 -0.012135056444495026 -0.01369465467270773 0.0066715429475466418 -0.11294860175399932 0.018847386388351345 0.0030873190259463968 -0.037849904753091933 0.0080348876460374415 -4.9409733390053665e-06 0.089596852372072641 -0.014816320135606966 -0.014781192201709922 0.076775786867564824 -0.088731122864822723 0.076790773399131609 -0.032264183366888612 0.08280964707332085 -0.052787321480164393 -0.027712964139963006 -0.016962292504110455 -0.024400005891246673 0.0071186634174947444 -0.0036192760330854301 0.040136854002350328 0.011727513274520006 -0.0013885890408694495 -0.056152049197953524 0.024107860662790803 0.033784480088394249 -0.050030652751237435 -0.0078588282372695859 0.0075535716259921889 0.0076828559686409458 0.011168096137159477 0.10950329391158588 0.018397977079792151 -0.059301254605462955 0.0019209370676674768 -0.027757239878885679
leaf_weight=13.999999999999998 105 11.999999999999998 24 12.999999999999998 28 19 14.999999999999998 34 25 17 12.000000000000002 13.999999999999998 27 17 12.999999999999998 22 19 23 30 27 12.999999999999998 14.999999999999998 12.999999999999998 14.999999999999998 14.999999999999998 71 11.999999999999998 33 21 37 17 11.999999999999998 20 31 34 14.999999999999998 23 123 30 15.999999999999998 20 37 23 19 25 39 21 34 15.999999999999998 253 11.999999999999998 18 19 27 20 17 14.999999999999998 12.999999999999998 42 13.999999999999998 11.999999999999998 16.000000000000004 94 75 12.999999999999998 35 15.999999999999998 42 64 30 29 11.999999999999998 33 52 24 18 11.999999999999998 11.999999999999998 11.999999999999998 31 25 29
leaf_count=14 105 12 24 13 28 19 15 34 25 17 12 14 27 17 13 22 19 23 30 27 13 15 13 15 15 71 12 33 21 37 17 12 20 31 34 15 23 123 30 16 20 37 23 19 25 39 21 34 16 253 12 18 19 27 20 17 15 13 42 14 12 16 94 75 13 35 16 42 64 30 29 12 33 52 24 18 12 12 12 31 25 29
internal_value=-0.00177689 -0.000535863 0.00011425 -0.00748818 -0.000780652 0.00199581 -0.004294 0.00614161 0.0105425 0.00405825 0.00341402 0.00524634 -0.0104557 0.00597213 0.0067813 0.00598986 0.00932802 0.00598295 0.00968566 0.00581151 -0.000636832 0.0100337 0.00682547 -0.00451561 0.0102204 -0.00261542 -0.0115068 -0.00300997 -0.00021702 0.00323581 0.00500079 0.00628633 0.0164836 0.00145869 0.00481941 0.00943991 0.00286618 -0.00912527 0.00759264 0.00788268 0.00191013 -0.00127366 0.00737025 0.00152041 -0.00081875 -0.00738293 -0.00191074 0.0172 0.0217862 -0.0124914 0.019285 -0.0125393 0.0295705 0.00321975 0.00264554 0.00967355 0.00403401 0.0194904 -0.00527758 -0.00387633 0.00677527 0.0121325 -0.00545556 -0.00335361 0.000591911 -0.000301601 0.0017893 0.00441749 0 -0.00638185 0.0231454 0.0200656 -0.00783954 -0.00396884 0.0106907 -0.00690843 0.0089732 0.0293811 -0.0107097 -0.00997729 -0.0076445 -0.00339697
internal_weight=2446 2140 1957 183 1704 678 231 253 155 89 89 447 306 433 416 403 268 230 177 147 135 120 105 113 92 1026 292 1002 449 303 266 249 80 169 138 99 60 142 74 48 36 72 35 49 98 146 75 65 50 280 66 123 38 73 52 32 54 25 553 426 55 43 371 265 29 190 157 122 80 53 54 40 98 65 37 39 46 32 106 127 96 54
internal_count=2446 2140 1957 183 1704 678 231 253 155 89 89 447 306 433 416 403 268 230 177 147 135 120 105 113 92 1026 292 1002 449 303 266 249 80 169 138 99 60 142 74 48 36 72 35 49 98 146 75 65 50 280 66 123 38 73 52 32 54 25 553 426 55 43 371 265 29 190 157 122 80 53 54 40 98 65 37 39 46 32 106 127 96 54
is_linear=0
shrinkage=0.0573391


Tree=59
num_leaves=75
num_cat=0
split_feature=7 9 100 100 19 100 102 87 38 8 87 102 100 19 7 7 19 104 104 38 79 38 8 102 100 104 8 100 26 100 100 87 19 19 38 88 100 100 7 100 100 100 100 100 104 8 38 8 100 8 27 8 104 8 8 100 7 104 38 87 24 7 79 100 87 8 8 100 27 100 8 8 8 100
split_gain=6.91481 4.0272 2.91313 2.13403 2.97899 3.33999 3.14811 2.46697 2.42668 2.83634 3.22934 3.70554 2.85858 3.29164 2.7277 2.69821 2.6439 2.38769 3.50066 2.25734 2.23706 2.23581 2.45437 2.23523 2.92767 2.16626 2.13822 2.60006 2.94005 3.20793 2.00628 1.9094 1.81147 1.79673 1.79187 1.78448 2.44147 2.20618 1.70102 1.51191 1.82972 1.80388 2.31638 2.37324 1.87624 3.64739 1.49975 1.4888 1.46183 1.40061 1.34072 1.33513 1.21461 1.19944 1.16616 1.13514 1.07926 1.0569 1.03248 1.03177 1.30127 1.67566 0.89087 0.89087 0.862083 0.855296 0.783881 0.723618 0.702285 0.6999 0.646546 1.18569 0.645101 0.644435
threshold=4.1500000000000012 22.470238095238098 584.55069930069942 961.08888888888907 20.500000000000004 865.3611111111112 82.932777777777787 4.5000000000000009 23.450000000000003 58.250000000000007 2.5000000000000004 85.304444444444457 945.92777777777781 30.500000000000004 17.350000000000005 22.350000000000005 42.500000000000007 27.720059075099144 31.275477457558477 10.15 41.125000000000007 14.65 63.062500000000007 83.190000000000012 916.20000000000016 37.253973835508567 19.229166666666668 931.82222222222231 -0.22252093395631442 945.07222222222231 957.13333333333344 1.0000000180025095e-35 49.500000000000007 48.500000000000007 9.8500000000000032 1.0000000180025095e-35 816.85555555555572 677.40497448979602 12.450000000000001 868.93888888888898 710.33447488584488 766.84690799396697 764.15189873417728 753.7296296296297 30.837301970615261 32.145833333333336 15.250000000000002 54.395833333333336 637.57988871224177 60.770833333333336 -0.24999999999999997 24.187500000000004 22.435428262746747 32.854166666666679 17.104166666666668 840.59444444444455 5.9500000000000011 28.565375122187564 17.250000000000004 1.0000000180025095e-35 -0.78656609248549325 2.9500000000000006 42.625000000000007 916.63888888888903 1.0000000180025095e-35 25.395833333333339 19.229166666666668 685.98716475095796 -0.93301270189221919 842.04444444444459 21.187500000000004 42.312500000000007 29.520833333333339 944.45000000000016
decision_type=2 2 2 2 2 2 2 2 2 2 2 2 2 2 2 2 2 2 2 2 2 2 2 2 2 2 2 2 2 2 2 2 2 2 2 2 2 2 2 2 2 2 2 2 2 2 2 2 2 2 2 2 2 2 2 2 2 2 2 2 2 2 2 2 2 2 2 2 2 2 2 2 2 2
left_child=32 -2 -3 4 7 17 46 35 9 10 11 16 13 -11 -15 73 25 62 -19 -5 65 34 31 -12 58 -8 -26 63 29 -29 57 47 59 -24 -22 37 67 48 -33 40 66 42 43 56 45 51 -7 -23 -4 -46 -48 52 -43 -30 -54 -47 -42 -13 72 60 61 -1 -6 -28 -21 -20 -39 -37 -14 -38 -9 -72 -25 -10
right_child=1 2 3 19 5 6 8 70 15 12 23 30 68 14 -16 -17 -18 18 20 64 21 22 33 24 26 -27 27 28 53 -31 -32 38 -34 -35 -36 36 69 39 -40 -41 41 44 -44 -45 49 55 50 -49 -50 -51 -52 -53 54 -55 -56 -57 -58 -59 -60 -61 -62 -63 -64 -65 -66 -67 -68 -69 -70 -71 71 -73 -74 -75
leaf_value=-0.002387895580618392 -0.043245400565952094 0.061368766014914401 -0.023868167262269899 0.075669831739298157 0.010327665149221605 -0.015087295345729553 -0.041717416837509957 -0.055923861560790676 -0.0029253979245412219 0.16180548252770496 0.07952253685703875 -0.0036927852690705394 0.089109416584672155 -0.032701121321985403 0.030059193835125366 0.12883298632107199 0.10759800373229621 -0.01467900224060141 0.014137995551524576 -0.0074010235309834131 0.016006955594162191 0.048259141095145931 -0.022563338993905221 -0.0095561335877769604 0.014324145467911371 0.00568389247440311 0.010075964155277735 -0.0024218910783062393 -0.041553050335285641 0.032585997717282739 0.0018245205350257896 0.0019211725707196758 0.0081333279261898758 0.03225715756945817 -0.0090924085343181485 -0.0033486119957763343 0.019179205706483647 4.1444174208029077e-05 0.071223436015728295 -0.010522260939142429 0.017075167094589366 0.01183757235081912 0.082382351847155116 -0.063347115654321468 -0.017541929061405507 0.0028674467237811948 -0.0092903584023599477 0.033599800805558827 0.037949281930152665 0.020931214503531484 0.0040506657301912444 -0.027213589536213407 -0.017595428195923458 0.0061639725333823741 0.0019235018003501551 0.062093159982488329 0.022311684738751017 -0.028192282119717364 0.00361266701218412 -0.036406491712541206 -0.028618576287681344 0.021114115552591278 0.06310844010245785 0.055103196529705051 -0.023735235050536072 0.034773873443523277 -0.02329848466634964 -0.023575003246082804 0.071120012642635067 -0.0036557894078835863 0.0005267535453872264 -0.035192871116975194 -0.024791363222696736 -0.018987021943678555
leaf_weight=17 61 17 13.999999999999998 11.999999999999998 13.000000000000002 70 25 52 122 14.999999999999998 13.999999999999998 14.999999999999998 15.000000000000002 28 14.999999999999998 13.999999999999998 29 29 12.999999999999998 34 18 13.000000000000002 25 30 12.999999999999998 13.999999999999998 13.000000000000002 18 64 32 29 54 11.999999999999998 12.999999999999998 27 22 14.999999999999998 11.999999999999998 22 54 13.999999999999998 15.999999999999998 12.999999999999998 12.999999999999998 82 13.999999999999998 42 18 23 11.999999999999998 21 15.999999999999998 24 19 32 20 50 102 41 191 46 18 11.999999999999998 11.999999999999998 90 23 31 62 12.999999999999998 33 39 44 32 40
leaf_count=17 61 17 14 12 13 70 25 52 122 15 14 15 15 28 15 14 29 29 13 34 18 13 25 30 13 14 13 18 64 32 29 54 12 13 27 22 15 12 22 54 14 16 13 13 82 14 42 18 23 12 21 16 24 19 32 20 50 102 41 191 46 18 12 12 90 23 31 62 13 33 39 44 32 40
internal_value=-0.00194017 -0.000803496 -0.000368733 -0.000567697 -6.69392e-05 0.00170016 -6.35551e-06 -0.00300882 0.00141091 0.00317892 0.00153048 -0.00380451 0.0128002 0.00553518 -0.00253254 -0.0044956 0.00725073 0.00716715 0.00550882 -0.00750418 0.00791553 0.00543182 0.00889694 0.00549479 0.00435255 -0.00249825 0.00895251 0.00711253 0.00392281 0.0149061 -0.00895382 0.0133425 -0.0103369 -0.0036201 -0.00573259 -0.00136324 -0.00721033 0.000390867 0.00844903 -0.000839364 0.000542071 0.00209854 0.00891859 0.00513744 -0.000743114 0.00394752 -0.00814766 0.0253354 0.0137898 -0.00683121 -0.00172862 -0.00221488 0.00111439 -0.0026937 -0.00286612 0.0198964 0.00967476 -0.0123002 -0.003284 -0.0112989 -0.00587475 0.00245611 0.0240767 0.0240767 -0.00980251 0.0210208 -0.0105325 -0.013105 0.0278447 0.00310487 -0.00998067 -0.00683846 -0.00795237 -0.00658299
internal_weight=2382 2098 2037 2020 1884 1177 897 707 764 588 502 214 86 58 43 176 68 280 255 136 226 190 145 288 274 39 171 158 133 50 146 107 284 38 45 572 132 440 76 403 349 306 90 77 216 122 133 31 37 94 63 88 72 83 56 34 64 117 103 272 81 35 25 25 124 36 43 84 28 48 135 83 62 162
internal_count=2382 2098 2037 2020 1884 1177 897 707 764 588 502 214 86 58 43 176 68 280 255 136 226 190 145 288 274 39 171 158 133 50 146 107 284 38 45 572 132 440 76 403 349 306 90 77 216 122 133 31 37 94 63 88 72 83 56 34 64 117 103 272 81 35 25 25 124 36 43 84 28 48 135 83 62 162
is_linear=0
shrinkage=0.0573391


Tree=60
num_leaves=44
num_cat=0
split_feature=103 23 11 23 23 0 0 53 11 82 40 15 11 0 40 5 82 40 38 11 28 38 82 82 100 11 40 103 11 82 82 103 82 40 40 40 77 5 103 40 5 5 40
split_gain=6.51558 5.27193 4.15275 3.52657 4.76914 2.34247 2.09949 1.77342 1.70111 1.58161 1.47373 1.46164 1.24976 1.16585 1.15624 1.14326 1.11907 1.04419 1.04072 1.00942 1.00894 1.09132 0.939476 1.20202 0.951987 0.900181 0.89702 0.881271 0.790235 0.770385 0.823513 0.735451 1.48986 0.704611 1.06149 0.69936 1.10247 0.697408 0.696189 0.674212 0.67086 1.58454 0.666058
threshold=1.1069633816268931 -0.6035533905932734 2.0375000000000005 1.0000000180025095e-35 -0.3794095225512602 39.500000000000007 44.500000000000007 1669.0000000000002 4.6020833333333346 17.675000000000004 14.450000000000001 11.500000000000002 3.3520833333333337 35.500000000000007 3.9500000000000006 9.2500000000000018 16.800000000000004 2.7500000000000004 15.65 2.3645833333333339 -0.9330127018922193 15.450000000000001 16.800000000000004 13.043750000000001 957.50555555555559 3.072916666666667 5.9500000000000011 1.0111508144660479 5.6562500000000009 12.275000000000002 12.756250000000003 1.0290433478675232 21.656250000000004 4.1500000000000012 2.4500000000000006 15.750000000000002 1813.5000000000002 6.1500000000000012 0.86634610016135782 1.5500000000000003 9.6500000000000004 8.1500000000000004 0.25000000000000006
decision_type=2 2 2 2 2 2 2 2 2 2 2 2 2 2 2 2 2 2 2 2 2 2 2 2 2 2 2 2 2 2 2 2 2 2 2 2 2 2 2 2 2 2 2
left_child=1 2 -1 4 7 13 33 11 37 22 14 19 -11 26 17 -10 -2 39 -9 38 21 -21 23 24 29 -24 -4 -13 -25 -6 -31 32 -14 34 -5 -12 -37 -7 -3 42 41 -16 -8
right_child=16 3 5 6 9 8 10 18 15 12 35 27 31 -15 40 -17 -18 -19 -20 20 -22 -23 25 28 -26 -27 -28 -29 -30 30 -32 -33 -34 -35 -36 36 -38 -39 -40 -41 -42 -43 -44
leaf_value=-0.04908299591472972 -0.051781242073263532 0.003166040493546793 -0.014662708523411633 0.0013981757423257909 0.0040886127339993536 -0.012150247505835141 -0.021732409126436997 0.0018586608130367525 0.0040153101672041041 -0.013935122246551383 0.012648497480136495 -0.00025395400562278064 0.10390978942984958 0.0071847193033563687 -0.025129722038617634 -0.039784967960991117 -0.0043422495430165643 0.026041195014834491 0.024509290013865457 -0.0031527527640756612 -0.00147349409217379 0.020291563355108681 0.02121083581668692 0.061465133453969541 0.010269502581539032 -0.022493643984191722 0.0030030359173551955 0.012795201512037875 -0.012465896027676405 -0.011483394111032146 0.044826755037431706 -0.0019521860355235466 0.079419164337475839 0.0027715589854033435 -0.020424744010506594 0.015283521733744355 -0.012943963252837145 -0.032285386649047697 -0.011236589569153752 -0.017046922689928686 -0.035663025306023083 0.0018216927794092192 0.0058847790410293541
leaf_weight=107 137 11.999999999999998 19 32 315 86 12.000000000000002 12.000000000000002 95 12.999999999999998 30 24 19 26 67 38 27 12.999999999999998 11.999999999999998 13.000000000000002 294 18 12.000000000000002 46 25 17 90 25 12.999999999999998 12.000000000000002 13.999999999999998 11.999999999999998 56 136 20 17 51 105 156 22 123 32 11.999999999999998
leaf_count=107 137 12 19 32 315 86 12 12 95 13 30 24 19 26 67 38 27 13 12 13 294 18 12 46 25 17 90 25 13 12 14 12 56 136 20 17 51 105 156 22 123 32 12
internal_value=-0.00197139 -0.00116814 -0.00595668 0.000438434 0.00230376 -0.00358515 -0.0032461 -0.00139795 -0.00622924 0.0060857 -0.0057035 -0.00207344 0.0126137 0.00276043 -0.00781501 -0.00124996 -0.0130056 -0.000679673 0.0138529 -0.00301224 -0.00114666 0.00869099 0.00464763 0.00532903 0.00410446 -0.00533647 0.000157499 0.0073708 0.012924 0.00331241 -0.00617261 0.0150915 0.0172002 0.00170775 -0.00396864 0.000350696 -0.00286627 -0.00969621 -0.00662092 -0.00473551 -0.00971114 -0.00619663 0.00190954
internal_weight=2417 2253 566 1687 1120 459 567 566 324 554 379 542 100 135 281 133 164 59 24 493 325 31 454 425 366 29 109 49 59 341 26 87 75 188 52 98 68 191 168 46 222 99 24
internal_count=2417 2253 566 1687 1120 459 567 566 324 554 379 542 100 135 281 133 164 59 24 493 325 31 454 425 366 29 109 49 59 341 26 87 75 188 52 98 68 191 168 46 222 99 24
is_linear=0
shrinkage=0.0573391


Tree=61
num_leaves=25
num_cat=0
split_feature=13 11 13 11 36 81 36 81 78 3 36 78 3 81 13 78 3 81 88 36 36 36 78 3
split_gain=6.40741 5.43429 3.90859 2.35648 2.32777 2.28667 2.27843 1.84247 1.57017 1.78098 1.44003 1.2757 1.50141 1.27268 1.25165 1.12575 1.05799 1.04312 0.963813 0.876439 0.717299 0.707856 0.69626 0.673496
threshold=13.500000000000002 1.9729166666666669 12.500000000000002 5.6729166666666684 17.250000000000004 38.550000000000004 18.050000000000004 82.687500000000014 884.60000000000014 98.500000000000014 18.450000000000003 990.00000000000011 76.500000000000014 53.312500000000007 14.500000000000002 1890.2500000000002 149.50000000000003 68.812500000000014 1.0000000180025095e-35 20.150000000000002 18.250000000000004 21.350000000000005 1085.3500000000001 99.500000000000014
decision_type=2 2 2 2 2 2 2 2 2 2 2 2 2 2 2 2 2 2 2 2 2 2 2 2
left_child=2 14 6 4 5 -4 11 17 -3 15 -8 23 22 -7 -2 21 -11 -5 -15 -12 -6 -10 -13 -1
right_child=1 8 3 7 20 13 10 -9 9 16 19 12 -14 18 -16 -17 -18 -19 -20 -21 -22 -23 -24 -25
leaf_value=-0.038025090842900712 -0.021198796416312612 -0.0078874371310484383 0.02501700823782322 0.14409683560044836 0.036270571324754149 -0.010702398640644267 0.015562243917498842 0.093559113023205562 -0.0011222515627081089 -0.011592113840326459 -0.0084512587817974823 0.010262019899388708 -0.018533097417624753 0.0019450335825684569 -0.061504519836984378 -0.013670577340523194 0.038467205932568339 -0.004753143842491446 -0.010129015239979902 0.0065588958100206759 0.0065123275091340232 0.0034930900350260501 -0.0029134644335656345 -0.0010858218986272694
leaf_weight=66 120 76 48 12.999999999999998 35 103 11.999999999999998 32 680 98 33 36 102 230 128 53 11.999999999999998 23 54 13.999999999999998 64 19 315 11.999999999999998
leaf_count=66 120 76 48 13 35 103 12 32 680 98 33 36 102 230 128 53 12 23 54 14 64 19 315 12
internal_value=-0.00227619 -0.00526007 0.000692656 0.00394317 0.00266285 0.000856704 -0.00262392 0.0139961 -0.00326424 -0.00256757 0.00806516 -0.00381171 -0.00264535 -0.000607375 -0.0128084 -0.00157067 -0.00938207 0.00509523 0.00137277 0.00353689 0.0105982 -0.0009597 -0.000865698 -0.0105846
internal_weight=2378 1186 1192 602 534 435 590 68 938 862 59 531 453 387 248 752 110 36 284 47 99 699 351 78
internal_count=2378 1186 1192 602 534 435 590 68 938 862 59 531 453 387 248 752 110 36 284 47 99 699 351 78
is_linear=0
shrinkage=0.0573391


Tree=62
num_leaves=45
num_cat=0
split_feature=6 13 26 9 5 103 6 6 12 6 3 81 68 26 6 46 53 103 103 9 9 5 2 13 12 15 9 12 46 46 81 6 2 2 2 5 5 3 6 5 81 9 2 2
split_gain=5.27181 2.83828 2.09657 2.17499 1.81003 2.6336 1.82248 1.76677 2.4899 1.57205 1.4203 1.27813 1.27096 1.15275 1.14885 1.13703 1.10736 1.4909 2.49632 1.01347 2.48179 2.46342 1.78271 1.67425 0.992751 1.15666 0.922817 1.24301 0.883793 1.30685 0.953363 1.41558 0.857815 0.835012 0.880616 0.814906 0.913329 1.09261 0.81133 0.785702 0.769546 0.675843 0.667405 0.807052
threshold=3.2500000000000004 14.500000000000002 1.0000000180025095e-35 36.288690476190482 8.8500000000000032 1.0634447149697153 25.350000000000005 16.250000000000004 3.459226190476191 21.650000000000002 7.5000000000000009 31.312500000000004 1.0000000180025095e-35 -0.22252093395631442 14.450000000000001 0.79166666666666674 2006.0000000000002 0.87753026510615639 0.93200253851275627 40.610119047619058 39.598214285714292 12.15 90.500000000000014 12.500000000000002 3.3687500000000004 1.5000000000000002 53.764880952380956 4.0300595238095243 0.67500000000000004 0.27500000000000008 50.562500000000007 13.550000000000002 37.500000000000007 34.500000000000007 113.50000000000001 21.050000000000004 9.5500000000000025 101.50000000000001 7.3500000000000005 18.850000000000005 40.645833333333336 30.693452380952383 39.500000000000007 55.500000000000007
decision_type=2 2 2 2 2 2 2 2 2 2 2 2 2 2 2 2 2 2 2 2 2 2 2 2 2 2 2 2 2 2 2 2 2 2 2 2 2 2 2 2 2 2 2 2
left_child=-1 2 4 11 9 6 28 8 -5 10 -2 41 15 14 33 16 17 42 -19 20 22 -21 32 -23 25 -13 27 -25 29 30 40 -32 -10 -3 -35 36 -27 -38 -15 -34 -6 -4 -12 -44
right_child=1 13 3 7 5 -7 -8 -9 19 -11 12 24 -14 38 -16 -17 -18 18 -20 21 -22 23 -24 26 -26 35 -28 -29 -30 -31 31 -33 39 34 -36 -37 37 -39 -40 -41 -42 -43 43 -45
leaf_value=-0.037005328184073885 0.018852882302292821 0.001812979773596117 0.0062893825234895673 0.044959958565654622 0.023896723481897694 -0.0091104305026466874 0.11743536985868631 -0.018729889131347099 -0.0052477899805568268 -0.032928376830970725 0.01429624034266634 -0.074692552995547126 0.033697005574216732 -0.015106342571697731 -0.032069205929443394 0.010592012024934056 0.010843379341807792 -0.022415263367368592 -0.00059941987472246082 0.012937464980142812 -0.010908997718246875 -0.01962976343142947 -0.012796059200562581 0.02354771175886354 -0.052122945525173693 -0.023699723207807263 0.095572882073960516 -0.0026976214876491766 0.064942347894053898 -0.018356429413192071 0.030938892846036552 0.029662626337944118 0.0022658150187451764 -0.0057550014672765595 0.0049125740631629162 -0.033181132966414881 -0.00036815994283213768 -0.013379814366606967 -0.060646868521972569 0.0062498176880866306 -0.025742181265235354 -0.020102758944954006 -0.0037681337543270417 0.076014098223762552
leaf_weight=163 19 45 11.999999999999998 12.999999999999998 12.000000000000002 39 32 32 12.999999999999998 23 23 49 56 227 15.999999999999998 13.999999999999998 27 71 491 15.999999999999998 29 38 19 24 26 33 18 46 13.999999999999998 17 32 121 52 189 23 29 193 26 36 22 13.999999999999998 21 13.000000000000002 13.999999999999998
leaf_count=163 19 45 12 13 12 39 32 32 13 23 23 49 56 227 16 14 27 71 491 16 29 38 19 24 26 33 18 46 14 17 32 121 52 189 23 29 193 26 36 22 14 21 13 14
internal_value=-0.00196294 -0.00125042 -0.000128279 -0.00252415 0.00152234 0.00544803 0.00767652 0.000961469 0.0023725 5.33995e-05 0.000519782 -0.00540948 0.000105086 -0.00489939 -0.0022892 -0.000605825 -0.00096008 -0.00146152 -0.00230573 0.00122116 -0.00233571 0.0046029 0.0017306 0.00191097 -0.00641021 -0.00555998 0.00625447 0.00327583 0.00573363 0.00473897 0.00618203 0.0079071 0.005206 -0.00136081 -0.00286674 -0.00414211 -0.0030943 -0.00175402 -0.00760862 0.00759264 -0.00396765 0.00538464 0.00802607 0.00190974
internal_weight=2442 2279 1743 711 1032 281 242 322 290 751 728 389 709 536 273 653 639 612 562 277 135 142 106 126 356 330 88 70 210 196 179 153 87 257 212 281 252 219 263 74 26 33 50 27
internal_count=2442 2279 1743 711 1032 281 242 322 290 751 728 389 709 536 273 653 639 612 562 277 135 142 106 126 356 330 88 70 210 196 179 153 87 257 212 281 252 219 263 74 26 33 50 27
is_linear=0
shrinkage=0.0573391


Tree=63
num_leaves=61
num_cat=0
split_feature=80 19 102 80 94 101 10 4 36 10 10 101 36 102 10 102 102 77 4 38 38 80 80 80 10 77 102 102 102 102 101 102 80 80 77 77 77 77 77 38 104 102 36 36 104 104 102 102 102 102 38 38 38 77 77 77 101 38 38 38
split_gain=4.95929 3.07854 3.5074 2.66437 2.37529 2.70608 2.50727 2.00981 1.83684 3.05922 2.8987 2.32184 1.90885 1.98507 1.80549 1.64913 1.53754 2.15025 1.45082 1.40892 1.18624 1.05142 1.4015 1.08551 1.02785 1.00383 1.06727 1.22714 2.78545 1.08174 1.05383 1.31158 0.988899 1.21576 1.46516 1.6833 1.05777 1.29633 1.15774 0.953595 0.876956 1.23602 0.961239 1.12998 0.830369 1.13041 0.818102 0.792667 0.809813 3.56097 0.685365 0.767369 0.713827 0.669661 1.2651 0.879338 0.667073 0.637002 0.744164 0.839501
threshold=3.4875000000000003 3.5000000000000004 56.413095238095245 24.187500000000004 1.0000000180025095e-35 0.86332168915702812 37.244868800855755 14.250000000000002 18.350000000000005 51.369998465321537 63.572870508723142 0.98009111622849376 9.1500000000000004 62.181297134238314 19.266696922546554 71.28451388888891 78.560555555555581 1755.0000000000002 17.450000000000003 13.050000000000002 12.350000000000003 15.612500000000002 14.137500000000003 12.137500000000001 60.381718974274712 3430.5000000000005 81.390000000000029 82.995555555555583 83.810555555555567 81.121666666666684 0.99404198738774696 87.878333333333345 11.437500000000002 8.0625000000000018 3443.5000000000005 2246.5000000000005 2865.0000000000005 3403.5000000000005 2581.5000000000005 35.850000000000001 33.319135174884373 89.335555555555558 21.450000000000003 20.750000000000004 41.359412932405583 24.113830381176552 88.697777777777802 82.139444444444464 67.603140096618361 75.53388888888891 15.450000000000001 27.550000000000004 23.650000000000002 2054.5000000000005 1740.0000000000002 1917.5000000000002 0.98645135799193417 26.750000000000004 20.850000000000005 14.850000000000003
decision_type=2 2 2 2 2 2 2 2 2 2 2 2 2 2 2 2 2 2 2 2 2 2 2 2 2 2 2 2 2 2 2 2 2 2 2 2 2 2 2 2 2 2 2 2 2 2 2 2 2 2 2 2 2 2 2 2 2 2 2 2
left_child=-1 14 -3 4 5 15 32 21 12 19 11 -11 39 -14 -2 -4 53 20 -5 -10 -18 22 23 -8 -9 26 29 -28 -29 -19 56 -32 33 34 35 -6 38 -38 -35 47 -21 42 43 -42 45 -16 -33 48 -7 -50 -34 52 -52 54 -15 -56 -30 58 59 -49
right_child=1 2 3 18 6 8 7 24 9 10 -12 -13 13 16 44 -17 17 25 -20 40 -22 -23 -24 -25 -26 -27 27 28 30 -31 31 46 50 36 -36 -37 37 -39 -40 -41 41 -43 -44 -45 -46 -47 -48 57 49 -51 51 -53 -54 -55 55 -57 -58 -59 -60 -61
leaf_value=-0.031160659098626926 -0.096835733827867698 0.064817830097266105 0.077096368636438789 0.050841375592703207 -0.007285108501532812 -0.0042013446035674001 0.0053368129272451338 -0.0069547507221142503 -0.0206848040787685 0.0066024466355267472 -0.033673346007312047 0.080542255248038652 0.0086969790384127388 -0.033569922191963211 0.001251478290446754 0.0033456756468836532 -0.002345971764393166 -0.00043092892930493863 0.19078340238642527 0.014672987084807274 -0.029355823356701175 0.079866358824298031 -0.0081796968332046895 0.066928871675316151 0.10114168983898633 -0.023187162057977769 -0.014161683420298636 0.063331659788689806 -0.017008721124101209 0.012406795425117696 -0.022207582410543571 0.0039910298021797481 -0.014465172569864258 0.0032063970141188768 -0.044996273554625335 0.0030683777037292855 0.022016936601758019 0.00011545921256036703 -0.007109709277677477 -0.023639184541972856 0.0016849495575812915 -0.024467059840458372 0.020340546061231774 -0.020457473126287394 0.029164072979147641 -0.050265794540592885 -0.0017414732545398652 -0.032918574751067728 0.027365623509181602 0.00073130248767928506 -0.0016067336536731932 -0.013427907875847456 0.0024677554620481804 -0.018181075476279326 0.039736012966888716 -0.033097243207052901 0.044779704995935567 0.0022670896504964019 -0.048641090408745723 0.0068452657331104722
leaf_weight=120 60 22 18 12.000000000000002 137 37 45 27 37 19 14.999999999999998 28 19 20 26 32 33 74 14.999999999999998 14.999999999999998 95 19 14.999999999999998 13.999999999999998 11.999999999999998 22 83 41 12.000000000000002 24 127 15.999999999999998 39 131 18 166 18.000000000000004 12.999999999999998 13.999999999999998 20 40 13.999999999999998 11.999999999999998 11.999999999999998 12.999999999999998 39 94 22 14.999999999999998 91 40 14.999999999999998 15.999999999999998 191 12.000000000000002 13.999999999999998 13.999999999999998 13.999999999999998 14.999999999999998 15.999999999999998
leaf_count=120 60 22 18 12 137 37 45 27 37 19 15 28 19 20 26 32 33 74 15 15 95 19 15 14 12 22 83 41 12 24 127 16 39 131 18 166 18 13 14 20 40 14 12 12 13 39 94 22 15 91 40 15 16 191 12 14 14 14 15 16
internal_value=-0.00201602 -0.00142031 -0.00088766 -0.00112306 -0.00135299 -0.00277227 0.00126467 0.00842657 -0.00327087 0.00191108 0.0123912 0.0193951 -0.00415845 -0.0053606 -0.00972216 0.0103194 -0.00576015 -0.00428906 0.0167729 -0.00308712 -0.0109296 0.0130082 0.00991705 0.0138958 -0.00249825 -0.0026124 -0.00206885 -0.00342244 -0.00173513 0.00327603 -0.00390235 -0.00510464 -0.000292779 0.00079598 -0.00130385 -0.000359437 0.00462591 0.0142391 0.00257006 0.000498444 0.000677809 -0.00176375 0.00161202 -0.00176348 -0.00396897 -0.00661507 -0.000520938 0.00163806 0.00404946 0.00659881 -0.00521213 -0.00185687 0.00122799 -0.00970135 -0.00348913 0.00484963 0.0070546 -0.00350807 -0.00638185 -0.00211136
internal_weight=2409 2289 2151 2129 2102 1363 739 132 1313 192 62 47 1121 891 138 50 872 635 27 130 128 93 74 59 39 507 485 387 304 98 263 237 607 497 321 303 176 31 145 230 93 78 64 52 78 65 110 210 143 106 110 71 56 237 46 26 26 67 53 38
internal_count=2409 2289 2151 2129 2102 1363 739 132 1313 192 62 47 1121 891 138 50 872 635 27 130 128 93 74 59 39 507 485 387 304 98 263 237 607 497 321 303 176 31 145 230 93 78 64 52 78 65 110 210 143 106 110 71 56 237 46 26 26 67 53 38
is_linear=0
shrinkage=0.0573391


Tree=64
num_leaves=62
num_cat=0
split_feature=80 101 101 101 101 100 58 9 101 101 101 80 11 0 0 11 11 11 53 53 14 101 101 80 11 101 101 100 100 11 100 101 23 11 100 11 23 100 100 100 100 23 100 11 11 11 11 40 80 100 100 9 9 11 101 0 101 14 9 100 100
split_gain=4.98539 3.18795 5.90706 2.17506 2.7667 1.97738 2.8215 2.39583 1.86457 1.77884 2.37392 1.74542 1.91263 1.64614 1.92447 1.71347 1.572 1.41028 1.16748 2.94594 2.00017 1.29271 5.16803 1.11593 1.09322 1.04524 1.00068 1.34722 3.22923 1.33917 1.44479 1.46216 1.38219 1.1487 1.15161 1.25806 1.02724 1.34172 1.49509 1.34763 1.32935 1.02146 0.997078 0.978048 0.944317 1.33617 0.917654 0.87576 0.848337 0.822154 1.30299 0.812898 1.06696 0.750323 0.74542 0.725182 0.700618 0.68987 0.662179 0.653193 1.26752
threshold=3.9291666666666671 1.0508065990743531 1.0442934538551905 0.86332168915702812 0.92793688994379731 863.20555555555563 0.99106618153910875 42.145833333333343 1.0457953154392288 0.90743198807665559 0.90217234769791443 21.387500000000003 4.2937500000000011 20.500000000000004 13.500000000000002 2.8979166666666671 3.8500000000000001 5.1645833333333346 3518.0000000000005 2635.0000000000005 1.5000000000000002 1.0211100886693514 1.0230793299275105 8.7625000000000011 1.9729166666666669 0.88180608807480287 0.93970619461612637 953.75000000000011 952.07222222222242 2.3312500000000007 949.12777777777785 0.99796605113406411 1.0000000180025095e-35 4.8791666666666673 956.15000000000009 2.1562500000000004 -0.3794095225512602 934.92777777777792 942.47777777777787 927.25000000000011 916.63888888888903 -0.3794095225512602 677.40497448979602 2.1145833333333339 2.527083333333334 6.0145833333333343 1.8229166666666672 7.0500000000000007 5.4375000000000018 858.72222222222229 712.50833333333344 29.041666666666668 33.812500000000007 3.0020833333333337 0.99404198738774696 76.500000000000014 0.88974464054186553 1.0000000180025095e-35 43.562500000000007 888.06111111111125 855.96666666666681
decision_type=2 2 2 2 2 2 2 2 2 2 2 2 2 2 2 2 2 2 2 2 2 2 2 2 2 2 2 2 2 2 2 2 2 2 2 2 2 2 2 2 2 2 2 2 2 2 2 2 2 2 2 2 2 2 2 2 2 2 2 2 2
left_child=24 2 3 16 9 6 7 -3 -4 10 23 13 -13 14 42 43 48 57 19 21 -21 26 -23 25 -1 -5 -15 28 29 41 31 -31 36 34 -29 -36 37 39 -39 40 -33 49 -6 46 -24 -46 -16 -8 -2 50 -28 -26 -53 -37 -43 -14 -27 -7 -54 60 -38
right_child=1 5 8 4 11 17 47 -9 -10 -11 -12 12 55 18 15 -17 -18 -19 -20 20 -22 22 44 -25 51 56 27 33 -30 30 -32 32 -34 -35 35 53 59 38 -40 -41 -42 54 -44 -45 45 -47 -48 -49 -50 -51 -52 52 58 -55 -56 -57 -58 -59 -60 -61 -62
leaf_value=-0.046448533052522514 0.0071911132764448842 0.013118816687641189 0.11529325464452243 0.0083034742717197525 0.0075965382195165776 -0.066362919497034781 0.010957252491518594 -0.0035067950088741293 0.010418610189119888 -0.041992363048889987 0.014381635501127787 -0.027166545740984666 0.11436908176178134 0.0092302875174239199 0.0015270921405859841 0.059578722716980774 0.061085867118420033 0.006067664804780909 -0.035028071614885151 -0.0056577440828264854 0.073006666298988054 0.068377883099989434 0.0059816235849301869 -0.018139407643288957 -0.033965935579874387 -0.037114055467053812 -0.041953763984536284 -0.044644902083644952 0.036849437682694067 -0.010430302557923916 -0.056549162474320631 -0.00048755968845480519 -0.011589989799120279 -0.038879310795640151 0.0020347436737323441 -0.01709770355954808 0.0014988387784868537 0.0054302344215089596 0.0052598650174441614 -0.04219666262639999 0.02462823751829871 0.004837699632313331 -0.015610814214158355 -0.0034469212076701674 -0.019490633173361832 0.040501149296809445 0.01465457495993259 -0.022295521874493532 -0.005717609673527582 -0.025443398339421254 0.0013363379584807721 0.0044298082183205486 -0.015144984747508005 0.00033141729920061315 -0.0018757695450779422 0.029643434830274859 -0.0016545469048377258 -0.010071418972388866 -0.00045505502622299475 0.0020734486745586237 0.024118474649871883
leaf_weight=113 11.999999999999998 26 14.000000000000002 36 12.999999999999998 46 11.999999999999998 21 15.999999999999998 47 14.999999999999998 14.999999999999998 24 29 20 12.999999999999998 22 23 14.999999999999998 11.999999999999998 21 11.999999999999998 21 68 15.999999999999998 17 12.000000000000002 21 12.999999999999998 119 17 272 155 30 21 59 47 13.000000000000002 15.999999999999998 21 14.999999999999998 14.999999999999998 25 13.999999999999998 36 21 11.999999999999998 23 33 66 19 24 23 38 138 30 27 224 11.999999999999998 52 36
leaf_count=113 12 26 14 36 13 46 12 21 16 47 15 15 24 29 20 13 22 23 15 12 21 12 21 68 16 17 12 21 13 119 17 272 155 30 21 59 47 13 16 21 15 15 25 14 36 21 12 23 33 66 19 24 23 38 138 30 27 224 12 52 36
internal_value=-0.00213765 -0.00137508 -0.000390575 -0.000810034 -0.00120087 -0.00619246 0.00167771 0.0108561 0.0248421 -0.00737185 -0.00453755 -0.000352718 0.00855826 -0.000774191 0.00644261 0.012924 0.00932717 -0.00839514 -0.00128821 -0.001111 0.0158085 -0.00153599 0.00509618 -0.00674079 -0.0111014 -0.00214968 -0.0020237 -0.00227913 -0.00149771 -0.00186221 -0.000668784 -0.00029203 0.000813844 -0.00702281 -0.00482599 -0.00262361 0.00235664 0.000663459 0.0124533 -0.000446683 0.000579258 -0.00550432 -0.0036201 0.00772682 -0.000293599 -0.00412347 0.0132567 -0.0106464 0.00318444 -0.0101074 -0.00240311 -0.00573312 -0.00262322 -0.00537864 -0.00258559 0.0135897 -0.008078 -0.00955623 -0.0090083 0.00658291 0.0097398
internal_weight=2398 2210 1835 1805 1738 375 82 47 30 210 163 1528 69 1459 97 59 67 293 1362 1347 33 1314 90 148 188 80 1224 1195 1026 1013 763 746 627 169 139 118 472 337 29 308 287 250 38 46 78 57 32 35 45 97 31 75 59 97 153 54 44 270 35 135 83
internal_count=2398 2210 1835 1805 1738 375 82 47 30 210 163 1528 69 1459 97 59 67 293 1362 1347 33 1314 90 148 188 80 1224 1195 1026 1013 763 746 627 169 139 118 472 337 29 308 287 250 38 46 78 57 32 35 45 97 31 75 59 97 153 54 44 270 35 135 83
is_linear=0
shrinkage=0.0573391


Tree=65
num_leaves=46
num_cat=0
split_feature=23 11 15 101 102 101 2 76 102 87 76 102 5 82 19 11 5 101 23 23 19 76 5 82 101 101 101 2 102 76 82 2 5 5 19 102 82 82 82 82 2 2 82 82 5
split_gain=4.108 4.4183 2.7815 2.17624 3.9289 3.22994 1.90765 1.72801 1.64744 1.78963 1.57882 1.54538 1.48274 1.48697 1.44791 1.44532 2.1965 1.29317 1.29277 2.15842 1.94176 1.24685 2.0879 1.25294 1.13726 1.19353 1.04532 1.03777 1.50245 0.995571 0.958681 0.946831 0.920932 0.821937 0.770535 1.12519 0.725735 1.06661 1.01118 0.674437 0.657396 0.63707 0.635123 0.861604 0.624786
threshold=-0.6035533905932734 2.0375000000000005 1.5000000000000002 0.86332168915702812 71.28451388888891 0.92793688994379731 48.500000000000007 2358.5000000000005 57.482601880877752 1.0000000180025095e-35 3151.5000000000005 91.501666666666679 4.7500000000000009 15.962500000000002 4.5000000000000009 4.1979166666666679 4.1500000000000012 0.9047639150503215 1.0000000180025095e-35 -0.3794095225512602 48.500000000000007 2173.5000000000005 6.4500000000000011 5.8187500000000014 0.89148538032005231 0.87611838679546217 1.1008175142382979 75.500000000000014 88.758888888888904 1627.0000000000002 12.756250000000003 63.500000000000007 8.1500000000000004 8.8500000000000032 41.500000000000007 83.190000000000012 8.0812500000000025 8.5312500000000018 6.6267857142857149 5.293750000000002 24.500000000000004 49.500000000000007 7.481250000000002 7.8187500000000005 4.6500000000000012
decision_type=2 2 2 2 2 2 2 2 2 2 2 2 2 2 2 2 2 2 2 2 2 2 2 2 2 2 2 2 2 2 2 2 2 2 2 2 2 2 2 2 2 2 2 2 2
left_child=1 -1 7 4 32 17 10 -2 -9 -10 21 14 13 -11 -7 -8 -17 24 19 26 36 29 23 -23 25 40 -16 28 34 -3 -22 -26 -4 -18 -20 -36 38 -38 39 -21 -5 -42 -40 -44 -31
right_child=2 6 3 5 -6 11 15 8 9 12 -12 -13 -14 -15 18 16 33 -19 27 20 30 22 -24 -25 31 -27 -28 -29 -30 44 -32 -33 -34 -35 35 -37 37 -39 42 -41 41 -43 43 -45 -46
leaf_value=-0.043793204119739144 -0.058530231622503565 0.0064949735367568337 0.015734212141470267 -0.00448674234314019 -0.0010115632271490474 0.069863101357399149 -0.019288331055093682 0.0061532292230219192 0.0058172513548871594 -0.082045866978327581 -0.03218187294195396 -0.024871992842745529 -0.060097438302181665 0.011979897092452275 -0.0017528040190237782 0.01539904096211178 -0.0013929970093941239 -0.035905280354300427 0.00016225766945543725 0.01673193989514446 0.032253839667725791 0.025191417853722607 -0.0039178107435649413 0.00090037303485983658 0.0092923994326692232 -0.028698242760043343 0.0036376365092959653 -0.011706545320779293 0.0054066475138136224 -0.00041239338866640765 0.15100225679266238 -0.0093104542326153533 0.16357352823989388 -0.03566016754849937 0.0024124486927687523 -0.024062760801215555 -0.014951519452197685 0.0032064800147905683 0.028882474830836013 -0.017408830354305013 0.0065623013679517572 -0.0068277227575566767 0.0028687727494717007 0.0062848335034744818 -0.013247520449123203
leaf_weight=130 50 25 13.000000000000002 14.999999999999998 38 13.999999999999998 120 17 26 21 25 14.999999999999998 45 15.999999999999998 440 11.999999999999998 92 33 176 11.999999999999998 25 26 51 15.999999999999998 19 75 11.999999999999998 130 52 32 14.999999999999998 19 11.999999999999998 40 37 45 26 307 19 20 15.000000000000002 12.999999999999998 19 13.999999999999998 40
leaf_count=130 50 25 13 15 38 14 120 17 26 21 25 15 45 16 440 12 92 33 176 12 25 26 51 16 19 75 12 130 52 32 15 19 12 40 37 45 26 307 19 20 15 13 19 14 40
internal_value=-0.00154866 -0.00562083 -0.000174699 0.000562815 0.0110114 0.000142685 -0.00307634 -0.00704414 -0.00343995 -0.0060519 0.000933251 0.00110681 -0.0102082 -0.00170356 0.00130829 -0.00634182 -0.00246846 -0.00688642 0.00111785 0.00235281 0.00513154 0.00271582 0.00745952 0.0169261 -0.0047044 -0.00748267 -0.000456605 -0.00143339 0.000369815 -0.00183206 0.0171989 0.00392185 0.028663 -0.00460409 -0.00142221 -0.00601287 0.00397374 0.00277211 0.00873651 0.000715587 0.000132551 0.00532228 0.0136713 0.00885926 -0.00525529
internal_weight=2414 609 1805 1630 63 1567 479 175 125 108 215 1378 82 37 1363 264 144 189 1349 909 457 190 93 42 156 118 452 440 310 97 40 38 25 132 258 82 417 333 84 32 43 28 52 33 72
internal_count=2414 609 1805 1630 63 1567 479 175 125 108 215 1378 82 37 1363 264 144 189 1349 909 457 190 93 42 156 118 452 440 310 97 40 38 25 132 258 82 417 333 84 32 43 28 52 33 72
is_linear=0
shrinkage=0.0573391


Tree=66
num_leaves=57
num_cat=0
split_feature=6 101 52 11 6 76 104 36 104 101 56 81 104 81 104 104 101 81 68 81 101 76 104 101 76 81 36 101 77 101 81 77 77 77 76 76 36 10 10 10 101 77 101 101 101 101 101 40 101 81 104 101 101 7 77 4
split_gain=4.96351 2.86949 2.41067 2.11049 2.60627 1.99918 1.67689 3.01869 1.5522 1.47655 2.01778 1.52637 2.05192 1.44823 1.67167 1.4996 1.47387 1.43547 1.33618 1.4288 1.27011 2.47421 2.56307 2.41831 2.02896 1.5471 1.24974 2.10492 1.51224 1.29235 1.29482 1.43503 1.52132 1.62199 1.15283 1.05925 0.988385 1.88337 1.31738 2.56733 0.9303 1.227 1.63411 0.908561 0.864057 1.66225 1.14335 0.85919 0.854247 0.83268 0.820174 0.793588 1.95293 0.710901 0.69716 0.67477
threshold=3.1500000000000008 1.0574115037089931 1.5000000000000002 2.2562500000000005 3.9500000000000006 2615.5000000000005 23.809812220207139 6.4500000000000011 31.00252387060706 0.86332168915702812 1.0000000180025095e-35 37.187500000000007 36.197154125478896 56.187500000000007 20.676802311215305 25.647924989120018 0.86205999223061969 79.062500000000014 1.0000000180025095e-35 67.062500000000014 0.90000647649483256 3123.0000000000005 25.952156057410456 0.90743198807665559 3489.5000000000005 60.291666666666679 18.350000000000005 0.95215474797391841 1322.0000000000002 0.97895939819972988 45.562500000000007 1655.5000000000002 2170.5000000000005 2581.5000000000005 1936.5000000000002 1832.0000000000002 20.250000000000004 36.160408687341366 24.053363829031213 17.40174892453842 1.0181571318831322 2048.5000000000005 1.0230793299275105 0.96543609582377676 0.89148538032005231 0.9047639150503215 0.93363470545677296 6.0500000000000007 0.99087573350095204 51.312500000000007 49.344300509849312 1.011500411272904 1.0066587530312356 4.9500000000000011 2048.5000000000005 4.1500000000000012
decision_type=2 2 2 2 2 2 2 2 2 2 2 2 2 2 2 2 2 2 2 2 2 2 2 2 2 2 2 2 2 2 2 2 2 2 2 2 2 2 2 2 2 2 2 2 2 2 2 2 2 2 2 2 2 2 2 2
left_child=47 2 3 8 5 -5 7 -3 13 17 11 12 54 14 -2 -15 -16 49 19 -10 24 22 25 -24 -13 -22 28 -28 -25 43 -31 -32 34 -34 35 -33 38 -38 39 -8 51 -42 -43 -29 -18 -46 -47 -1 -48 -6 -14 52 -30 -20 -11 -9
right_child=1 6 -4 4 9 -7 36 55 18 10 -12 20 50 15 16 -17 44 -19 53 -21 21 -23 23 26 -26 -27 27 29 40 30 31 32 33 -35 -36 -37 37 -39 -40 -41 41 42 -44 -45 45 46 48 -49 -50 -51 -52 -53 -54 -55 -56 -57
leaf_value=-0.022418860632708086 0.0037590750223882243 -0.098584154362549456 0.024960816581621359 0.040083973556515037 0.06954443569893165 -0.011886811405489254 -0.13337490892428655 0.013472482011944878 -0.03205176803183115 0.011191258541263812 0.12662230378579351 -0.015913975717163371 0.00119981315665483 -0.043652680936838842 0.0060056390834041708 0.0039465084485295699 -0.022900032879342697 0.061616394597464069 0.0059896857150625541 0.0042423595513063714 0.08801313547005557 -0.026934428934700556 0.021419127507024495 -0.023727236486876326 0.011101338426656674 0.0072131722488252012 0.065668335103484909 -0.00069578414017050559 -0.0014892312008318908 -0.0039253297903753511 0.010704771386088262 -0.0038800468239430863 0.077110312251967933 0.0049404539913751972 -0.025340328367710264 0.020430302788546999 -0.049489321665730952 0.058743489168176843 -0.013236283068158687 0.014883377461377478 0.074376202631854113 0.10353131911459673 -0.023646193975244093 -0.061465026338067448 0.0097128342324903083 -0.030040508903345548 0.014373424099475226 -0.043647431072656916 -0.0069582758888435152 -0.011915292932065403 -0.07884507772848183 -0.014163598663787094 0.014021635303040802 -0.0035995259018095195 0.023565686062216866 0.0033271655781473694
leaf_weight=89 29 23 13.999999999999998 24 11.999999999999998 11.999999999999998 15.999999999999998 23 130 13.999999999999998 17 73 29 15.999999999999998 14.999999999999998 34 46 12.999999999999998 19 13.999999999999998 16.000000000000004 64 11.999999999999998 25 12.999999999999998 13.999999999999998 29 14.999999999999998 717 12.999999999999998 15.999999999999998 17 12.000000000000002 17 30 14.999999999999998 13.000000000000002 12.999999999999998 189 23 24 15.999999999999998 30 18 13.999999999999998 22 11.999999999999998 57 144 20 12.999999999999998 27 18 15.999999999999998 22 22
leaf_count=89 29 23 14 24 12 12 16 23 130 14 17 73 29 16 15 34 46 13 19 14 16 64 12 25 13 14 29 15 717 13 16 17 12 17 30 15 13 13 189 23 24 16 30 18 14 22 12 57 144 20 13 27 18 16 22 22
internal_value=-0.00145735 -0.000793675 4.15319e-05 -0.000131522 0.00101472 0.0162431 -0.00580495 0.00219174 -0.00328765 0.000614768 0.000268074 1.31147e-05 0.00779135 -0.000967052 -0.0025618 0.00802607 -0.00405659 0.0108289 -0.00759145 -0.0100338 -0.000479738 2.50088e-05 0.000673607 0.000201826 -0.00719995 0.017198 -9.37855e-05 0.00422138 -0.00101025 0.00153627 0.00429999 0.00637638 0.00359102 0.0144302 -0.00147907 0.00609036 -0.00794593 0.00264467 -0.00915381 0.000440157 -0.000592645 0.00573306 0.000248545 -0.0085118 -0.00515546 -0.00346398 -0.00496048 -0.0117029 -0.0032342 0.00429877 -0.000818242 -0.00117382 -0.00081908 0.00245611 0.0178356 0.0108289
internal_weight=2400 2254 1932 1918 1407 36 322 68 511 1371 1326 1309 78 332 282 50 253 45 179 144 1231 1145 1081 1051 86 30 1039 182 857 153 120 107 91 29 62 32 254 26 228 39 832 70 46 33 238 192 178 146 156 32 42 762 735 35 36 45
internal_count=2400 2254 1932 1918 1407 36 322 68 511 1371 1326 1309 78 332 282 50 253 45 179 144 1231 1145 1081 1051 86 30 1039 182 857 153 120 107 91 29 62 32 254 26 228 39 832 70 46 33 238 192 178 146 156 32 42 762 735 35 36 45
is_linear=0
shrinkage=0.0573391


Tree=67
num_leaves=67
num_cat=0
split_feature=8 3 7 79 82 10 0 82 102 40 82 102 28 46 0 0 40 40 40 102 46 102 102 104 102 79 82 102 7 0 102 102 102 102 102 102 40 40 40 102 40 102 102 104 104 40 40 102 72 40 102 40 40 104 104 104 104 46 46 104 104 104 104 40 40 40
split_gain=4.32805 2.57984 2.30728 2.07392 1.95054 1.62884 1.55876 1.76715 1.41272 2.29381 1.3282 1.25528 1.20597 1.44976 1.47727 1.78042 1.12822 2.29374 1.07091 1.06014 1.60532 1.98572 1.0191 1.29246 1.74072 2.14937 1.22893 0.956688 0.922146 0.941565 0.907023 1.63657 1.55195 2.44526 1.84076 3.24676 1.75184 1.57616 1.558 2.52503 1.51636 1.47954 1.94797 1.40735 1.09709 0.918702 2.25706 0.896649 0.810337 0.802125 1.25307 1.18851 1.07685 1.26165 1.562 0.833282 0.70783 0.6564 0.900286 0.636082 0.658867 0.63397 0.877076 0.630944 1.23581 0.821219
threshold=15.937500000000002 6.5000000000000009 4.1500000000000012 39.875000000000007 4.6812500000000012 50.117646665234993 33.500000000000007 15.962500000000002 64.50988505747128 6.5500000000000007 5.7312500000000011 89.78388888888891 -0.9330127018922193 0.69166666666666676 63.500000000000007 77.500000000000014 4.1500000000000012 11.050000000000002 4.1500000000000012 83.190000000000012 0.24166666666666672 78.890000000000015 91.501666666666679 47.49201569038739 88.435555555555581 88.875000000000014 12.756250000000003 90.366666666666688 2.8500000000000001 13.500000000000002 66.801065449010665 70.881419753086433 78.596666666666678 81.390000000000029 82.995555555555583 84.690555555555576 4.7500000000000009 17.550000000000004 15.15 76.379444444444459 11.65 69.920555555555566 68.670000000000002 37.64163714488425 43.705282158813681 9.7500000000000018 14.450000000000001 67.603140096618361 5.5000000000000009 16.050000000000004 89.615000000000009 15.15 11.950000000000001 38.589131261853488 29.959879858367767 34.073502635590934 31.911277240990717 1.0000000180025095e-35 0.17500000000000002 42.399141716248472 43.106131259804663 36.197154125478896 34.472702912453997 12.050000000000002 13.350000000000003 16.250000000000004
decision_type=2 2 2 2 2 2 2 2 2 2 2 2 2 2 2 2 2 2 2 2 2 2 2 2 2 2 2 2 2 2 2 2 2 2 2 2 2 2 2 2 2 2 2 2 2 2 2 2 2 2 2 2 2 2 2 2 2 2 2 2 2 2 2 2 2 2
left_child=19 -2 5 12 -5 48 7 10 9 -8 -6 16 -4 14 57 -16 -12 -18 -9 20 28 -22 23 30 25 26 -25 -26 -1 -30 -10 41 38 40 36 45 -35 49 44 -40 -34 42 47 -42 61 -36 -47 -32 -3 51 -51 52 55 54 -54 56 -37 -14 -59 -57 -61 62 -33 -19 -65 -66
right_child=1 2 3 4 6 -7 8 18 22 -11 11 -13 13 -15 15 -17 17 63 -20 -21 21 -23 -24 24 27 -27 -28 -29 29 -31 31 32 33 34 35 37 -38 -39 39 -41 43 -43 -44 -45 -46 46 -48 -49 -50 50 -52 -53 53 -55 -56 59 -58 58 -60 60 -62 -63 -64 64 65 -67
leaf_value=-0.056409070322812761 0.019976637890414532 -0.028829068563765537 -0.01788027280796332 -0.030613892847313338 0.021897513316691115 0.023021473373820898 -0.0028725288913127919 0.0079994333861926649 -0.017376731334325497 0.042938547556946892 -0.0072441049131829003 -0.017118742492217939 -0.0016259689177394294 0.027878004072518035 0.020938716646849098 0.011869714711164055 0.01097558378590942 -0.013454864453932886 0.055499514119676283 -0.076260902701315844 -0.039577401537839951 0.022489838509587416 -0.02259099289725789 -0.023696659460103239 0.044028052451497879 0.18117105614135967 0.06009929263875409 0.053469868148307877 0.0019315358957710865 -0.020684520637281024 0.0090710352953988441 -0.021623823024626298 0.00033619046985418512 0.003309891005138235 -0.0016254779577948 -0.016941574224891533 -0.014103531366192247 -0.014364321679029398 0.019129795652166919 -0.01166700145698708 0.0034697911646753826 0.013919240146129039 -0.033597341094423312 0.033281465067919715 0.00074497797129347498 0.048734609722555562 0.006017829035416449 0.014439806235990426 -0.0029622749977310735 -0.0028471985539607076 0.0044924658524026998 -0.034659916737835174 -0.004207388990068622 -0.0051998507847117017 0.0058823834937346518 0.00025961703612786987 -0.041680370899592784 0.0060182301873255321 -0.0041006187259320726 -0.020012563459700979 0.001530240048393233 -0.051343662645032595 0.0074559839307647537 0.011972030651730775 -0.0076374468268585408 0.0033188307126049716
leaf_weight=30 13.999999999999998 81 24 37 17 17 25 14.999999999999998 37 13.999999999999998 28 19 90 13.999999999999998 25 26 46 13.999999999999998 27 91 14.000000000000002 14.999999999999998 13.999999999999998 49 16.000000000000004 15.999999999999998 11.999999999999998 12.999999999999998 28 106 15.000000000000002 98 91 22 35 69 118 85 28 18 35 13.999999999999998 15.999999999999998 30 14.999999999999998 30 58 12.999999999999998 84 25 21 37 13.999999999999998 45 52 126 30 45 21 15.000000000000002 12.999999999999998 48 15.999999999999998 22 24 23
leaf_count=30 14 81 24 37 17 17 25 15 37 14 28 19 90 14 25 26 46 14 27 91 14 15 14 49 16 16 12 13 28 106 15 98 91 22 35 69 118 85 28 18 35 14 16 30 15 30 58 13 84 25 21 37 14 45 52 126 30 45 21 15 13 48 16 22 24 23
internal_value=-0.00166696 -0.00078468 -0.000946199 -0.000368486 -0.0010793 -0.00711977 -0.000789555 0.00353773 -0.00150171 0.00926053 0.00121788 -0.000260435 0.0045635 0.00588931 0.00468104 0.0131524 0.00142409 0.00368887 0.0141959 -0.00831796 -0.00591185 0.00652261 -0.00180394 -0.00164717 0.00443516 -7.40263e-05 -0.004981 0.0164071 -0.00811096 -0.00607578 -0.00215527 -0.00188955 -0.00235409 -0.0013445 -0.00263249 -0.00135682 -0.00860035 -0.00329799 -0.00665928 0.0027413 0.00521896 0.00751223 0.00234468 0.0119075 -0.00910257 0.00703866 0.0101638 0.0114648 -0.00886105 -0.00193686 0.00523406 -0.0027596 -0.00176417 0.00294402 0.00799166 -0.00382996 -0.0079341 0.00191103 0.00625424 -0.00119121 -0.00900777 -0.0104763 -0.00814757 -0.0020029 0.000248796 -0.00500072
internal_weight=2425 2141 2127 1945 1700 182 1663 235 1428 39 193 176 245 221 207 51 157 129 42 284 193 29 1389 1375 106 77 61 29 164 134 1269 1232 1174 951 795 655 140 532 223 46 156 58 44 65 177 123 88 28 165 447 46 401 364 111 66 253 99 156 66 154 28 162 114 83 69 47
internal_count=2425 2141 2127 1945 1700 182 1663 235 1428 39 193 176 245 221 207 51 157 129 42 284 193 29 1389 1375 106 77 61 29 164 134 1269 1232 1174 951 795 655 140 532 223 46 156 58 44 65 177 123 88 28 165 447 46 401 364 111 66 253 99 156 66 154 28 162 114 83 69 47
is_linear=0
shrinkage=0.0573391


Tree=68
num_leaves=72
num_cat=0
split_feature=26 12 46 4 13 100 87 87 100 12 101 13 46 100 4 87 12 12 40 87 46 2 100 4 100 40 100 40 2 100 12 46 72 12 38 38 12 38 12 72 72 12 38 72 38 4 72 72 40 40 40 40 4 2 38 40 101 101 100 40 40 100 100 40 12 40 4 4 4 100 4
split_gain=4.32965 3.4158 1.97243 2.16156 1.96097 1.87782 2.38041 1.82426 2.33443 2.0199 1.96569 1.66 1.90109 1.65049 1.8576 1.90614 1.89872 3.07838 1.95945 1.86684 1.61315 1.64974 3.92644 1.60687 1.56701 1.54565 2.34604 1.40124 1.39601 1.37471 1.25125 2.29621 2.28401 1.21073 1.19261 1.75074 1.14366 1.08613 1.02812 1.0269 1.58323 1.17494 1.0084 1.81737 0.92027 0.885194 1.23618 1.05844 1.22665 1.06101 1.45428 1.38518 1.29977 0.856846 0.932403 0.824715 1.20306 0.951561 0.799075 0.797481 0.903767 0.700349 0.676566 0.673927 0.667691 0.667651 0.664342 1.08001 0.642273 0.639755 0.635581
threshold=1.0000000180025095e-35 5.6023809523809538 0.79166666666666674 2.7500000000000004 14.500000000000002 611.27795193312443 5.5000000000000009 1.0000000180025095e-35 756.81111111111125 2.6889880952380958 1.119645629045829 13.500000000000002 0.15833333333333335 818.22222222222229 15.950000000000001 1.5000000000000002 3.086011904761905 2.9928571428571433 11.15 3.5000000000000004 1.0000000180025095e-35 52.500000000000007 908.76111111111118 6.9500000000000011 749.50555555555559 17.750000000000004 915.68333333333351 2.8500000000000001 59.500000000000007 885.58888888888907 3.1800595238095242 0.10833333333333335 11.500000000000002 4.154761904761906 13.450000000000001 22.650000000000002 2.8907738095238096 14.850000000000003 2.1794642857142859 7.5000000000000009 14.500000000000002 3.5717261904761908 23.450000000000003 6.5000000000000009 4.8500000000000005 3.7500000000000004 3.5000000000000004 16.500000000000004 14.050000000000002 5.4500000000000011 6.2500000000000009 7.1500000000000012 5.6500000000000012 66.500000000000014 18.350000000000005 7.6500000000000012 1.011500411272904 0.99580663250624679 835.74444444444453 14.250000000000002 8.8500000000000032 697.8235930735932 853.66111111111115 15.450000000000001 3.4741071428571431 3.9500000000000006 5.2500000000000009 4.6500000000000012 3.3500000000000001 787.78888888888901 13.850000000000003
decision_type=2 2 2 2 2 2 2 2 2 2 2 2 2 2 2 2 2 2 2 2 2 2 2 2 2 2 2 2 2 2 2 2 2 2 2 2 2 2 2 2 2 2 2 2 2 2 2 2 2 2 2 2 2 2 2 2 2 2 2 2 2 2 2 2 2 2 2 2 2 2 2
left_child=2 4 3 65 7 6 -5 8 28 69 34 12 13 24 16 -16 17 23 19 -18 21 22 36 29 27 -20 -27 -7 -2 62 32 39 58 -33 -10 53 -11 -14 -13 41 -41 -32 43 -4 -40 46 -46 48 49 -47 -51 -52 66 54 -36 56 -39 -57 -22 60 -26 -29 -15 -50 -24 -1 67 -53 -6 -9 -54
right_child=1 -3 42 5 68 11 -8 9 10 20 -12 38 37 14 15 -17 18 -19 25 -21 30 -23 64 -25 59 26 -28 61 -30 -31 31 33 -34 -35 35 -37 -38 55 44 40 -42 -43 -44 -45 45 47 -48 -49 63 50 51 52 70 -55 -56 57 -58 -59 -60 -61 -62 -63 -64 -65 -66 -67 -68 -69 -70 -71 -72
leaf_value=-0.015075645114432178 0.0078821594777046707 0.08261319493106134 0.06831572761037652 0.0601699979129088 -0.072667320615485601 -0.01304506215773886 -0.021413042550930374 -0.022933205711456156 -0.021544503973306969 0.00027710223308074117 0.02077742658144479 -0.019402463161766172 -0.014570111651856062 -0.0027889704402799254 0.018579299647797809 0.058583084784639937 -0.019813523009262562 0.055838036125267526 0.0065693724730504542 0.0082416498347925062 0.00057671427516524593 -0.029868731699010671 0.020711008908871148 0.064180629631851949 -0.013968632190532656 -0.010266280028499716 0.095173010996104229 0.0032122919662079669 0.031349228564193685 -0.062126395768564623 -0.047905341221618686 -0.030553467644810262 -0.048400543783570289 0.0022116931250096956 0.0029089676809330653 -0.01311733771305883 -0.027973627208938406 0.065490182087577217 -0.033463998664062931 0.08202941140237098 -0.00095323125310821117 0.013521446935187495 -0.0061126582761195985 0.0029412136113420289 0.01259225999158241 -0.0050674038925483805 -0.0045650702719609079 0.0039063598798514208 -0.010635333855523588 0.0060140137754337757 -0.015654622420742968 -0.017816173058655325 0.0029845656027687514 -0.00067651462995141603 0.027345022145319128 0.023551981473106113 -0.0033940608733907611 -0.025415471894934115 0.024052205658311912 0.011697825942847496 -0.029255040516855613 0.030784360760218895 0.015946610772418504 -0.0046576185921186185 0.0075637242489590781 -0.032236675338312155 -0.0077715941432851977 0.0085588338775830428 -0.021723021771937724 -0.050749579255171373 -0.022960228738268768
leaf_weight=33 22 13.999999999999998 11.999999999999998 14 29 14.999999999999998 12 34 60 17 11.999999999999998 13.999999999999998 36 19 29 21 73 17 113 30 22 117 15.000000000000002 18 38 24 11.999999999999998 22 11.999999999999998 19 18 69 19 11.999999999999998 21 46 43 19 11.999999999999998 19 21 32 13.999999999999998 21 20 88 26 55 35 28 26 41 110 40 13.999999999999998 17 14.999999999999998 39 31 11.999999999999998 28 21 14.999999999999998 116 11.999999999999998 27 11.999999999999998 17 221 52 11.999999999999998
leaf_count=33 22 14 12 14 29 15 12 34 60 17 12 14 36 19 29 21 73 17 113 30 22 117 15 18 38 24 12 22 12 19 18 69 19 12 21 46 43 19 12 19 21 32 14 21 20 88 26 55 35 28 26 41 110 40 14 17 15 39 31 12 28 21 15 116 12 27 12 17 221 52 12
internal_value=-0.00154655 -0.00437877 0.000529447 0.000127394 -0.00476874 0.000622256 0.0158745 -0.00331957 0.000984953 -0.00515288 -0.00145555 0.000308442 0.00232164 0.00383704 0.00573376 0.0160528 0.00421596 0.0114668 0.0016836 -0.00439733 -0.00360443 -0.00736381 -0.00138359 0.00621759 -0.00160182 0.00588744 -0.00445821 0.00553518 0.0148377 0.00118932 -0.000448185 -0.00311816 0.00589235 -0.0101218 -0.00294589 0.000331423 -0.00955524 -0.00400423 -0.00183628 0.00318497 0.0100324 -0.00229268 0.0120759 0.0175458 -0.00147656 -0.00115454 0.00648044 -0.00180504 -0.00265997 -0.000720921 0.00121189 -0.000368072 0.00131381 0.00573311 0.0122844 -0.000636696 0.00640664 -0.00491378 0.0120071 -0.00690927 -0.00938161 0.0107992 0.00809286 -0.00694861 0.0167729 -0.0105108 -0.00491398 -0.00237189 -0.00917396 -0.0132002 0.00488747
internal_weight=2421 1024 1397 1350 1010 1290 26 760 227 533 193 1264 652 526 390 50 340 88 252 103 447 204 87 71 136 149 36 58 34 53 243 171 72 81 181 121 60 126 612 90 40 50 47 33 598 586 46 540 485 334 246 218 192 75 35 90 34 56 53 78 66 43 34 151 27 60 70 58 250 86 122
internal_count=2421 1024 1397 1350 1010 1290 26 760 227 533 193 1264 652 526 390 50 340 88 252 103 447 204 87 71 136 149 36 58 34 53 243 171 72 81 181 121 60 126 612 90 40 50 47 33 598 586 46 540 485 334 246 218 192 75 35 90 34 56 53 78 66 43 34 151 27 60 70 58 250 86 122
is_linear=0
shrinkage=0.0573391


Tree=69
num_leaves=47
num_cat=0
split_feature=13 13 53 78 77 28 41 78 41 1 78 78 9 28 82 1 77 77 27 77 1 1 1 28 9 77 77 77 9 1 77 1 9 41 77 9 9 41 78 78 78 78 1 41 78 78
split_gain=2.93539 2.95676 1.928 2.92213 1.94263 1.6202 2.1946 1.93606 1.90691 1.54748 1.38463 2.49699 2.42276 1.38173 1.33668 1.25608 1.16448 1.10471 1.24828 1.25924 1.00271 0.965697 1.48947 0.943514 1.19088 1.44137 1.20769 1.16314 1.07651 0.879339 1.42562 1.1229 1.07846 0.996042 0.864135 0.847871 1.09727 0.806289 0.772007 1.58214 1.04111 1.36124 0.731144 0.68245 0.666071 0.658372
threshold=14.500000000000002 12.500000000000002 1350.5000000000002 902.75000000000011 2009.5000000000002 0.93301270189221952 16.400000000000002 1115.9500000000003 24.650000000000002 60.500000000000007 1102.0000000000002 1129.8000000000004 37.931547619047628 0.6830127018922193 6.5062500000000014 52.500000000000007 2456.5000000000005 1826.5000000000002 1.0000000180025095e-35 2014.5000000000002 24.500000000000004 103.50000000000001 80.500000000000014 0.6830127018922193 29.812500000000004 1584.5000000000002 1381.0000000000002 3630.5000000000005 29.285714285714288 21.500000000000004 3443.5000000000005 18.500000000000004 29.041666666666668 40.500000000000007 1617.5000000000002 32.502976190476197 35.229166666666679 40.150000000000006 1788.1500000000003 1311.8500000000001 1245.0500000000004 1181.8000000000004 33.500000000000007 38.70000000000001 1060.1500000000003 1198.0000000000002
decision_type=2 2 2 2 2 2 2 2 2 2 2 2 2 2 2 2 2 2 2 2 2 2 2 2 2 2 2 2 2 2 2 2 2 2 2 2 2 2 2 2 2 2 2 2 2 2
left_child=1 29 5 -4 -5 6 13 16 -9 -10 44 -12 -13 -3 15 45 -7 -2 19 37 43 22 42 24 28 26 -26 -27 -16 31 32 33 -31 -1 -34 -22 -37 -19 39 40 41 -17 -21 -20 -6 -8
right_child=17 2 3 4 10 7 14 8 9 -11 11 12 -14 -15 23 38 -18 18 20 21 35 -23 -24 -25 25 27 -28 -29 -30 30 -32 -33 34 -35 -36 36 -38 -39 -40 -41 -42 -43 -44 -45 -46 -47
leaf_value=-0.014304861463094693 -0.016699639679948083 0.032946952074333472 0.019949711016236861 -0.0056012574116158006 0.00073960194298212099 0.011772047292840055 0.0066607507214646606 0.10321088530226895 0.084900549785429574 -0.00075556365797621497 0.057118819438609442 0.017912051269083736 -0.0060478986102231085 0.00085045033998316422 0.00024699850250087057 -0.0054556131032137255 -0.041619741028115241 0.0053324345242490977 -0.0075824090597212982 0.0025449182507309757 -0.041810877564235877 -0.056290663274945994 0.0049288185759349366 -0.011865046512251393 -0.0026937824936415409 -0.0017937445063404211 0.008510030608148313 -0.020199133872018906 0.048999862788748669 -0.027045802313737367 -0.045333317905518276 0.033049339605673494 -0.016979756650512559 0.0025046019498785833 -0.0013078177566247511 0.00074321553674562655 -0.015340918169334519 -0.0021628844417389149 -0.03938930219399242 0.012228926244108618 -0.034985860671722838 0.014519110645427711 -0.013088017358667287 0.003055794389983795 -0.014161805883214364 0.01107743012882499
leaf_weight=28 110 15.999999999999998 19 48 12.000000000000002 21 12.999999999999998 13.999999999999998 20 28 15.999999999999998 32 20 22 52 41 12.999999999999998 25 41 33 102 13.999999999999998 15.999999999999998 163 20 463 26 18 20 58 28 18 54 18 397 49 63 14.999999999999998 12.999999999999998 23 18 12.999999999999998 85 23 11.999999999999998 35
leaf_count=28 110 16 19 48 12 21 13 14 20 28 16 32 20 22 52 41 13 25 41 33 102 14 16 163 20 463 26 18 20 58 28 18 54 18 397 49 63 15 13 23 18 13 85 23 12 35
internal_value=-0.00169038 -0.000556917 0.00107478 0.00695962 0.00409528 0.000185283 -0.000527771 0.00728615 0.013316 0.00788268 0.00897401 0.0131529 0.00705586 0.0129743 -0.00108678 0.00374877 -0.00370869 -0.00525599 -0.00403577 -0.000426805 -0.00647621 -0.00286664 -0.001369 -0.00207679 -0.00102419 -0.00196925 0.00772682 -0.00289666 0.00589235 -0.00384478 -0.00460198 0.00250788 -0.00390887 -0.00224275 -0.00296221 -0.00835939 -0.00491428 0.00859905 0.000318225 0.00211204 -0.00206998 0.00191052 -0.00359542 -0.000178648 -0.00286501 0.011466
internal_weight=2388 1812 1211 159 140 1052 956 96 62 48 92 68 52 38 918 156 34 576 466 188 278 148 134 762 599 527 46 481 72 601 537 64 509 46 451 214 112 40 108 95 72 54 118 64 24 48
internal_count=2388 1812 1211 159 140 1052 956 96 62 48 92 68 52 38 918 156 34 576 466 188 278 148 134 762 599 527 46 481 72 601 537 64 509 46 451 214 112 40 108 95 72 54 118 64 24 48
is_linear=0
shrinkage=0.0573391


Tree=70
num_leaves=74
num_cat=0
split_feature=26 12 8 36 101 101 38 101 8 2 38 36 100 12 100 82 101 101 38 100 82 82 101 100 100 100 38 38 40 100 12 38 8 8 40 76 2 38 76 38 100 100 100 100 100 82 76 40 100 100 100 38 12 2 38 2 40 40 40 100 100 100 100 38 101 101 38 100 2 38 38 38 38
split_gain=4.88605 2.89091 2.46626 2.11559 1.81895 2.44513 2.09518 1.88263 1.84971 1.72154 2.07914 1.53794 2.85211 1.49603 2.4651 1.52116 1.42017 1.1807 1.19135 2.39031 1.57207 1.36755 1.33345 1.18416 1.16863 1.14525 1.14422 2.28724 2.04118 1.06921 1.04011 1.38161 2.32071 2.16843 1.07427 2.39746 1.03422 0.994795 0.97565 0.958431 1.21499 0.948724 0.947753 1.00883 0.92482 0.892845 0.871821 1.40715 0.878472 1.57561 0.823812 0.819916 0.761048 0.756992 1.27482 1.4918 0.957285 1.56417 1.03854 0.946944 1.37861 0.735279 0.819337 0.721972 0.711483 0.790787 0.666917 0.665998 0.665718 0.657026 0.651189 1.57069 1.08503
threshold=1.0000000180025095e-35 5.6023809523809538 15.937500000000002 3.0500000000000003 0.86332168915702812 0.92793688994379731 18.150000000000002 0.88180608807480287 25.937500000000004 20.500000000000004 33.95000000000001 20.250000000000004 928.24444444444464 2.6738095238095241 885.58888888888907 10.675000000000002 0.9995634560312916 0.93970619461612637 15.450000000000001 945.92777777777781 22.256250000000005 8.3187500000000014 1.0844969121254613 958.28888888888901 733.55555555555566 818.22222222222229 6.6500000000000012 4.2500000000000009 12.750000000000002 819.52777777777794 2.2589285714285716 32.350000000000001 36.895833333333336 57.437500000000007 3.5500000000000003 2739.0000000000005 116.50000000000001 19.850000000000005 3266.5000000000005 14.750000000000002 896.8944444444445 904.11666666666679 967.51111111111129 959.81666666666672 843.68888888888898 6.7687500000000016 3101.5000000000005 4.7500000000000009 961.08888888888907 957.13333333333344 850.19444444444446 20.850000000000005 3.5485119047619054 47.500000000000007 20.550000000000004 43.500000000000007 11.850000000000003 8.7500000000000018 12.450000000000001 916.20000000000016 867.61666666666679 882.90555555555568 887.19444444444457 21.950000000000003 0.89624954264860413 0.9047639150503215 13.050000000000002 954.96111111111122 65.500000000000014 24.250000000000004 28.350000000000005 31.350000000000005 27.050000000000004
decision_type=2 2 2 2 2 2 2 2 2 2 2 2 2 2 2 2 2 2 2 2 2 2 2 2 2 2 2 2 2 2 2 2 2 2 2 2 2 2 2 2 2 2 2 2 2 2 2 2 2 2 2 2 2 2 2 2 2 2 2 2 2 2 2 2 2 2 2 2 2 2 2 2 2
left_child=3 2 -2 -1 6 7 8 24 -5 16 13 26 52 14 50 -16 -7 -15 19 21 23 45 42 37 -6 -26 27 -4 -29 64 -28 34 -33 -34 35 44 -12 -20 -37 -18 51 61 43 67 -32 -19 48 -48 49 53 -11 -41 -13 54 55 59 57 -55 -58 60 -36 -23 -63 -39 -9 -66 -60 -21 -10 -56 72 -72 -65
right_child=1 -3 11 4 5 9 -8 29 68 10 36 12 -14 17 15 -17 39 18 20 22 -22 41 -24 -25 25 -27 30 28 -30 -31 31 32 33 -35 46 38 -38 63 -40 40 -42 -43 -44 -45 -46 -47 47 -49 -50 -51 -52 -53 -54 56 69 -57 58 -59 66 -61 -62 62 -64 70 65 -67 -68 -69 -70 -71 71 -73 -74
leaf_value=-0.070854453130218154 -0.050764956843378076 0.082229379713457534 -0.0039623116687252319 -0.0021962439951807139 0.012524602580959132 0.062592637473089574 0.010509168135375621 -0.028727166129672403 0.045944605631885203 0.010710218251121173 -0.021415755233118949 0.001545810387763291 -0.029522273637062991 0.014788976359667387 -0.061871339761338767 0.0074405020613917683 -0.042143590350480369 -0.00045163018921424422 0.0066640739457651229 0.03222078128625662 0.058054634682151086 -0.0082219398319618338 -0.035902629782976987 -0.019919928069499292 -0.016920284072637185 0.003468961925599456 -0.061228856738448176 -0.0047391390372461643 0.047523906958394584 0.018878521168717851 -0.0036230939638341926 -0.024912342332669833 0.014090322835119653 -0.018190781771794472 0.00083755824542502088 0.022839754710378028 0.00086737768578254762 -0.003200934673892816 0.012912662900051147 0.0055611664794462433 -0.019132647033838483 -0.017499157753517916 0.017973487287181223 0.15294314181978833 -0.0068659031800293426 0.0058413752925754849 0.005484353508761774 -0.043813730859660206 -0.020389947939247883 0.014013327843616891 0.023901918681047678 -0.00043564959116508219 0.020132483746660879 -0.015212737506442475 -0.018909182558162652 0.0088266906758017166 0.0017455317089160502 -0.04670198231709892 -0.015621914253912642 0.016177503394382644 -0.020334411671871975 0.046570892508230655 -0.0084593948843843091 0.0034503995981904163 0.0027435872041977529 -0.019128632398969735 -0.0029016402739585256 -0.0023639859236194798 0.099437706307965723 -0.0048733282013156427 -0.015503453244903494 0.014619790274541947 0.028279188149595895
leaf_weight=27 101 12.999999999999998 19 22 12.999999999999998 13.999999999999998 12.999999999999998 51 12.000000000000002 20 46 12.000000000000002 14.999999999999998 21 17 30 27 62 175 12.000000000000002 31 112 14.999999999999998 46 19.000000000000004 11.999999999999998 30 16.000000000000004 12.999999999999998 12.999999999999998 31 18 16.000000000000004 11.999999999999998 57 17.000000000000004 11.999999999999998 71 11.999999999999998 12.999999999999998 23 55 12.999999999999998 12.999999999999998 17 36 11.999999999999998 67 48 20 34 26 15.999999999999998 114 29 19 13.999999999999998 58 50 15.999999999999998 36 11.999999999999998 23 128 18 21 112 11.999999999999998 11.999999999999998 23 28 15.999999999999998 24
leaf_count=27 101 13 19 22 13 14 13 51 12 20 46 12 15 21 17 30 27 62 175 12 31 112 15 46 19 12 30 16 13 13 31 18 16 12 57 17 12 71 12 13 23 55 13 13 17 36 12 67 48 20 34 26 16 114 29 19 14 58 50 16 36 12 23 128 18 21 112 12 12 23 28 16 24
internal_value=-0.0013881 -0.00437948 -0.00472199 0.000819103 0.00113172 0.000689437 0.0109805 -0.00627958 0.00523406 0.00156733 0.00225257 -0.0037872 0.00679918 0.00286121 0.00948006 -0.000121272 -0.00551067 0.00212245 0.00180315 -0.00070682 0.00356841 -0.0028668 0.00926131 0.00277286 0.00364771 -0.00240311 -0.00430692 0.00429933 0.0144302 -0.0105207 -0.00480589 -0.00441174 0.00523406 0.0155597 -0.00500185 0.00141434 -0.00830306 0.00368412 0.0144302 -0.0081813 -0.00425334 -0.00556331 0.0137595 0.0184383 -0.00644934 0.00269096 -0.00573382 -0.0113942 -0.00498341 -0.00433173 0.0178367 0.00191022 0.0176072 -0.00493019 -0.00191107 0.0011644 -0.00649166 -0.00953385 -0.00351826 -0.00141996 -0.0036371 -0.00315918 0.00409416 0.00148165 -0.012741 -0.00690843 -0.00481331 0.0114643 0.0162416 -0.00948153 0.00327627 -0.0028659 0.00505452
internal_weight=2433 1033 1020 1400 1373 1314 59 147 46 1167 1064 919 43 1006 101 47 103 905 884 365 519 300 65 488 44 31 876 48 29 103 828 798 46 28 752 77 58 442 29 89 62 202 50 37 48 98 675 79 596 548 54 39 28 528 180 128 348 172 176 109 93 147 35 267 90 39 162 24 24 52 196 44 152
internal_count=2433 1033 1020 1400 1373 1314 59 147 46 1167 1064 919 43 1006 101 47 103 905 884 365 519 300 65 488 44 31 876 48 29 103 828 798 46 28 752 77 58 442 29 89 62 202 50 37 48 98 675 79 596 548 54 39 28 528 180 128 348 172 176 109 93 147 35 267 90 39 162 24 24 52 196 44 152
is_linear=0
shrinkage=0.0573391


Tree=71
num_leaves=75
num_cat=0
split_feature=57 103 78 91 104 104 19 36 103 104 36 11 46 104 104 78 77 46 104 11 104 104 77 11 11 8 5 4 38 78 8 38 11 77 8 4 104 104 4 8 36 78 8 11 104 46 4 3 104 11 8 38 104 3 38 11 36 3 19 36 36 8 8 77 77 77 77 77 46 77 8 8 104 36
split_gain=4.74075 2.61092 2.08524 1.9577 2.08343 2.23017 1.73466 3.00827 2.63538 1.77113 3.32329 3.05877 2.45709 2.20686 2.70835 1.98884 1.75754 1.55128 1.53815 1.62588 1.53131 1.67986 2.25779 1.7318 1.52423 2.47397 1.47632 2.09964 1.61366 1.83246 1.45124 1.29558 1.28767 2.87425 1.87843 2.23789 1.68187 1.79913 1.4026 1.27159 1.24928 1.21029 1.47776 1.19981 1.17678 1.06616 1.06585 1.06393 1.03687 1.0795 1.15888 1.00503 0.99503 0.949884 0.92209 0.869331 0.866882 0.908488 0.865344 0.857222 0.839501 0.810867 1.60236 1.35669 1.27474 1.91526 1.78451 1.97299 1.07645 0.858865 0.727959 1.00344 0.718673 0.630913
threshold=1.5000000000000002 1.1231355158545502 866.90000000000009 1.0000000180025095e-35 40.044527127855858 42.549033762282384 20.500000000000004 13.65 0.87197165348582084 38.858776250335978 6.1500000000000012 4.8791666666666673 0.14166666666666669 25.952156057410456 31.352135180596303 1890.2500000000002 2187.5000000000005 0.6083333333333335 34.99180295629349 3.1708333333333338 64.261853451438824 41.108960247118077 2238.5000000000005 5.9166666666666679 5.3062500000000012 70.479166666666671 6.4500000000000011 3.5500000000000003 31.050000000000004 1287.4000000000003 56.750000000000007 27.750000000000004 2.4520833333333338 1443.0000000000002 27.187500000000004 6.6500000000000012 27.322559688167015 37.726299130389599 7.3500000000000005 18.312500000000004 7.4500000000000011 2309.9500000000003 47.500000000000007 1.7395833333333335 36.197154125478896 1.0000000180025095e-35 16.250000000000004 75.500000000000014 49.549692278885011 3.0020833333333337 37.104166666666679 20.850000000000005 26.099619969522788 17.500000000000004 15.450000000000001 3.4833333333333338 8.9500000000000011 61.500000000000007 43.500000000000007 12.350000000000003 15.850000000000003 32.854166666666679 30.812500000000004 1943.5000000000002 2540.5000000000005 2258.5000000000005 1860.5000000000002 1740.0000000000002 0.34166666666666673 1571.5000000000002 62.062500000000007 66.250000000000014 26.265193010032284 8.9500000000000011
decision_type=2 2 2 2 2 2 2 2 2 2 2 2 2 2 2 2 2 2 2 2 2 2 2 2 2 2 2 2 2 2 2 2 2 2 2 2 2 2 2 2 2 2 2 2 2 2 2 2 2 2 2 2 2 2 2 2 2 2 2 2 2 2 2 2 2 2 2 2 2 2 2 2 2 2
left_child=1 2 3 4 -1 -6 7 8 18 11 -11 12 26 53 17 30 -16 -15 19 43 21 23 48 32 55 -26 27 54 29 73 -13 51 33 -8 44 58 72 39 -37 -38 -3 42 59 -4 -34 -7 -32 56 49 -23 -51 -31 60 -14 -10 -24 -42 -58 -36 -28 -9 62 63 -40 65 66 67 69 -66 -63 -52 -72 -35 -29
right_child=-2 40 6 -5 5 45 20 52 9 10 -12 15 13 14 16 -17 -18 -19 -20 -21 -22 22 24 -25 25 -27 41 28 -30 31 46 -33 34 36 35 38 37 -39 61 -41 47 -43 -44 -45 -46 -47 -48 -49 -50 50 70 -53 -54 -55 -56 -57 57 -59 -60 -61 -62 64 -64 -65 68 -67 -68 -69 -70 -71 71 -73 -74 -75
leaf_value=-0.028143582768342838 0.51055535140230912 -0.082019669993982622 0.0053406936179731818 0.0018613591860916813 0.028688278791697483 -0.022917859298533232 0.015545990003005276 -0.025033382430423544 -0.053470577149233194 0.062796582960745875 -0.031335807878342739 0.048806056145197237 0.021310364813571441 -0.038348306153327918 -0.00074360577715498397 -0.0043044166280428661 0.030649912857478808 0.0064497286323701572 -0.019946540497075387 0.042922811820307674 0.13390918242922428 -0.015333340431077397 0.0083899332148159433 -0.031802751694176942 0.062508097119041664 -0.0067472795720934526 -0.02309627707475723 -0.030344908909635069 -0.011212136060344595 0.013253504019801235 0.034652577654162207 0.036700489705151433 0.026206836072721416 0.0055844023909082316 -0.016578331684422583 0.010903666102342105 0.0032469733677443005 0.0049271340499082517 -0.022472361612102063 -0.0080758709458386927 0.0059633486571047545 0.00057026180632391385 0.004730657571745101 9.1968664957215075e-05 0.00070837206042494974 0.002672174728251387 -0.0019088305560495378 -0.024935269557922329 -0.058826455759121633 0.0063681165440101599 -0.030370069160944865 -0.00046796865192617074 -0.020839609628722455 0.018370696654451586 -0.0096942218283333596 -0.0047096627495270696 -0.028004093791405171 0.00030407692713615135 0.018582754597312855 -0.0015656322316417559 0.010508813067263562 0.053612597200350463 -0.012519785010902357 0.030967172204429204 0.00025566421498778827 0.028585427686003362 -0.002001298897851183 0.071908800253623104 -0.032869518003438236 -0.00070474252629804319 0.048036862760892522 -0.0055892775784980196 0.0086095484072963475 0.00099117898387609876
leaf_weight=86 13.999999999999998 54 21 15.999999999999998 11.999999999999998 24 22 22 29 15.999999999999998 89 20 12.000000000000002 29 13.999999999999998 15.999999999999998 26 23 12.999999999999998 12.999999999999998 13.999999999999998 29 18 21 30 36 132 18 11.999999999999998 47 12.000000000000002 17 54 46 44 12.999999999999998 38 13.999999999999998 25 185 23 17 21 24 22 15.999999999999998 14.999999999999998 17 28 15.999999999999998 59 28 107 19 38 28 14.999999999999998 18 12.999999999999998 21 15.999999999999998 11.999999999999998 40 38 71 61 105 27 11.999999999999998 30 12.999999999999998 41 14.999999999999998 14.999999999999998
leaf_count=86 14 54 21 16 12 24 22 22 29 16 89 20 12 29 14 16 26 23 13 13 14 29 18 21 30 36 132 18 12 47 12 17 54 46 44 13 38 14 25 185 23 17 21 24 22 16 15 17 28 16 59 28 107 19 38 28 15 18 13 21 16 12 40 38 71 61 105 27 12 30 13 41 15 15
internal_value=-0.00133086 -0.00152473 -0.00107824 -0.00752066 -0.00972216 -0.000660902 -0.000610664 -0.00251728 -0.00106796 -0.00215642 -0.00900972 -0.000917756 -0.00236875 0.00470789 0.000248922 0.0110114 0.0114657 -0.00837895 0.00944776 0.0134434 0.000798956 0.000580017 -0.00315541 0.00180601 0.00327609 0.00886038 -0.00457248 -0.00118032 0.00288754 0.00481604 0.0169554 0.00897401 0.00219138 -0.000716624 0.00383263 0.00253404 -0.00219336 -0.00437884 0.00393699 -0.0056308 -0.00952581 -0.00819522 -0.00962198 0.00828073 0.0122211 -0.00716574 0.00827968 -0.00463351 -0.00702831 -0.00522548 -0.00297771 0.00573311 -0.0100832 0.0179379 -0.00949832 -0.00473551 -0.000818464 -0.00677449 -0.00814695 -0.0115797 -0.00211136 0.00336396 -0.00105734 0.00464087 0.00479612 0.00695361 0.00388822 0.0110511 -0.00131211 0.00327537 -0.00502302 -0.000211728 0.00629688 -0.00677449
internal_weight=2417 2403 2276 154 138 52 2122 902 757 686 105 581 518 123 92 63 40 52 71 58 1220 1206 298 908 112 66 395 204 137 125 47 92 887 320 567 491 298 237 434 223 127 191 174 45 76 40 27 73 186 158 129 75 145 31 67 46 56 33 57 153 38 421 103 63 318 235 174 69 83 42 113 54 61 33
internal_count=2417 2403 2276 154 138 52 2122 902 757 686 105 581 518 123 92 63 40 52 71 58 1220 1206 298 908 112 66 395 204 137 125 47 92 887 320 567 491 298 237 434 223 127 191 174 45 76 40 27 73 186 158 129 75 145 31 67 46 56 33 57 153 38 421 103 63 318 235 174 69 83 42 113 54 61 33
is_linear=0
shrinkage=0.0573391


Tree=72
num_leaves=38
num_cat=0
split_feature=7 23 7 14 8 8 9 23 8 23 2 0 2 2 8 8 8 2 0 9 2 9 2 2 2 14 82 8 10 10 2 2 2 2 2 8 2
split_gain=3.9381 1.85065 2.32034 1.97462 2.03779 1.70159 1.60598 1.42179 1.4151 1.35663 1.28048 1.17457 1.09162 1.52116 1.41474 2.06716 1.5882 1.06941 1.56606 0.95345 0.940746 0.917002 0.888342 0.966023 1.07046 0.862468 0.861039 0.856147 0.830421 0.811513 0.716804 1.23274 0.714767 0.679947 0.893614 0.674323 0.64571
threshold=3.4500000000000006 -0.6035533905932734 4.9500000000000011 1.5000000000000002 21.187500000000004 16.541666666666668 31.681547619047624 1.0000000180025095e-35 58.541666666666679 -0.3794095225512602 38.500000000000007 48.500000000000007 23.500000000000004 19.500000000000004 20.812500000000004 27.687500000000004 16.687500000000004 19.500000000000004 34.500000000000007 36.782738095238102 10.500000000000002 32.416666666666679 69.500000000000014 52.500000000000007 62.500000000000007 1.0000000180025095e-35 5.2562500000000005 33.020833333333336 21.074636883631374 29.328412429580734 39.500000000000007 19.500000000000004 35.500000000000007 82.500000000000014 74.500000000000014 29.770833333333339 41.500000000000007
decision_type=2 2 2 2 2 2 2 2 2 2 2 2 2 2 2 2 2 2 2 2 2 2 2 2 2 2 2 2 2 2 2 2 2 2 2 2 2
left_child=25 5 12 4 19 -2 -6 9 21 30 28 33 13 20 16 -16 32 -9 -19 -4 -3 -8 23 -20 -25 -1 -27 35 -7 -30 31 -5 -14 34 -11 -12 -32
right_child=1 2 3 7 6 10 8 17 -10 11 27 -13 14 -15 15 -17 -18 18 22 -21 -22 -23 -24 24 -26 26 -28 -29 29 -31 36 -33 -34 -35 -36 -37 -38
leaf_value=-0.032608911766521365 -0.040071686446348016 -0.0036107484878767551 -0.042392871871816992 -0.0072196163602970508 0.014144711912432323 0.016223735512002218 -0.048664390572565316 -0.028678672656050386 0.16361775605773299 0.014011987507757987 -0.0096047421313330272 0.002978423908594147 -0.0097133032718766232 -0.052899997861783829 -0.015624123385570791 0.0053954629345687663 0.014984100598619023 0.0044098645240837828 -0.0048311807587161151 0.001223298576547736 0.018936129785174085 -0.0020961447957251605 -0.016693898237721431 0.0068383515463937275 -0.00073405631252398756 -0.027301920393593939 -0.00095039559064247583 -0.0030810631158537422 -0.008523389742984255 0.0041705199723943119 -0.013300711988869863 0.0068003580504097149 0.010528500348367565 0.0038271262239074778 0.060941955221300206 -0.03275621542139602 -0.0012119539514538556
leaf_weight=39 30 13.000000000000002 71 23 18 11.999999999999998 15.999999999999998 22 11.999999999999998 83 81 297 14.000000000000002 17 22 23 21 84 87 15.999999999999998 17 251 139 39 33 86 57 238 48 63 14.999999999999998 63 14.999999999999998 36 11.999999999999998 26 308
leaf_count=39 30 13 71 23 18 12 16 22 12 83 81 297 14 17 22 23 21 84 87 16 17 251 139 39 33 86 57 238 48 63 15 63 15 36 12 26 308
internal_value=-0.00152543 -0.000873361 -3.22666e-06 -0.000617476 -0.0042107 -0.00396067 -0.00194977 0.000494353 -0.00302092 0.00184275 -0.00311189 0.00409936 0.0070256 -0.000121272 0.0105616 0.00318444 0.0171995 -0.00229913 -0.00159098 -0.0119282 0.00764294 -0.00388684 -0.00354024 -0.000612831 0.00429969 -0.00964011 -0.00757791 -0.00490275 0.00191096 0.00036128 -0.000518628 0.00413314 0.00849951 0.0086222 0.0111651 -0.00916284 -0.00175732
internal_weight=2447 2265 1767 1625 384 498 297 1241 279 837 468 428 142 47 95 45 50 404 382 87 30 267 298 159 72 182 143 345 123 111 409 86 29 131 95 107 323
internal_count=2447 2265 1767 1625 384 498 297 1241 279 837 468 428 142 47 95 45 50 404 382 87 30 267 298 159 72 182 143 345 123 111 409 86 29 131 95 107 323
is_linear=0
shrinkage=0.0573391


Tree=73
num_leaves=57
num_cat=0
split_feature=6 3 57 101 78 101 13 13 11 2 2 101 78 101 36 40 38 78 101 80 78 77 78 40 38 87 80 80 3 6 6 6 3 14 78 80 40 40 78 80 38 80 77 77 77 36 3 6 38 40 40 3 78 36 36 2
split_gain=3.56113 2.70787 2.74121 1.94353 2.93396 2.44002 1.83379 3.33747 1.87421 2.74715 1.93986 1.70207 1.93817 1.62451 1.61009 2.81885 1.6783 2.44284 1.57874 1.49524 1.43765 1.38178 1.59354 1.29101 1.24648 1.22011 1.29575 1.41538 1.17063 1.09833 1.24551 1.18598 1.09299 1.09132 1.07419 0.974223 1.35743 1.08092 0.934844 0.920053 0.901654 0.882627 0.874805 0.953935 1.15981 1.21019 0.804301 0.797943 0.788102 0.749259 1.262 0.719612 0.665998 0.655536 1.17683 0.64167
threshold=2.8500000000000001 154.00000000000003 1.5000000000000002 0.87186424585848921 1179.4500000000003 0.92793688994379731 13.500000000000002 12.500000000000002 2.0062500000000005 42.500000000000007 41.500000000000007 0.99580663250624679 1138.7500000000002 0.86205999223061969 14.15 10.15 16.650000000000002 1439.5000000000002 0.90743198807665559 9.8625000000000025 1115.9500000000003 3630.5000000000005 1135.3000000000002 10.65 29.150000000000002 1.0000000180025095e-35 11.012500000000001 4.7625000000000011 43.500000000000007 23.950000000000003 10.250000000000002 11.250000000000002 97.500000000000014 3.5000000000000004 1403.2500000000002 7.2875000000000014 10.950000000000001 8.7500000000000018 2440.5000000000005 11.362500000000002 29.750000000000004 6.1125000000000016 1291.0000000000002 1978.5000000000002 1943.5000000000002 18.750000000000004 55.500000000000007 6.3500000000000005 16.950000000000003 8.7500000000000018 7.0500000000000007 33.500000000000007 1568.9000000000003 7.2500000000000009 6.6500000000000012 4.5000000000000009
decision_type=2 2 2 2 2 2 2 2 2 2 2 2 2 2 2 2 2 2 2 2 2 2 2 2 2 2 2 2 2 2 2 2 2 2 2 2 2 2 2 2 2 2 2 2 2 2 2 2 2 2 2 2 2 2 2 2
left_child=55 2 3 4 48 18 7 38 40 10 24 12 -9 19 15 20 -16 32 25 -6 -11 22 47 -17 41 26 27 -5 33 30 -24 -32 51 -22 -33 -27 37 39 42 -37 -8 -10 -7 44 45 -44 -25 -13 -2 50 -30 -18 -15 54 -45 -1
right_child=1 -3 -4 5 13 6 8 11 9 14 -12 21 -14 52 16 23 17 -19 -20 -21 28 -23 29 46 -26 35 -28 -29 49 -31 31 34 -34 -35 -36 36 -38 -39 -40 -41 -42 -43 43 53 -46 -47 -48 -49 -50 -51 -52 -53 -54 -55 -56 -57
leaf_value=-0.00053311053468094638 0.10789958953767918 0.077037536942628243 0.48101979531186617 -0.001817560140044306 -0.012980502658685143 -0.028270974067543232 -0.027831247706960091 0.0095260611118255286 0.0057776072051817029 -0.030645597275860689 0.011699245204549881 -0.011774752719949615 0.0043653313140007777 0.040527117613165534 -0.011347775344328114 0.048010813105703674 0.0028505563748398286 0.007610124361494411 -0.033293250717711623 0.015310166924462996 0.022286987774409472 -0.0077040770765930723 0.012530822058270559 -0.014588840979225559 -0.013164994582070084 -0.02810283406920356 -0.0090755737909841046 0.010174172102286194 -0.0088579837484917337 0.13406263159471102 -0.014232556155968142 0.028689353836177264 -0.032850264539400591 -0.0036038573402044998 -0.018822910039380487 0.00096259083766198452 -0.054105014226977319 0.010212421631589618 0.005588338052238395 -0.0083684086827512365 0.00032175363693806098 -0.00036513458290876594 -0.010071410288103141 -0.0130680795232737 0.020522830249393574 0.009516405499115848 0.004552855903977502 6.4291610788850403e-05 0.0094102988134744589 -0.013471159335474235 0.0054763913233178505 -0.0071357927258657644 0.0020543155571117969 -0.0053702770535644191 0.0036439135801797679 -0.041658753282404697
leaf_weight=13.999999999999998 19 13.999999999999998 13.999999999999998 12.999999999999998 28 14.999999999999998 121 32 102 49 13.999999999999998 21 37 12.000000000000002 139 12.999999999999998 19 13.999999999999998 46 17 18 17 116 13.999999999999998 25 48 13.999999999999998 27 113 17 21 62 22 13.000000000000002 33 18 20 14.999999999999998 13.999999999999998 23 12.999999999999998 94 135 30 15.999999999999998 11.999999999999998 21 162 12.999999999999998 19 23 105 11.999999999999998 242 17 90
leaf_count=14 19 14 14 13 28 15 121 32 102 49 14 21 37 12 139 13 19 14 46 17 18 17 116 14 25 48 14 27 113 17 21 62 22 13 33 18 20 15 14 23 13 94 135 30 16 12 21 162 13 19 23 105 12 242 17 90
internal_value=-0.00186047 -0.00139176 -0.00154556 -0.00170125 0.00607393 -0.0020625 -0.0014114 0.000304166 -0.00321359 -0.00218262 0.00304975 0.00349781 0.0118821 -0.000581177 -0.00429542 -0.00119527 -0.00722949 -0.00322502 -0.00773023 -0.00700666 -0.00378173 0.00220918 0.0028403 0.011466 0.00173815 -0.00528261 0.00191052 0.00716573 -0.0014795 0.00582578 0.0047945 0.00059285 -0.00541933 0.00869099 0.00331912 -0.00841532 -0.00437518 0.000204165 -0.00313507 -0.00461377 -0.00949889 0.00327627 -0.00357284 -0.00312056 0.000386733 -0.00120893 0.00573221 -0.00122177 0.0204231 -0.00351401 -0.00202342 -0.00332898 0.0114643 -0.00509882 0.00109716 -0.0122388
internal_weight=2407 2303 2289 2275 101 2174 1950 999 951 817 235 518 69 69 582 283 299 160 224 45 235 449 432 48 221 178 54 40 186 249 232 116 146 31 95 124 76 56 481 41 134 196 467 452 163 147 35 183 32 155 136 124 24 289 47 104
internal_count=2407 2303 2289 2275 101 2174 1950 999 951 817 235 518 69 69 582 283 299 160 224 45 235 449 432 48 221 178 54 40 186 249 232 116 146 31 95 124 76 56 481 41 134 196 467 452 163 147 35 183 32 155 136 124 24 289 47 104
is_linear=0
shrinkage=0.0573391


Tree=74
num_leaves=74
num_cat=0
split_feature=26 102 101 78 76 78 7 101 101 78 76 101 101 102 76 101 2 101 102 101 102 103 2 2 46 101 102 101 101 102 102 78 46 78 7 78 102 7 78 78 78 78 101 101 102 102 2 78 102 102 2 102 102 102 102 102 2 2 102 78 102 7 101 7 102 102 2 102 2 2 2 102 78
split_gain=3.29456 2.68839 2.32132 2.69891 2.0955 2.76381 2.07725 1.92586 1.90332 1.87687 1.65747 2.21469 2.82647 2.1463 1.62148 1.26344 1.86864 1.41659 1.4978 1.2617 1.4292 1.08365 1.02208 1.97144 1.01462 4.94936 1.94004 3.52653 1.61061 1.71075 2.63878 2.34694 2.20452 2.08052 1.63808 1.59312 1.23836 1.53196 1.39794 1.48335 1.88675 1.26001 1.17345 1.0447 1.01422 2.45341 1.77161 0.938022 0.930281 2.12046 1.72973 1.6545 1.30888 2.31947 1.04354 1.18954 1.01693 1.56104 0.992001 0.889833 0.853659 0.831653 0.803411 0.794756 0.751961 0.735889 0.698554 0.729772 0.652525 0.649363 0.801191 0.638685 0.624766
threshold=-0.22252093395631442 54.975349650349656 0.87186424585848921 1143.4500000000003 3388.5000000000005 2309.9500000000003 3.0500000000000003 0.86295458628706234 1.0747491046717577 838.05000000000007 1571.5000000000002 0.99580663250624679 1.093121480054132 89.690555555555576 4119.0000000000009 1.0504824224910048 12.500000000000002 1.0389715642367794 88.932777777777787 1.0775350593934085 80.981666666666669 1.0506180467922397 22.500000000000004 34.500000000000007 1.0000000180025095e-35 0.9047639150503215 88.02000000000001 0.99668480405901361 0.95797669245619965 84.221666666666678 82.995555555555583 1108.6500000000003 0.82500000000000007 1403.2500000000002 9.7500000000000018 1176.6500000000003 81.324444444444467 4.1500000000000012 1280.4500000000003 1081.1500000000003 1157.6000000000001 1234.5000000000002 0.89148538032005231 0.91579720795166242 78.65000000000002 80.183333333333351 69.500000000000014 809.85000000000014 84.959444444444458 84.551666666666691 103.50000000000001 86.239444444444459 88.435555555555581 87.961111111111123 81.268333333333331 81.598333333333343 44.500000000000007 83.500000000000014 80.920000000000016 994.00000000000011 89.690555555555576 8.1500000000000004 0.86625182711605142 5.9500000000000011 87.878333333333345 71.861153305203956 41.500000000000007 78.00833333333334 55.500000000000007 63.500000000000007 71.500000000000014 82.52833333333335 1154.8500000000001
decision_type=2 2 2 2 2 2 2 2 2 2 2 2 2 2 2 2 2 2 2 2 2 2 2 2 2 2 2 2 2 2 2 2 2 2 2 2 2 2 2 2 2 2 2 2 2 2 2 2 2 2 2 2 2 2 2 2 2 2 2 2 2 2 2 2 2 2 2 2 2 2 2 2 2
left_child=1 -1 3 -2 5 6 -4 -5 9 -8 11 60 -13 14 15 16 -12 18 22 -17 -21 24 -18 65 26 -26 42 -28 -27 30 34 -32 59 -33 36 -29 37 -30 39 -39 -41 63 -11 -44 66 46 -46 -10 49 50 54 -50 53 -53 58 -56 -57 -58 -47 -31 -3 -23 -9 -42 -22 -24 -25 68 -68 -70 -71 -6 -61
right_child=2 10 4 7 71 -7 8 62 47 21 13 12 -14 -15 -16 19 17 -19 -20 20 64 61 23 44 25 28 27 35 29 32 31 33 -34 -35 -36 -37 -38 38 -40 40 41 -43 43 -45 45 48 -48 -49 51 -51 -52 52 -54 -55 55 56 57 -59 -60 72 -62 -63 -64 -65 -66 -67 67 -69 69 70 -72 -73 -74
leaf_value=0.018784050625242989 0.085809718330758872 0.013117274062569489 -0.032129119058048446 -0.01919988093178282 -0.058335933562461383 0.011390757012391188 -0.02282978059617469 0.014644101656035647 0.00048515829832274841 -0.041335543780635656 0.036500451546141767 -0.027122991816217534 0.0063540881080510316 -0.019849271279651998 0.014610798128568565 -0.019705646129921692 -0.0043389867943323989 0.083378051773662934 0.033984379596766721 0.028666121763998503 -0.011399263350780259 0.017536542734071247 -0.00012696376042196797 0.0020897395019870233 0.035504910009436029 -0.047861741787772319 0.072377036096208727 -0.048332700004851292 -0.013687672190000739 -0.00034286263613200583 -0.0019546325486455881 0.072539105604520801 0.027729548428439051 0.0020274828352261796 -0.012092829156140827 0.010722245647305267 -0.0050080838943527368 0.027337944829617385 0.044177624669662442 -0.038003278853847862 0.010064847016637608 -0.012964983968148335 0.0054212265534109346 -0.0057685582022920642 3.0130548227013837e-06 0.0054642720486847178 0.069197300016954719 -0.033821122128926732 -0.041251639037987453 0.082185675147303724 -0.043068347013899347 -0.00068368903421129994 -0.039255879889493646 0.01871257689591934 0.042120611514296857 -0.01388898140577169 0.032467636415956201 -0.016327577978601817 -0.023717149305354054 -0.041247794906997287 0.024709952466772146 -0.0032494305278679579 -0.00044384705556788632 0.0080021732747307846 0.0010440556894925363 0.018542010863993357 -0.0081073247438954305 -0.026176001022515931 0.0016730510286693616 -0.027603167927340314 -0.0016812157444020526 -0.035113481681488347 -0.013915934327672725
leaf_weight=17 21 19 78 24 63 14.999999999999998 64 12.000000000000002 13.999999999999998 29 12.999999999999998 42 19 67 13.999999999999998 43 23 19 19 13.999999999999998 52 26 15.999999999999998 15.999999999999998 17 27 12.999999999999998 25 21 54 11.999999999999998 25 12.999999999999998 11.999999999999998 38 31 46 14.999999999999998 19 23 12.000000000000002 11.999999999999998 11.999999999999998 277 12.000000000000002 17 13.999999999999998 89 53 15.999999999999998 27 42 14.999999999999998 12.999999999999998 28 12.999999999999998 61 21 14.999999999999998 59 18 19 12.999999999999998 19 28 35 46 13.999999999999998 18 25 123 56 67
leaf_count=17 21 19 78 24 63 15 64 12 14 29 13 42 19 67 14 43 23 19 19 14 52 26 16 16 17 27 13 25 21 54 12 25 13 12 38 31 46 15 19 23 12 12 12 277 12 17 14 89 53 16 27 42 15 13 28 13 61 21 15 59 18 19 13 19 28 35 46 14 18 25 123 56 67
internal_value=-0.00177065 0.00065167 -0.00361918 0.00655213 -0.00416607 -0.00343643 -0.00375056 -0.000818369 -0.00310363 -0.00232954 0.000278311 0.00737149 0.000657389 -0.000467534 0.000298255 -2.01746e-05 0.000947567 0.000547982 0.000117654 -0.00506384 -0.00134156 -0.00167105 -0.000337237 8.95385e-05 -0.00211588 -0.000385304 -0.00431141 0.00440353 -0.00147573 -0.000654123 0.00243786 0.0143913 -0.00472351 0.0215374 -0.000419382 -0.00184229 0.0020255 0.00507001 0.00802677 0.00474218 0.00104195 0.00813251 -0.00620253 -0.00509882 -0.000846881 0.00114006 0.0180794 -0.0105207 -0.000232107 0.00220067 0.000440874 -0.0041485 0.00163767 0.00573283 0.00277417 0.00517404 0.00211204 0.00447459 -0.00644868 -0.00637067 0.0184383 0.00700666 0.0103178 0.0142391 -0.00429977 0.010904 -0.00369603 -0.00451585 -0.00367812 -0.00200316 -0.00325406 -0.0114189 -0.00900984
internal_weight=2419 1047 1372 70 1302 1183 1168 49 1090 987 1030 98 61 932 865 851 714 701 682 137 94 923 663 640 878 491 387 69 474 447 254 49 193 37 205 56 167 121 100 81 66 43 318 289 589 347 26 103 321 198 182 123 70 55 155 123 95 82 32 180 37 45 25 31 80 51 242 226 212 166 148 119 126
internal_count=2419 1047 1372 70 1302 1183 1168 49 1090 987 1030 98 61 932 865 851 714 701 682 137 94 923 663 640 878 491 387 69 474 447 254 49 193 37 205 56 167 121 100 81 66 43 318 289 589 347 26 103 321 198 182 123 70 55 155 123 95 82 32 180 37 45 25 31 80 51 242 226 212 166 148 119 126
is_linear=0
shrinkage=0.0573391


Tree=75
num_leaves=72
num_cat=0
split_feature=26 13 72 100 100 80 103 1 88 76 103 38 104 76 103 72 0 46 19 80 76 78 80 80 104 72 5 100 100 80 1 5 5 100 100 100 100 5 100 80 100 103 78 38 103 103 103 103 76 76 38 0 38 5 38 38 38 103 38 38 38 76 78 78 38 5 5 38 38 38 38
split_gain=3.95116 3.1725 2.6663 5.40655 2.80469 2.34366 2.24866 2.45922 1.99138 2.06775 2.21792 1.98365 1.7564 1.67677 1.63243 1.61415 1.60141 2.37891 1.5807 2.15667 2.45449 2.17442 1.58568 1.54909 1.49576 1.4392 1.4091 1.33319 2.01074 1.3216 1.31535 1.28655 1.19111 2.45637 2.00233 1.80605 1.57141 1.46482 1.27313 1.38389 1.22341 1.22634 1.15443 2.77233 2.04065 1.05799 1.90082 2.18936 1.40768 3.08076 1.05204 1.03116 0.995905 0.985864 0.954931 2.26562 0.954797 0.920082 0.855662 1.48096 0.827873 0.826675 0.817553 1.90928 0.809235 0.72028 0.744211 0.714204 0.666997 0.878119 1.28935
threshold=-0.22252093395631442 14.500000000000002 3.5000000000000004 905.62222222222238 934.92777777777792 24.187500000000004 1.0548750357460306 65.500000000000014 1.0000000180025095e-35 2048.5000000000005 1.0927993107674732 12.65 29.493492304743619 2324.5000000000005 1.1069633816268931 16.500000000000004 32.500000000000007 0.15833333333333335 6.5000000000000009 4.1125000000000007 2669.5000000000005 1769.7000000000003 13.037500000000003 5.387500000000002 34.003083000416012 7.5000000000000009 4.3500000000000005 961.08888888888907 957.50555555555559 11.787500000000003 57.500000000000007 8.6500000000000004 13.65 904.11666666666679 779.53888888888901 862.52777777777794 813.73333333333346 10.250000000000002 835.74444444444453 8.8875000000000011 835.30555555555566 1.0210191763492695 1110.4500000000003 11.350000000000003 0.94888247383077695 0.99796199385281048 0.8819256687143856 0.86193534266101546 2620.5000000000005 2739.0000000000005 20.350000000000005 19.500000000000004 16.550000000000004 20.550000000000004 12.950000000000001 16.450000000000003 16.950000000000003 1.022635149488254 19.350000000000005 13.850000000000003 23.950000000000003 2312.5000000000005 1070.4500000000003 948.55000000000007 15.550000000000002 7.4500000000000011 4.2500000000000009 20.650000000000002 30.350000000000005 21.950000000000003 25.550000000000004
decision_type=2 2 2 2 2 2 2 2 2 2 2 2 2 2 2 2 2 2 2 2 2 2 2 2 2 2 2 2 2 2 2 2 2 2 2 2 2 2 2 2 2 2 2 2 2 2 2 2 2 2 2 2 2 2 2 2 2 2 2 2 2 2 2 2 2 2 2 2 2 2 2
left_child=2 18 3 11 -5 8 7 50 9 10 42 13 -3 -1 -12 -10 51 30 24 20 -20 22 27 31 26 -22 -2 28 29 32 60 65 34 35 37 38 -36 -21 39 -34 -38 -42 44 -44 -4 46 47 -11 54 -50 -6 -13 -24 -29 -47 -56 -51 -35 59 -45 -18 -26 63 -46 -31 66 -14 -8 69 -57 -71
right_child=1 12 5 4 6 -7 67 -9 15 45 14 16 23 -15 -16 -17 17 -19 19 21 25 -23 52 -25 61 -27 -28 53 -30 64 -32 -33 33 57 36 -37 40 -39 -40 -41 41 -43 43 58 62 48 -48 -49 49 56 -52 -53 -54 -55 55 68 -58 -59 -60 -61 -62 -63 -64 -65 -66 -67 -68 -69 -70 70 -72
leaf_value=0.017733876193022878 -0.001456798614147889 -0.050074096992762197 0.0092004786128586178 -0.035729596559596864 0.028557120970495089 0.10366725085579287 -0.0091684922034396231 0.062448604266215346 -0.01044463843838817 -0.011164239796909675 0.046565292929997053 0.0056527670471995363 0.030170321668187821 -0.01743613262845552 0.00044058107337018168 0.022295653675988691 0.016675177006372145 -0.013972012812239389 -0.0050892171621224848 0.0040828338139254532 0.0023678483705273571 -0.029284324634627695 -0.0024779884675418299 -0.040966060653186163 -0.0032580203706358548 0.019204881849224059 -0.041417693107900173 -0.013828166906781413 0.023259767007317932 0.042711324964524296 0.032886366267949427 -0.013123692054557511 -0.024788192824594095 0.0052901325447230699 -0.046167181799625326 -0.024798604629413239 0.01160333464081992 0.057885796735527968 0.010528214594860809 0.012992449757698268 -0.0011781113740473243 0.0021501740812667051 0.055704277206396535 0.0053065479477416239 -0.043017830908411971 -0.014371716189227978 -0.022783340781727227 0.013613086539119584 0.049901253137132735 -0.007790774371623262 -0.0073966236484209911 0.036411106561365425 -0.025263108646858812 0.0088357535735201012 0.0081464943419338014 -0.021284324455693917 0.0080988482372378202 -0.0083353663221246797 0.015330747859888295 -0.011733958274055366 0.01073439243969797 0.015447612271535722 -0.017964864838879827 0.012357419420456027 -0.00091488028122620896 0.011672462422684559 -0.0050410021651837505 -0.03780970664159481 -0.011607170190168856 0.014647196749740759 -0.0072705710066160853
leaf_weight=26 25 68 12.999999999999998 57 20 17 13.000000000000002 12.999999999999998 111 20 20 31 13.999999999999998 36 11.999999999999998 14.999999999999998 61 27 15.999999999999998 52 12.000000000000002 47 23 92 15.999999999999998 15.999999999999998 82 51 19 19 32 85 67 62 23 89 12.999999999999998 15.999999999999998 32 21 193 50 12.999999999999998 16.000000000000004 27 30 47 17 14.999999999999998 43 18 31 43 11.999999999999998 27 29 24 23 18 14.999999999999998 36 18 18 21 12.999999999999998 12.999999999999998 80 18 15.999999999999998 13.999999999999998 18
leaf_count=26 25 68 13 57 20 17 13 13 111 20 20 31 14 36 12 15 61 27 16 52 12 47 23 92 16 16 82 51 19 19 32 85 67 62 23 89 13 16 32 21 193 50 13 16 27 30 47 17 15 43 18 31 43 12 27 29 24 23 18 15 36 18 18 21 13 13 80 18 16 14 18
internal_value=-0.00138646 -0.00336685 0.00130186 0.00483058 -0.00441349 -0.00109832 0.00237693 0.00977985 -0.00169426 1.20506e-05 0.00500442 0.00941972 -0.0080794 0.00036936 0.0186315 -0.00809973 0.0119935 0.00889444 -0.00179147 -0.000917888 0.0114659 -0.00154573 -0.000858994 -0.00609711 -0.00744141 0.0217022 -0.0107704 -0.000113874 0.000613111 9.3668e-05 0.0121339 -0.00316535 -0.000474044 -0.00315934 0.00180102 -0.00650179 -0.000349253 0.0106234 -0.00191095 -0.00547261 0.000940571 2.34569e-05 0.001911 0.00776741 -0.00268492 -0.0028668 -0.00832697 0.00139366 -0.000743114 0.00517381 0.0024131 0.0197892 -0.00938161 -0.00809917 -0.00436422 -0.00176388 -8.50742e-05 0.00505867 0.00152041 -0.00425249 0.008807 0.00303421 -0.00677547 -0.00286598 0.0114651 0.00101781 -0.000731596 -0.00980062 -0.0067756 -0.00404109 0.00250718
internal_weight=2440 1405 1035 419 139 616 82 51 599 473 173 280 352 62 32 126 218 156 1053 912 44 868 821 284 141 28 107 755 692 673 129 192 641 294 347 209 279 68 120 88 256 243 141 62 79 300 84 37 216 82 38 62 66 63 134 104 67 85 49 31 97 34 66 48 32 107 94 31 77 61 32
internal_count=2440 1405 1035 419 139 616 82 51 599 473 173 280 352 62 32 126 218 156 1053 912 44 868 821 284 141 28 107 755 692 673 129 192 641 294 347 209 279 68 120 88 256 243 141 62 79 300 84 37 216 82 38 62 66 63 134 104 67 85 49 31 97 34 66 48 32 107 94 31 77 61 32
is_linear=0
shrinkage=0.0573391


Tree=76
num_leaves=51
num_cat=0
split_feature=10 23 23 41 80 78 2 10 78 76 78 41 100 100 103 10 10 76 41 76 80 10 0 2 78 9 103 9 76 78 100 10 78 80 76 78 80 76 80 103 103 2 2 2 0 9 9 2 80 78
split_gain=2.44438 2.16844 4.63147 1.9973 1.60733 1.49827 1.34096 1.4402 2.26028 2.10199 1.94822 1.32231 1.82943 2.10938 1.19712 1.56108 2.06352 1.4386 1.35217 1.22637 1.18473 1.12328 1.10954 1.07676 1.51677 0.991322 1.25089 1.11412 0.945436 1.09135 0.922847 1.05232 0.915076 1.17511 1.5255 1.05306 1.03421 1.66408 2.17153 0.912468 0.899608 0.860889 1.4696 0.965695 0.766499 0.665973 0.665322 0.656444 0.621776 0.621682
threshold=15.15245470128796 -0.3794095225512602 1.0000000180025095e-35 16.750000000000004 24.187500000000004 751.90000000000009 140.50000000000003 37.046615902117331 1013.2000000000002 1617.5000000000002 919.6500000000002 29.350000000000005 885.58888888888907 846.25000000000011 1.048126204049014 23.888628756231064 25.014684729062882 2048.5000000000005 38.350000000000009 1504.5000000000002 11.362500000000002 19.074201965419924 20.500000000000004 50.500000000000007 1026.4000000000003 31.979166666666668 1.0002627824911783 33.252976190476197 3081.0000000000005 1075.0500000000002 866.48333333333346 22.848409546590997 1237.45 5.4375000000000018 2433.5000000000005 1599.4500000000003 8.3375000000000039 2188.5000000000005 15.362500000000002 1.0927993107674732 1.0272376810914563 37.500000000000007 31.500000000000004 42.500000000000007 18.500000000000004 38.815476190476197 40.696428571428577 86.500000000000014 3.8125000000000004 1338.45
decision_type=2 2 2 2 2 2 2 2 2 2 2 2 2 2 2 2 2 2 2 2 2 2 2 2 2 2 2 2 2 2 2 2 2 2 2 2 2 2 2 2 2 2 2 2 2 2 2 2 2 2
left_child=11 5 3 -3 14 -2 7 23 9 -9 -11 -1 13 48 15 17 -17 -5 47 -18 -12 -19 44 24 -7 -26 27 49 29 -10 31 -24 33 -31 36 -34 -35 38 -38 -25 -28 42 -21 -43 -4 -29 -47 -16 -13 -27
right_child=1 2 22 4 -6 6 -8 8 28 10 20 12 -14 -15 18 16 19 21 -20 41 -22 -23 30 39 25 26 40 45 -30 32 -32 -33 35 34 -36 -37 37 -39 -40 -41 -42 43 -44 -45 -46 46 -48 -49 -50 -51
leaf_value=-0.028660815793502162 -0.02088829540861268 0.051493299649731109 0.00039748206572792587 -0.018062827321027219 0.14836774129106262 -0.0083467961842816456 -0.034626190603493076 0.026061204791291741 -0.017316434356289632 -0.018894464197582086 0.0050272377923952062 -0.041647141787398805 -0.075369714119824072 0.041638816518755707 -0.037168415030952411 0.026934035583967616 0.050601438544550563 0.0090537741828071467 0.0010602626397986153 7.2203351712112735e-05 -0.00013975135979863698 -0.0027118702221073892 -0.0102887009188346 -0.010628508829548943 -0.0065124561582188406 0.00069434839638720422 0.0045780596683148867 -0.0052513029427211904 -0.013751897419268548 0.020489746306453623 -0.0096652084435369517 0.00021729683431569697 -0.0048468595629848239 -0.0034508598219510113 -0.01747650211345933 0.04815708582153206 0.0033591453972758715 0.032246627141256166 -0.012301079734277128 0.0035007437957808377 0.0029103042865377075 -0.033859379964603309 0.054452920180414248 0.0053168077032206031 0.0089092592732152916 0.0051018624482836198 -0.0039678847041589825 0.0017922920417471773 0.004086084217258301 0.030320280724291535
leaf_weight=50 22 24 28 17 20 65 19 28 37 24 24 14.999999999999998 30 12.999999999999998 28 21 12.999999999999998 24 33 18 14.999999999999998 47 32 177 143 21 12.999999999999998 91 66 20 303 190 149 17 29 12.999999999999998 39 22 17 18 41 11.999999999999998 15.999999999999998 276 12.999999999999998 21 22 12.999999999999998 21 14.999999999999998
leaf_count=50 22 24 28 17 20 65 19 28 37 24 24 15 30 13 28 21 13 24 33 18 15 47 32 177 143 21 13 91 66 20 303 190 149 17 29 13 39 22 17 18 41 12 16 276 13 21 22 13 21 15
internal_value=-0.00107583 -0.000644301 0.00114878 0.00483597 0.00411382 -0.002376 -0.00209139 -0.00183665 0.000458641 0.00863157 0.00282071 -0.00875587 -0.00413646 0.00269049 0.00349781 0.00462316 0.00631357 -0.00221488 -0.00325373 0.00522025 0.0107306 0.00137235 -0.00251231 -0.00366706 -0.00207048 -0.000640474 0.00174047 -0.000674363 -0.00135978 -0.000150353 -0.00322182 -0.000413096 0.000974265 0.00430006 0.00221923 -0.00198183 0.00573328 0.00852643 0.00327565 -0.0072038 0.00934274 0.00452285 0.0131515 0.00350388 0.00657147 -0.00308055 0.0027992 -0.0102072 -0.00445821 0.00828034
internal_weight=2425 2296 1128 562 538 1168 1146 1127 500 91 63 129 79 49 518 444 356 88 74 335 39 71 566 627 432 367 224 170 409 343 525 222 306 144 124 162 95 78 56 195 54 322 34 288 41 134 43 41 36 36
internal_count=2425 2296 1128 562 538 1168 1146 1127 500 91 63 129 79 49 518 444 356 88 74 335 39 71 566 627 432 367 224 170 409 343 525 222 306 144 124 162 95 78 56 195 54 322 34 288 41 134 43 41 36 36
is_linear=0
shrinkage=0.0573391


Tree=77
num_leaves=23
num_cat=0
split_feature=24 8 24 104 4 4 0 10 10 104 104 104 104 104 104 10 104 104 104 10 104 4
split_gain=2.81911 2.26479 1.39239 1.49285 1.3197 1.33282 1.18261 1.18673 1.26997 1.1465 1.32388 1.23178 0.894371 1.34824 1.41855 0.866611 0.811517 1.09247 1.08212 0.789026 0.781907 0.723727
threshold=-0.78656609248549325 16.145833333333339 -0.98296291314453399 61.570382858019805 3.7500000000000004 3.1500000000000008 18.500000000000004 36.04746010563413 35.342115993644413 53.161051232518695 41.359412932405583 37.160807921227381 33.105004204873367 32.123669755566446 31.00252387060706 34.822049908660681 24.493447582266914 23.985581984499348 28.464587556237582 26.204702141591785 41.651239885484181 3.8500000000000001
decision_type=2 2 2 2 2 2 2 2 2 2 2 2 2 2 2 2 2 2 2 2 2 2
left_child=2 -2 16 6 5 -3 19 8 15 10 11 12 13 14 -9 20 17 -1 -18 -4 -8 -6
right_child=1 4 3 -5 21 -7 7 9 -10 -11 -12 -13 -14 -15 -16 -17 18 -19 -20 -21 -22 -23
leaf_value=-0.00011487460593351393 -0.037807505552056128 -0.0014151646247478852 0.0069288586926739863 0.091511457146865316 -0.031952702727008599 0.0080969735352570196 -0.00036317549841878897 -0.00068016361256314063 -0.013497478635238484 -0.018477378445773119 0.0092546187746902903 -0.0036317527117603042 0.011234455827153333 -0.0060701945968944324 0.064890495081619814 0.025112449461532321 -0.0098206493325272252 0.019060896619059773 -0.0032849853924080889 0.0055458381870993837 -0.012063986581304703 -0.007599608445699047
leaf_weight=67 74 18 67 11.999999999999998 13.999999999999998 36 550 62 23 14.999999999999998 153 131 117 24 13.999999999999998 12.999999999999998 76 12.999999999999998 433 11.999999999999998 27 481
leaf_count=67 74 18 67 12 14 36 550 62 23 15 153 131 117 24 14 13 76 13 433 12 27 481
internal_value=-0.00135802 -0.0046846 -0.000212349 0.000892955 -0.00341519 0.00509576 0.000692975 0.000218355 -0.0014872 0.00224458 0.00271236 0.000757824 0.00340841 -0.00057303 0.00316811 -0.000971786 -0.00250182 0.00286637 -0.00334562 0.007475 -0.00130174 -0.00434376
internal_weight=2432 623 1809 1220 549 54 1208 1129 613 516 501 348 217 100 76 590 589 80 509 79 577 495
internal_count=2432 623 1809 1220 549 54 1208 1129 613 516 501 348 217 100 76 590 589 80 509 79 577 495
is_linear=0
shrinkage=0.0573391


Tree=78
num_leaves=80
num_cat=0
split_feature=6 26 36 58 102 40 101 101 101 102 36 102 36 102 102 2 102 19 36 101 101 101 101 19 102 102 19 102 101 40 40 101 102 102 102 102 19 19 102 101 102 101 2 36 36 36 40 102 102 101 102 102 102 102 40 19 101 36 102 102 102 102 102 102 102 102 40 102 102 102 102 102 102 102 102 40 101 102 102
split_gain=3.52764 1.71774 2.09328 1.87432 1.63585 1.67264 1.35475 1.93068 1.50126 1.95715 3.19767 2.46419 2.28722 2.18178 1.44205 1.24584 1.16617 1.1199 1.88251 1.45144 2.01351 1.65676 1.80815 1.42838 2.28955 1.69459 1.38883 1.55244 1.27052 1.52893 2.30657 1.55053 1.4339 3.95093 1.49058 1.84492 1.54569 1.33517 1.24031 1.23218 1.22526 1.14222 1.10785 1.0745 1.38965 1.0536 0.970123 1.21803 0.954261 0.918819 1.06336 0.917904 1.29125 1.49675 0.90311 0.88279 0.869947 0.865344 0.853116 0.806803 1.38024 0.944438 1.42771 0.902456 0.782947 1.39757 0.741086 0.712125 1.21063 0.676995 1.35036 1.28292 0.736411 1.48702 0.672098 0.654599 0.679773 0.63065 1.28952
threshold=2.8500000000000001 -0.22252093395631442 21.750000000000004 1.7141970648955189 57.482601880877752 1.5500000000000003 0.90000647649483256 0.87186424585848921 0.99580663250624679 81.390000000000029 19.250000000000004 78.445000000000007 19.650000000000002 72.409262048192787 89.690555555555576 91.500000000000014 61.593198771390966 4.5000000000000009 9.5500000000000025 1.0261139575888094 1.0508065990743531 0.88180608807480287 0.9995634560312916 20.500000000000004 70.747222222222248 66.801065449010665 43.500000000000007 90.423888888888897 0.95797669245619965 13.750000000000002 11.550000000000002 1.0747491046717577 87.252222222222244 86.047777777777796 82.092222222222247 82.995555555555583 26.500000000000004 22.500000000000004 64.907727272727286 0.9047639150503215 80.981666666666669 0.89148538032005231 4.5000000000000009 8.5500000000000025 17.250000000000004 9.2500000000000018 11.050000000000002 89.497222222222234 88.932777777777787 0.98333560577474477 84.746666666666684 80.708333333333343 71.861153305203956 78.596666666666678 8.2500000000000018 8.5000000000000018 0.94464103078776929 13.15 83.512222222222235 88.541111111111135 87.961111111111123 84.690555555555576 84.098888888888908 85.51111111111112 88.88000000000001 89.931111111111122 7.0500000000000007 77.078333333333347 79.268333333333359 79.051111111111126 79.788888888888906 80.183333333333351 81.268333333333331 80.972222222222243 89.973888888888908 9.0500000000000025 1.0045556840329308 82.995555555555583 83.810555555555567
decision_type=2 2 2 2 2 2 2 2 2 2 2 2 2 2 2 2 2 2 2 2 2 2 2 2 2 2 2 2 2 2 2 2 2 2 2 2 2 2 2 2 2 2 2 2 2 2 2 2 2 2 2 2 2 2 2 2 2 2 2 2 2 2 2 2 2 2 2 2 2 2 2 2 2 2 2 2 2 2 2
left_child=42 3 15 4 -2 58 7 45 49 10 11 13 14 16 48 17 -10 -3 19 21 -21 -19 -23 24 25 38 27 28 -25 30 46 32 33 34 36 -36 40 -37 -20 54 -31 -27 -1 55 -45 -7 47 -30 59 56 -51 52 -24 -54 -26 -17 -8 -16 67 60 61 62 77 -63 -32 -66 -28 -6 -69 -13 -71 -72 73 -73 -34 -68 -77 -11 -79
right_child=1 2 -4 -5 5 6 8 -9 9 12 -12 69 -14 -15 57 43 -18 18 23 20 -22 22 51 26 39 41 66 -29 29 31 64 -33 74 -35 35 37 -38 -39 -40 -41 -42 -43 -44 44 -46 -47 -48 -49 -50 50 -52 -53 53 -55 -56 -57 -58 -59 -60 -61 -62 63 -64 -65 65 -67 75 68 -70 70 71 72 -74 -75 -76 76 -78 78 -80
leaf_value=0.0016314568532183628 0.015323430728658769 -0.049516538161546005 0.035586307621204849 -0.0162324418147969 -0.020943864394248383 -0.01112640936835722 0.0086051984570933455 -0.0090700272031630953 -0.012795968171202897 -0.0041981774734288577 0.16256234319755686 0.061593447623112661 -0.027248232072469215 -0.014854758480835933 0.0033923180710768129 -0.0060874663571879005 0.033620925217282528 0.0033772135634625527 0.021945116621391775 0.018215887513585174 -0.036770054025434443 -0.033691036060984378 -0.011956494393062561 -0.026838821871297748 0.0039413863872794306 3.6383813212776205e-05 -0.028144837551359346 -0.0058937393436863618 0.0015147155519537787 -0.011558185341155016 0.0082185480925926029 -0.035877427829749946 -0.017942026461032205 0.024788032265144245 -0.021779140820458589 0.091871722191054342 0.011144441421633979 -0.0037786045066614013 -0.02628357382197169 -0.026070794236534273 0.0020274433009325123 0.017243698812653627 -0.037127561510261954 -0.029018858123057725 -0.00024560056971467003 0.036409233849388239 -0.0074880249786884335 -0.024834586766910857 0.022212036410362641 0.0026618560930248224 0.083343856131239735 -0.013200922778805095 0.029399581155884445 0.017145218596004475 -0.017114714846557806 0.027826144099661342 -0.00065876662090776398 -0.021981686471578853 -0.03644316487873088 -0.013689113682764429 0.014447692702445464 -0.071455975996965196 0.045720118940454316 -0.00035381417589152995 -0.050364058323760778 0.017791220634999105 0.0053958079705385738 0.040934371967806471 -0.0038848823779884406 -0.013237225224064831 0.060979166989274775 0.0031968151924566582 0.034735340392611141 -0.025637340674988841 0.02741759566846733 -0.010723796811207829 -0.047823350560532357 0.038352363254567728 -0.03243001924326782
leaf_weight=13.999999999999998 22 65 13.999999999999998 35 20 15.999999999999998 40 54 13.999999999999998 79 19 17 33 54 12.999999999999998 16.000000000000004 42 25 25 22 12.999999999999998 57 34 36 15.000000000000002 13.999999999999998 20 47 39 16.000000000000004 43 29 47 11.999999999999998 23 12.999999999999998 21 61 24 120 12.999999999999998 18 91 97 32 23 14.999999999999998 27 40 13.000000000000002 17 22 19 27 15.999999999999998 12.999999999999998 41 44 33 23 28 15.999999999999998 18 64 15.000000000000002 15.999999999999998 26 13.999999999999998 32 13.999999999999998 20 35 19 13.999999999999998 12.999999999999998 39 19 41 18
leaf_count=14 22 65 14 35 20 16 40 54 14 79 19 17 33 54 13 16 42 25 25 22 13 57 34 36 15 14 20 47 39 16 43 29 47 12 23 13 21 61 24 120 13 18 91 97 32 23 15 27 40 13 17 22 19 27 16 13 41 44 33 23 28 16 18 64 15 16 26 14 32 14 20 35 19 14 13 39 19 41 18
internal_value=-0.00146204 -0.000993397 -0.00239583 0.000755161 0.00121624 0.000864786 0.00166932 -0.00487014 0.00245311 0.00142264 0.00545623 0.00358035 -0.000976187 -0.00260591 0.000268686 -0.0026401 0.00532331 -0.00195965 -0.00150367 0.00322019 0.0139224 0.00118396 -0.000973445 -0.00276227 -0.00657395 0.00120293 -0.00126334 2.35263e-05 0.001084 0.00200605 0.00647336 -0.000785951 0.000863842 0.0037141 0.00113092 -0.00301425 0.00917275 0.00139419 -0.00549868 -0.0107458 0.000591911 0.0114651 -0.01174 -0.00740285 -0.00964482 0.00485034 -0.000211941 0.00277938 0.00173583 0.00862604 0.017198 0.00359726 0.00644986 0.0127123 -0.00055373 0.00256881 0.00545003 -0.00814695 -0.00619663 0.000579258 0.00147676 4.84485e-05 0.00264613 -0.00501647 0.0137911 0.00684161 -0.00727702 -0.00243189 0.00149492 0.0092989 0.00753212 0.0101638 0.00640757 0.00269049 -0.0066885 -0.00491412 -0.00830306 0.000664535 0.00514983
internal_weight=2408 2303 1278 1025 990 968 869 93 776 665 248 229 417 110 384 1264 56 1106 1041 219 35 184 159 822 232 81 590 486 439 403 155 248 219 159 147 97 50 74 49 151 29 32 105 158 129 39 81 66 327 111 30 102 80 46 31 29 81 57 99 287 264 236 156 80 74 31 104 66 46 119 102 88 68 49 60 84 58 138 59
internal_count=2408 2303 1278 1025 990 968 869 93 776 665 248 229 417 110 384 1264 56 1106 1041 219 35 184 159 822 232 81 590 486 439 403 155 248 219 159 147 97 50 74 49 151 29 32 105 158 129 39 81 66 327 111 30 102 80 46 31 29 81 57 99 287 264 236 156 80 74 31 104 66 46 119 102 88 68 49 60 84 58 138 59
is_linear=0
shrinkage=0.0573391


Tree=79
num_leaves=60
num_cat=0
split_feature=26 8 8 87 10 8 10 53 8 50 7 100 7 8 46 50 50 100 79 79 46 2 41 10 41 10 2 7 10 46 46 81 8 87 100 100 100 79 53 79 50 100 50 46 46 46 7 100 7 100 100 7 7 79 79 100 100 100 8
split_gain=2.07559 3.16092 2.58335 2.19043 1.68666 2.12212 3.82757 2.09831 3.7096 2.04405 2.11988 2.0268 2.17252 2.4315 3.05972 3.31228 2.99847 2.98155 2.41062 2.32219 1.98546 1.9126 1.66451 1.56467 1.86367 1.55645 1.54134 1.53437 1.49439 1.46221 1.40786 1.38456 1.36285 1.29365 1.27139 2.73068 1.42812 1.25905 1.17764 1.05021 1.02396 1.01613 0.963325 0.92179 1.83623 1.71782 0.917951 0.883283 1.1461 0.818979 0.81087 1.21679 2.19676 0.799025 1.16478 1.03169 0.794756 0.73915 0.647859
threshold=0.81174490092936691 22.520833333333339 94.395833333333357 1.0000000180025095e-35 63.572870508723142 57.104166666666679 57.164886631989013 1669.0000000000002 27.854166666666668 -0.66030521387292307 2.4500000000000006 960.42222222222233 12.950000000000001 21.687500000000004 0.041666666666666671 -1.1190660308228348 -1.3101727395499725 809.12777777777785 21.125000000000004 69.875000000000014 0.44166666666666671 95.500000000000014 39.050000000000004 49.770050099206578 45.550000000000004 43.931177431847225 6.5000000000000009 7.4500000000000011 59.718717138079754 0.19166666666666668 0.075000000000000011 70.687500000000014 77.354166666666686 1.5000000000000002 903.85555555555572 883.97222222222229 929.55000000000007 81.875000000000014 869.50000000000011 48.291666666666679 1.0000000180025095e-35 934.01666666666677 -0.66030521387292307 0.075000000000000011 0.10833333333333335 0.091666666666666674 7.4500000000000011 877.83888888888896 3.0500000000000003 931.82222222222231 853.66111111111115 4.9500000000000011 4.1500000000000012 52.625000000000007 75.375000000000014 862.52777777777794 818.22222222222229 952.07222222222242 32.354166666666679
decision_type=2 2 2 2 2 2 2 2 2 2 2 2 2 2 2 2 2 2 2 2 2 2 2 2 2 2 2 2 2 2 2 2 2 2 2 2 2 2 2 2 2 2 2 2 2 2 2 2 2 2 2 2 2 2 2 2 2 2 2
left_child=2 -2 4 25 5 7 38 9 -9 10 -1 12 13 18 15 19 20 39 56 -15 -16 28 46 24 -24 -3 -11 -6 -8 47 34 -29 -33 -26 35 -14 -36 -30 42 -18 -28 -23 -7 -42 45 -45 -5 48 -20 -49 51 52 -50 55 -55 -17 -12 -19 -10
right_child=1 3 -4 22 27 6 21 8 58 26 11 -13 30 14 16 53 17 57 29 -21 -22 41 23 -25 33 -27 40 31 37 -31 -32 32 -34 -35 36 -37 -38 -39 -40 -41 43 -43 -44 44 -46 -47 -48 49 50 -51 -52 -53 -54 54 -56 -57 -58 -59 -60
leaf_value=-0.036427021021760389 -0.04885562675703 0.013375943086149433 0.46862570526213576 -0.012563623864485542 -0.040089736001870747 0.0084746443950359206 -0.0034580499127002452 0.015895749089450621 -0.015266552688625196 0.020597416230469637 0.0099100428387291599 -0.081109120479544439 -0.0014249596617477804 -0.0011232146381067775 0.002848423399653468 0.023792502769570317 0.016417525523754681 -0.028610689992972543 -0.014704142367191014 0.0086586961162237897 0.086916508840384737 -0.026858550535287396 0.003943486710403718 0.013102089628900688 0.0027555089657428779 -0.005085264747952619 -0.010414784867446439 0.0069494446160521728 0.044899929563352738 0.01131296440708484 -0.015731534102352319 -0.017858165423152075 0.015133424582120043 -0.013222866989190727 -0.046974546963870781 0.093193521172360391 0.0022006529323270866 -0.0037469978765427782 0.11827108986794431 -0.004583670028430545 -0.0035516531461431285 0.0052456504139924897 0.002922414275140805 0.0024957229077112574 -0.002135131985546615 0.034058581747866114 -0.053241939809042738 -0.040308900864136805 -0.022444071183493789 -0.0020985675197467391 0.0078812057381965686 -0.0080266148377691957 0.010858712206564057 0.0089371608600612717 0.038527463710293593 0.04410410658376538 0.022567567776074885 0.00079877794993326245 0.0031372604687356421
leaf_weight=27 63 15.000000000000002 13.999999999999998 92 43 13.999999999999998 27 31 18 13.999999999999998 19.000000000000004 19 55 55 15.000000000000002 22 15.000000000000002 50 13.999999999999998 15.999999999999998 13.999999999999998 35 33 17 27 11.999999999999998 215 24 30 17 56 69 26 40 35 13.999999999999998 35 11.999999999999998 18 13.999999999999998 408 12.999999999999998 19 21 245 13.999999999999998 51 36 21 22 12.999999999999998 60 18 25 12.999999999999998 34 11.999999999999998 12.999999999999998 25
leaf_count=27 63 15 14 92 43 14 27 31 18 14 19 19 55 55 15 22 15 50 14 16 14 35 33 17 27 12 215 24 30 17 56 69 26 40 35 14 35 12 18 14 408 13 19 21 245 14 51 36 21 22 13 60 18 25 13 34 12 13 25
internal_value=-0.00148273 -0.00556992 -0.000799554 -0.00301663 -0.000964823 -0.000490264 0.0056653 -0.00108123 0.00836744 -0.00149846 0.000702525 0.00128459 0.00177721 0.0037192 0.00725737 0.0123361 0.000331423 -0.00473611 -0.000642437 0.00298743 0.0164071 -4.87194e-05 -0.00463103 0.000440765 -0.00229312 0.0125263 -0.00332024 -0.00658299 0.00606542 -0.00293804 -0.00338129 -0.00322793 -0.00633682 -0.00778682 -0.000288508 0.00523448 -0.00573306 0.0128308 0.0187734 0.0104764 -0.00361301 -0.00883824 0.0123339 -0.00253352 0 0.0122844 -0.00878079 -0.00442479 -0.00172895 -0.0102801 0.000204474 -0.00156338 0.00632041 0.0193964 0.0129743 0.0237522 0.0142391 -0.0117395 -0.00253254
internal_weight=2444 350 2094 287 2080 1918 168 1750 74 1676 759 732 713 518 286 165 121 92 232 71 29 117 260 117 100 27 917 162 69 201 195 119 95 67 139 69 70 42 51 29 903 48 33 688 280 35 143 184 126 58 112 99 39 94 38 56 31 63 43
internal_count=2444 350 2094 287 2080 1918 168 1750 74 1676 759 732 713 518 286 165 121 92 232 71 29 117 260 117 100 27 917 162 69 201 195 119 95 67 139 69 70 42 51 29 903 48 33 688 280 35 143 184 126 58 112 99 39 94 38 56 31 63 43
is_linear=0
shrinkage=0.0573391


Tree=80
num_leaves=54
num_cat=0
split_feature=102 15 46 78 7 78 78 102 5 78 78 102 7 102 79 102 102 102 7 14 56 78 101 101 102 102 102 102 102 7 101 76 101 102 102 102 102 102 102 5 102 102 101 101 101 101 101 101 101 101 7 102 102
split_gain=2.7449 3.38015 2.78306 2.00291 1.82742 1.58045 1.67619 1.55684 2.75116 1.26995 1.52268 1.59847 1.54437 1.46526 1.22432 1.18471 1.3441 2.36578 1.15337 1.10797 1.07759 1.35852 1.21825 3.84581 1.06979 1.66876 0.990952 0.89874 1.44723 0.87475 0.874605 1.4037 0.858291 0.798563 0.785042 1.58794 1.38365 1.30632 1.12399 0.700648 2.05869 0.687798 0.668215 1.41787 2.50164 2.39945 1.04894 0.938541 1.10555 0.663013 0.650705 0.64454 0.626836
threshold=53.101918158567777 1.5000000000000002 1.4583333333333337 2540.0500000000006 2.9500000000000006 1237.45 862.95000000000016 62.181297134238314 5.0500000000000007 1198.0000000000002 940.50000000000011 71.175555555555562 6.9500000000000011 76.820555555555572 19.625000000000004 72.409262048192787 76.379444444444459 78.890000000000015 24.350000000000005 1.5000000000000002 1.0000000180025095e-35 1269.6500000000003 1.0574115037089931 1.0373755702089573 81.493888888888904 82.995555555555583 86.457222222222242 83.810555555555567 86.202222222222233 6.5500000000000007 1.1012056450626817 3998.5000000000005 1.1005037223961323 79.582222222222242 85.304444444444457 82.932777777777787 82.52833333333335 86.047777777777796 87.613333333333344 7.6500000000000012 90.503888888888895 90.366666666666688 0.86737604583637751 0.93185302342951004 0.98333560577474477 0.97895939819972988 0.99796605113406411 0.9134000788765112 0.90217234769791443 0.86205999223061969 4.5500000000000007 80.870000000000019 81.268333333333331
decision_type=2 2 2 2 2 2 2 2 2 2 2 2 2 2 2 2 2 2 2 2 2 2 2 2 2 2 2 2 2 2 2 2 2 2 2 2 2 2 2 2 2 2 2 2 2 2 2 2 2 2 2 2 2
left_child=-1 19 3 4 14 6 26 8 -7 10 27 -12 29 -11 -3 -14 -17 -18 20 -2 21 -9 23 42 33 -26 -6 -8 -29 50 -21 -32 -24 -15 35 36 51 -36 -39 -28 -41 -40 49 47 45 -45 -46 48 -44 -23 -13 -19 -53
right_child=1 2 -4 -5 5 7 9 18 -10 13 11 12 15 24 -16 16 17 34 -20 30 -22 22 32 -25 25 -27 39 28 -30 -31 31 -33 -34 -35 37 -37 -38 38 41 40 -42 -43 43 44 46 -47 -48 -49 -50 -51 -52 52 -54
leaf_value=0.014397628207196022 -0.046418989554042576 0.00029220572070500899 0.025409168516551259 0.017999439634558141 -0.033149719122920696 -0.0097358914550949964 0.018304668202871785 -0.01476710471467998 0.021151298349312446 -0.0035651361454057187 0.0057188281146908363 -0.010549427240355715 -0.029532952208784238 0.0027540344509751464 -0.03336142608212616 0.0050951793403371474 -0.010608748898471921 0.0082598236290816682 0.11186032710179827 -0.02600521873827431 0.034833795738314861 -0.0038576164925283886 -0.010702235409850765 0.035097747725381483 -0.013980809343603426 0.04428804162424755 -0.0037495283287905588 -0.049381263674493581 0.0073821432894050762 -0.011297548227267667 -0.010649632163211442 0.0099770283344995971 0.0042432050898876745 0.027968004713841386 -0.029399980898711816 0.028122590289397714 -0.065199444090716832 0.0033310410061294384 -0.0029114879280228326 0.0041218274033754283 -0.010684994985145423 0.002681002372167026 -0.014626970186657819 0.0021790509056389584 -0.027386151121605994 0.027553228737550534 -0.0018317330909417891 -0.035480644056594041 0.0057100175458985238 0.014304554307631296 -0.00063897672093129326 -0.034171902424330103 0.0013303758166751856
leaf_weight=13.999999999999998 73 23 22 18 36 14.999999999999998 24 94 20 34 55 69 11.999999999999998 18.000000000000004 46 19 40 28 24 69 22 26 91 34 15.999999999999998 46 26 18 80 39 87 11.999999999999998 12.999999999999998 11.999999999999998 40 91 13.999999999999998 35 116 37 24 34 109 35 38 12.999999999999998 322 32 15.999999999999998 14.999999999999998 148 17 50
leaf_count=14 73 23 22 18 36 15 24 94 20 34 55 69 12 18 46 19 40 28 24 69 22 26 91 34 16 46 26 18 80 39 87 12 13 12 40 91 14 35 116 37 24 34 109 35 38 13 322 32 16 15 148 17 50
internal_value=-0.00156801 -0.00171289 -0.00100849 -0.00121293 -0.00137125 -0.00106911 0.000321224 -0.00285131 0.0090083 0.00105979 0.000327085 -0.000575478 -0.00126568 0.00646153 -0.0105525 0.000601062 0.00104245 0.000431508 -0.00332094 -0.00816042 -0.00366698 -0.00399589 -0.00317517 -0.00223974 0.0102204 0.0059179 -0.00601312 0.00629739 0.00386109 -0.00488257 -0.00559704 -0.00214254 -0.00893096 0.019109 0.00168635 0.00430017 -0.00036791 -0.00063694 0.00139452 -0.00270166 0.000657389 -0.000764275 -0.00329266 -0.0038056 -0.00202363 0.0102716 -0.00366319 -0.00843606 -0.00619213 0.00377475 -0.00346126 0.00211204 -0.000940824
internal_weight=2461 2447 2206 2184 2166 2097 1178 919 35 1055 929 807 752 126 69 496 484 465 884 241 860 838 744 640 92 62 123 122 98 256 168 99 104 30 425 200 109 225 185 87 61 150 606 565 408 48 360 157 125 41 217 95 67
internal_count=2461 2447 2206 2184 2166 2097 1178 919 35 1055 929 807 752 126 69 496 484 465 884 241 860 838 744 640 92 62 123 122 98 256 168 99 104 30 425 200 109 225 185 87 61 150 606 565 408 48 360 157 125 41 217 95 67
is_linear=0
shrinkage=0.0573391


Tree=81
num_leaves=51
num_cat=0
split_feature=11 10 26 38 104 104 41 11 10 78 41 102 104 0 41 41 81 81 78 104 81 11 12 78 10 10 78 81 78 78 78 104 78 10 102 102 102 78 78 78 4 12 12 12 10 12 78 78 81 78
split_gain=2.29431 1.84211 1.7513 2.18517 1.38724 1.50273 1.31171 1.17653 5.14524 1.78698 2.41186 1.76815 1.72312 1.4027 1.84147 1.83926 1.46712 1.83274 1.22922 1.20661 1.81633 1.70886 1.1702 1.63277 1.86229 1.82569 1.32225 1.98788 1.67397 1.49179 1.28224 1.20744 1.08121 1.06821 0.993814 1.18035 0.948391 0.940406 1.50356 1.2884 0.977844 0.933538 0.912208 0.890886 0.998245 0.811462 0.687569 0.687403 0.675796 1.97796
threshold=1.5062500000000001 16.628668502494339 1.0000000180025095e-35 14.950000000000001 61.570382858019805 49.893580015858284 35.45000000000001 2.4520833333333338 25.242878094875834 1042.2 16.000000000000004 57.482601880877752 18.958679281720443 30.500000000000004 39.400000000000013 22.850000000000005 56.562500000000007 73.562500000000014 1728.2500000000002 31.706630018132007 90.562500000000014 3.9854166666666671 2.9752976190476192 1816.8500000000001 52.862961611413887 37.244868800855755 1013.2000000000002 32.812500000000007 1004.2000000000002 1113.6500000000003 1117.6500000000003 47.49201569038739 2414.4500000000003 63.572870508723142 83.28388888888891 77.078333333333347 81.301111111111126 1072.45 1176.6500000000003 1185.5000000000002 6.6500000000000012 4.3604166666666684 2.8440476190476196 4.298809523809525 53.988994928389793 4.0068452380952388 1191.7500000000002 1058.0000000000002 54.937500000000007 1343.8000000000002
decision_type=2 2 2 2 2 2 2 2 2 2 2 2 2 2 2 2 2 2 2 2 2 2 2 2 2 2 2 2 2 2 2 2 2 2 2 2 2 2 2 2 2 2 2 2 2 2 2 2 2 2
left_child=2 -2 3 -1 5 7 -6 9 -9 -3 -11 -10 -12 14 15 -13 -17 -18 37 20 48 -22 23 24 25 -21 28 -28 31 47 -31 33 -32 41 35 -5 -37 40 -39 -40 -14 43 -27 44 45 -24 -26 -29 49 -15
right_child=1 4 -4 34 6 -7 -8 8 11 10 12 13 18 19 -16 16 17 -19 -20 22 21 -23 26 -25 46 42 27 29 -30 30 32 -33 -34 -35 -36 36 -38 38 39 -41 -42 -43 -44 -45 -46 -47 -48 -49 -50 -51
leaf_value=-0.026781023298583978 0.0045535839677881568 -0.027075824488740272 -0.043310329451239783 -0.00024588017280990356 0.12229587174592171 -0.016081331926052413 -0.0071325076238311887 0.041420007116384168 0.019269204425595501 0.013585950194335459 0.0059490307647097418 -0.014401795947247073 0.0050230636781179198 -0.017680242773134923 -0.0065337851726138783 0.034392913587855657 -0.0021084053286138825 0.055184172210832744 -0.015082215616547927 -0.0039183646460683123 -0.0034641382605543995 0.029255826047350615 0.00057946515178235777 -0.015072584810125 0.0037970368528424951 0.015931422637119729 0.012430456402881174 -0.002838136089326268 0.0063914251191175145 0.027114884917545126 -0.0012027986888020795 0.0075635071116248219 -0.050003479672111627 -0.025349338212637053 -0.039553792194097943 0.035776723539278348 0.0060627349985214246 -0.006193409360632833 0.0063356804277838108 -0.0014921936442760832 -0.018125698589878898 -0.016698005868639162 0.074656805876428381 0.010297850839980943 0.05628146413948721 -0.0029353310135740358 -0.014817621753469006 -0.023932670382621896 -0.0084570620832751589 0.046745564794407155
leaf_weight=80 13.999999999999998 94 89 34 16.000000000000004 64 11.999999999999998 20 13.999999999999998 12.999999999999998 12.999999999999998 12.999999999999998 27 33 37 22 18 15.999999999999998 45 13.999999999999998 19 17 113 17 14.000000000000002 19 24 41 14.999999999999998 13.999999999999998 525 22 14.999999999999998 17 19 13.000000000000002 14.999999999999998 118 15.999999999999998 270 14.999999999999998 23 12.999999999999998 18 26 20 15.999999999999998 104 140 19
leaf_count=80 14 94 89 34 16 64 12 20 14 13 13 13 27 33 37 22 18 16 45 14 19 17 113 17 14 19 24 41 15 14 525 22 15 17 19 13 15 118 16 270 15 23 13 18 26 20 16 104 140 19
internal_value=-0.00168082 -0.00107759 -0.00688043 -0.00331183 -0.00121318 -0.00138122 0.0114648 -0.00111094 -0.000215297 -0.00321879 -0.00189643 -0.000622699 -0.00252556 -0.000824938 0.00551698 0.0110511 0.0155616 0.00809286 -0.00307122 -0.00134289 -0.00513009 0.00668778 -0.000535847 0.00560996 0.00920344 0.0164515 -0.00112092 -0.00237122 0.00243786 -0.00292841 -0.00157313 0.00127137 -0.00201741 -2.62688e-05 0.00332648 0.00684266 0.0155597 -0.00215976 -0.00300877 -0.000761719 0.0060055 0.00114659 0.0240063 0.00255895 0.00118981 -0.00081885 -0.00190989 -0.00810608 -0.00734623 -0.00176348
internal_weight=2405 2155 250 161 2141 2113 28 2049 1438 611 517 1418 504 1404 106 69 56 34 491 1298 228 36 1070 93 76 46 977 723 254 699 554 239 540 217 81 62 28 446 404 286 42 200 32 177 159 133 30 145 192 52
internal_count=2405 2155 250 161 2141 2113 28 2049 1438 611 517 1418 504 1404 106 69 56 34 491 1298 228 36 1070 93 76 46 977 723 254 699 554 239 540 217 81 62 28 446 404 286 42 200 32 177 159 133 30 145 192 52
is_linear=0
shrinkage=0.0573391


Tree=82
num_leaves=68
num_cat=0
split_feature=24 103 48 88 100 100 76 22 100 46 19 24 10 10 10 26 103 19 76 100 100 19 87 10 10 10 4 76 100 100 87 10 104 48 19 100 100 103 80 10 46 100 100 100 100 100 76 76 103 26 100 76 10 100 10 10 76 82 76 76 76 10 10 10 10 10 80
split_gain=4.55364 1.93703 3.38288 2.03652 1.98262 2.19755 2.64355 1.76083 4.27088 2.27569 2.14467 2.00889 1.61127 1.65923 1.5451 3.50635 2.5854 2.27526 2.72092 1.56351 1.4849 2.26768 1.43199 1.39092 1.32408 1.27313 1.27073 1.38532 1.22862 1.66328 1.21506 1.1847 1.12997 1.1292 2.34206 2.06687 1.44509 1.11329 1.10896 1.07584 1.06342 1.05531 2.15646 1.04128 0.999433 0.98241 0.974682 1.50239 0.963756 0.932473 0.912582 0.871975 0.832439 0.828483 0.736384 0.712568 0.692314 0.684939 0.671739 0.642654 1.50115 1.10117 1.91179 0.985233 0.891815 0.677432 0.630799
threshold=-0.78656609248549325 0.87619892126450161 93361.500000000015 1.0000000180025095e-35 756.81111111111125 812.16666666666674 2078.5000000000005 1.0000000180025095e-35 611.27795193312443 0.40833333333333338 38.500000000000007 -0.98296291314453399 25.888743350767783 69.703186427060118 34.000932411881152 1.0000000180025095e-35 1.0432791935463086 39.500000000000007 2375.0000000000005 901.48888888888905 960.42222222222233 32.500000000000007 1.5000000000000002 49.969292972273514 19.074201965419924 15.439542187607325 3.9500000000000006 1955.5000000000002 779.53888888888901 851.68888888888898 1.5000000000000002 39.395189599813285 27.489563894316891 92449.000000000015 45.500000000000007 945.6444444444445 900.78888888888901 1.0445808545111601 4.4375000000000009 52.862961611413887 0.50833333333333341 823.19444444444457 879.27222222222224 915.09444444444455 945.6444444444445 787.78888888888901 2196.5000000000005 2119.5000000000005 0.98822612150994005 -0.56174490092936669 811.61666666666679 1991.5000000000002 56.981992986567484 730.16666666666686 23.455940713253181 45.220344185935595 1617.5000000000002 7.4062500000000009 1983.5000000000002 2329.5000000000005 2218.5000000000005 37.046615902117331 47.445010080776306 41.752267032693759 39.395189599813285 54.502475430964729 5.6875000000000018
decision_type=2 2 2 2 2 2 2 2 2 2 2 2 2 2 2 2 2 2 2 2 2 2 2 2 2 2 2 2 2 2 2 2 2 2 2 2 2 2 2 2 2 2 2 2 2 2 2 2 2 2 2 2 2 2 2 2 2 2 2 2 2 2 2 2 2 2 2
left_child=1 4 33 7 49 6 -6 9 -9 10 20 58 51 -14 15 16 19 18 28 30 21 25 39 41 -2 -4 27 -26 -16 -30 -10 -24 -8 34 35 36 -3 40 -29 -20 -13 -5 -43 -38 -21 -17 47 56 53 -1 -32 -12 -25 -27 -28 -42 -31 -35 -11 60 61 -56 63 64 -63 -62 -40
right_child=24 2 3 23 5 -7 32 8 14 11 12 37 13 -15 17 45 -18 -19 22 44 -22 -23 31 52 26 48 54 38 29 46 50 -33 -34 57 -36 -37 43 -39 66 -41 55 42 -44 -45 -46 -47 -48 -49 -50 -51 -52 -53 -54 -55 59 -57 -58 -59 -60 -61 65 62 -64 -65 -66 -67 -68
leaf_value=0.027928144571903648 -0.028136761963270515 0.048668452070735384 -0.056331572420033553 -0.019035100411956905 0.041486350469736109 0.0074327297979164516 0.00014863452692067395 0.062254995634248363 -0.0057883034685512732 0.0062738098976338552 0.022338812872969557 0.01188617423728673 -0.00078180060784328171 0.054058719229289863 -0.0071224760225627589 0.0021412244955364046 0.029502407601522028 -0.032734438247559158 0.03373750848132679 -0.028746276974768437 -0.039433669333381945 0.0089303301123025598 0.010419064747828211 0.044782018777963326 0.0068142799117913927 -0.0005363233231903805 -0.033936433141495526 0.0034860749605600343 0.05100161757872905 0.0185857746297056 0.024452955500827898 -0.024107352337237244 -0.048928868684310498 -0.030145778913742434 -0.010653589142147321 -0.010978282705641889 -0.10004991338509117 0.0028405333190899386 -0.008483631186803375 -0.0040314433679628043 0.0098202688668399384 0.0060776725700859152 -0.013335318360821094 0.0056272224574645683 5.3889935106785962e-05 -0.034888583539185676 0.02953372307328837 -0.0016587768162185882 -0.00078159677727745514 0.057203921625751837 0.0063134871808110038 0.0030964915615252228 -0.0013882062739974691 -0.016991993816927533 -0.010995238282949881 -0.00032613416040618953 0.0087828043893240833 -0.0084706653312508155 -0.0058670088205597676 -0.0096382376773609026 0.0042352377661234539 0.0025182720654484125 -0.011043120662869801 0.011777380080682569 -0.012063664471017071 -0.010530344558348694 -0.0040565525999840422
leaf_weight=13.999999999999998 81 11.999999999999998 27 48 11.999999999999998 23 23 13.999999999999998 22 12.000000000000002 21 13.999999999999998 68 13.999999999999998 11.999999999999998 14.999999999999998 19 27 31 18 47 51 14.999999999999998 13.000000000000002 19 15.999999999999998 17 20 12.999999999999998 15.999999999999998 11.999999999999998 24 26 55 113 12.999999999999998 18 18 14.999999999999998 17 22 40 68 54 18 49 13.999999999999998 17 335 21 37 12.999999999999998 11.999999999999998 31 96 11.999999999999998 49 92 18 195 22 13.000000000000002 66 27 11.999999999999998 11.999999999999998 18
leaf_count=14 81 12 27 48 12 23 23 14 22 12 21 14 68 14 12 15 19 27 31 18 47 51 15 13 19 16 17 20 13 16 12 24 26 55 113 13 18 18 15 17 22 40 68 54 18 49 14 17 335 21 37 13 12 31 96 12 49 92 18 195 22 13 66 27 12 12 18
internal_value=-0.00114299 0.000300102 -0.000196069 0.0011262 0.00737161 0.00259337 -0.00310117 0.0020103 0.00487174 0.000263121 -0.00100314 0.00848066 0.00602997 0.00167771 0.00384497 0 0.00555141 0.00695361 0.00898644 0.00208953 -0.0026124 -0.00162036 0.00125178 -0.00452981 -0.00541579 -0.00304208 -0.00437578 0.00270704 0.0145472 0.0164643 0.00702514 -0.00690843 -0.00900891 -0.00515554 -0.00245718 0.00407822 0.00737137 0.0140727 -0.00205474 0.00788268 0.0186327 -0.00654213 -0.00339742 0.00429969 -0.00764332 -0.010929 0.0138559 0.0114668 -0.00219138 0.0188366 0.0120511 0.016524 0.00802467 -0.00988018 -0.00548448 0.0131515 0.0154359 -0.00900992 -0.00382091 -0.00503484 -0.00309797 -0.00487624 -0.00116589 0.00705586 -0.00114523 0.00809286 -0.0085118
internal_weight=2428 1815 1696 1339 119 84 61 1158 439 719 623 96 116 82 425 190 126 235 208 107 507 460 87 181 613 409 532 72 121 109 71 39 49 357 210 97 84 66 53 48 48 156 108 72 36 64 96 82 382 35 49 34 25 47 460 34 65 147 30 443 248 214 118 52 25 34 33
internal_count=2428 1815 1696 1339 119 84 61 1158 439 719 623 96 116 82 425 190 126 235 208 107 507 460 87 181 613 409 532 72 121 109 71 39 49 357 210 97 84 66 53 48 48 156 108 72 36 64 96 82 382 35 49 34 25 47 460 34 65 147 30 443 248 214 118 52 25 34 33
is_linear=0
shrinkage=0.0573391


Tree=83
num_leaves=34
num_cat=0
split_feature=23 23 11 78 11 79 87 23 79 79 46 8 46 79 7 8 78 79 78 11 11 78 8 84 84 11 11 8 104 104 46 11 11
split_gain=4.14982 2.73695 2.50419 2.47471 1.91729 2.07398 1.83432 1.71953 1.64143 1.45154 1.44872 1.26672 1.21373 1.16359 1.22235 1.07487 1.06594 1.05808 0.955949 1.20594 1.3899 0.911544 0.898639 0.890045 1.68828 0.865621 1.03622 0.726503 0.700514 1.79148 0.699984 0.664397 1.00127
threshold=-0.6035533905932734 1.0000000180025095e-35 1.8145833333333334 862.95000000000016 1.9729166666666669 39.125000000000007 1.0000000180025095e-35 -0.3794095225512602 58.625000000000007 97.375000000000014 0.4250000000000001 30.479166666666668 0.24166666666666672 55.125000000000007 6.5500000000000007 68.604166666666671 2464.7000000000003 101.12500000000001 2440.5000000000005 1.3270833333333336 1.9062500000000002 1788.1500000000003 63.895833333333336 1.5000000000000002 2.5000000000000004 2.1020833333333337 5.2437500000000012 61.020833333333336 29.220388331118496 25.647924989120018 0.2083333333333334 2.3812500000000005 2.4354166666666672
decision_type=2 2 2 2 2 2 2 2 2 2 2 2 2 2 2 2 2 2 2 2 2 2 2 2 2 2 2 2 2 2 2 2 2
left_child=2 3 -1 30 5 6 28 25 13 18 15 -12 -8 14 -4 22 -7 21 19 -3 -21 -10 27 -22 -25 -6 31 -9 29 -5 -2 -27 -33
right_child=1 9 8 4 7 16 12 10 17 -11 11 -13 -14 -15 -16 -17 -18 -19 -20 20 23 -23 -24 24 -26 26 -28 -29 -30 -31 -32 32 -34
leaf_value=-0.043372748582715052 -0.013657763034457929 -0.016338573335154372 -0.00048257459244117299 0.0057588775112245244 0.0086088267985582768 -0.01481219055520855 -0.007511991499584602 0.0071934628113225797 -0.014281791310064029 -0.016270560413956962 0.017859313305602306 0.0068996295132764361 0.010693396757294815 0.0065116893578883502 -0.019131068297349948 0.083211320154111951 0.017278414522374313 7.7045911356643762e-05 0.0033492119051738104 0.0013611296174082825 -0.0043777338228562527 0.0022063248164210852 -0.051284900878541845 0.0025780167513690107 -0.026618239096635462 -0.0057791243289528147 0.0053258062764695953 0.11955284819014385 0.0006656834813927253 0.0093168826653061455 0.00060777418409795276 0.0033356230058164678 -0.00057175165017087537
leaf_weight=85 54 49 232 17.000000000000004 19 136 51 363 156 30 12.999999999999998 24 12.999999999999998 22 55 34 12.999999999999998 34 15.999999999999998 80 395 12.999999999999998 14.999999999999998 28 27 51 95 12.999999999999998 11.999999999999998 11.999999999999998 19 11.999999999999998 264
leaf_count=85 54 49 232 17 19 136 51 363 156 30 13 24 13 22 55 34 13 34 16 80 395 13 15 28 27 51 95 13 12 12 19 12 264
internal_value=-0.00123002 0.000108168 -0.00538805 0.00167818 0.00232425 -0.00207668 0.00409515 0.00356221 -0.00387477 -0.00298156 0.00600682 0.0168888 -0.00197037 -0.00124315 -0.00221749 0.0050592 -0.00642618 -0.00788026 -0.00236095 -0.00274309 -0.00194729 -0.00973701 0.00420864 -0.0031854 0.00364794 0.00100107 0.000461889 0.00475778 0.0135633 0.018384 -0.0085606 -0.00106951 4.1427e-05
internal_weight=2452 1855 597 1230 1157 254 105 903 512 625 462 37 64 309 287 425 149 203 595 579 530 169 391 450 55 441 422 376 41 29 73 327 276
internal_count=2452 1855 597 1230 1157 254 105 903 512 625 462 37 64 309 287 425 149 203 595 579 530 169 391 450 55 441 422 376 41 29 73 327 276
is_linear=0
shrinkage=0.0573391


Tree=84
num_leaves=44
num_cat=0
split_feature=94 11 4 19 4 3 4 19 38 41 11 11 41 41 100 38 41 38 41 3 14 58 41 58 41 41 14 103 40 40 11 40 40 41 40 40 41 38 41 41 100 11 11
split_gain=2.36021 3.13928 3.02966 2.0301 1.45346 2.06198 1.77932 1.96066 1.64614 1.38175 1.27436 1.2586 1.16452 2.10538 1.59396 1.33871 1.07335 1.03378 1.01321 0.999836 1.13195 1.28253 1.21136 1.96194 1.07067 1.47479 0.989035 0.978993 1.2199 1.03681 1.1791 0.960513 0.893118 0.888398 0.835573 0.965673 0.827468 1.30136 0.669065 0.644793 0.636463 0.627875 0.765404
threshold=1.0000000180025095e-35 1.9458333333333335 3.7500000000000004 24.500000000000004 7.0500000000000007 26.500000000000004 17.750000000000004 27.500000000000004 22.750000000000004 43.400000000000013 2.1562500000000004 3.1708333333333338 31.500000000000004 50.20000000000001 960.42222222222233 21.450000000000003 31.850000000000005 19.850000000000005 18.900000000000002 81.500000000000014 2.5000000000000004 -1.1190660308228348 33.300000000000004 0.99106618153910875 35.800000000000004 17.800000000000004 2.5000000000000004 0.85194935260653371 13.65 17.050000000000004 4.1187500000000012 17.850000000000005 0.15000000000000005 46.250000000000007 6.1500000000000012 7.4500000000000011 19.250000000000004 10.850000000000003 15.650000000000002 40.150000000000006 933.22222222222229 7.2166666666666677 6.5770833333333343
decision_type=2 2 2 2 2 2 2 2 2 2 2 2 2 2 2 2 2 2 2 2 2 2 2 2 2 2 2 2 2 2 2 2 2 2 2 2 2 2 2 2 2 2 2
left_child=1 26 10 19 5 -5 7 9 36 16 -3 32 14 15 18 17 -6 -14 38 20 24 33 23 -23 25 -2 -1 28 -13 41 -31 -32 -4 -22 -34 -36 -7 -38 -9 -24 -17 42 -29
right_child=3 2 11 4 6 8 -8 12 -10 -11 -12 27 13 -15 -16 40 -18 -19 -20 -21 21 22 39 -25 -26 -27 -28 29 -30 30 31 -33 34 -35 35 -37 37 -39 -40 -41 -42 -43 -44
leaf_value=-0.028601200460407792 0.012306189735926116 0.00046576835550336148 -0.057160190368761153 -0.0076083775214276037 0.0046588845052442946 0.011155091884474505 0.067045228959387429 -0.012574771398882481 -0.0005479700148250115 -0.0020898126444167152 0.02578682981285987 0.12763693749380495 0.0079615146699874503 -0.01376115758015257 0.012930193996948848 0.018460382934499794 0.015508530926009826 -0.023772850568073194 -0.0082701536821115588 -0.0083399651077379032 -0.017836405914654786 0.013978610831476205 -0.0047011575563838982 -0.014856099615698767 0.0012615353273932658 -0.012826064135645451 -0.0060931128091899264 -0.0018030478909744224 -0.0055949994899619042 0.012362795468410981 0.036478322322470877 -0.0061291078676551074 0.00070772474311860361 0.00064675817215578322 -0.029175634463939969 -0.0031227823222125307 -0.011890135939293691 0.014377953431745989 0.02989488342026295 0.011172545361586865 0.0067242292219351881 0.0080646490172953163 -0.021306163627486115
leaf_weight=164 11.999999999999998 14.000000000000002 18 22 12.000000000000002 11.999999999999998 12.999999999999998 16.000000000000004 24 14.999999999999998 17 13.000000000000002 53 40 15.999999999999998 13.000000000000002 15.999999999999998 15.999999999999998 72 51 24 27 28 12.999999999999998 113 94 69 692 11.999999999999998 32 23 59 63 11.999999999999998 21 302 11.999999999999998 52 11.999999999999998 36 14.999999999999998 54 35
leaf_count=164 12 14 18 22 12 12 13 16 24 15 17 13 53 40 16 13 16 16 72 51 24 27 28 13 113 94 69 692 12 32 23 59 63 12 21 302 12 52 12 36 15 54 35
internal_value=-0.00138566 -0.00268639 -0.00162916 0.00107037 0.00381805 0.00911724 0.00172561 0.000813469 0.0126137 0.0121325 0.0160885 -0.00204408 -0.00111037 0.00246902 -0.00533797 0.00703371 0.0196547 0.00274164 -0.00802678 -0.00181797 -0.000750577 0.00327617 0.00650518 0.0143323 -0.00332492 -0.00746427 -0.00883434 -0.000872511 0.0103178 -0.00118518 0.00392275 0.000279277 -0.00471189 -0.00605077 -0.00412947 -0.00530768 0.0167476 0.0141541 0.0012273 0.00161202 0.0176072 -0.00193083 -0.00237395
internal_weight=2429 1588 1355 841 431 122 309 296 100 43 31 1324 253 137 116 97 28 69 100 410 359 140 104 40 219 106 233 920 25 895 114 82 404 36 386 323 76 64 28 64 28 781 727
internal_count=2429 1588 1355 841 431 122 309 296 100 43 31 1324 253 137 116 97 28 69 100 410 359 140 104 40 219 106 233 920 25 895 114 82 404 36 386 323 76 64 28 64 28 781 727
is_linear=0
shrinkage=0.0573391


Tree=85
num_leaves=66
num_cat=0
split_feature=9 0 104 101 0 14 19 101 40 101 19 0 10 10 40 15 101 14 101 0 101 40 101 10 10 101 77 10 5 77 77 77 19 101 0 40 5 0 101 10 10 101 10 0 77 10 10 104 5 5 10 5 5 5 15 0 0 0 0 0 40 0 77 101 77
split_gain=1.7272 1.6552 1.8617 1.46972 2.57931 3.05737 2.90897 2.25757 2.02991 1.61424 1.42339 1.71672 1.68196 1.74742 1.52399 2.09026 2.00452 1.41933 1.60948 1.49903 1.34908 1.8135 1.48042 1.23888 1.93702 1.66763 1.40275 2.13531 1.74077 1.21261 2.1872 1.78812 1.11454 1.10691 1.02418 1.01536 0.99961 0.923612 0.905946 1.30772 1.23317 1.19223 0.944853 0.827867 0.755523 0.75389 0.786803 0.730755 0.72551 1.09968 0.721875 0.707244 0.947919 1.03789 0.70297 0.68874 0.892727 1.23801 1.14623 1.20628 0.925002 0.901286 0.698056 0.673365 0.636946
threshold=22.470238095238098 145.50000000000003 61.570382858019805 0.92416171297660099 50.500000000000007 5.5000000000000009 37.500000000000007 0.87611838679546217 8.7500000000000018 0.93970619461612637 43.500000000000007 133.50000000000003 62.388423057920654 50.117646665234993 5.6500000000000012 5.5000000000000009 1.0478784723504828 1.5000000000000002 1.169353622983315 48.500000000000007 0.89007793826935389 11.350000000000003 0.9047639150503215 44.475882492958483 37.244868800855755 1.0430758675594796 2187.5000000000005 43.323845791658592 8.8500000000000032 1826.5000000000002 1878.5000000000002 1520.0000000000002 10.500000000000002 0.90000647649483256 34.500000000000007 15.15 5.6500000000000012 87.500000000000014 0.99201635945932731 21.621910852812899 29.169962519642983 1.0822365967916181 32.791474442491456 60.500000000000007 2059.0000000000005 28.408383085661434 27.739650702782217 20.164047289923253 9.5500000000000025 11.450000000000001 42.097282031180796 6.7500000000000009 11.050000000000002 13.450000000000001 2.5000000000000004 40.500000000000007 24.500000000000004 19.500000000000004 31.500000000000004 37.500000000000007 10.750000000000002 35.500000000000007 2170.5000000000005 0.97409118632710234 2187.5000000000005
decision_type=2 2 2 2 2 2 2 2 2 2 2 2 2 2 2 2 2 2 2 2 2 2 2 2 2 2 2 2 2 2 2 2 2 2 2 2 2 2 2 2 2 2 2 2 2 2 2 2 2 2 2 2 2 2 2 2 2 2 2 2 2 2 2 2 2
left_child=47 2 3 7 5 6 17 8 -2 -6 11 12 13 23 16 54 -15 32 19 34 -9 22 33 24 36 26 27 50 -28 31 -31 -8 -5 -22 63 -10 -11 43 -38 -40 45 42 -42 -12 -27 46 -41 -1 -17 -50 -26 -25 -53 -54 -16 56 57 60 -58 61 -32 -60 -57 -19 -45
right_child=1 -3 -4 4 9 -7 29 20 35 10 37 -13 -14 14 15 48 -18 18 -20 -21 21 -23 -24 51 25 44 28 -29 -30 30 55 -33 -34 -35 -36 -37 38 -39 39 40 41 -43 -44 64 -46 -47 -48 -49 49 -51 -52 52 53 -55 -56 62 58 -59 59 -61 -62 -63 -64 -65 -66
leaf_value=-0.0082824581052621735 0.0040138044214562043 -0.086421884031272517 0.074667320621022062 -0.036379999547681202 0.0054264881008477296 0.069954224498662482 0.0057071620237003256 -0.018199122896105615 -0.0092219191026676802 -0.023755406170135041 -0.011140379681492311 0.030200983195850753 -0.019851901099979332 0.040189525455440391 0.0062146887728685603 0.064165444320720189 -0.0020807100684167332 0.012117868700677463 0.009458881318925208 0.0073597592570395628 -0.0017160698957165322 -0.028918683966105366 -0.019485773447164879 0.0091252587767031677 0.00046225719278368327 -0.00010263808095338388 0.0014967652160632365 0.047940596122284296 0.016713104485462441 0.021509742567394453 0.013579497819197976 -0.012242007411537645 -0.00030497314643937814 0.010667463926297019 -0.0037650488233297494 0.0027337682536022422 -0.0030624022904796044 -0.039587649319098819 -0.027193047746629961 0.0037957795837718525 -0.022668970414961239 -0.035300928392744943 0.0012427273203055576 -0.0075805559897360294 -0.014381286887039253 0.0038421385641759552 -0.011440661678009669 -0.039415855427013834 -0.0095327890058213623 0.0044224164032414699 -0.016455373231700321 -0.031674915921214346 0.01250263550565623 -0.0094042505298152085 -0.027581151571516204 0.0014327508808887046 -0.0023034002511577818 0.016626294086153588 0.0020927232348361799 -0.0015918947242115956 -0.0099821210290219134 0.017716524198148606 0.05198152499982113 0.00018875780362648693 0.010412940569893966
leaf_weight=44 69 21 23 58 18 11.999999999999998 33 66 46 38 43 22 65 18.000000000000004 13.999999999999998 21 11.999999999999998 14.999999999999998 13.999999999999998 17 42 31 30 13.999999999999998 38 16.000000000000004 21 12.999999999999998 28 12.999999999999998 17.000000000000004 49 65 17 157 18 54 65 17 96 65 20 85 39 14.999999999999998 15.999999999999998 15.999999999999998 29 11.999999999999998 68 15.999999999999998 48 12.999999999999998 26 41 17 30 14.999999999999998 22 25 11.999999999999998 11.999999999999998 35 204 33
leaf_count=44 69 21 23 58 18 12 33 66 46 38 43 22 65 18 14 21 12 15 14 17 42 31 30 14 38 16 21 13 28 13 17 49 65 17 157 18 54 65 17 96 65 20 85 39 15 16 16 29 12 68 16 48 13 26 41 17 30 15 22 25 12 12 35 204 33
internal_value=-0.00144789 -0.00117356 -0.00102658 -0.00119128 -0.000600453 0.0018415 0.00141573 -0.00479906 0.00090507 -0.00238315 -0.00265991 -0.00175473 -0.00213909 -0.00145218 0.00345241 0.00117594 0.015287 -0.0010818 0.000549352 -0.000131225 -0.00887792 -0.00525561 -0.00109481 -0.002845 -0.00178013 0.00386126 0.00701853 0.00162542 0.0143913 0.00614326 0.00857154 0.000279277 -0.00647927 0.00417806 -0.000884387 -0.00644967 -0.00381779 -0.00732629 -0.00290568 -0.00172914 -0.000846493 -0.00404716 -0.00229327 -0.00423765 -0.00795124 0.00340413 0.00174028 -0.0101314 0.00607393 0.00358307 -0.00339697 -0.0086853 -0.0106101 -0.00396831 -0.00781771 0.00697332 0.00478503 0.0114659 0.00148134 0.00612161 0.00454571 0.0131515 0.0125688 0.00164929 -0.00047733
internal_weight=2384 2311 2290 2267 1948 822 810 319 133 1126 1108 928 906 841 186 156 30 530 407 393 186 120 89 655 554 147 116 67 49 280 198 82 123 59 376 64 407 180 369 315 298 170 150 115 31 128 112 73 101 80 54 101 87 39 55 185 133 44 89 59 29 34 52 219 72
internal_count=2384 2311 2290 2267 1948 822 810 319 133 1126 1108 928 906 841 186 156 30 530 407 393 186 120 89 655 554 147 116 67 49 280 198 82 123 59 376 64 407 180 369 315 298 170 150 115 31 128 112 73 101 80 54 101 87 39 55 185 133 44 89 59 29 34 52 219 72
is_linear=0
shrinkage=0.0573391


Tree=86
num_leaves=48
num_cat=0
split_feature=56 4 2 82 4 79 2 26 26 41 38 76 38 10 46 38 41 26 41 76 46 41 10 41 79 41 10 10 10 10 10 10 76 76 38 38 76 38 38 41 2 38 2 38 46 41 41
split_gain=1.97711 4.99334 1.83235 1.78609 1.53546 2.19043 2.13668 1.82435 1.75129 3.71112 1.58916 1.94132 1.65786 1.56016 1.39136 2.36747 2.14249 1.37448 1.32987 1.28276 1.24648 1.21465 1.10795 1.70363 1.01726 0.963276 0.939497 0.902318 0.872056 0.826203 1.59213 0.813927 0.747782 0.922677 1.07039 0.87033 0.723096 0.713516 0.849418 0.703511 0.687943 0.666099 0.661059 1.13892 0.636123 0.63325 0.633938
threshold=1.0000000180025095e-35 15.15 145.50000000000003 24.118750000000002 3.0500000000000003 36.625000000000007 40.500000000000007 0.81174490092936691 -0.22252093395631442 41.20000000000001 24.350000000000005 2346.5000000000005 14.65 33.37780547817561 0.058333333333333341 13.15 22.500000000000004 0.81174490092936691 45.900000000000013 1894.5000000000002 0.64166666666666672 47.70000000000001 63.572870508723142 23.950000000000006 26.291666666666668 49.500000000000007 59.718717138079754 35.342115993644413 37.046615902117331 55.983646797586132 64.412985287229205 56.981992986567484 2291.5000000000005 1950.5000000000002 9.4500000000000011 18.150000000000002 2030.5000000000002 14.750000000000002 19.950000000000003 18.200000000000003 10.500000000000002 17.350000000000005 29.500000000000004 24.750000000000004 0.041666666666666671 29.000000000000004 27.900000000000002
decision_type=2 2 2 2 2 2 2 2 2 2 2 2 2 2 2 2 2 2 2 2 2 2 2 2 2 2 2 2 2 2 2 2 2 2 2 2 2 2 2 2 2 2 2 2 2 2 2
left_child=2 -2 3 4 8 6 7 14 9 -1 11 13 45 18 15 16 39 29 32 -16 42 -12 25 -24 -8 26 27 -15 -29 -14 -31 -30 33 34 -7 -36 -35 -17 -39 -6 -10 -34 43 -21 -26 46 -13
right_child=1 -3 -4 -5 5 10 24 -9 40 -11 21 12 17 22 19 37 -18 -19 -20 20 -22 -23 23 -25 44 -27 -28 28 31 30 -32 -33 41 36 35 -37 -38 38 -40 -41 -42 -43 -44 -45 -46 -47 -48
leaf_value=-0.011408524683736038 -0.014028341561468722 0.47014904171703253 -0.050414149555352908 0.044815427424466786 0.0009467319750605163 0.0066622991520532198 -0.0080117298400414778 -0.021138639272002515 -0.002428331169297639 0.019272624118235847 -0.020059593889734141 -0.014567483083104023 0.0010995580448068456 0.0064281122005563655 -0.0074220788626560624 -0.02539653567285818 0.0059479182390581248 -0.01553009351691525 0.00195748385074499 0.018028124037516656 -0.00057187853239568369 -0.0029298281196319231 0.035523269365585031 -0.011592948524554662 0.0090746330362030201 -0.0091928789625448839 0.032094631077625446 -0.0046217342855740503 0.0050048320889605749 -0.060058859763122543 0.0069929289095387055 -0.0025661368001154727 0.0023943021199993421 -0.011734253575348304 -0.0027636319592555551 0.001738756923870279 -0.0033477261117880832 0.00038612145873817902 -0.0059136749176674931 -0.014300138154708623 -0.037095590089680587 -0.0026819133150062587 0.024601684531858133 -0.009760084862215905 0.018164661652264387 -0.020117999490912707 0.018285830292401686
leaf_weight=26 17.000000000000004 12.999999999999998 24 26 13.000000000000002 31 14.999999999999998 42 13.999999999999998 20 26 159 215 49 12.999999999999998 15.999999999999998 44 73 22 31 21 348 14.999999999999998 58 36 15.999999999999998 27 32 283 21 17 33 12.000000000000002 44 105 37 104 38 49 14.999999999999998 70 11.999999999999998 12.999999999999998 11.999999999999998 25 84 25
leaf_count=26 17 13 24 26 13 31 15 42 14 20 26 159 215 49 13 16 44 73 22 31 21 348 15 58 36 16 27 32 283 21 17 33 12 44 105 37 104 38 49 15 70 12 13 12 25 84 25
internal_value=-0.001252 0.013376 -0.00143406 -0.00127552 -0.00144014 -0.00108714 0.00285935 0.000728291 -0.00749767 0.00149492 -0.00190508 -0.00105806 -0.00359085 0.000651539 0.00248813 -0.000491274 0.007485 -0.000844143 -0.00220283 0.00828152 0.0110944 -0.00524316 0.00269362 -0.00384809 0.0114667 0.00377905 0.00430031 0.00359621 0.00257024 0.00115569 -0.00663759 0.00348374 -0.00307457 -0.00380459 -0.000960957 -0.00306852 -0.0071282 -0.00606733 -0.00401973 -0.00491278 -0.0124224 0.0066869 0.0155616 0.0121325 0.0147561 -0.0069318 -0.00504803
internal_weight=2441 30 2411 2387 2361 2231 383 307 130 46 1848 1474 594 880 265 175 72 326 367 90 77 374 513 73 76 440 424 397 348 253 38 316 345 321 173 142 148 103 87 28 84 24 56 43 61 268 184
internal_count=2441 30 2411 2387 2361 2231 383 307 130 46 1848 1474 594 880 265 175 72 326 367 90 77 374 513 73 76 440 424 397 348 253 38 316 345 321 173 142 148 103 87 28 84 24 56 43 61 268 184
is_linear=0
shrinkage=0.0573391


Tree=87
num_leaves=59
num_cat=0
split_feature=7 102 102 102 102 102 77 5 102 102 102 6 102 102 12 104 76 12 102 6 102 6 102 102 76 76 104 104 6 6 102 5 5 5 102 30 6 102 6 6 104 12 12 46 12 104 12 12 12 102 102 12 12 12 12 12 12 12
split_gain=2.23349 1.68778 2.09378 1.68926 1.73625 2.1922 2.77566 2.72063 2.16675 2.28316 3.6688 1.85775 1.71879 1.55859 1.50373 1.95905 1.46852 1.45942 2.07994 1.44038 1.39079 1.38257 1.38361 1.4422 1.28198 1.32469 1.23614 1.98988 1.03189 1.5797 0.9658 1.36838 0.863788 1.25712 0.838755 0.92011 1.61507 1.24215 1.19754 1.02174 3.42916 1.56242 1.49318 0.81467 0.812615 0.974192 1.12588 1.5136 0.781114 0.711262 0.666099 0.660775 0.800597 0.629481 2.08077 1.37382 1.63726 0.71224
threshold=2.1500000000000008 71.175555555555562 71.861153305203956 72.112805429864281 76.379444444444459 77.142777777777795 3151.5000000000005 11.15 78.445000000000007 79.268333333333359 78.890000000000015 7.5500000000000007 77.943888888888907 91.501666666666679 3.1883928571428579 44.841925831539093 1543.0000000000002 2.2202380952380958 57.482601880877752 4.1500000000000012 59.955445151033395 2.8500000000000001 79.90333333333335 80.072222222222237 3123.0000000000005 3581.5000000000005 61.570382858019805 53.161051232518695 9.0500000000000025 6.4500000000000011 75.53388888888891 12.050000000000002 5.0500000000000007 18.650000000000002 91.13277777777779 1.0000000180025095e-35 6.7500000000000009 90.503888888888895 4.9500000000000011 16.150000000000002 39.81142967766089 4.3604166666666684 3.0922619047619051 0.17500000000000002 1.8502976190476192 20.676802311215305 3.2136904761904765 3.3023809523809535 3.3788690476190482 82.092222222222247 76.957222222222242 3.1288690476190482 2.9848214285714287 3.5434523809523815 3.5187500000000007 3.6309523809523809 3.6937500000000005 3.5985119047619052
decision_type=2 2 2 2 2 2 2 2 2 2 2 2 2 2 2 2 2 2 2 2 2 2 2 2 2 2 2 2 2 2 2 2 2 2 2 2 2 2 2 2 2 2 2 2 2 2 2 2 2 2 2 2 2 2 2 2 2 2
left_child=-1 14 43 -4 16 6 7 50 12 10 11 48 -7 21 17 28 -5 19 -19 -2 -20 -11 -23 -24 32 -26 27 34 29 -16 31 -18 -22 -34 35 36 37 38 -25 44 42 -42 -41 -3 -37 -46 51 -48 -10 -38 -6 52 -47 54 -49 57 -57 -55
right_child=1 2 3 4 5 8 -8 -9 9 13 -12 -13 -14 -15 15 -17 30 18 20 -21 24 22 23 26 25 -27 -28 -29 -30 -31 -32 -33 33 -35 -36 39 49 -39 -40 40 41 -43 -44 -45 45 46 47 53 -50 -51 -52 -53 -54 55 -56 56 -58 -59
leaf_value=-0.044967203568230432 -0.055143973864869827 -0.041489073781624176 0.062306828345486266 0.016567449616749465 -0.076728185255922038 -0.00026303039119938829 0.048713499655459687 0.0047223120941604479 -0.016201602268812038 -0.02552511029581922 0.022061155290989495 0.022399804932820167 -0.023857782078077979 -0.020882962691988506 -0.025327455809716338 0.44319111486136709 -0.0008620552193428628 0.039891333798432273 -0.026286478475260031 0.0038376607959496431 4.6251568186308883e-05 -0.01265265911753968 0.030455039836163541 -0.0011241938812532855 -0.013696125107520779 0.0043293877407020826 0.052427812269585143 -0.062636678379834082 -0.017397412585946379 0.0065916760106251747 -0.020667762946239069 -0.010364470170234581 0.015672393714226983 -0.0095461595338735654 0.0077559524835149251 -0.049808214422973736 -0.0010246645458806601 -0.0044126464830198091 0.0029301465398428234 0.020217304433597903 0.0024956939523060112 0.062126715336862856 -0.013326011569130467 0.00053750265961179436 0.0098454753133378255 -0.0046211847250336837 0.0051663974932112753 0.00070728497604199557 0.0015712758346608142 -0.013234179711819394 0.00062462091198671943 -0.013345025978316861 0.0015883373130140929 -0.0020505416177187151 0.017391692282805529 0.0092281608154399473 0.00037825220764062142 -0.011910789884170858
leaf_weight=34 17 44 19 17 12.000000000000002 65 11.999999999999998 11.999999999999998 17.000000000000004 44 28 15.999999999999998 53 19 25 12.999999999999998 85 17 20 17 33 38 17 90 17 14.999999999999998 18 23 49 15.999999999999998 48 45 85 12.999999999999998 20 12.999999999999998 34 11.999999999999998 75 22 40 23 133 12.999999999999998 32 111 44 175 11.999999999999998 109 11.999999999999998 32 52 52 29 33 200 24
leaf_count=34 17 44 19 17 12 65 12 12 17 44 28 16 53 19 25 13 85 17 20 17 33 38 17 90 17 15 18 23 49 16 48 45 85 13 20 13 34 12 75 22 40 23 133 13 32 111 44 175 12 109 12 32 52 52 29 33 200 24
internal_value=-0.00092172 -0.000711563 -0.00133714 -0.00102317 -0.00118915 -0.000618183 0.011466 0.00350268 -0.000958433 -0.000401027 0.0095031 -0.000636291 -0.00845448 -0.00087862 0.00304547 -0.00272734 -0.00632169 0.00558663 0.00745375 -0.00539491 0.00567092 -0.00067117 -0.000367484 -7.70781e-05 0.00742201 -0.0028655 -0.000279278 -0.000474333 -0.00573325 0.000978032 -0.00785958 -0.0052924 0.00993526 0.0126371 -0.0001904 -0.000365055 -0.00304599 0.000615298 0.00191105 0.000480144 -0.00299825 0.00828118 -0.00758312 -0.0121704 0.00143163 0.00166746 0.00125043 0.00256319 -0.00929028 -0.00757791 -0.00764237 -0.00249917 -0.00101991 0.00168768 0.00415964 5.55588e-05 0.00223924 -0.00663843
internal_weight=2395 2361 2024 1967 1948 1753 48 36 1705 1587 73 45 118 1514 337 103 195 234 200 34 183 1495 1451 1413 163 32 1396 1378 90 41 178 130 131 98 1355 1335 320 177 165 1015 218 63 155 57 797 784 752 557 29 143 24 195 163 513 204 309 233 76
internal_count=2395 2361 2024 1967 1948 1753 48 36 1705 1587 73 45 118 1514 337 103 195 234 200 34 183 1495 1451 1413 163 32 1396 1378 90 41 178 130 131 98 1355 1335 320 177 165 1015 218 63 155 57 797 784 752 557 29 143 24 195 163 513 204 309 233 76
is_linear=0
shrinkage=0.0573391


Tree=88
num_leaves=54
num_cat=0
split_feature=11 13 101 26 66 26 8 19 6 19 5 19 6 19 5 58 36 58 5 19 58 36 36 58 19 101 5 101 36 36 36 19 36 19 19 58 5 8 8 19 80 8 8 101 101 36 8 36 13 13 19 19 19
split_gain=2.68509 1.67337 1.84315 1.70031 1.62092 1.18518 2.25725 2.94315 3.20517 1.99846 1.95446 1.9888 1.55118 1.39662 1.38015 1.65112 1.54801 1.62806 1.34554 1.9353 1.32362 1.60418 1.80785 1.42182 1.21005 1.94566 1.22546 1.17993 1.30561 1.83658 1.66295 1.17271 1.55651 1.33476 1.39934 1.13293 1.04111 1.01258 1.48577 1.37119 1.23068 0.913034 1.05575 0.840806 1.2158 0.808821 0.795756 0.776028 0.724328 0.665615 0.631284 1.20048 0.970416
threshold=1.5854166666666669 14.500000000000002 0.88180608807480287 1.0000000180025095e-35 1.0000000180025095e-35 1.0000000180025095e-35 32.500000000000007 43.500000000000007 11.950000000000001 38.500000000000007 10.350000000000003 41.500000000000007 15.65 51.500000000000007 6.2500000000000009 -1.1190660308228348 19.450000000000003 0.71419706489551882 8.1500000000000004 16.500000000000004 0.71419706489551882 10.050000000000002 11.750000000000002 1.0000000180025095e-35 20.500000000000004 0.99237871672270372 16.550000000000004 1.1038082426476039 6.2500000000000009 11.950000000000001 10.850000000000003 2.5000000000000004 12.950000000000001 18.500000000000004 7.5000000000000009 -0.66030521387292307 20.550000000000004 48.229166666666679 67.812500000000014 7.5000000000000009 3.9291666666666671 45.104166666666679 42.312500000000007 1.0531770738793895 1.0032405414835717 18.550000000000004 78.187500000000014 7.4500000000000011 13.500000000000002 12.500000000000002 27.500000000000004 26.500000000000004 18.500000000000004
decision_type=2 2 2 2 2 2 2 2 2 2 2 2 2 2 2 2 2 2 2 2 2 2 2 2 2 2 2 2 2 2 2 2 2 2 2 2 2 2 2 2 2 2 2 2 2 2 2 2 2 2 2 2 2
left_child=1 2 -1 31 5 12 9 8 10 18 -8 37 14 -9 27 -16 20 -18 19 -7 21 -17 -23 35 48 -26 43 28 -2 30 47 -4 33 34 -33 -24 -20 40 39 -39 -12 42 50 44 -27 -22 -40 -30 49 -14 51 52 -42
right_child=4 -3 3 -5 -6 6 7 13 -10 -11 11 -13 24 -15 15 16 17 -19 36 -21 45 22 23 -25 25 26 -28 -29 29 -31 -32 32 -34 -35 -36 -37 -38 38 46 -41 41 -43 -44 -45 -46 -47 -48 -49 -50 -51 -52 -53 -54
leaf_value=0.0027354565440570492 -0.010295265192226863 -0.03500591206324246 -0.068786709380271385 -0.034539109314137673 -0.0080497695978931465 0.012803596662173903 -0.0050736712211003464 -0.035870351508175205 -0.017125746792351019 0.0010211664703983277 -0.0032768725494317754 0.33559021592524568 -0.012805550550121659 0.016898412263494821 -0.0040650451869212985 0.060193883938944412 -0.0064313065069702777 0.019491486586598054 -0.014000016807542292 -0.0054223698052762526 8.4002820381869791e-05 -0.017301513709892174 0.010717060137261617 0.018401309116476638 0.073594465746795457 -0.0034244273626489394 0.11483118389925577 0.0027068380534040191 0.0044477180884193506 -0.0017607341123291515 0.0097471669729979876 0.0052269468445727656 -0.014246708300309484 0.0086172449171493699 -0.013811458795530055 -0.0019093631544616382 -0.000580088118194122 0.011841551505359699 0.038190810954318762 -0.0036502942415236606 0.006392137719656593 0.025689950915607201 -0.00094603521697273396 -0.010557554012633103 0.026639331148020303 0.0093320326774812903 0.43327654769042506 -0.00043551054843092118 -0.01336575893377224 -0.00044806299480782628 0.0027362027579224402 0.011487492122483914 0.00011788460663008672
leaf_weight=19 32 65 14.999999999999998 69 42 11.999999999999998 79 72 77 112 11.999999999999998 13.999999999999998 34 13.999999999999998 51 25 26 13.999999999999998 204 31 85 19 34 80 20 127 11.999999999999998 28 32 247 32 55 21 21 28 30 29 21 28 99 15.000000000000002 14.999999999999998 13.999999999999998 30 36 11.999999999999998 12.999999999999998 84 35 54 32 12.999999999999998 15.999999999999998
leaf_count=19 32 65 15 69 42 12 79 72 77 112 12 14 34 14 51 25 26 14 204 31 85 19 34 80 20 127 12 28 32 247 32 55 21 21 28 30 29 21 28 99 15 15 14 30 36 12 13 84 35 54 32 13 16
internal_value=-0.00128988 -0.0064382 -0.00412416 -0.00567876 -0.00058595 -0.000362959 -0.00190297 0.00051534 0.0023805 -0.00523131 0.00459007 0.0067548 0.00084133 -0.00920005 0.00218725 0.00475778 0.006263 -0.00429911 -0.00785271 0.00146588 0.00774557 0.0105524 0.0084773 0.0106709 -0.00237253 0.000127268 -0.00153817 6.29348e-05 -0.000684761 0.000217655 0.00526861 -0.00204752 -0.00022908 0.00264598 -0.000621311 0.0042996 -0.00957259 0.00569245 0.00274202 -0.000477528 0.00975188 0.01174 0.00955566 -0.0026439 -0.00101991 0.00230493 0.0121649 0.0020757 -0.00694543 -0.00416952 0.0122211 0.016678 0.0105404
internal_weight=2436 293 228 209 2143 2101 922 534 448 388 371 292 1179 86 831 376 325 40 276 43 285 188 163 144 348 225 205 455 427 395 148 140 125 104 83 64 233 278 161 120 117 105 90 193 163 97 41 116 123 88 76 44 31
internal_count=2436 293 228 209 2143 2101 922 534 448 388 371 292 1179 86 831 376 325 40 276 43 285 188 163 144 348 225 205 455 427 395 148 140 125 104 83 64 233 278 161 120 117 105 90 193 163 97 41 116 123 88 76 44 31
is_linear=0
shrinkage=0.0573391


Tree=89
num_leaves=56
num_cat=0
split_feature=53 104 72 66 11 104 23 41 40 40 41 72 72 40 41 72 40 104 72 40 72 72 40 72 104 72 104 104 72 40 104 40 72 104 40 40 42 40 40 104 40 72 72 72 72 72 72 104 48 72 77 72 72 72 72
split_gain=2.3218 2.93486 2.40004 1.69251 1.60152 3.46972 1.67328 1.54692 2.38378 3.16152 2.28578 1.73428 1.69515 1.35682 2.3124 2.18502 3.45902 1.4597 2.20547 1.62217 1.33679 2.74572 1.28694 2.33069 2.08753 1.78097 1.42988 1.31686 1.28105 1.25424 1.1321 1.08308 1.06283 1.05618 1.0391 2.64373 0.924982 0.915897 0.811062 1.63975 0.798342 0.8506 1.28761 1.24055 0.938412 1.00541 0.949755 0.769768 0.73538 0.677716 0.671846 0.669787 1.09971 0.708002 0.790666
threshold=2438.0000000000005 44.464642741048394 9.5000000000000018 1.0000000180025095e-35 1.447916666666667 20.944084881588704 -0.6035533905932734 25.000000000000004 17.050000000000004 17.550000000000004 40.150000000000006 7.5000000000000009 1.5000000000000002 3.8500000000000001 20.700000000000003 4.5000000000000009 10.350000000000003 30.769174154935232 14.500000000000002 10.950000000000001 2.5000000000000004 7.5000000000000009 14.350000000000003 1.0000000180025095e-35 35.21543411822713 12.500000000000002 29.848804357616416 37.64163714488425 5.5000000000000009 5.9500000000000011 37.762935065798267 -0.24999999999999997 17.500000000000004 34.178668669891017 12.850000000000003 16.850000000000005 50.047333333333341 0.25000000000000006 12.450000000000001 40.044527127855858 0.8500000000000002 -1.0000000180025095e-35 9.5000000000000018 -1.4999999999999998 17.500000000000004 15.500000000000002 13.500000000000002 35.702480039921021 103437.00000000001 4.5000000000000009 3166.5000000000005 3.5000000000000004 1.5000000000000002 5.5000000000000009 7.5000000000000009
decision_type=2 2 2 2 2 2 2 2 2 2 2 2 2 2 2 2 2 2 2 2 2 2 2 2 2 2 2 2 2 2 2 2 2 2 2 2 2 2 2 2 2 2 2 2 2 2 2 2 2 2 2 2 2 2 2
left_child=3 2 49 4 6 48 -1 12 22 30 11 -11 29 14 -14 16 -15 18 19 -17 36 28 31 24 -24 -25 -27 -26 50 -7 -10 -9 34 -31 -19 -36 -8 -33 -18 -40 -39 43 51 -42 45 46 -44 -28 -6 -2 -22 52 -43 -53 -55
right_child=1 -3 -4 -5 5 7 20 8 9 10 -12 -13 13 15 -16 17 38 32 -20 -21 21 -23 23 25 27 26 47 -29 -30 33 -32 37 -34 -35 35 -37 -38 40 39 -41 41 42 44 -45 -46 -47 -48 -49 -50 -51 -52 53 -54 54 -56
leaf_value=-0.035307266976456697 0.0091368290525105315 -0.0086292772425545904 0.00050942826345667415 -0.0093767870353792457 0.010210620143709239 -0.019800530588106328 -0.00045481644391617886 -0.017580267222727299 0.0070623349965161569 -0.015621848563188366 0.010935114945322207 0.0055929326171524161 0.088814644014085301 -0.023231078750097514 0.00048762691095208304 0.018384973433394451 0.12606393010245298 -0.010031209227952339 -0.0028310810834244601 0.0024193935865786031 0.0070152313414954407 -0.016941700877430906 0.037796571825740345 -0.025370133522513019 -0.012301822794799222 0.053004889607134467 -0.039184767459295035 0.02201976986349545 0.011008505409490037 0.01290459822609265 0.029352750125031121 0.0082543044472991565 0.0049198224884087613 -0.011047985879543965 0.0068131998414908959 -0.031824944042352588 -0.023923119687133652 -0.0077350160704248725 0.001101561947780047 0.060657306758564636 -0.0014412558700259378 -0.0053559949324464215 0.0011648224078252636 0.0046856169807605987 -0.0024614318539381351 0.0037794154683734012 -0.0070096923792065825 -0.0017124797314733507 0.011773868517750568 0.04276746223274612 -0.0023527924596357555 -0.012789126607501611 0.00099211201876582946 0.0023230203414469643 -0.011217030982225665
leaf_weight=51 15.999999999999998 11.999999999999998 28 41 29 27 23 59 17 71 41 43 12.000000000000002 14.999999999999998 12.999999999999998 18 11.999999999999998 71 12.999999999999998 28 20 59 11.999999999999998 144 20 13.999999999999998 12.999999999999998 13.999999999999998 14.999999999999998 21 21 12.999999999999998 19 32 28 24 49 23 12.000000000000002 12.999999999999998 126 154 139 51 87 73 79 27 12.999999999999998 19 13.999999999999998 165 156 66 67
leaf_count=51 16 12 28 41 29 27 23 59 17 71 41 43 12 15 13 18 12 71 13 28 20 59 12 144 20 14 13 14 15 21 21 13 19 32 28 24 49 23 12 13 126 154 139 51 87 73 79 27 13 19 14 165 156 66 67
internal_value=-0.00114113 0.00879102 0.0137417 -0.00145587 -0.00125227 -0.000752644 -0.0057833 -0.00108644 -0.00180979 0.00418875 0.000554661 -0.00362098 0.00233829 0.00445493 0.0171973 0.00319539 0.0136713 0.000484779 0.00806516 0.0139587 -0.00318524 0.000849121 -0.00258061 -0.00639164 0.00523406 -0.00909279 -0.000211728 -0.00202248 0.010881 -0.00501647 0.0190093 -0.00184138 -0.00266474 0.000107543 -0.00461466 0.00154296 -0.00923692 -0.00146812 0.0230869 0.0171973 -0.00163408 -0.00142482 -0.00208184 0.00223501 0.000545991 0.0021082 0.000157656 -0.00573242 0.015561 0.0237507 0.00472042 -0.00371564 -0.00184951 -0.00565675 -0.00254328
internal_weight=2442 75 63 2367 2326 2095 231 2053 1695 193 155 114 358 278 25 253 52 201 59 46 180 108 1502 244 46 198 54 34 49 80 38 1258 142 53 123 52 72 1199 37 25 1186 1163 986 177 378 291 218 40 42 35 34 608 310 298 133
internal_count=2442 75 63 2367 2326 2095 231 2053 1695 193 155 114 358 278 25 253 52 201 59 46 180 108 1502 244 46 198 54 34 49 80 38 1258 142 53 123 52 72 1199 37 25 1186 1163 986 177 378 291 218 40 42 35 34 608 310 298 133
is_linear=0
shrinkage=0.0573391


Tree=90
num_leaves=62
num_cat=0
split_feature=46 23 23 101 103 7 4 9 82 36 36 4 4 46 36 46 36 36 102 36 102 102 7 36 102 7 7 101 82 102 102 102 36 9 102 9 4 36 9 102 36 9 4 4 36 46 0 0 36 9 102 102 9 9 101 4 7 36 102 4 9
split_gain=1.93992 1.65352 2.31498 2.45117 2.55232 1.38375 1.56275 1.36981 2.85943 1.72736 1.30315 1.38038 1.27766 1.25428 1.56917 1.49616 1.24311 1.1601 1.30672 2.4377 1.87129 1.63885 1.55577 1.6541 1.93701 1.63612 1.13136 1.08097 0.934108 0.985744 1.99951 1.69978 1.38331 1.18416 1.20046 1.79904 0.92094 0.892866 1.00272 1.92257 0.955427 1.27688 0.862485 0.997543 0.839763 1.29624 1.15915 0.845305 0.81745 1.28642 0.963752 1.55512 0.791493 0.698769 0.696984 0.676671 0.672796 0.666099 0.657128 0.62556 0.621408
threshold=1.5666666666666669 -0.6035533905932734 1.0000000180025095e-35 0.88180608807480287 0.89009650366133952 2.4500000000000006 10.550000000000002 29.604166666666668 7.5562500000000012 11.450000000000001 7.9500000000000011 6.5500000000000007 7.3500000000000005 0.041666666666666671 17.350000000000005 0.10833333333333335 9.2500000000000018 4.8500000000000005 70.881419753086433 11.750000000000002 78.890000000000015 61.593198771390966 6.1500000000000012 8.8500000000000032 83.28388888888891 26.650000000000002 5.2500000000000009 1.0876505064724931 6.3645833333333348 84.800555555555562 84.304444444444457 85.623888888888899 14.850000000000003 48.178571428571438 90.759444444444455 43.386904761904766 5.2500000000000009 14.65 36.982142857142868 86.706111111111127 17.250000000000004 42.327380952380956 2.6500000000000008 3.7500000000000004 16.350000000000005 0.10833333333333335 58.500000000000007 67.500000000000014 14.65 29.285714285714288 81.662777777777791 83.439444444444462 32.988095238095248 43.961309523809533 0.90333835916534688 9.0500000000000025 9.9500000000000011 8.9500000000000011 80.768333333333331 4.1500000000000012 29.604166666666668
decision_type=2 2 2 2 2 2 2 2 2 2 2 2 2 2 2 2 2 2 2 2 2 2 2 2 2 2 2 2 2 2 2 2 2 2 2 2 2 2 2 2 2 2 2 2 2 2 2 2 2 2 2 2 2 2 2 2 2 2 2 2 2
left_child=1 5 3 7 -5 -1 10 8 -3 57 -7 13 -13 36 15 -15 -8 60 19 -19 27 -21 23 24 -22 28 -25 54 -24 30 48 -31 -32 34 37 -36 42 38 39 -33 53 -42 -12 -44 -4 46 -46 -48 49 -30 -50 -52 -41 -39 -20 -14 -23 -9 -51 -45 -6
right_child=-2 2 44 4 17 6 16 9 -10 -11 11 12 55 14 -16 -17 -18 18 20 21 22 56 25 26 -26 -27 -28 -29 29 31 32 33 -34 -35 35 -37 -38 40 -40 52 41 -43 43 59 45 -47 47 -49 50 58 51 -53 -54 -55 -56 -57 -58 -59 -60 -61 -62
leaf_value=-0.03226485410107325 0.015988614141155533 0.0052631172964912772 -0.0050474675384374343 -0.024991279741575407 -0.048028346394874542 -0.017300739234926161 0.00029054218993630721 0.032498632213485465 -0.0054732646758460035 0.023923543392128283 -0.025661952944376652 0.0054402684479082433 -0.0018840632006313909 0.0095002841022888938 -0.011326787194635705 -0.006032416853521975 -0.026453724397063488 0.00049445495560410666 0.012844215890031832 0.016981725643106713 0.018562244137364292 0.0078127705900750202 -0.020852226279266198 -0.02767728688898196 -0.0037914258109467813 0.12175466224313604 0.0035670811012353978 0.0085594324949700498 0.0042760204143592285 -0.033946615631524985 0.011110982525752298 0.013050270920466938 0.038672636210844082 0.047691906597650179 0.0030042163755702178 -0.0015417489973709344 -0.016969607072639083 -0.023754455421828712 0.0038567606809472963 0.00021274060159807035 0.0020188612625617725 -0.0098389601527202383 0.0025947189606148426 -0.02251118916003092 0.0068007461414696562 -0.015108852441751921 -0.021687527349703972 0.0032621450010325691 0.013980288486612518 0.00015360468428552411 -0.0019515769321154068 0.056641040366993183 -0.0066971498695484379 0.00033527728439655577 -0.0047531075091213106 0.0027104195431902306 0.0027562741060875333 -0.0033675429673303784 -0.0078726885740026675 -0.0021730164391196255 -0.012753233222053247
leaf_weight=40 15.999999999999998 17 460 27 17 66 15.999999999999998 12.000000000000002 21 21 13.999999999999998 33 44 32 22 58 74 78 19 11.999999999999998 36 20 15.999999999999998 18 14.999999999999998 15.999999999999998 25 11.999999999999998 35 34 13.000000000000002 13.999999999999998 12.999999999999998 21 18.000000000000004 11.999999999999998 37 45 46 13.999999999999998 52 29 38 27 37 38 13.999999999999998 36 44 23 68 17 38 12.999999999999998 140 42 12.999999999999998 11.999999999999998 66 45 24
leaf_count=40 16 17 460 27 17 66 16 12 21 21 14 33 44 32 22 58 74 78 19 12 36 20 16 18 15 16 25 12 35 34 13 14 13 21 18 12 37 45 46 14 52 29 38 27 37 38 14 36 44 23 68 17 38 13 140 42 13 12 66 45 24
internal_value=-0.00126748 -0.00140247 -0.00052772 0.000928223 0.000213105 -0.00403705 -0.0032854 0.0104306 0.0024131 0.0171992 -0.0019279 -0.000672764 0.00448067 -0.00291929 0.00174028 0.00509618 -0.0101927 0.000650093 0.00102486 0.0065725 0.000276597 0.0171992 0.00152434 0.0084171 0.0154008 0.00052282 0.000132551 -0.00513001 6.35548e-05 0.000419496 0.00293872 -0.00167227 0.0180794 -0.000303668 -0.0012854 0.00955395 -0.0061609 -0.00258122 0.00122834 -0.00330061 -0.00565098 -0.00162764 -0.00379137 -0.00208467 -0.00347947 0.000687775 0.00454696 -0.00114601 0.00138233 -0.00194179 0.00457782 0.00101142 -0.00837895 -0.0112686 -0.00638264 0.000799647 0.0105966 0.0066869 -0.0056044 -0.00605161 -0.00880885
internal_weight=2375 2359 1771 1186 1103 588 548 83 38 45 458 392 119 273 112 90 90 1076 1035 123 912 45 741 94 51 647 43 171 631 615 279 336 26 302 281 30 161 251 112 66 139 81 124 110 585 125 87 50 253 124 129 85 52 58 159 86 33 24 89 72 41
internal_count=2375 2359 1771 1186 1103 588 548 83 38 45 458 392 119 273 112 90 90 1076 1035 123 912 45 741 94 51 647 43 171 631 615 279 336 26 302 281 30 161 251 112 66 139 81 124 110 585 125 87 50 253 124 129 85 52 58 159 86 33 24 89 72 41
is_linear=0
shrinkage=0.0573391


Tree=91
num_leaves=42
num_cat=0
split_feature=26 28 76 40 88 40 102 4 7 76 76 40 40 76 76 102 102 102 76 102 13 13 0 4 76 40 40 102 76 102 40 40 40 102 40 40 40 102 102 4 40
split_gain=1.91627 3.40992 2.05905 2.07765 1.67826 1.70825 1.62827 1.8 1.51693 1.56483 2.23446 2.10957 2.18964 2.16575 1.98364 1.59814 3.18067 1.45411 1.34977 1.30735 1.35433 3.77277 1.27518 1.13289 1.71601 1.09663 1.67706 1.02707 1.02354 1.50419 0.862111 0.955427 0.840822 0.817724 0.777889 0.701214 1.47426 0.76243 1.43742 0.685344 0.643578
threshold=1.0000000180025095e-35 0.6830127018922193 1520.0000000000002 20.450000000000003 1.0000000180025095e-35 1.6500000000000001 86.104444444444454 7.0500000000000007 15.550000000000002 1902.5000000000002 2238.5000000000005 19.050000000000004 2.6500000000000008 2346.5000000000005 2758.5000000000005 76.52277777777779 87.725000000000009 86.76944444444446 2150.5000000000005 57.482601880877752 13.500000000000002 12.500000000000002 13.500000000000002 6.2500000000000009 1469.5000000000002 15.950000000000001 12.350000000000003 82.995555555555583 1664.5000000000002 89.615000000000009 13.250000000000002 12.450000000000001 13.350000000000003 88.968333333333348 16.850000000000005 9.0500000000000025 10.750000000000002 77.078333333333347 82.724444444444458 11.15 5.0500000000000007
decision_type=2 2 2 2 2 2 2 2 2 2 2 2 2 2 2 2 2 2 2 2 2 2 2 2 2 2 2 2 2 2 2 2 2 2 2 2 2 2 2 2 2
left_child=2 8 23 4 5 22 -3 -8 9 15 30 12 14 -14 -12 -2 27 -9 -19 -7 21 40 -4 -1 39 26 -23 -17 -18 -30 31 -11 35 -24 -27 37 -37 -6 -39 -25 -21
right_child=1 6 3 -5 32 19 7 17 -10 10 11 -13 13 -15 -16 16 28 18 -20 20 -22 25 33 24 -26 34 -28 -29 29 -31 -32 -33 -34 -35 -36 36 -38 38 -40 -41 -42
leaf_value=0.0064837389070170077 -0.011394020407553728 -0.031621436993781595 0.0081920768418821885 -0.01519114315044906 -0.011117181565493073 0.035617673952780649 -0.035107217831730646 0.006836657575423238 -0.022712901301792879 -0.0077824030679356981 0.00054298334388182365 0.0056933348158830646 0.0061437441346785162 -0.0037379213731427298 0.015099063173982739 0.0036873217816977564 -0.0019218960494498251 0.011709177021844678 -0.038123243850738328 0.0041749718493296279 -0.00079718254732613918 0.01419862900584821 -0.013981334146715336 -0.0012432792283677057 0.074984350343528086 0.033598660328790282 -0.0013674581125715044 0.051022071937470048 -0.0058220651127717429 0.006032486451143914 -0.011726663008742757 0.012422301891343447 -0.034957911098841096 0.0036446198036106992 0.018710730373290824 0.016335385906025259 -0.027504940300285687 0.003422769224914286 -0.038442961539169727 0.0097124833354140724 -0.0016936154796295005
leaf_weight=34 25 201 14.999999999999998 36 42 23 18 13.999999999999998 31 104 18.000000000000004 21 61 293 12.999999999999998 12.000000000000002 43 19 25 39 437 144 79 35 14.999999999999998 13.999999999999998 53 17 19 18 74 11.999999999999998 37 12.999999999999998 30 25 31 41 35 21 185
leaf_count=34 25 201 15 36 42 23 18 14 31 104 18 21 61 293 13 12 43 19 25 39 437 144 79 35 15 14 53 17 19 18 74 12 37 13 30 25 31 41 35 21 185
internal_value=-0.0011979 -0.00306025 0.000198838 -0.000434836 -4.14902e-05 0.000911166 -0.00850746 -0.00135751 -0.00107741 -0.000549778 -0.00180861 0.000593073 -0.000372241 -0.00165203 0.0142391 0.00504884 0.00804787 0.00355812 -0.00156287 0.00170463 0.00136033 0.00351423 -0.0059477 0.00791759 0.00379497 0.0084935 0.00666498 0.0243147 0.00214967 0.00914123 -0.00694071 -0.00385512 -0.004701 -0.00847543 0.016678 -0.00303145 0.00225182 -0.00553904 -0.00211193 -0.000818464 -0.00184286
internal_weight=2422 1038 1384 1279 1243 1032 277 76 761 730 596 406 385 354 31 134 109 58 44 925 902 465 107 105 71 241 197 29 80 37 190 116 211 92 44 174 56 118 76 56 224
internal_count=2422 1038 1384 1279 1243 1032 277 76 761 730 596 406 385 354 31 134 109 58 44 925 902 465 107 105 71 241 197 29 80 37 190 116 211 92 44 174 56 118 76 56 224
is_linear=0
shrinkage=0.0573391


Tree=92
num_leaves=41
num_cat=0
split_feature=11 13 56 0 77 4 101 77 26 4 77 13 100 6 100 100 6 6 0 0 104 100 46 104 104 4 100 104 104 101 104 0 46 0 6 104 100 6 101 0
split_gain=2.22791 2.33009 2.05819 2.10755 2.20855 1.67424 1.42997 1.7578 1.41137 1.21327 1.49538 1.42308 1.37652 1.34826 2.12947 2.16691 1.2341 1.14891 1.07387 1.04565 1.00226 1.54446 2.02387 0.936354 1.99015 1.39361 1.71004 1.16208 1.11199 0.924533 0.922848 0.892039 0.823866 0.822365 0.89824 0.811453 0.805098 0.801369 0.785615 0.75847
threshold=0.9520833333333335 14.500000000000002 1.0000000180025095e-35 50.500000000000007 1424.5000000000002 3.0500000000000003 0.86332168915702812 2686.5000000000005 0.81174490092936691 19.750000000000004 1167.0000000000002 12.500000000000002 690.22222222222229 8.1500000000000004 836.35555555555572 860.81111111111125 26.650000000000002 2.6500000000000008 43.500000000000007 137.50000000000003 37.253973835508567 916.52222222222235 1.0000000180025095e-35 26.582196341743217 28.739719320157722 3.8500000000000001 895.18333333333351 34.256291709205883 25.748333597201725 0.90333835916534688 27.322559688167015 73.500000000000014 1.0000000180025095e-35 35.500000000000007 9.1500000000000004 33.72454055925926 959.81666666666672 20.450000000000003 0.87740802688479103 111.50000000000001
decision_type=2 2 2 2 2 2 2 2 2 2 2 2 2 2 2 2 2 2 2 2 2 2 2 2 2 2 2 2 2 2 2 2 2 2 2 2 2 2 2 2
left_child=-1 2 3 4 -2 -6 7 -5 20 10 -8 37 31 36 -15 -16 -11 -3 33 -20 23 22 -22 25 30 32 28 35 29 38 -25 -13 -7 34 -19 -26 -14 39 -27 -12
right_child=1 17 -4 6 5 8 9 -9 -10 16 11 12 13 14 15 -17 -18 18 19 -21 21 -23 -24 24 27 26 -28 -29 -30 -31 -32 -33 -34 -35 -36 -37 -38 -39 -40 -41
leaf_value=-0.047384422753471725 0.020009639387563141 -0.026377856242729356 0.10899433464957664 0.048489815158703577 0.018064257733729962 -0.0085845548544129045 -0.02690579159869189 -0.0086435026055741264 -0.014582605407753333 -0.015105084995135246 -0.0017009018350928988 0.015102588070720832 0.0015834917662969573 -0.0078496409331376311 0.028065198560773628 -9.0532341213901352e-05 0.075666041973816489 4.7892738543802605e-06 -0.0091577625009046839 0.012086189209601913 0.0010045141136417993 -0.0002278812018351806 0.028389305578251242 7.3912852280444102e-05 0.0010649871142904073 4.5374959755737662e-05 0.016389963592782834 -0.0028441743776371946 0.0054124804243388816 0.0054051877184457678 -0.0055475794557651075 0.018168911021194903 0.0055141446529240155 0.0025427820876311917 -0.01132589171868972 0.020336222870693258 0.012933258482435941 -0.029503163263465432 -0.011488634230294352 -0.019571134503562071
leaf_weight=51 25 47 21 13.000000000000002 12.999999999999998 23 18 14.999999999999998 32 150 254 14.000000000000002 173 83 23 270 11.999999999999998 137 291 14.999999999999998 20 18 20 26 168 27 26 60 15.999999999999998 89 52 13.999999999999998 19 63 34 14.999999999999998 14.999999999999998 13.999999999999998 17 19
leaf_count=51 25 47 21 13 13 23 18 15 32 150 254 14 173 83 23 270 12 137 291 15 20 18 20 26 168 27 26 60 16 89 52 14 19 63 34 15 15 14 17 19
internal_value=-0.000846284 -0.000590134 0.000446022 0.000232214 0.00277218 0.00211996 -0.00132399 0.0114648 0.00169819 -0.0016622 -0.000837353 -0.000502248 0.0011041 0.000487928 -0.00149437 0.000802228 -0.00622905 -0.00372158 -0.00297305 -0.00520905 0.00232812 0.00948929 0.0157656 0.00155597 -0.000410731 0.00446533 0.0067165 0.00214709 0.00434818 0.0026295 -0.00837941 0.0135123 -0.00491345 -4.88639e-05 -0.00211224 0.00441764 0.00445264 -0.00381577 -0.00416892 -0.00312932
internal_weight=2412 2361 1774 1753 666 641 1087 28 628 1059 897 879 592 564 376 293 162 587 540 306 596 58 40 538 321 217 175 243 149 133 78 28 42 234 171 183 188 287 44 273
internal_count=2412 2361 1774 1753 666 641 1087 28 628 1059 897 879 592 564 376 293 162 587 540 306 596 58 40 538 321 217 175 243 149 133 78 28 42 234 171 183 188 287 44 273
is_linear=0
shrinkage=0.0573391


Tree=93
num_leaves=48
num_cat=0
split_feature=53 41 13 41 5 7 40 19 101 19 7 82 40 15 19 82 41 101 101 101 101 7 5 5 7 7 1 41 7 7 15 1 40 40 41 19 41 7 40 40 19 40 1 40 1 41 41
split_gain=2.73596 2.39614 1.86905 1.85091 1.70598 2.03107 2.00059 1.87903 1.7173 1.56248 1.49936 1.39913 1.57499 2.13751 1.3315 1.23005 1.18269 1.10276 1.09743 1.51763 1.19769 1.18349 1.32629 1.43093 1.12521 2.1181 1.91202 1.06742 1.02691 0.975225 0.938636 1.0148 1.00211 0.856445 1.59497 0.852102 0.816433 0.803411 0.779466 1.16192 1.07528 1.07955 0.77842 1.91412 0.834941 0.677175 0.831813
threshold=1669.0000000000002 30.400000000000002 14.500000000000002 41.95000000000001 12.450000000000001 5.6500000000000012 16.050000000000004 24.500000000000004 1.0211100886693514 15.500000000000002 4.5500000000000007 23.168750000000006 3.7500000000000004 1.5000000000000002 4.5000000000000009 9.3437500000000018 25.000000000000004 0.9995634560312916 0.86332168915702812 0.85445722509946709 0.99054969350452271 17.150000000000002 10.350000000000003 5.5500000000000007 19.450000000000003 19.850000000000005 35.500000000000007 44.45000000000001 8.1500000000000004 12.550000000000002 1.5000000000000002 107.50000000000001 1.7500000000000002 10.350000000000003 20.700000000000003 27.500000000000004 59.20000000000001 13.250000000000002 15.450000000000001 14.850000000000003 27.500000000000004 16.750000000000004 95.500000000000014 11.950000000000001 76.500000000000014 31.850000000000005 44.45000000000001
decision_type=2 2 2 2 2 2 2 2 2 2 2 2 2 2 2 2 2 2 2 2 2 2 2 2 2 2 2 2 2 2 2 2 2 2 2 2 2 2 2 2 2 2 2 2 2 2 2
left_child=2 -2 4 17 5 7 11 9 10 14 -9 12 13 -6 -1 -5 -8 -3 19 -7 21 22 23 28 38 -26 -27 35 -20 -25 36 32 -32 -14 -35 -18 -4 -30 39 42 41 -40 44 -44 -22 -34 -47
right_child=1 3 30 15 6 18 16 8 -10 -11 -12 -13 33 -15 -16 -17 27 -19 20 -21 24 -23 -24 29 25 26 -28 -29 37 -31 31 -33 45 34 -36 -37 -38 -39 40 -41 -42 -43 43 -45 -46 46 -48
leaf_value=-0.029375691558923899 -0.0020504610637469439 0.018004421107185579 -0.030015197561734867 0.0063520992188107056 -0.020421976007828819 0.0080697909099883801 0.016648481343683658 -0.033716383649498242 0.016851195934161567 -0.0045547110415668952 0.0093937946172066421 0.090861344599061658 -0.022283533714724673 0.0038999066896169506 0.0061388301836595369 -0.001128832385298092 0.00073439032209816804 0.0022307430713827299 -0.005097405468093336 0.02866049371249467 -0.0004333516012973504 -0.013738120893212247 0.013923796263886469 -0.0077331642053341748 0.034226977638187127 -0.01512954979319469 0.024266078130675991 0.0058992439015648169 0.0077649182848621608 0.0025036386245501957 0.004220424777743508 -0.025470386137871965 -0.0077077480150311165 0.027627737426604567 -0.0088246136369459962 -0.0041232654780414746 -0.016581009798058963 0.0010662487141949982 -0.0033483578940254294 0.0021248479354875069 -0.013197170057965531 0.019291390909960994 -0.0081584007472476558 0.0081331431293282987 -0.01658777693074644 0.00053468117348416644 -0.0041081508725439187
leaf_weight=27 27 23 48 12.999999999999998 22 20 15.999999999999998 14.999999999999998 13.999999999999998 26 25 12.999999999999998 220 75 106 22 11.999999999999998 12.999999999999998 18 11.999999999999998 467 32 21 56 12.999999999999998 23 77 13.999999999999998 12.000000000000002 19 22 45 167 11.999999999999998 147 45 11.999999999999998 12.999999999999998 14.999999999999998 15.999999999999998 74 23 15.000000000000002 13.999999999999998 37 152 122
leaf_count=27 27 23 48 13 22 20 16 15 14 26 25 13 220 75 106 22 12 13 18 12 467 32 21 56 13 23 77 14 12 19 22 45 167 12 147 45 12 13 15 16 74 23 15 14 37 152 122
internal_value=-0.00142875 0.00795655 -0.00182285 0.0134855 -0.000902599 0.000337259 -0.00346415 0.0054106 0.0146515 0.00227165 0.00859905 -0.00488954 -0.0053965 0.00112274 0.00478503 0.00409416 0.00454696 0.0226133 -0.000768788 0.00967355 -0.00112247 -0.00546532 -0.00317599 -0.00553904 -0.000162936 0.0051245 0.00229312 0.00137235 0.0027992 -0.01032 -0.00468394 -0.00388271 -0.00308358 -0.00706509 -0.00385835 -0.00211174 -0.0114664 0.0103178 -0.00106692 -0.000177491 -0.00542622 0.0024131 -0.000634643 0.00849951 -0.00116036 -0.00367947 -0.0019251
internal_weight=2432 98 2334 71 1766 1190 576 213 54 159 40 489 476 97 133 35 87 36 977 32 945 171 139 118 774 113 100 71 43 75 568 508 463 379 159 57 60 25 661 549 112 38 533 29 504 441 274
internal_count=2432 98 2334 71 1766 1190 576 213 54 159 40 489 476 97 133 35 87 36 977 32 945 171 139 118 774 113 100 71 43 75 568 508 463 379 159 57 60 25 661 549 112 38 533 29 504 441 274
is_linear=0
shrinkage=0.0573391


Tree=94
num_leaves=54
num_cat=0
split_feature=36 15 104 104 100 38 6 42 104 104 104 72 36 12 36 12 104 7 41 41 36 7 7 36 12 7 7 36 36 36 36 12 12 36 36 36 7 36 36 36 36 12 36 36 36 36 36 36 36 12 36 36 36
split_gain=2.41976 1.82361 1.46894 2.38668 1.65698 2.56681 1.89026 2.0443 2.11614 3.01918 1.72351 1.58131 1.46114 1.42383 1.51801 1.55745 1.35705 1.25712 1.23615 2.11051 1.20359 1.14081 0.96249 0.896265 0.913422 0.877487 1.35667 0.866501 2.28543 1.09696 0.860119 0.858075 2.58072 1.32728 1.13207 1.00889 0.977592 0.962362 0.909656 0.807159 0.741679 0.721345 0.692017 1.03381 1.30805 0.725386 0.796091 0.934558 0.689658 0.671521 0.656063 0.64885 0.734805
threshold=4.8500000000000005 10.500000000000002 61.570382858019805 51.128123263953377 966.30000000000007 13.65 2.7500000000000004 12.477083333333336 21.878714337063535 18.958679281720443 48.88422354505115 18.500000000000004 9.7500000000000018 2.7889880952380959 13.750000000000002 2.1794642857142859 28.464587556237582 25.650000000000002 45.900000000000013 36.900000000000013 17.050000000000004 7.8500000000000005 22.650000000000002 7.8500000000000005 2.5991071428571435 15.15 13.550000000000002 10.850000000000003 13.15 8.7500000000000018 7.1500000000000012 3.0380952380952384 3.0922619047619051 8.4500000000000011 10.850000000000003 16.350000000000005 8.4500000000000011 9.9500000000000011 18.950000000000003 7.8500000000000005 11.550000000000002 4.3761904761904775 13.250000000000002 13.850000000000003 13.65 16.150000000000002 13.950000000000001 14.250000000000002 14.850000000000003 2.8955357142857148 9.7500000000000018 21.150000000000002 21.950000000000003
decision_type=2 2 2 2 2 2 2 2 2 2 2 2 2 2 2 2 2 2 2 2 2 2 2 2 2 2 2 2 2 2 2 2 2 2 2 2 2 2 2 2 2 2 2 2 2 2 2 2 2 2 2 2 2
left_child=1 -1 3 4 6 -6 23 8 9 -8 11 13 -4 14 15 -9 25 31 19 -17 -16 -7 27 24 -2 26 -10 29 40 -18 -20 34 33 -33 -15 37 -36 39 -37 -34 -29 -12 -39 44 -44 46 -45 -48 -49 -38 -31 -40 -53
right_child=2 -3 12 -5 5 21 7 10 16 -11 41 -13 -14 17 20 18 22 -19 30 -21 -22 -23 -24 -25 -26 -27 -28 28 -30 50 -32 32 35 -35 36 38 49 42 51 -41 -42 -43 43 45 -46 -47 47 48 -50 -51 -52 52 -54
leaf_value=-0.034647726954030192 -0.039746948240881978 0.017694409936680193 -0.0073062747064343049 -0.042156491564827661 0.020076625323670366 -0.005502896021427936 -0.005733422061190166 -0.0031706524623183454 -0.001805178951898594 0.018277285733730279 0.05846093105091224 -0.018907948387897999 0.19031225815329247 -0.0061607293001311771 -0.0091424913502681521 0.0034823814338600322 0.0011984869936121989 0.016967416672715733 0.013028820736242223 0.024623266562091028 0.0087852988988516775 0.0017138573627178695 -0.02210706963276492 -0.022022392282817327 0.01277118830254927 -0.014561586318424758 0.0089448614256971339 0.016912097180726709 0.00070763153196056741 -0.023517977186806406 -0.0012066160569063668 0.032221504890988177 -0.0022784694812000273 0.0036419935685332557 0.0013001798594296271 0.0014836896412271094 -0.0016501177626056318 -0.010522060203792902 -0.0036710045034096988 0.0028932353375043006 0.005933005280981089 0.024624275209290353 -0.0044611223847586786 -0.0067387136301897696 0.0044700599912560176 -0.030777328579772802 0.0020790219903058836 -0.020614166041354735 -0.0006624471772574311 -0.036443513977647196 -0.0004279245080333227 0.03508118761902438 -0.0042320188021556368
leaf_weight=68 12.999999999999998 25 12.000000000000002 46 18 13.000000000000002 14.999999999999998 39 97 17 13.000000000000002 51 17 66 48 63 83 22 12.000000000000002 23 11.999999999999998 17 21 56 19 13.999999999999998 11.999999999999998 32 218 26 19 17 48 45 66 223 17 153 116 66 100 15.999999999999998 17.000000000000004 13.999999999999998 11.999999999999998 14.999999999999998 17 43 105 26 39 21 23
leaf_count=68 13 25 12 46 18 13 15 39 97 17 13 51 17 66 48 63 83 22 12 23 12 17 21 56 19 14 12 32 218 26 19 17 48 45 66 223 17 153 116 66 100 16 17 14 12 15 17 43 105 26 39 21 23
internal_value=-0.000734002 -0.0098023 -0.000369355 -0.000532204 -0.00026644 0.0102716 -0.000497447 -0.000152743 0.00245003 0.0168399 -0.00138125 -0.00166809 0.0124533 -0.00129308 0.00297292 0.00595406 0.00173261 -0.00210712 0.00926182 0.0128002 -0.00477734 0 0.00301601 -0.00873035 -0.00107391 -0.00368235 -0.00194598 0.00352315 0.00507844 -0.000154739 -0.00055373 -0.00237618 -0.0016864 0.00961693 -0.00606121 -0.00248924 -0.00247201 -0.00421256 -0.000284359 0.000402068 0.0110328 0.0124533 -0.00561176 -0.00357383 0.00652261 -0.00508338 -0.0040679 -0.00295355 -0.0044163 -0.00919917 -0.00573299 -0.00358338 0.00234468
internal_weight=2406 93 2313 2284 2238 48 2190 2102 674 32 1428 1399 29 1348 216 156 642 1132 117 86 60 30 519 88 32 123 109 498 350 148 31 1110 935 62 175 873 109 490 383 114 132 29 376 223 29 194 179 165 148 43 65 160 44
internal_count=2406 93 2313 2284 2238 48 2190 2102 674 32 1428 1399 29 1348 216 156 642 1132 117 86 60 30 519 88 32 123 109 498 350 148 31 1110 935 62 175 873 109 490 383 114 132 29 376 223 29 194 179 165 148 43 65 160 44
is_linear=0
shrinkage=0.0573391


Tree=95
num_leaves=53
num_cat=0
split_feature=102 36 30 11 103 103 3 11 36 103 102 11 103 103 36 6 9 3 6 9 36 9 3 36 11 6 9 9 36 6 3 3 3 6 6 3 3 9 9 3 3 9 9 9 9 9 103 25 9 6 3 9
split_gain=2.09983 1.94962 1.48987 2.21969 1.56246 2.03523 1.85793 1.59883 1.81765 1.58038 1.68155 1.7732 1.56005 2.34903 2.01327 2.28693 1.35989 1.27678 2.31481 1.23107 1.23696 1.22576 1.42817 1.08747 0.943549 0.881345 0.905166 1.4652 0.858769 0.819419 0.802389 0.948672 0.777521 0.769441 1.44316 0.966944 0.890581 0.757547 1.80958 0.749778 1.07587 0.678678 0.802244 0.673529 1.27476 0.956976 0.671699 0.663221 0.651479 0.646606 0.634583 0.62152
threshold=53.101918158567777 4.5500000000000007 1.0000000180025095e-35 1.7562500000000001 0.97883436505719512 0.98340339898609719 7.5000000000000009 0.91875000000000007 8.0500000000000025 0.8819256687143856 76.100555555555573 4.7604166666666679 0.89027388147191111 0.89086607953544317 10.850000000000003 7.0500000000000007 54.803571428571438 32.500000000000007 6.6500000000000012 48.824404761904766 7.2500000000000009 30.913690476190478 149.50000000000003 15.550000000000002 2.4979166666666672 15.65 36.229166666666671 36.485119047619058 13.250000000000002 9.5500000000000025 137.50000000000003 106.50000000000001 73.500000000000014 5.3500000000000005 3.3500000000000001 50.500000000000007 87.500000000000014 35.407738095238102 31.571428571428573 56.500000000000007 94.500000000000014 34.044642857142868 29.678571428571434 34.544642857142868 36.538690476190482 42.145833333333343 0.98063898654444015 0.87837969732492682 48.824404761904766 3.9500000000000006 54.500000000000007 35.627976190476197
decision_type=2 2 2 2 2 2 2 2 2 2 2 2 2 2 2 2 2 2 2 2 2 2 2 2 2 2 2 2 2 2 2 2 2 2 2 2 2 2 2 2 2 2 2 2 2 2 2 2 2 2 2 2
left_child=-1 47 3 -3 9 46 -7 -8 19 10 11 23 -11 -14 -15 24 21 18 49 20 29 39 25 28 -16 26 51 -28 -4 41 31 33 -18 34 -19 -36 -35 38 -22 -10 -41 42 -9 -27 -45 -46 -6 -2 -29 -5 -37 -23
right_child=1 2 4 17 5 6 7 8 16 12 -12 -13 13 14 15 -17 32 30 -20 -21 37 22 -24 -25 -26 43 27 48 -30 -31 -32 -33 -34 36 35 50 -38 -39 -40 40 -42 -43 -44 44 45 -47 -48 -49 -50 -51 -52 -53
leaf_value=0.015321772404630571 -0.030249756544559383 -0.022463470823951094 -0.0011795009657842854 0.0037631959318677488 0.0045270737463634064 0.01381115429722308 -0.039953398223615787 0.0023652261163580376 0.0009137713369035301 -0.020265276855811972 0.0043754632252953982 0.032300007718823749 0.042954336107540347 -0.01688678197077206 0.0040669593180619754 -0.0036278949514254124 0.013980460326397614 -0.024706591311683478 0.0059975182460262084 -0.005340090002583335 0.0096123872958804868 -0.00040426691692886261 0.031843663437593185 0.0056872628286988771 0.0061905431682937233 -0.0083059328155788755 0.044316653074709701 0.00057116672792159671 -0.0083434077899201421 -0.00047218604520054815 0.0055471014108197875 -0.018853852727677516 0.13177525512029364 -0.0067333842309807131 -0.00036721231266406804 0.0019656452180915546 0.0020841467029101778 0.00080652911713235509 0.027665612393135742 0.055086399127790779 -0.03851970575388397 0.0095580710800897695 -0.018835501260537735 0.025704489769556072 -0.0085953308516027744 0.0037755200328863639 0.025544443346093453 -0.0027553843545412211 -0.011477049619178481 -0.0019024940247538537 0.0030047006464419654 -0.012024337436132465
leaf_weight=12.999999999999998 60 71 44 52 14.000000000000002 17 15.999999999999998 22 54 32 24 14.999999999999998 11.999999999999998 37 25 133 21 18 17 14.999999999999998 33 278 12.999999999999998 11.999999999999998 12.999999999999998 38 15.999999999999998 392 20 54 11.999999999999998 30 12.999999999999998 185 55 11.999999999999998 36 17 19 41 12.999999999999998 15.999999999999998 14.999999999999998 42 99 46 14.999999999999998 15.999999999999998 25 49 35 51
leaf_count=13 60 71 44 52 14 17 16 22 54 32 24 15 12 37 25 133 21 18 17 15 33 278 13 12 13 38 16 392 20 54 12 30 13 185 55 12 36 17 19 41 13 16 15 42 99 46 15 16 25 49 35 51
internal_value=-0.000494574 -0.000618582 -0.000324269 -0.00286687 0.000501127 0.00137693 0.00105776 0.000820316 0.00103663 -0.00282777 0.0027419 -0.000818721 -0.00536962 -0.00364862 -0.00507203 -0.00244755 0.000170681 -0.0015221 0.0036926 0.00621391 0.00755795 -0.00017592 -0.000802711 -0.00437518 0.00995682 -0.00105147 -0.000120353 0.00160222 -0.00734553 0.0036971 -0.00312882 -0.00360095 0.0114653 -0.00274071 0.000955335 0.00359726 -0.00474774 0.0135439 0.0169791 0.00562718 0.0104045 0.00876176 0.00449269 -0.00420463 -0.00279005 -0.00533807 0.0164071 -0.00965609 0.000948685 0.000397049 0.0096362 -0.00238754
internal_weight=2423 2410 2334 572 1762 1395 1366 1349 1333 367 115 91 252 220 208 171 1142 501 118 191 176 1108 1000 76 38 987 762 433 64 107 383 371 34 341 120 102 221 69 52 108 54 53 37 225 187 145 29 76 417 101 47 329
internal_count=2423 2410 2334 572 1762 1395 1366 1349 1333 367 115 91 252 220 208 171 1142 501 118 191 176 1108 1000 76 38 987 762 433 64 107 383 371 34 341 120 102 221 69 52 108 54 53 37 225 187 145 29 76 417 101 47 329
is_linear=0
shrinkage=0.0573391


Tree=96
num_leaves=36
num_cat=0
split_feature=104 19 6 26 28 46 19 19 19 19 13 46 13 28 19 79 6 105 80 19 46 46 80 80 19 2 19 46 13 80 46 104 19 2 2
split_gain=1.83939 3.17989 3.64009 2.13608 2.00199 1.80114 1.6175 1.66788 1.57113 1.45864 1.42665 1.39945 1.18608 1.16838 1.21858 0.990967 0.946482 0.933868 1.5625 0.825224 0.810152 1.18025 1.01958 1.33441 0.779291 1.17655 0.793524 0.756457 0.715133 0.712067 1.09693 0.689128 0.6462 0.640307 0.806299
threshold=43.705282158813681 22.500000000000004 27.300000000000004 1.0000000180025095e-35 0.6830127018922193 1.0000000180025095e-35 37.500000000000007 38.500000000000007 1.5000000000000002 36.500000000000007 12.500000000000002 0.70833333333333348 13.500000000000002 -0.9330127018922193 24.500000000000004 67.875000000000014 14.350000000000003 3.1247313894418665 2.8375000000000008 2.5000000000000004 1.4583333333333337 0.22500000000000001 10.037500000000003 7.6375000000000011 13.500000000000002 87.500000000000014 23.500000000000004 1.0500000000000003 14.500000000000002 22.687500000000004 0.025000000000000005 47.033199463559733 46.500000000000007 93.500000000000014 37.500000000000007
decision_type=2 2 2 2 2 2 2 2 2 2 2 2 2 2 2 2 2 2 2 2 2 2 2 2 2 2 2 2 2 2 2 2 2 2 2
left_child=3 5 16 6 13 -2 9 -8 -6 10 -1 12 24 14 -5 -7 28 18 -15 -14 21 22 23 -9 33 -26 -27 -13 -3 30 -24 -18 -10 34 -12
right_child=1 2 -4 4 8 15 7 20 32 -11 11 27 19 17 -16 -17 31 -19 -20 -21 -22 -23 29 -25 25 26 -28 -29 -30 -31 -32 -33 -34 -35 -36
leaf_value=-0.0023651550954812994 0.00087068776170837582 0.00050407919097392108 0.10072664761397307 -0.0039438700122304644 0.01681338877778972 0.031424861710535199 0.013952897495613618 0.0018926972801314589 -0.03458750352186573 -0.013345225039957371 0.019768897407350217 0.031803456955635877 -0.040854287597724977 -0.018388721575093185 0.0043216288210557998 0.15787845468727352 -1.988331468661636e-05 -0.0039668998294584337 0.00079086878406706054 -0.00084613651317148495 0.038751997037211584 -0.0058821664248182061 0.0092669254589074646 -0.0072214175870659175 0.0026519793999755675 -0.016706405163074773 -0.0006978547582403849 0.0040333191667298474 -0.015225528991093822 -0.0056108773158697412 0.015162470870216415 -0.022024767008275221 -0.004260773513130792 0.026677549817061816 5.2591008032888487e-05
leaf_weight=234 21 126 11.999999999999998 32 15.999999999999998 21 21 78 142 27 25 13.000000000000002 25 14.999999999999998 28 12.999999999999998 17 406 129 427 11.999999999999998 58 85 43 84 17 34 13.999999999999998 54 18 32 27 47 19 50
leaf_count=234 21 126 12 32 16 21 21 78 142 27 25 13 25 15 28 13 17 406 129 427 12 58 85 43 84 17 34 14 54 18 32 27 47 19 50
internal_value=-0.00157669 0.00269931 -0.000194224 -0.00216062 -0.00446746 0.0151148 -0.000731961 0.00262722 -0.00936968 -0.00193493 -0.00155822 -0.000275309 -0.000782991 -0.00281988 0.00477734 0.0232688 -0.00184286 -0.00364876 0.000318307 -0.00248629 0.00161803 0.00105901 0.00273239 -0.0010896 0.00257881 -0.000212112 -0.00708178 0.0125263 0 0.00615819 0.00779165 -0.00938103 -0.0108303 0.00658722 0.00420416
internal_weight=2422 291 236 2131 815 55 1316 347 205 969 942 708 681 610 60 34 224 550 144 452 326 314 256 121 229 135 51 27 180 135 117 44 189 94 75
internal_count=2422 291 236 2131 815 55 1316 347 205 969 942 708 681 610 60 34 224 550 144 452 326 314 256 121 229 135 51 27 180 135 117 44 189 94 75
is_linear=0
shrinkage=0.0573391


Tree=97
num_leaves=41
num_cat=0
split_feature=10 0 11 38 46 3 38 26 19 19 101 5 36 19 19 36 5 41 41 5 13 13 11 41 41 5 3 16 19 11 11 19 11 38 41 38 101 11 38 11
split_gain=2.21428 2.10528 2.46183 1.95577 1.86902 2.23985 1.62465 1.51466 1.51431 3.00737 1.47365 1.43242 1.23106 1.5884 1.22687 2.91594 1.16048 1.12244 1.58447 1.11993 1.09923 2.60005 1.58284 2.54306 1.56088 1.05476 1.03799 1.61427 1.01341 0.97859 0.784371 0.777485 0.741633 0.73547 0.71816 1.5991 0.694883 1.39453 0.699963 0.669991
threshold=15.439542187607325 38.500000000000007 2.2187500000000004 7.0500000000000007 0.025000000000000005 55.500000000000007 12.250000000000002 0.81174490092936691 41.500000000000007 22.500000000000004 1.1745024456314144 32.100000000000009 6.2500000000000009 7.5000000000000009 4.5000000000000009 7.5500000000000007 8.9500000000000011 10.600000000000003 13.500000000000002 4.2500000000000009 12.500000000000002 13.500000000000002 5.3604166666666684 27.550000000000001 19.600000000000005 7.5500000000000007 94.500000000000014 2.5000000000000004 28.500000000000004 6.0145833333333343 5.6562500000000009 18.500000000000004 1.1187500000000001 24.250000000000004 40.500000000000007 27.150000000000002 0.97895939819972988 2.0062500000000005 28.750000000000004 2.4854166666666671
decision_type=2 2 2 2 2 2 2 2 2 2 2 2 2 2 2 2 2 2 2 2 2 2 2 2 2 2 2 2 2 2 2 2 2 2 2 2 2 2 2 2
left_child=14 2 3 -2 26 8 28 12 9 -6 11 17 -8 19 32 -16 25 -3 -19 -14 36 24 -23 29 -22 33 27 31 -5 -24 -25 -4 -1 -15 -7 -36 39 -38 -39 -20
right_child=1 10 4 6 5 34 7 -9 -10 -11 -12 -13 13 16 15 -17 -18 18 20 -21 21 22 23 30 -26 -27 -28 -29 -30 -31 -32 -33 -34 -35 35 -37 37 38 -40 -41
leaf_value=-0.043661201700905108 0.0057223546713493292 -0.021136144244621419 0.012252167684209654 -0.011349846070554779 0.022940295030276194 -0.0095959656618389028 -0.030309596988624593 -0.040879174699346245 0.036010569459527166 -0.0049942481288433212 -0.031140629779195923 0.042055146222458088 0.005420504662558309 0.0010002887531100127 0.015999371344257253 -0.01469238458741772 0.0045744119856813798 0.0079086383944064007 -0.015690127339263081 0.028006553176826304 0.031765335280714554 -0.0027175588041629902 0.050898187017871403 0.0023513078625238726 0.00080234991607606163 -0.010125146643147554 0.082992939595382453 0.0081891270157108675 -4.7434587982642948e-06 0.0098701969361408709 -0.0054374521998282813 -0.00055641840520458813 -0.0015753316519244041 -0.0036891830501181205 0.010933949967925991 -0.01632452553734811 0.017232576320357993 -0.002225277406287298 -0.021592337902018369 -0.0031046974798806851
leaf_weight=46 18 13.999999999999998 36 38 30 32 25 14.999999999999998 12.999999999999998 24 25 12.999999999999998 31 83 30 54 21 17 21 12.999999999999998 23 626 15.000000000000002 42 448 12.999999999999998 15.999999999999998 45 14.999999999999998 11.999999999999998 88 28 15.999999999999998 30 12.000000000000002 12.999999999999998 22 262 31 63
leaf_count=46 18 14 36 38 30 32 25 15 13 24 25 13 31 83 30 54 21 17 21 13 23 626 15 42 448 13 16 45 15 12 88 28 16 30 12 13 22 262 31 63
internal_value=-0.000538058 -9.83678e-05 0.00298654 -0.00049353 0.00720742 0.00221923 -0.00165542 0.000421822 0.00932717 0.00509576 -0.00108549 -0.000881859 0.00164565 0.00321194 -0.00738293 -0.0028664 0.000350816 -0.00102827 -0.000892683 0.0127689 -0.00107183 -0.000237743 -0.00226275 0.00288492 0.00312859 -0.00172895 0.0121552 0.010152 -0.010709 0.0188962 -0.000440797 0.0042996 -0.0135009 5.04425e-05 -0.00613521 0.00114523 -0.00369315 -0.00245725 -0.0035028 -0.00832697
internal_weight=2419 2273 551 302 249 124 284 231 67 54 1722 1697 216 191 146 84 147 1684 1670 44 1653 1254 783 157 471 126 125 109 53 27 130 64 62 113 57 25 399 315 293 84
internal_count=2419 2273 551 302 249 124 284 231 67 54 1722 1697 216 191 146 84 147 1684 1670 44 1653 1254 783 157 471 126 125 109 53 27 130 64 62 113 57 25 399 315 293 84
is_linear=0
shrinkage=0.0573391


Tree=98
num_leaves=23
num_cat=0
split_feature=31 1 11 4 48 8 1 10 25 10 4 10 76 68 8 42 10 10 10 8 10 8
split_gain=1.75512 2.5321 2.17663 4.29914 2.02744 2.98888 1.84679 1.47045 1.36988 1.30286 1.52713 1.56598 1.22078 1.21835 1.20486 1.41469 1.18466 0.87707 1.48329 0.731154 0.679299 0.62876
threshold=1.0000000180025095e-35 120.50000000000001 1.6354166666666672 3.7500000000000004 93361.500000000015 67.812500000000014 69.500000000000014 12.462949896242185 1.0000000180025095e-35 21.886295272102608 11.050000000000002 50.785952506370315 2098.5000000000005 1.0000000180025095e-35 47.229166666666679 2.4930000000000003 84.324607908261314 44.475882492958483 41.498544920483383 9.8125000000000018 48.443359213407888 75.270833333333357
decision_type=2 2 2 2 2 2 2 2 2 2 2 2 2 2 2 2 2 2 2 2 2 2
left_child=2 4 -1 8 5 6 7 -2 -4 -5 11 20 -10 19 15 -3 -7 18 -9 -6 -11 -21
right_child=1 14 3 9 13 16 -8 17 12 10 -12 -13 -14 -15 -16 -17 -18 -19 -20 21 -22 -23
leaf_value=-0.02227959110894559 0.030579117927519942 0.013173037755742651 -0.0064232973324015626 -0.027732732967683752 -0.04042719904550713 0.031463338874106163 -0.016605025841898741 -0.0014396233285275332 0.011325186918010677 -0.0022758554527880122 -0.018476786638982036 0.003835341927488768 0.0034129516825466707 0.016507205844823503 0.095138775491048849 -0.00025603036333524137 -0.0035728598850614376 -0.019786588196844545 0.042550824137348654 1.1688282037080938e-05 -0.028250939068772244 0.047616021035578507
leaf_weight=65 17 21 13.999999999999998 25 19 13.000000000000002 96 184 18 307 87 52 35 66 17 43 11.999999999999998 59 13.999999999999998 1225 19 15.999999999999998
leaf_count=65 17 21 14 25 19 13 96 184 18 307 87 52 35 66 17 43 12 59 14 1225 19 16
internal_value=-0.00111649 -0.000209992 -0.00374263 -0.00258378 -0.000676321 -0.00428215 -0.00557878 -0.00318068 0.0110387 -0.0044466 -0.00376084 -0.00218423 0.0152524 0.000397801 0.00969714 0.00609132 0.0149041 -0.00426118 -0.00243234 0 -0.00365829 0.000170926
internal_weight=2424 1802 622 557 1721 395 370 274 67 490 465 378 53 1326 81 64 25 257 198 1260 326 1241
internal_count=2424 1802 622 557 1721 395 370 274 67 490 465 378 53 1326 81 64 25 257 198 1260 326 1241
is_linear=0
shrinkage=0.0573391


Tree=99
num_leaves=28
num_cat=0
split_feature=100 8 82 88 82 80 53 82 60 80 80 80 2 2 82 82 82 80 80 80 80 80 82 82 2 2 82
split_gain=1.95317 1.73552 1.35892 1.20662 1.53323 1.50914 1.44773 1.90671 1.13671 1.1061 1.24426 1.21052 0.980133 2.08044 1.34251 1.45096 1.21679 0.910521 0.948867 1.0217 1.1565 0.833407 0.820822 1.41347 0.681836 1.82963 0.649278
threshold=564.67391304347836 13.770833333333334 24.568750000000005 1.0000000180025095e-35 6.9687500000000009 19.112500000000004 2635.0000000000005 9.2937500000000028 0.45000000000000007 12.837500000000004 15.437500000000002 11.912500000000003 33.500000000000007 23.500000000000004 6.2437500000000012 3.6291666666666669 4.6535714285714294 5.3625000000000016 6.3583333333333352 7.3625000000000016 8.0125000000000011 6.3125000000000018 3.9535714285714287 4.4187500000000011 52.500000000000007 46.500000000000007 4.7550000000000008
decision_type=2 2 2 2 2 2 2 2 2 2 2 2 2 2 2 2 2 2 2 2 2 2 2 2 2 2 2
left_child=-1 24 3 6 -5 9 8 -8 12 11 -11 -6 13 14 15 -3 -14 -18 -19 -20 -21 -15 -17 -24 25 -2 -25
right_child=1 2 -4 4 5 -7 7 -9 -10 10 -12 -13 16 21 -16 22 17 18 19 20 -22 -23 23 26 -26 -27 -28
leaf_value=0.015110046447918111 -0.013782626800931964 -0.014769844681433686 0.067374420223227205 -0.017087374480597023 -0.00020153422777595935 -0.0093345613831674161 0.0068084513670271371 -0.004756010984978353 -0.009848945473566845 0.0098938981910348944 -0.0022552471415398226 -0.02478193684741805 -0.0076184878533899127 0.0067813382161206063 -0.0064835878910628267 0.0075051621134141783 0.0012742728822418611 -0.0032559294415401702 0.00091536380133807813 -0.0021719425541457033 -0.0003690936815318253 0.00053465600202666648 -0.0099870154935630586 0.0063314456987150474 -0.08523314584894566 0.023570045150907836 0.001535145897649897
leaf_weight=15.999999999999998 126 26 18 89 107 48 43 21 51 46 42 18 82 99 67 12.999999999999998 80 111 133 103 893 72 19 12.999999999999998 36 11.999999999999998 52
leaf_count=16 126 26 18 89 107 48 43 21 51 46 42 18 82 99 67 13 80 111 133 103 893 72 19 13 36 12 52
internal_value=-0.00133696 -0.001469 -0.00104158 -0.00116838 -0.00425933 -0.00204295 -0.000592302 0.00788304 -0.00089136 2.67608e-05 0.00495138 -0.00343995 -0.0006472 0.00201707 -0.00211227 0.0014448 -0.00133325 -0.000912185 -0.00129472 -0.000797332 -0.00142768 0.00660536 0.00466932 0.00259337 -0.00698577 -0.0051518 0.00661507
internal_weight=2436 2420 2246 2228 350 261 1878 64 1814 213 88 125 1763 361 190 123 1402 1320 1240 1129 996 171 97 84 174 138 65
internal_count=2436 2420 2246 2228 350 261 1878 64 1814 213 88 125 1763 361 190 123 1402 1320 1240 1129 996 171 97 84 174 138 65
is_linear=0
shrinkage=0.0573391


Tree=100
num_leaves=68
num_cat=0
split_feature=101 46 46 36 101 101 41 8 8 102 46 102 26 8 102 36 8 53 26 102 102 77 102 2 77 41 2 77 41 46 2 36 36 102 77 102 102 102 2 101 11 102 36 77 77 77 77 2 102 77 77 102 2 102 102 77 102 102 102 102 102 102 102 102 102 46 102
split_gain=1.86532 1.85787 2.89119 1.4258 1.36306 1.75243 2.42881 1.846 1.84526 1.93633 1.43767 2.66097 2.49691 2.39319 2.29898 1.70305 1.68178 1.56149 1.7517 1.98102 1.3825 1.26916 2.11902 1.76043 1.84018 2.82018 2.06114 1.49886 1.31806 2.07226 1.58658 1.26137 1.25403 2.18376 2.6352 2.42343 1.22584 2.2093 1.21111 1.19765 1.18643 1.13915 0.970293 0.89604 1.20382 1.06574 1.17149 0.864149 0.862415 0.846247 0.839885 0.828313 0.920204 0.807733 1.9248 2.05045 1.12445 1.04247 1.21647 0.888516 0.727594 1.62199 1.13372 1.18254 1.48762 0.667691 0.63971
threshold=1.1494534144126007 1.4583333333333337 1.6916666666666669 6.8500000000000005 1.0921950402089171 1.0953195861446952 39.800000000000004 20.229166666666668 33.312500000000007 88.830555555555563 1.0000000180025095e-35 90.054444444444457 0.81174490092936691 46.937500000000007 91.096111111111128 7.6500000000000012 90.750000000000014 2006.0000000000002 -0.56174490092936669 67.006527777777805 71.820000000000022 2170.5000000000005 88.830555555555563 96.500000000000014 1561.0000000000002 50.95000000000001 60.500000000000007 1790.5000000000002 26.450000000000006 0.041666666666666671 40.500000000000007 8.0500000000000025 11.950000000000001 83.887222222222235 2035.5000000000002 82.932777777777787 82.561111111111117 86.817222222222242 124.50000000000001 1.0270426169587692 2.5187500000000007 76.337222222222252 15.15 2014.5000000000002 1826.5000000000002 1883.5000000000002 1917.5000000000002 36.500000000000007 89.615000000000009 1936.5000000000002 1490.0000000000002 66.403968253968273 10.500000000000002 76.379444444444459 80.768333333333331 2889.0000000000005 78.596666666666678 81.268333333333331 84.304444444444457 82.995555555555583 72.526666666666685 71.419444444444466 76.100555555555573 77.681111111111136 82.798888888888897 0.058333333333333341 81.913333333333341
decision_type=2 2 2 2 2 2 2 2 2 2 2 2 2 2 2 2 2 2 2 2 2 2 2 2 2 2 2 2 2 2 2 2 2 2 2 2 2 2 2 2 2 2 2 2 2 2 2 2 2 2 2 2 2 2 2 2 2 2 2 2 2 2 2 2 2 2 2
left_child=1 4 -3 -2 10 -6 -7 -8 -9 -10 11 12 17 40 -15 -14 21 18 19 -1 -21 23 28 24 25 26 47 -26 29 -23 51 -5 41 34 42 -36 -22 -38 53 43 -13 -29 -34 44 50 -46 -47 -12 -35 -44 -20 -30 -53 -32 55 56 -55 -56 59 66 61 -54 -62 -64 -65 -24 -59
right_child=3 2 -4 31 5 6 7 8 9 -11 16 13 15 14 -16 -17 -18 -19 39 20 36 22 65 -25 27 -27 -28 32 30 -31 38 -33 33 48 35 -37 37 -39 -40 -41 -42 -43 49 -45 45 46 -48 -49 -50 -51 -52 52 60 54 57 -57 -58 58 -60 -61 62 -63 63 64 -66 -67 -68
leaf_value=0.011281606605292207 -0.060962622303964153 0.04903921886223063 -0.0063614274635464601 0.0082475147130415365 0.018601741274173109 -0.0068314962897516249 0.012342757122216858 -0.0037936276006347897 0.22550424445673203 -0.0086373621067441925 0.0029981698086295641 0.0057121081600126616 0.0027417247012985623 0.061999153717083547 0.0031285658106754992 -0.027802713126793881 0.47939658708157384 0.0081540358711032143 0.0042444868846569844 -0.039799048628612894 0.0048268087867940129 0.0076145187112778463 0.0092790597190689893 -0.010451363902143818 -0.0075803248834006879 -0.018917436876411124 0.0065680540638982186 -7.2018798679003955e-05 -8.9457622862451633e-05 -0.021604538123721276 -0.0025157447726781162 -0.014484743272407461 0.0062305281859307473 -0.022016472720532032 -0.01013313729172503 0.056406011730172505 -0.035648306716123387 0.0014733588419909131 0.017638031190430063 -0.014236460891276502 -0.030956661297228339 -0.026940222901909842 -6.8935257894640041e-05 -0.0036451794727074892 0.0054728071962824162 -0.021721811871832541 0.0029301070461770231 -0.00014751742608485637 0.0054150277692017815 0.010390251362481784 -0.011092713820074675 0.026376178610409275 0.00060746234594252974 -0.012055851825777468 -0.041963831327651142 0.048993629216767372 0.037495680572537153 0.029788102266982131 -0.0087679519402008108 0.039269214260252733 -0.021370374796639849 0.061621106713117643 0.0020581237661073761 -0.01398347130163681 0.0068619388039566093 0.0020939302190733458 -0.0016644380890930993
leaf_weight=36 49 14.000000000000002 13.999999999999998 23 13.999999999999998 50 11.999999999999998 12.999999999999998 12.000000000000002 13.999999999999998 17 23 18 13.999999999999998 20 119 11.999999999999998 24 11.999999999999998 17 89 18 15.000000000000002 46 87 24 22 29 34 74 150 47 29 73 37 18 51 41 21 70 25 40 15.000000000000002 315 11.999999999999998 12.999999999999998 35 14.999999999999998 28 12.999999999999998 36 12.999999999999998 17.000000000000004 21 13.999999999999998 17 19 11.999999999999998 77 27 11.999999999999998 11.999999999999998 14.999999999999998 28 42 11.999999999999998 42
leaf_count=36 49 14 14 23 14 50 12 13 12 14 17 23 18 14 20 119 12 24 12 17 89 18 15 46 87 24 22 29 34 74 150 47 29 73 37 18 51 41 21 70 25 40 15 315 12 13 35 15 28 13 36 13 17 21 14 17 19 12 77 27 12 12 15 28 42 12 42
internal_value=-0.0015273 -0.00116662 0.0135123 -0.00852798 -0.00134677 0.00473623 0.00210011 0.010904 0.00485034 0.0136695 -0.00166962 -0.00331025 -0.00422289 0.00657225 0.0182102 -0.0113416 -0.000340078 -0.00292416 -0.00339927 0.000685951 -0.00156359 -0.000556426 0.00102741 -0.00277963 -0.00168032 0.0063212 0.0135897 -0.00337184 0.000387955 -0.00598255 0.00141089 -0.00327583 -0.00134184 0.000834337 0.0063477 -0.0026055 -9.48499e-05 -0.00473611 -0.000573301 -0.00533835 -0.00167153 -0.0080597 0.0149869 -0.00418848 0.000318225 0.00573292 0.00191042 0.00429877 -0.00527917 0.00736977 -0.00644934 0.00599871 0.00796097 -0.00131612 0.00082612 0.00995751 0.00286579 -0.00219997 -0.000870737 0.00403433 0.00646153 0.0144302 0.00407822 0.00640775 0.00327583 0.0167729 -0.000211728
internal_weight=2429 2310 28 119 2282 115 101 51 39 26 2167 970 888 82 34 137 1197 751 727 234 198 1185 692 493 447 78 54 369 665 92 573 70 282 213 112 55 181 92 400 493 48 69 57 423 108 60 48 32 101 28 48 173 139 379 229 57 40 172 158 81 126 29 97 85 70 27 54
internal_count=2429 2310 28 119 2282 115 101 51 39 26 2167 970 888 82 34 137 1197 751 727 234 198 1185 692 493 447 78 54 369 665 92 573 70 282 213 112 55 181 92 400 493 48 69 57 423 108 60 48 32 101 28 48 173 139 379 229 57 40 172 158 81 126 29 97 85 70 27 54
is_linear=0
shrinkage=0.0573391


Tree=101
num_leaves=82
num_cat=0
split_feature=6 88 8 3 11 77 11 5 3 100 77 11 78 11 11 100 78 77 100 78 100 78 100 100 11 102 5 100 11 8 100 100 78 3 77 11 100 100 5 100 53 82 82 5 5 82 82 77 77 82 5 100 77 77 100 82 82 100 11 11 100 100 100 77 100 100 100 100 100 82 82 100 82 100 82 77 100 82 82 82 11
split_gain=2.0635 1.54733 1.92634 3.37196 1.37256 1.34378 1.3271 1.19264 1.66149 1.28994 1.16221 2.28079 1.15663 3.30082 2.75961 1.90366 1.78883 1.49012 1.58624 1.47696 1.46318 1.41989 1.5443 1.34612 2.2411 1.18856 1.11531 1.09502 1.50948 1.15143 1.07664 1.03406 1.47317 1.01648 1.00222 0.995139 1.14559 0.993029 2.4828 1.23596 1.12306 2.33378 1.60036 1.34101 1.08501 1.70379 3.2276 1.1878 0.978715 1.00814 0.964912 1.11833 0.95318 1.05115 1.04544 0.913756 0.892622 0.760582 0.927691 1.12678 0.727274 1.83649 1.243 1.29686 0.838682 1.21425 1.10733 1.03929 0.98511 0.894401 1.47378 0.819871 1.11606 1.84135 0.758831 1.02145 0.696274 0.695363 1.08618 0.662804 0.626437
threshold=2.6500000000000008 1.0000000180025095e-35 21.854166666666668 43.500000000000007 5.572916666666667 1167.0000000000002 1.9333333333333333 1.7500000000000002 4.5000000000000009 564.67391304347836 1987.0000000000002 2.8979166666666671 1058.0000000000002 2.4687500000000004 2.5729166666666674 965.62222222222238 809.85000000000014 1424.5000000000002 842.04444444444459 1042.2 799.76666666666677 1105.8000000000002 749.50555555555559 916.52222222222235 2.8479166666666673 90.926111111111126 9.7500000000000018 960.42222222222233 2.7395833333333339 25.145833333333339 892.28888888888901 957.50555555555559 1018.1500000000001 133.50000000000003 1991.5000000000002 3.4270833333333344 903.85555555555572 961.82222222222231 11.050000000000002 960.42222222222233 1350.5000000000002 14.256250000000003 5.1562500000000009 15.550000000000002 4.3500000000000005 6.1937500000000005 7.9937500000000012 3998.5000000000005 2707.5000000000005 10.118750000000002 5.1500000000000012 958.28888888888901 2071.5000000000005 2575.5000000000005 884.94444444444457 15.068750000000001 9.1062500000000028 931.82222222222231 3.322916666666667 6.0145833333333343 908.99444444444464 904.11666666666679 914.72777777777799 1890.5000000000002 710.33447488584488 752.27777777777794 661.24189291101072 759.45555555555563 733.55555555555566 8.5812500000000025 7.1062500000000011 869.35555555555572 5.0312500000000009 851.3277777777779 12.340178571428574 2346.5000000000005 637.57988871224177 8.2812500000000018 6.8687500000000012 13.043750000000001 1.7145833333333338
decision_type=2 2 2 2 2 2 2 2 2 2 2 2 2 2 2 2 2 2 2 2 2 2 2 2 2 2 2 2 2 2 2 2 2 2 2 2 2 2 2 2 2 2 2 2 2 2 2 2 2 2 2 2 2 2 2 2 2 2 2 2 2 2 2 2 2 2 2 2 2 2 2 2 2 2 2 2 2 2 2 2 2
left_child=6 5 80 10 27 -2 -1 -7 -9 -10 -4 -12 13 31 26 16 -16 18 -14 20 -18 22 -19 35 -25 33 -15 28 29 -5 -6 32 -11 37 -34 -22 -37 39 -39 40 44 42 -42 52 45 -23 -47 50 49 -48 -46 60 -44 54 -54 -50 -24 -26 -59 -60 61 64 -62 -64 66 68 76 -67 -66 70 71 72 73 -69 77 -76 -52 78 -65 -58 -3
right_child=1 2 3 4 30 7 -8 8 9 12 11 -13 17 14 15 -17 19 21 -20 -21 23 25 56 24 57 -27 -28 -29 -30 -31 -32 -33 34 -35 -36 36 -38 38 -40 -41 41 -43 43 -45 47 46 48 -49 55 -51 51 -53 53 -55 -56 -57 79 58 59 -61 62 -63 63 74 65 67 -68 69 -70 -71 -72 -73 -74 -75 75 -77 -78 -79 -80 -81 -82
leaf_value=-0.019833903069185175 -0.022863799837469688 -0.0085790526075682529 -0.0015152450596534449 -0.038151423729305488 -0.022046901435099384 -0.030521256755832341 0.00093301496944461597 0.0072395492887416275 0.024326994365337713 -0.027362569191833577 -0.0015411991970798787 0.0060310879977332043 -0.003049445886769908 0.0035575467415894448 -0.0013038457479326801 -0.0034911606429820913 0.14049337361710393 0.01116305789881876 0.017411882089160564 -0.028649532336734274 0.011355603035855626 -0.0018129226229695351 -0.0061517557395623481 -0.012104515304014995 0.023143204486631996 -0.07430060767576159 0.0089745213461912034 0.033375390127156193 -0.011556890461498801 0.0063007545103610663 0.031952732419398916 0.0027992901696962456 -0.020608987840486551 -0.0092884799810273033 0.0025061675689382131 0.0041212562542705874 -0.039455268586197974 -0.0035674834848633849 0.088835062690712077 -0.053943034470936603 0.0072187018853209755 0.024985480941841828 -0.011751445232732634 0.0024967906935758439 -0.0044067793831664747 0.011000717079240899 0.004244617964336843 -0.016774957347312214 0.00018528756225324398 -0.010032932812251429 -0.028405782787384225 0.0053369165941527874 -0.0016535790810164857 -0.0044521593294749679 0.035011549011851939 0.025230981551383203 0.0014401780808357546 0.006305171953581463 0.001562153422451058 0.020130574268869786 -0.041264126508499262 0.012714658930679827 0.041925262776122026 -0.0046063813053100894 0.0038735916148496872 -0.046904888700451841 -0.013565721829415017 0.009641802720231284 0.041584452528696053 -0.0029371503361032107 0.0034226444609106888 0.0021664954251186365 -0.0030109953919604665 -0.028869383982755691 0.02471152929676082 -0.0037680536200964156 0.0041415559885925888 -0.010277019171130634 0.0045908631410299175 -0.0086846668421188735 -0.025553020057487254
leaf_weight=54 21 25 12.999999999999998 12.999999999999998 14.000000000000002 12.999999999999998 21 15.999999999999998 12.999999999999998 70 14.999999999999998 25 12.999999999999998 12.000000000000002 19 26 12.999999999999998 17 19 11.999999999999998 19 71 81 18 15.999999999999998 20 12.999999999999998 12.999999999999998 143 30 14.999999999999998 15.999999999999998 13.000000000000002 28 14.999999999999998 41 23 15.000000000000002 13.999999999999998 13.999999999999998 13.999999999999998 24 26 13.999999999999998 84 29 20 28 30 13.999999999999998 15.000000000000002 13.999999999999998 26 23 17 13.999999999999998 28 20 44 20 21 20 23 25 37 11.999999999999998 58 25 19 245 48 40 86 11.999999999999998 12.000000000000002 19 15.999999999999998 46 21 18 42
leaf_count=54 21 25 13 13 14 13 21 16 13 70 15 25 13 12 19 26 13 17 19 12 19 71 81 18 16 20 13 13 143 30 15 16 13 28 15 41 23 15 14 14 14 24 26 14 84 29 20 28 30 14 15 14 26 23 17 14 28 20 44 20 21 20 23 25 37 12 58 25 19 245 48 40 86 12 12 19 16 46 21 18 42
internal_value=-0.000958411 -0.000657814 -0.00418495 -0.0021016 -0.00513009 -4.03633e-05 -0.01032 0.000113669 0.000228869 7.69073e-05 0.0109253 0.0157656 -4.46629e-05 0.00265707 0.00584993 0.004168 0.00573367 -0.000775852 0.0114651 0.00715441 0.00825221 -0.00104004 -0.00645021 0.00704582 0.0109812 -0.000458173 0.0240767 -0.0068285 -0.00795311 0.00146588 0.00652261 -0.0056328 -0.00783954 -0.000247763 0.00327479 0.00145026 -0.00197037 -1.3299e-05 0.0104764 -0.00025441 -6.42962e-05 0.00469824 0.00143314 -0.000973325 -0.000685544 0.0034143 0.00798395 -0.00147368 0.00191076 -0.00539491 -0.00111098 -0.000507133 -0.00348967 0.000173233 0.00546586 0.00755679 -0.00862287 0.0143338 0.0121494 0.0087789 -0.000788367 9.95869e-05 -0.0041542 -0.00227755 -0.000458281 0.00041575 -0.0056044 -0.000539009 0.0083948 -0.000100521 0.00263575 3.49696e-05 -0.00228388 0.0060422 -0.00461466 0.00314286 0.00314286 -0.00722899 -0.00224275 -0.00224275 -0.0129213
internal_weight=2411 2336 348 281 228 1988 75 1967 1954 1938 53 40 1925 410 296 271 245 1515 32 226 214 1483 144 201 118 1339 25 199 186 43 29 114 98 1319 28 83 64 1291 29 1262 1248 144 120 106 1104 178 107 926 78 34 898 814 92 66 43 44 127 100 84 64 800 633 167 146 613 524 89 468 56 456 211 163 123 37 123 31 31 92 46 46 67
internal_count=2411 2336 348 281 228 1988 75 1967 1954 1938 53 40 1925 410 296 271 245 1515 32 226 214 1483 144 201 118 1339 25 199 186 43 29 114 98 1319 28 83 64 1291 29 1262 1248 144 120 106 1104 178 107 926 78 34 898 814 92 66 43 44 127 100 84 64 800 633 167 146 613 524 89 468 56 456 211 163 123 37 123 31 31 92 46 46 67
is_linear=0
shrinkage=0.0573391


Tree=102
num_leaves=32
num_cat=0
split_feature=26 10 41 36 36 90 24 10 41 10 10 100 100 41 66 100 3 41 3 41 3 10 3 41 3 101 100 3 41 41 41
split_gain=2.06338 3.23598 2.45446 2.33368 1.44942 1.39749 1.69133 2.04376 1.91808 1.38484 2.2516 1.26774 1.22725 1.12944 1.04702 1.06287 1.07508 1.01845 1.43121 1.26208 1.24529 1.01341 0.900682 0.874873 0.824477 0.820699 0.806007 0.726582 0.670282 1.16643 0.867886
threshold=0.81174490092936691 25.640420083205324 39.400000000000013 7.9500000000000011 11.750000000000002 1.0000000180025095e-35 -0.9159756150367534 18.306370005137435 16.750000000000004 15.439542187607325 16.628668502494339 960.42222222222233 915.09444444444455 28.600000000000005 1.0000000180025095e-35 972.85000000000014 71.500000000000014 21.050000000000001 53.500000000000007 22.500000000000004 19.500000000000004 11.537542839060139 31.500000000000004 23.950000000000006 41.500000000000007 1.1012056450626817 840.59444444444455 33.500000000000007 31.850000000000005 38.350000000000009 36.900000000000013
decision_type=2 2 2 2 2 2 2 2 2 2 2 2 2 2 2 2 2 2 2 2 2 2 2 2 2 2 2 2 2 2 2
left_child=5 -2 11 -4 -5 9 8 22 -7 21 -11 23 26 -9 15 16 17 18 24 -19 -21 -1 -8 -3 -12 28 -6 -22 -15 30 -30
right_child=1 2 3 4 12 6 7 13 -10 10 14 -13 -14 25 -16 -17 -18 19 -20 20 27 -23 -24 -25 -26 -27 -28 -29 29 -31 -32
leaf_value=-0.00021566551354113705 -0.02495309775893988 -0.002185887945056272 0.020318157855676561 -0.015949785515931549 0.00050913870943386996 0.030422456329954901 -0.0087734839239251676 0.0043789716075441241 0.004865931034324561 0.0032998643708556236 0.0018243673104980499 0.0077842320409796904 -0.0024674639096464368 -0.0075538208017506079 -0.0088686428425558284 -0.017755706869144947 -0.0024659853082448541 -0.0061245462534175107 0.0079419168607928522 -0.0074915337282349731 0.0025599105342906945 -0.021898691902117722 -0.01480615328594804 -0.022105275969706906 -0.004168620137497598 0.0029945968982012096 0.0078790081623327183 -9.9916175983212388e-05 0.0044502887174305119 -0.00035828081849288457 0.016772313721995415
leaf_weight=14.999999999999998 62 51 21 32 15.999999999999998 12.999999999999998 73 100 222 12.999999999999998 23 19 21 29 37 20 564 13.999999999999998 22 43 99 38 45 105 14.999999999999998 12.999999999999998 25 477 39 152 11.999999999999998
leaf_count=15 62 51 21 32 16 13 73 100 222 13 23 19 21 29 37 20 564 14 22 43 99 38 45 105 15 13 25 477 39 152 12
internal_value=-0.00125059 -0.00531022 -0.00276794 0.00373907 -0.000121635 -0.000562889 0.00152789 -0.000482909 0.00548966 -0.00162042 -0.00125737 -0.00704414 0.00499314 0.00174498 -0.00149236 -0.0012168 -0.00100808 0.000504664 0.00764407 -0.000172054 0.000212997 -0.010709 -0.00699676 -0.00874742 0.000904361 -0.000350913 0.0107666 0.000915767 -0.00113673 2.8079e-05 0.00753145
internal_weight=2430 352 290 115 94 2078 698 463 235 1380 1327 175 62 345 1314 1277 1257 693 60 633 619 53 118 156 38 245 41 576 232 203 51
internal_count=2430 352 290 115 94 2078 698 463 235 1380 1327 175 62 345 1314 1277 1257 693 60 633 619 53 118 156 38 245 41 576 232 203 51
is_linear=0
shrinkage=0.0573391


Tree=103
num_leaves=76
num_cat=0
split_feature=46 46 1 0 12 6 6 46 8 102 12 1 79 12 6 102 12 11 79 11 11 102 79 13 8 8 11 16 0 12 12 102 102 12 12 6 12 6 11 11 11 102 102 79 6 12 6 6 102 0 12 6 6 6 6 12 8 8 8 12 11 102 102 102 102 0 0 0 0 8 8 8 8 8 0
split_gain=1.66474 2.2805 3.47129 2.79718 2.89764 3.10608 2.64403 2.18826 2.37229 3.32646 1.90491 1.62097 1.57347 1.53886 1.52706 2.59399 1.49797 1.60837 2.38438 1.47891 2.02596 1.95567 1.44799 1.37631 1.53796 1.49509 1.35851 1.33375 3.35743 1.29554 1.18693 1.18648 1.17315 1.15005 1.07696 1.0738 1.06632 1.05157 1.04226 1.01022 1.29592 1.00714 1.31162 0.98721 1.76492 0.972646 0.943199 1.32964 1.32748 0.920932 0.91653 0.797731 1.54505 1.75971 3.00492 1.22972 0.774489 0.759552 1.3318 0.727369 0.726383 0.979348 0.930936 0.749943 0.790915 0.711414 1.19011 0.78569 1.69724 0.668358 2.37571 0.842077 0.712727 0.646579 0.634332
threshold=1.0000000180025095e-35 0.058333333333333341 96.500000000000014 92.500000000000014 2.4824404761904764 15.15 4.5500000000000007 1.5666666666666669 60.437500000000007 78.445000000000007 4.6568452380952392 113.50000000000001 57.375000000000007 4.1041666666666687 5.2500000000000009 58.634774436090233 3.2967261904761913 2.4520833333333338 37.625000000000007 4.7604166666666679 6.0145833333333343 85.304444444444457 51.875000000000007 14.500000000000002 12.479166666666668 10.708333333333334 1.9062500000000002 2.5000000000000004 45.500000000000007 2.711011904761905 4.1836309523809527 90.423888888888897 81.913333333333341 3.2773809523809532 3.667559523809524 8.7500000000000018 4.4407738095238107 10.250000000000002 2.1020833333333337 5.6187500000000012 5.3937500000000007 84.098888888888908 85.481666666666683 74.875000000000014 9.3500000000000032 3.9080357142857154 11.750000000000002 7.6500000000000012 71.419444444444466 100.50000000000001 3.5797619047619054 19.250000000000004 11.950000000000001 7.4500000000000011 6.2500000000000009 3.3261904761904768 67.229166666666671 16.145833333333339 24.479166666666668 3.1943452380952384 5.1000000000000005 80.102777777777789 83.415555555555571 89.690555555555576 87.64777777777779 18.500000000000004 29.500000000000004 46.500000000000007 66.500000000000014 55.854166666666679 64.229166666666671 27.854166666666668 75.270833333333357 19.229166666666668 112.50000000000001
decision_type=2 2 2 2 2 2 2 2 2 2 2 2 2 2 2 2 2 2 2 2 2 2 2 2 2 2 2 2 2 2 2 2 2 2 2 2 2 2 2 2 2 2 2 2 2 2 2 2 2 2 2 2 2 2 2 2 2 2 2 2 2 2 2 2 2 2 2 2 2 2 2 2 2 2 2
left_child=10 2 6 4 41 7 26 8 13 -10 14 33 -4 16 22 -16 46 38 -19 29 21 39 23 24 25 -1 -2 32 43 -8 -7 -12 65 -5 50 56 -15 -37 -18 40 -21 -3 -43 44 -29 -36 47 59 -49 -14 51 52 53 54 -31 -54 -30 -26 -59 -6 61 -20 -63 64 -64 -17 -67 -68 -69 71 -71 -39 -72 -34 -70
right_child=1 3 12 11 5 30 19 -9 9 -11 31 -13 49 36 15 27 17 18 60 20 -22 -23 -24 -25 57 -27 -28 28 35 34 -32 -33 73 -35 45 37 -38 69 -40 -41 -42 42 -44 -45 -46 -47 -48 48 -50 -51 -52 -53 55 -55 -56 -57 -58 58 -60 -61 -62 62 63 -65 -66 66 67 68 74 70 72 -73 -74 -75 -76
leaf_value=0.0011062974192662281 0.0074054148314036533 -0.025160587444649177 0.0025083925099652544 -0.0012146334689057223 0.0013660842552143202 -0.0095178743334118927 0.014521797145783177 0.021885545241162631 0.28116229301391421 0.0043608626665074951 -0.049568106275809154 0.0036541716505024283 0.018343592363856943 0.0029159135280536204 0.036034125649262908 -0.0065741049774356436 0.00051795923860591369 0.020514971903555161 0.0058053863793317544 0.028145296028645687 -0.014788222741209214 -0.026522019798753724 -0.018570292128560317 -0.0096116740883218678 -0.0092589390882067517 0.0056892245718167247 0.026697056150358504 0.0034956114519186445 0.0011057608741827148 -0.009525367071976128 0.019701873334197401 0.008443872046277192 -0.05569671169452596 -0.019101476282842398 0.013293320382656093 -0.012829210207071796 0.0021590248700267857 0.0035922077958057811 -0.025136900903968529 0.063838259465064023 -0.0010686284731779797 0.0073130994213441193 -0.027613487771703984 0.071918617357631345 -0.00072654875944723181 -0.00022126860816258555 -0.0027181752033855044 -0.0068446808522396839 0.0045142826918206785 0.32602272279790412 -0.011753148250385068 -0.0066871840785835621 -0.0023748344737267398 -0.018186524027385582 0.0099058874951666407 0.02917400007435076 0.017876178476354782 0.0025501324554000403 -0.010806301942462267 0.0040842045518093189 0.0015727871290767744 -0.01091047915886385 -0.001650911693866974 -0.0019744822137081784 0.0029093901520244108 0.0023529942587239951 -0.0051609120060640791 0.0063895319348404147 -0.0059015654928896207 0.054032694500249903 -0.012212705899699295 -0.0048861252953907048 0.0021110723672222434 -0.0058190298278201014 0.020107829825004885
leaf_weight=16.000000000000004 15.999999999999998 38 21 39 120 98 27 14.999999999999998 12.999999999999998 20 69 11.999999999999998 13.000000000000002 19 20 26 29 13.999999999999998 25 28 27 18 52 111 22 12.999999999999998 21 56 91 31 20 17 25 83 12.999999999999998 44 29 15.999999999999998 62 12.999999999999998 11.999999999999998 12.000000000000002 15.999999999999998 11.999999999999998 34 37 29 11.999999999999998 38 11.999999999999998 18 12.999999999999998 23 56 21 20 13.999999999999998 44 25 11.999999999999998 13.999999999999998 35 35 31 11.999999999999998 32 56 58 66 11.999999999999998 19.000000000000004 95 11.999999999999998 57 11.999999999999998
leaf_count=16 16 38 21 39 120 98 27 15 13 20 69 12 13 19 20 26 29 14 25 28 27 18 52 111 22 13 21 56 91 31 20 17 25 83 13 44 29 16 62 13 12 12 16 12 34 37 29 12 38 12 18 13 23 56 21 20 14 44 25 12 14 35 35 31 12 32 56 58 66 12 19 95 12 57 12
internal_value=-0.00071204 0.000667916 0.00403968 -0.00101412 0.000352572 0.00146284 0.00229927 0.00323286 0.00264232 0.0175458 -0.00233223 -0.00864311 0.0189442 0.00168898 -0.00165397 -0.00031051 0.00068603 -0.00225323 0.0011051 0.000786903 0.00678642 0.0118704 -0.00524744 -0.00330113 0.000955335 0.0124533 0.0168888 -0.000863537 0.00134489 -0.00148313 -0.00699676 -0.0105334 -0.00355764 -0.0106212 -0.00286676 -0.00168408 0.011466 -0.00416985 -0.00837954 0.017416 0.012899 -0.011119 -0.00286529 0.0103427 0.00828152 0.00458604 0.00426621 0.00579659 0.0137595 0.028663 -0.00491447 -0.00356591 -0.002392 -0.0060519 0.00154296 0.00679918 0.00300303 -0.00270893 0.000248796 0.00277973 -0.000980551 -0.00224339 -0.00451561 -0.00102867 0.00353689 -0.00160533 -0.000562991 -0.00226945 8.40717e-05 -0.00193585 0.00413253 -0.00428704 -0.00425249 -0.00950896 -0.00543912
internal_weight=2448 1322 440 882 748 682 394 564 549 33 1126 134 46 516 1040 757 468 257 166 357 98 71 283 231 120 29 37 737 405 259 118 86 332 122 232 303 48 198 91 53 40 66 28 102 90 50 211 182 50 25 182 164 151 108 52 43 105 91 69 132 152 138 113 78 47 250 224 192 136 154 43 111 31 82 78
internal_count=2448 1322 440 882 748 682 394 564 549 33 1126 134 46 516 1040 757 468 257 166 357 98 71 283 231 120 29 37 737 405 259 118 86 332 122 232 303 48 198 91 53 40 66 28 102 90 50 211 182 50 25 182 164 151 108 52 43 105 91 69 132 152 138 113 78 47 250 224 192 136 154 43 111 31 82 78
is_linear=0
shrinkage=0.0573391


Tree=104
num_leaves=54
num_cat=0
split_feature=76 19 19 19 87 100 104 100 9 4 3 9 100 100 100 3 1 104 104 100 100 100 1 19 14 3 104 3 9 9 104 9 100 104 1 1 1 100 1 9 100 104 100 1 1 1 1 1 100 3 1 9 9
split_gain=1.52775 2.4872 1.66871 1.80808 1.41751 2.65128 2.40613 2.32863 2.18522 1.90628 1.66569 1.74328 1.96328 1.66353 2.29184 1.52401 1.5408 1.50922 3.12035 2.592 1.34818 2.3587 1.29151 1.23803 1.989 2.44653 1.79335 3.02105 1.23449 1.48329 1.23352 1.98484 1.20156 1.13344 1.90492 1.47102 1.71392 1.07882 1.01562 0.967465 0.966608 0.888529 0.881912 0.845686 1.13514 1.31847 0.81083 0.799237 0.785448 0.784035 0.759072 0.695069 0.646924
threshold=1950.5000000000002 20.500000000000004 51.500000000000007 48.500000000000007 5.5000000000000009 908.99444444444464 48.88422354505115 599.88333333333344 46.613095238095248 12.950000000000001 40.500000000000007 38.127976190476197 758.02916666666681 882.90555555555568 891.02222222222224 4.5000000000000009 100.50000000000001 37.445986067536715 39.944465111609354 842.78888888888901 942.47777777777787 916.52222222222235 73.500000000000014 34.500000000000007 4.5000000000000009 47.500000000000007 31.00252387060706 62.500000000000007 38.437500000000007 40.610119047619058 35.702480039921021 35.598214285714292 876.21111111111122 30.421976279544648 16.500000000000004 68.500000000000014 25.500000000000004 873.35000000000014 31.500000000000004 35.696428571428577 916.52222222222235 41.712486899719046 903.85555555555572 57.500000000000007 71.500000000000014 90.500000000000014 73.500000000000014 108.50000000000001 830.48333333333346 69.500000000000014 29.500000000000004 42.211309523809533 29.479166666666668
decision_type=2 2 2 2 2 2 2 2 2 2 2 2 2 2 2 2 2 2 2 2 2 2 2 2 2 2 2 2 2 2 2 2 2 2 2 2 2 2 2 2 2 2 2 2 2 2 2 2 2 2 2 2 2
left_child=1 48 3 23 5 7 49 -2 9 15 40 13 -13 37 -15 -9 17 30 19 -19 21 -16 51 24 25 32 27 38 -27 -30 33 -32 -3 34 -17 36 -35 -12 -25 -28 -6 -20 -26 50 -45 -46 -37 -8 -1 -7 -41 52 -11
right_child=4 2 -4 -5 10 6 47 8 -10 22 11 12 -14 14 20 16 -18 18 41 -21 -22 -23 -24 26 42 28 39 -29 29 -31 31 -33 -34 35 -36 46 -38 -39 -40 43 -42 -43 -44 44 45 -47 -48 -49 -50 -51 -52 -53 -54
leaf_value=-0.0032834413662225963 0.04976228194695495 -0.0022360805393908524 -0.066222586598091465 0.029168960059376227 -0.016076837764272333 -0.002813092114476461 -0.00079683565412074983 0.0045186613624408969 0.049064693253905479 -0.00063195029350256182 -0.0030778601749884087 0.013204100630917065 -0.033307616283587041 0.10423973831222116 -0.0057661505488612432 0.0036287612695701556 -0.0036995979116900227 -0.012379849549977645 -0.010992685429234409 0.012980003266786307 -0.043347271996503171 0.016213155548728712 0.001071269046489738 -0.023616458503485434 0.014092734754065082 0.052940223207782203 -0.014858218107053886 0.03674712915903311 -0.00088357197262274286 0.00904367872303115 0.0019148706154585699 -0.014706196999499507 0.0076892596134522737 -0.001970172861118287 -0.00085705208568335339 -0.01423737843272292 0.010024067293575837 -0.016935100401589909 0.0026720902294752706 0.0009931419763729776 0.00075101993132020305 0.0010399614977851278 -0.0085171623517578746 0.006865110662409829 -0.0018995943021620483 0.0012557591727542594 0.00090234832383575181 0.033610764859643941 -0.019864474957191878 -0.018127567127478657 -0.0086745199581893459 0.00064384663396089572 -0.010152334243630731
leaf_weight=43 13.999999999999998 28 18 34 93 145 18.000000000000004 15.999999999999998 23 29 61 17 90 13.999999999999998 25 81 74 11.999999999999998 20 30 22 31 74 21 28 32 41 21 15.999999999999998 25 22 36 30 18 326 14.999999999999998 108 18 33 14.999999999999998 13.999999999999998 13.999999999999998 33 29 35 39 58 11.999999999999998 36 101 49 12.999999999999998 111
leaf_count=43 14 28 18 34 93 145 18 16 23 29 61 17 90 14 25 81 74 12 20 30 22 31 74 21 28 32 41 21 16 25 22 36 30 18 326 15 108 18 33 15 14 14 33 29 35 39 58 12 36 101 49 13 111
internal_value=-0.000760135 0.001722 0.00314431 0.00375116 -0.00161723 -0.000753334 -0.00577524 0.000513607 0.000212334 -0.000168134 -0.00469124 -0.00235116 -0.00809112 0.00124044 0.00648113 0.00110528 0.000760718 0.00154965 0.00920344 0.0196562 0.00264583 0.00737097 -0.00482432 0.00283668 0.00639059 0.0103729 0.000425358 0.00802654 0.0173573 0.0107666 0.000673506 -0.00731453 0.00158106 0.00143814 -0.000295768 0.00498447 0.00873681 -0.00486223 0.000848774 -0.00231541 -0.0107704 -0.00370869 -0.00216126 -0.000377472 0.00283867 -0.000929313 -0.00149184 0.00955395 -0.00776531 -0.00764494 -0.00555381 -0.00783215 -0.0090099
internal_weight=2361 606 527 509 1755 1370 276 1094 1080 1057 385 278 107 171 92 830 814 740 76 42 78 56 227 475 192 131 283 75 73 41 664 58 58 606 407 199 126 79 54 208 107 34 61 167 103 74 73 30 79 246 64 153 140
internal_count=2361 606 527 509 1755 1370 276 1094 1080 1057 385 278 107 171 92 830 814 740 76 42 78 56 227 475 192 131 283 75 73 41 664 58 58 606 407 199 126 79 54 208 107 34 61 167 103 74 73 30 79 246 64 153 140
is_linear=0
shrinkage=0.0573391


Tree=105
num_leaves=44
num_cat=0
split_feature=0 15 3 1 40 36 19 68 13 40 3 38 19 3 40 36 40 3 3 3 40 2 1 1 1 1 36 40 3 3 40 40 3 40 40 40 40 38 1 40 2 40 3
split_gain=1.97272 2.08787 2.68279 2.03519 2.20212 1.95179 1.78374 1.89619 1.64517 1.54027 2.69705 1.43334 1.64995 1.6364 1.62302 1.3932 1.35974 1.25484 1.1593 1.82551 1.11983 1.33282 1.11252 2.20994 1.31649 1.65576 1.18073 1.08416 1.06715 1.05283 0.982 0.914765 0.855052 0.844271 0.838076 0.84256 1.02063 0.79944 0.790941 0.773214 0.695955 0.693146 0.69222
threshold=74.500000000000014 1.5000000000000002 4.5000000000000009 47.500000000000007 0.8500000000000002 7.6500000000000012 5.5000000000000009 1.0000000180025095e-35 14.500000000000002 6.1500000000000012 41.500000000000007 9.2500000000000018 43.500000000000007 66.500000000000014 10.250000000000002 6.7500000000000009 17.750000000000004 51.500000000000007 122.50000000000001 106.50000000000001 13.350000000000003 47.500000000000007 36.500000000000007 55.500000000000007 123.50000000000001 106.50000000000001 8.5500000000000025 18.350000000000005 94.500000000000014 106.50000000000001 10.350000000000003 5.2500000000000009 9.5000000000000018 13.15 0.55000000000000016 16.550000000000004 13.950000000000001 11.450000000000001 82.500000000000014 19.550000000000004 21.500000000000004 15.850000000000003 54.500000000000007
decision_type=2 2 2 2 2 2 2 2 2 2 2 2 2 2 2 2 2 2 2 2 2 2 2 2 2 2 2 2 2 2 2 2 2 2 2 2 2 2 2 2 2 2 2
left_child=1 3 -3 4 -1 15 -4 11 22 31 -11 16 18 -14 -15 -6 17 20 19 32 21 40 -2 26 25 28 -24 38 -25 -28 -19 -9 -13 -32 -34 36 -36 -37 -10 -18 -8 -35 -26
right_child=8 2 6 -5 5 -7 7 9 27 10 -12 12 13 14 -16 -17 39 30 -20 -21 -22 -23 23 24 42 -27 29 -29 -30 -31 33 -33 34 41 35 37 -38 -39 -40 -41 -42 -43 -44
leaf_value=-0.040946797137185298 -0.0049696643352703969 0.011171388768484778 0.029139399230693138 -0.022864168318448033 0.0010870241649744399 -0.0028133322174142984 0.00084661643215778841 0.0013479141238522982 -0.016771150322816099 0.049140280551925451 0.0026899267572602242 -0.014690093537897461 -0.030175673960508482 -0.019263790828800698 0.047462344657305103 0.021148934865938506 -0.023991937635977803 0.005500682230329821 0.0079669300318273781 -0.0033297272847279567 -0.0036351543023308464 -0.01055849368186498 0.027780818014700608 -0.00061331215269798509 0.016100594215907128 -0.026781929153857131 -0.00014887207788822666 0.0025374684822663564 -0.0085668389604392162 0.03999345529934762 0.034457256911578103 -0.012561677235495188 0.014233620295311736 -0.00035398361559974098 -8.2767523705212526e-05 -0.01457145815961273 -0.0028155306718463057 0.002851983915618066 -0.007014470028684599 0.00011907673680926716 0.0047380444955859623 0.0049658203254276312 0.0006863146806513449
leaf_weight=29 60 14.999999999999998 22 72 24 58 19 79 93 22 24 21 70 27 12.999999999999998 22 13.000000000000002 21 39 45 13.999999999999998 18 19 252 12.999999999999998 51 65 14.999999999999998 60 22 20 11.999999999999998 25 15.000000000000002 623 32 150 129 44 14.999999999999998 17 13.999999999999998 19
leaf_count=29 60 15 22 72 24 58 19 79 93 22 24 21 70 27 13 22 13 21 39 45 14 18 19 252 13 51 65 15 60 22 20 12 25 15 623 32 150 129 44 15 17 14 19
internal_value=-0.00107509 -2.33303e-05 0.00071198 -0.00545392 -0.00124996 0.00264598 0.00047047 0.000229022 -0.00361077 0.00665422 0.0152051 -0.000427878 -0.00113307 -0.00781834 0.00143247 0.011466 0.00455917 0.00689684 -0.000441866 -0.000811103 0.00134857 0.00509576 -0.00217697 -0.0012932 -0.00326603 -0.00424895 0.00605789 -0.00890216 -0.00268303 0.00322889 0.0122857 0.00233088 -0.000292512 0.0167314 -4.18188e-05 -0.000319196 -0.00110519 0.00345429 -0.0105046 -0.00696028 0.0114654 0.0104764 0.00788196
internal_weight=2432 1719 1514 205 133 104 1499 1477 713 137 46 1340 1174 110 40 46 166 138 1064 1025 68 54 561 501 395 363 106 152 312 87 70 91 980 49 959 934 773 161 137 28 36 29 32
internal_count=2432 1719 1514 205 133 104 1499 1477 713 137 46 1340 1174 110 40 46 166 138 1064 1025 68 54 561 501 395 363 106 152 312 87 70 91 980 49 959 934 773 161 137 28 36 29 32
is_linear=0
shrinkage=0.0573391


Tree=106
num_leaves=36
num_cat=0
split_feature=14 8 46 80 8 8 7 103 3 82 77 103 3 1 77 82 103 13 13 77 81 81 77 77 77 77 81 81 82 13 103 46 81 13 13
split_gain=1.42542 3.33328 1.92478 1.64994 1.29652 1.15596 1.26939 2.0658 1.66311 1.77781 1.34558 1.18839 1.09091 1.07104 1.06717 1.05484 0.936114 1.4665 1.52099 1.00988 1.01651 0.932412 0.866407 1.39848 0.855722 0.855284 0.84521 1.04455 0.837431 0.710346 0.667369 0.667208 0.629999 0.62949 1.02173
threshold=1.0000000180025095e-35 32.145833333333336 0.37500000000000006 9.5375000000000032 94.395833333333357 9.8125000000000018 8.0500000000000025 0.82570551200576403 91.500000000000014 4.4812500000000002 2166.5000000000005 1.0460580999145639 29.500000000000004 11.500000000000002 2324.5000000000005 7.4062500000000009 0.89027388147191111 12.500000000000002 13.500000000000002 2506.5000000000005 41.687500000000007 54.937500000000007 2575.5000000000005 3043.0000000000005 2777.5000000000005 2140.5000000000005 71.562500000000014 77.437500000000014 6.9687500000000009 12.500000000000002 0.94986749181972241 0.058333333333333341 41.937500000000007 13.500000000000002 12.500000000000002
decision_type=2 2 2 2 2 2 2 2 2 2 2 2 2 2 2 2 2 2 2 2 2 2 2 2 2 2 2 2 2 2 2 2 2 2 2
left_child=1 28 3 29 5 14 8 -8 9 10 -7 12 -12 -9 -2 -15 21 30 19 20 -19 22 -11 -24 -21 -22 32 -28 -1 -3 -18 -30 -20 34 -17
right_child=4 2 -4 -5 -6 6 7 13 -10 16 11 -13 -14 15 -16 33 17 18 26 24 25 -23 23 -25 -26 -27 27 -29 31 -31 -32 -33 -34 -35 -36
leaf_value=-0.022777805223327282 0.014735196493151385 -0.011576630502564047 0.0047536337166031103 0.0043319867824114849 0.30604083153865136 -0.0072492453011891375 0.037909989459876899 -0.0037157352657654612 -0.038373106971789452 -0.006974609580339671 -0.00098892082501269565 -0.015804073110815942 0.0049947055405961853 -0.01334383857538817 -0.034648895680402324 -0.0027187341654857328 -0.0074489520851060385 0.024468537018161575 0.00092080798496601841 0.018391333333761136 0.0047718011474555486 -0.014273816455249375 0.0024461385221057519 -0.0033294537266446668 0.01280528514339168 -0.0033459702016104399 -0.024799623092966436 0.0036172060108088308 -0.03012778761854833 -0.00079396864757415905 0.00012537423463337174 0.00058023544741502573 0.0020307040548882957 -0.0016590133552186043 0.0012746577028297035
leaf_weight=101 12.999999999999998 39 22 12.999999999999998 18 56 15.999999999999998 34 15.999999999999998 22 63 11.999999999999998 36 63 38 260 19 11.999999999999998 126 14.999999999999998 23 12.999999999999998 19 20 35 24 19 18 35 101 141 28 147 433 339
leaf_count=101 13 39 22 13 18 56 16 34 16 22 63 12 36 63 38 260 19 12 126 15 23 13 19 20 35 24 19 18 35 101 141 28 147 433 339
internal_value=-0.00124085 -0.00468507 0.000818916 -0.00146132 -0.00067127 -0.000807019 -0.000587556 -0.0018278 0.00111107 0.00146839 -0.00381086 -0.000154662 0.00191088 -0.0021178 -0.00933017 -0.00180654 0.00281859 0.00359475 0.00537797 0.011204 0.00612161 -0.00325373 -0.000281424 0.00485034 0.0171995 0.00231702 0.00332921 -0.00480259 -0.0105583 -0.00327617 -0.00107487 -0.00536893 0.00443151 -0.00136677 -0.000162675
internal_weight=2389 339 175 153 2050 2032 1981 1145 836 820 167 111 99 1129 51 1095 653 579 419 109 59 74 61 39 50 47 310 37 164 140 160 63 273 1032 599
internal_count=2389 339 175 153 2050 2032 1981 1145 836 820 167 111 99 1129 51 1095 653 579 419 109 59 74 61 39 50 47 310 37 164 140 160 63 273 1032 599
is_linear=0
shrinkage=0.0573391


end of trees

feature_importances:
orders_count_roll_mean_24=300
food_tickets_count_trend_90d=293
orders_count_trend_90d=262
temp_c=245
apparent_temp_c=232
week_of_year=231
orders_count_yoy_ratio=220
food_tickets_count_roll_mean_24=191
orders_count_roll_mean_168=186
food_tickets_count_roll_mean_168=183
suffolk_footfall_roll_24h=183
orders_count_roll_std_24=175
orders_count_ewma_168=166
suffolk_footfall_lag_24h=159
wind_gusts_kmh=158
food_tickets_count_same_slot_4w_avg=151
food_tickets_count_same_wd_hour_roll8=151
food_tickets_count_lag_48h=144
wind_speed_kmh=144
food_tickets_count_lag_336h=139
food_tickets_count_lag_168h=124
orders_count_lag_168h=122
suffolk_footfall_lag_168h=122
afternoon_rain_mm=115
food_tickets_count_lag_24h=110
food_tickets_count_yoy_ratio=102
orders_count_lag_336h=96
orders_count_lag_24h=88
food_tickets_count_ewma_168=83
orders_count_same_slot_4w_avg=80
days_from_payday=77
hour=72
hour_sin=65
weekday=58
orders_count_lag_48h=56
orders_count_same_wd_hour_roll8=53
weekday_cos=51
month=41
hour_cos=38
month_cos=38
days_until_next_match=32
tourism_pressure=26
christmas_market_flag=26
cruise_passenger_estimate=25
weekday_sin=19
month_sin=15
airport_arrivals=14
airport_arrivals_zscore=12
payday_period_flag=11
is_friday_saturday=10
is_breakfast_window=9
st_patricks_week_flag=8
is_match_tomorrow=8
airport_arrivals_lag1=7
event_intensity=7
sunshine_duration_min=6
match_kickoff_proximity=6
is_weekend=4
rain_x_weekend=4
sunny_afternoon=4
quarter=3
is_lunch_window=3
rain_mm=3
rainy_day_flag=3
outdoor_weather_flag=3
bloomsday_week_flag=3
tv_sports_intensity=3
is_business_lunch_hour=3
summer_tourism_flag=2
school_holiday_flag=1
ships_in_port_count=1
college_term_flag=1
post_lecture_window=1
fresher_week_flag=1

parameters:
[boosting: gbdt]
[objective: quantile]
[metric: quantile]
[tree_learner: serial]
[device_type: cpu]
[data_sample_strategy: bagging]
[data: ]
[valid: ]
[num_iterations: 1000]
[learning_rate: 0.0573391]
[num_leaves: 93]
[num_threads: 0]
[seed: 42]
[deterministic: 0]
[force_col_wise: 0]
[force_row_wise: 0]
[histogram_pool_size: -1]
[max_depth: -1]
[min_data_in_leaf: 12]
[min_sum_hessian_in_leaf: 0.001]
[bagging_fraction: 0.771545]
[pos_bagging_fraction: 1]
[neg_bagging_fraction: 1]
[bagging_freq: 1]
[bagging_seed: 400]
[bagging_by_query: 0]
[feature_fraction: 0.349236]
[feature_fraction_bynode: 1]
[feature_fraction_seed: 30056]
[extra_trees: 0]
[extra_seed: 12879]
[early_stopping_round: 0]
[early_stopping_min_delta: 0]
[first_metric_only: 0]
[max_delta_step: 0]
[lambda_l1: 0.00058602]
[lambda_l2: 0.00454387]
[linear_lambda: 0]
[min_gain_to_split: 0.621377]
[drop_rate: 0.1]
[max_drop: 50]
[skip_drop: 0.5]
[xgboost_dart_mode: 0]
[uniform_drop: 0]
[drop_seed: 17869]
[top_rate: 0.2]
[other_rate: 0.1]
[min_data_per_group: 100]
[max_cat_threshold: 32]
[cat_l2: 10]
[cat_smooth: 10]
[max_cat_to_onehot: 4]
[top_k: 20]
[monotone_constraints: ]
[monotone_constraints_method: basic]
[monotone_penalty: 0]
[feature_contri: ]
[forcedsplits_filename: ]
[refit_decay_rate: 0.9]
[cegb_tradeoff: 1]
[cegb_penalty_split: 0]
[cegb_penalty_feature_lazy: ]
[cegb_penalty_feature_coupled: ]
[path_smooth: 0]
[interaction_constraints: ]
[verbosity: -1]
[saved_feature_importance_type: 0]
[use_quantized_grad: 0]
[num_grad_quant_bins: 4]
[quant_train_renew_leaf: 0]
[stochastic_rounding: 1]
[linear_tree: 0]
[max_bin: 255]
[max_bin_by_feature: ]
[min_data_in_bin: 3]
[bin_construct_sample_cnt: 200000]
[data_random_seed: 175]
[is_enable_sparse: 1]
[enable_bundle: 1]
[use_missing: 1]
[zero_as_missing: 0]
[feature_pre_filter: 1]
[pre_partition: 0]
[two_round: 0]
[header: 0]
[label_column: ]
[weight_column: ]
[group_column: ]
[ignore_column: ]
[categorical_feature: ]
[forcedbins_filename: ]
[precise_float_parser: 0]
[parser_config_file: ]
[objective_seed: 16083]
[num_class: 1]
[is_unbalance: 0]
[scale_pos_weight: 1]
[sigmoid: 1]
[boost_from_average: 1]
[reg_sqrt: 0]
[alpha: 0.7]
[fair_c: 1]
[poisson_max_delta_step: 0.7]
[tweedie_variance_power: 1.5]
[lambdarank_truncation_level: 30]
[lambdarank_norm: 1]
[label_gain: ]
[lambdarank_position_bias_regularization: 0]
[eval_at: ]
[multi_error_top_k: 1]
[auc_mu_weights: ]
[num_machines: 1]
[local_listen_port: 12400]
[time_out: 120]
[machine_list_filename: ]
[machines: ]
[gpu_platform_id: -1]
[gpu_device_id: -1]
[gpu_device_id_list: ]
[gpu_use_dp: 0]
[num_gpu: 1]

end of parameters

pandas_categorical:null
