tree
version=v4
num_class=1
num_tree_per_iteration=1
label_index=0
max_feature_idx=111
objective=quantile
feature_names=orders_count_lag_24h orders_count_lag_48h orders_count_lag_168h orders_count_lag_336h food_tickets_count_lag_24h food_tickets_count_lag_48h food_tickets_count_lag_168h food_tickets_count_lag_336h orders_count_roll_mean_24 orders_count_roll_mean_168 orders_count_roll_std_24 food_tickets_count_roll_mean_24 food_tickets_count_roll_mean_168 hour weekday month quarter is_weekend is_friday_saturday week_of_year bank_holiday_flag school_holiday_flag payday_period_flag hour_sin hour_cos weekday_sin weekday_cos month_sin month_cos is_food_service is_breakfast_window is_lunch_window is_dinner_window is_after_food_close hours_since_food_close is_live_music_window temp_c rain_mm wind_speed_kmh weather_severity_flag apparent_temp_c wind_gusts_kmh sunshine_duration_min uv_index precip_probability rainy_day_flag afternoon_rain_mm outdoor_weather_flag airport_arrivals airport_arrivals_lag1 airport_arrivals_zscore cruise_ship_flag ships_in_port_count cruise_passenger_estimate major_sports_event_flag city_event_flag st_patricks_week_flag event_intensity tourism_pressure weekend_x_music rain_x_weekend aviva_event_flag croke_park_event_flag nearby_venue_event_flag event_impact_score bloomsday_flag bloomsday_week_flag summer_tourism_flag christmas_market_flag new_years_eve_flag new_years_day_flag college_term_flag days_from_payday failte_event_count failte_free_event_count failte_festival_count suffolk_footfall_lag_24h suffolk_footfall_lag_168h suffolk_footfall_roll_24h orders_count_same_slot_4w_avg food_tickets_count_same_slot_4w_avg orders_count_same_wd_hour_roll8 food_tickets_count_same_wd_hour_roll8 tv_sports_flag tv_sports_intensity match_kickoff_proximity is_ireland_match_window days_until_next_match is_match_tomorrow is_match_in_2_days post_lecture_window fresher_week_flag rag_week_flag exam_period_flag is_business_lunch_hour is_after_work_window budget_day_flag cheltenham_festival_flag sunny_afternoon late_night_x_fri_sat orders_count_trend_90d orders_count_yoy_ratio food_tickets_count_trend_90d food_tickets_count_yoy_ratio orders_count_trend_21d orders_count_trend_ratio_21_90 food_tickets_count_trend_21d food_tickets_count_trend_ratio_21_90 orders_count_ewma_168 food_tickets_count_ewma_168 event_impact_score_max_28d data_gap_recent_28d
feature_infos=[0:354] [0:267] [0:354] [0:354] none none none none [17.708333333333332:120.66666666666667] [15.345238095238095:64.101190476190482] [22.911297131150459:112.75547481807388] [1.7166666666666668:11.299999999999999] [1.4904761904761905:5.958333333333333] [0:23] [4:6] [1:12] [1:4] [0:1] [0:1] [1:52] none [0:1] [0:1] [-0.70710678118654768:0.25881904510252074] [0.70710678118654735:1] [-0.97492791218182362:-0.43388373911755801] [-0.90096886790241915:0.62348980185873337] [-1:1] [-1:1] [0:1] [0:1] none none [0:1] [0:2] [0:1] [-0.69999999999999996:23.800000000000001] [0:5.7000000000000002] [0.5:47] [0:1] [-5.7000000000000002:24] [1.3999999999999999:88.900000000000006] [0:60] none none [0:1] [0:2.0666666666666664] none [92076:106153] [92076:106153] [-1.4025495109404003:1.3141332182536836] [0:1] [0:1] [0:3592] none [0:1] [0:1] [0:3] [-1.4025495109404003:2.3141332182536836] [0:1] [0:5.7000000000000002] none none none [0:4] none [0:1] [0:1] [0:1] none none [0:1] [-4:19] none none none [0:4981] [0:4981] [0:3147.6999999999998] [0:243.75] none [0:211.75] none [0:1] [0:3] [0:99] [0:1] [0:7] [0:1] [0:1] none [0:1] [0:1] [0:1] none none none none none [0:1] [552.44444444444446:980] [0.78467064901517591:1.72744513997161] [51.727777777777781:91.766666666666666] [0.78448275862068961:1.7267807436126854] [494.76190476190476:1302.047619047619] [0.58689070313912151:1.4089900855265194] [46.323809523809523:121.94285714285714] [0.58688910965157481:1.4088697307875391] [18.800743719147146:80.361490337915356] [1.8548647356640544:7.7037533007385752] [0:4] none
tree_sizes=1558 2072 1978 1977 1914 1985 2066 1730 2232 1887 2065 1972 2052 2067 1900 2223 2060 2068 1990 2084 1916 2001 2246 2421 2246 2319 2242 2158 2249 2089 2163 2249 2415 2256 2019 2255 2417 2421 2335 2077 2169 2179 2188 2345 2177 1856 2081 2335 2087 2028 2438 2180 2610 2109 2588 1769 2432 2181 2255 2261 2422 2022 2196 2508 2342 2175 1874 2419 1933 2439 2112 2469 2105 2357 2274 2535 2301 2208 1774 2108 2273 2358 2448 2031 2267 2520 2502 2348 1852 2285 1949 2038 2123 1868 2110 1685 2361 2377 2354 2264 2539 1932 2446 2197 2080 1767 2539 1944 2199 2119 2349 1946 1948 1521 2022 2115 1030 2044 1431 2114 1867 1782 1015 1027 1365 2036 929 1775 1782 1535 2124 1539 1798 2221 1536 1695 1942 1941 2039 2292 1853 1703 2140 1363 2038 1187 1977 2130 1801 2029 2037

Tree=0
num_leaves=18
num_cat=0
split_feature=79 11 11 13 100 0 76 76 3 36 2 2 108 78 3 76 59
split_gain=42.1435 34.9238 8.58841 6.00018 4.14562 2.30895 1.97801 1.94707 1.60031 1.51196 1.2659 1.66547 1.10793 1.06645 1.05706 0.773022 0.614792
threshold=78.375000000000014 6.1604166666666673 4.260416666666667 21.500000000000004 899.68888888888898 107.50000000000001 451.00000000000006 516.50000000000011 92.500000000000014 6.3500000000000005 160.50000000000003 123.50000000000001 35.633017718145062 1425.1500000000003 92.500000000000014 618.50000000000011 1.0000000180025095e-35
decision_type=2 2 2 2 2 2 2 2 2 2 2 2 2 2 2 2 2
left_child=14 2 -2 9 7 8 -6 -5 -3 -4 11 12 -9 15 -1 -11 -10
right_child=1 5 3 4 6 -7 -8 10 16 13 -12 -13 -14 -15 -16 -17 -18
leaf_value=114.7195091186327 117.11814761253567 119.43918284656479 118.66315297266618 119.60144392638422 117.6366768075342 121.2804908813673 118.4373987412913 118.79013970889204 118.98061983635833 118.24691860962001 119.28750443734042 117.97530799901151 118.53616621121031 117.29099066912518 117.69664263490128 117.44972409676626 121.49213543333374
leaf_weight=375 113 19 19 23 22 89 35 19 23 36 24 30 33 28 19 33 26
leaf_count=375 113 19 19 23 22 89 35 19 23 36 24 30 33 28 19 33 26
internal_value=117.999 118.006 118 118.003 118.007 118.02 117.999 118.011 118.015 117.997 118.009 118.007 118.01 117.995 117.991 117.998 118.018
internal_weight=966 572 415 302 186 157 57 129 68 116 106 82 52 97 394 69 49
internal_count=966 572 415 302 186 157 57 129 68 116 106 82 52 97 394 69 49
is_linear=0
shrinkage=1


Tree=1
num_leaves=23
num_cat=0
split_feature=79 11 11 13 100 8 11 11 81 3 8 108 105 76 76 11 100 0 100 38 41 81
split_gain=41.8587 34.7456 7.2956 5.20144 2.87321 2.4347 3.16479 2.40677 1.92373 1.91874 1.64808 2.25163 1.55772 1.47209 1.40013 1.04904 0.725762 0.688082 0.732106 0.652227 1.35576 0.627118
threshold=79.125000000000014 6.0937500000000009 4.3083333333333336 21.500000000000004 949.40555555555568 55.895833333333336 5.7187500000000009 5.1395833333333343 60.500000000000007 92.500000000000014 49.312500000000007 36.52123288195093 0.99627216615963354 678.50000000000011 1188.5000000000002 6.6104166666666666 830.27222222222235 46.500000000000007 843.15555555555568 11.450000000000001 34.400000000000013 75.687500000000014
decision_type=2 2 2 2 2 2 2 2 2 2 2 2 2 2 2 2 2 2 2 2 2 2
left_child=8 2 17 12 5 7 16 10 -1 -3 11 -5 13 -4 21 -11 -7 -2 -19 -14 -21 -10
right_child=1 9 3 4 -6 6 -8 -9 14 15 -12 -13 19 -15 -16 -17 -18 18 -20 20 -22 -23
leaf_value=-3.7291600607129216 -0.92129403313041258 1.3453597479473691 0.80259433221107168 0.86642352542823609 -0.32723403286807906 -0.31659587148623902 1.4625992252233648 1.5666105967717094 -0.27229873969775464 1.1947814944983928 -0.062853569845444351 0.24775209548271404 -0.77063030263629018 -0.29749645845257511 0.39823167491555572 3.1718293114674676 0.36359009684928872 0.18631250160878543 -0.76256061810433307 0.17383818366076745 -0.59712133531576372 -0.81551988101977835
leaf_weight=300 66 26 21 31 20 20 21 32 19 40 20 19 23 24 19 97 22 20 36 20 23 44
leaf_count=300 66 26 21 31 20 20 21 32 19 40 20 19 23 24 19 97 22 20 36 20 23 44
internal_value=0.000150171 0.00611315 0.000725632 0.00371734 0.00733847 0.00886878 0.00341222 0.0122351 -0.00891872 0.0199237 0.00855932 0.011979 -0.00231859 0.00273993 -0.00412667 0.0215928 -0.00218056 -0.00653121 -0.00364953 -0.00576695 -0.00319488 -0.00665662
internal_weight=963 581 418 296 185 165 63 102 382 163 70 50 111 45 82 137 42 122 56 66 43 63
internal_count=963 581 418 296 185 165 63 102 382 163 70 50 111 45 82 137 42 122 56 66 43 63
is_linear=0
shrinkage=0.0352741


Tree=2
num_leaves=22
num_cat=0
split_feature=79 11 11 13 100 76 23 41 79 100 78 76 41 3 108 11 11 10 1 12 38
split_gain=41.9718 28.9714 7.44023 4.08308 3.84745 2.49447 2.15177 2.81445 2.0749 1.96722 1.65226 1.64468 1.44141 1.81569 1.23373 1.06489 0.99526 0.641402 0.752726 0.641356 0.513632
threshold=79.875000000000014 6.0354166666666682 4.2208333333333341 21.500000000000004 886.81666666666672 516.50000000000011 -0.60355339059327395 23.200000000000003 59.125000000000007 824.41111111111115 1970.1000000000001 451.00000000000006 34.400000000000013 95.500000000000014 40.109262865913145 4.9395833333333341 6.6104166666666666 40.614124272123412 18.500000000000004 3.5011904761904762 13.550000000000002
decision_type=2 2 2 2 2 2 2 2 2 2 2 2 2 2 2 2 2 2 2 2 2
left_child=8 2 17 12 5 -5 7 -3 -1 14 -10 -6 13 -4 15 -7 19 18 -2 -8 -15
right_child=1 6 3 4 11 9 16 -9 10 -11 -12 -13 -14 20 -16 -17 -18 -19 -20 -21 -22
leaf_value=-3.5976173126018689 -0.78577357828184691 0.29555791668881431 0.24154897228356204 1.652707018018738 -0.34954664002221791 0.18848486091817457 1.4121764824006513 1.811278211059909 -0.8431915991644221 1.029332764308611 0.52495814580436873 0.24906692108832149 -0.57217605261527993 -0.75449564263699431 -0.091145400453800471 1.1806842935335593 3.1386312592356567 -0.99517842615292251 -0.22716156297983781 1.7134947626102726 0.050056123780836369
leaf_weight=306 36 20 31 22 23 19 23 34 59 36 21 43 35 22 24 20 75 38 39 20 19
leaf_count=306 36 20 31 22 23 19 23 34 59 36 21 43 35 22 24 20 75 38 39 20 19
internal_value=-1.8276e-05 0.00598806 0.000857893 0.00381459 0.0069583 0.0106936 0.018123 0.0122671 -0.00902732 0.00829692 -0.0039654 0.000106795 -0.00168036 0.00117484 0.00453098 0.00839875 0.0207953 -0.00683272 -0.00493447 0.0164659 -0.00369414
internal_weight=965 579 407 294 187 121 172 54 386 99 80 66 107 72 63 39 118 113 75 43 41
internal_count=965 579 407 294 187 121 172 54 386 99 80 66 107 72 63 39 118 113 75 43 41
is_linear=0
shrinkage=0.0352741


Tree=3
num_leaves=22
num_cat=0
split_feature=79 11 11 2 108 0 72 13 76 40 105 11 109 9 79 11 79 81 81 23 81
split_gain=42.3247 31.0568 5.5061 4.78537 4.06812 2.30489 1.97039 1.87947 1.94275 1.81989 1.73134 1.59609 1.5851 1.09753 0.992544 0.942411 0.896578 0.804519 1.73411 1.14956 0.602388
threshold=67.000000000000014 5.6125000000000016 4.260416666666667 132.50000000000003 35.985301180883901 73.500000000000014 4.5000000000000009 21.500000000000004 652.00000000000011 3.7500000000000004 0.99163206885965971 6.1250000000000009 4.0993414794630523 30.122023809523814 106.12500000000001 5.0166666666666675 142.12500000000003 105.68750000000001 127.18750000000001 -0.37940952255126098 60.500000000000007
decision_type=2 2 2 2 2 2 2 2 2 2 2 2 2 2 2 2 2 2 2 2 2
left_child=20 2 17 5 6 -3 9 10 15 -4 -6 -7 -10 -8 -13 -9 -5 -2 19 -19 -1
right_child=1 3 4 16 7 11 13 8 12 -11 -12 14 -14 -15 -16 -17 -18 18 -20 -21 -22
leaf_value=-3.5059887114484036 -0.87048367586361486 0.39371837536392312 1.0332735975922416 1.7404110425251405 0.074200293974032674 0.49885828661252468 -0.25348861380564908 -0.32682981793848365 0.15267726129231962 0.45781136536019529 -0.74072542058901802 1.0422309355573955 0.5170031021968452 0.6306804605401054 2.1618950981670921 0.32001432056571166 2.9562883518482201 0.3271327095719111 -1.0504993270249821 -0.69703055490727484 -0.55291057246334208
leaf_weight=306 58 30 21 39 19 32 19 19 30 24 56 19 19 31 47 26 73 23 36 20 34
leaf_count=306 58 30 21 39 19 32 19 19 30 24 56 19 19 31 47 26 73 23 36 20 34
internal_value=0.000204944 0.00554099 -0.000466148 0.0155755 0.00251138 0.0109079 0.00834918 -0.000772003 0.00255013 0.0136997 -0.00493447 0.0135256 0.0074058 0.00352323 0.0166601 -0.00273993 0.0209014 -0.00620247 -0.0038817 0.000901118 -0.00985428
internal_weight=981 641 401 240 264 128 95 169 94 45 75 98 49 50 66 45 112 137 79 43 340
internal_count=981 641 401 240 264 128 95 169 94 45 75 98 49 50 66 45 112 137 79 43 340
is_linear=0
shrinkage=0.0352741


Tree=4
num_leaves=21
num_cat=0
split_feature=79 11 11 13 79 79 103 108 11 13 79 105 11 3 81 100 104 104 15 78
split_gain=39.6414 28.2245 6.54338 4.33423 2.56735 2.31164 1.80375 1.68079 2.39369 1.64278 1.60257 1.87286 1.26506 1.08898 0.820808 0.570773 0.561705 0.509545 0.481752 0.478062
threshold=78.375000000000014 6.1479166666666671 4.260416666666667 21.500000000000004 102.37500000000001 63.750000000000007 1.1376472679198939 33.954905952012176 4.7354166666666675 22.500000000000004 113.87500000000001 0.99627216615963354 6.3687500000000012 110.50000000000001 90.250000000000014 830.27222222222235 976.38095238095252 868.07142857142867 8.5000000000000018 1263.6500000000003
decision_type=2 2 2 2 2 2 2 2 2 2 2 2 2 2 2 2 2 2 2 2
left_child=5 2 16 10 -3 -1 7 -5 -9 15 11 -4 -6 -11 -7 -10 17 -2 -14 -13
right_child=1 4 3 6 12 14 -8 8 9 13 -12 19 18 -15 -16 -17 -18 -19 -20 -21
leaf_value=-3.2761732098042424 -0.52058162488597604 0.90536644987120318 0.62348822223767264 0.8277746595410177 1.0202097611433461 -0.45733782356379049 -0.24334164644855061 -0.12724737950065662 1.0585340133659846 0.48819722010446071 -0.55626962403229463 -0.14012350278110866 2.4010270129299718 0.01039766321760297 0.011701561421798519 0.85095771805411935 -1.1182808718015287 -0.12695591843003512 2.7818891333592504 -0.81009263113536778
leaf_weight=343 63 19 28 30 23 43 20 31 19 30 44 23 48 33 21 35 30 25 64 21
leaf_count=343 63 19 28 30 23 43 20 31 19 30 44 23 48 33 21 35 30 25 64 21
internal_value=-0.000564778 0.00530864 0.000685791 0.00334704 0.0182714 -0.00902088 0.00651841 0.00764678 0.00609902 0.00840726 -0.00206674 0.00117484 0.0199799 0.00453098 -0.00286337 0.0129197 -0.00639396 -0.0049671 0.021531 -0.00336254
internal_weight=993 586 432 314 154 407 198 178 148 117 116 72 135 63 64 54 118 88 112 44
internal_count=993 586 432 314 154 407 198 178 148 117 116 72 135 63 64 54 118 88 112 44
is_linear=0
shrinkage=0.0352741


Tree=5
num_leaves=22
num_cat=0
split_feature=79 11 11 13 104 38 105 48 79 11 11 10 72 76 0 0 2 78 0 100 105
split_gain=40.9789 29.6982 6.66327 5.16323 3.56884 2.30647 2.27212 1.99609 1.9808 1.96485 1.76325 1.59338 2.20862 1.22046 0.954785 0.944334 0.988897 0.92727 0.6901 0.606725 0.719819
threshold=79.875000000000014 6.1250000000000009 4.1291666666666673 21.500000000000004 940.80952380952397 6.0500000000000007 0.99163206885965971 95552.000000000015 59.125000000000007 5.2437500000000012 6.6104166666666666 45.441164210776435 4.5000000000000009 821.50000000000011 111.50000000000001 47.500000000000007 70.500000000000014 1249.2500000000002 87.500000000000014 868.23888888888894 1.0646039824792777
decision_type=2 2 2 2 2 2 2 2 2 2 2 2 2 2 2 2 2 2 2 2 2
left_child=8 2 19 6 5 -5 13 -7 -1 -6 14 -9 -13 -4 -3 -10 -17 -8 -12 20 -2
right_child=1 10 3 4 9 7 17 11 15 -11 18 12 -14 -15 -16 16 -18 -19 -20 -21 -22
leaf_value=-3.2314799886527785 -0.72648202668567874 0.8930863459606041 0.67220934040415115 -0.060942436392479232 -0.35298452810611092 1.3373505374823713 -0.22960960822545676 1.1244381650338853 -0.83879160351567539 0.42357880812136234 2.1870266208913094 1.196670657905978 -0.09915568892873057 -0.12064579421377286 1.697757867727143 -0.65318898556975091 0.18339438952075951 -0.79317297014899124 2.6692215323266728 -1.140471622576412 -0.0083924649069670332
leaf_weight=315 30 29 20 22 30 47 42 21 33 25 23 26 31 20 19 26 20 40 92 43 19
leaf_count=315 30 29 20 22 30 47 42 21 33 25 23 26 31 20 19 26 20 40 92 43 19
internal_value=-0.000105127 0.00586623 0.00086477 0.00324375 0.0067036 0.00957054 -0.00248533 0.0114234 -0.00887986 -0.000960985 0.0186257 0.00795324 0.00488379 0.00440274 0.0129179 -0.0038817 -0.000612673 -0.00584611 0.0210003 -0.00751008 -0.00481737
internal_weight=973 579 416 324 202 147 122 125 394 55 163 78 57 40 48 79 46 82 115 92 49
internal_count=973 579 416 324 202 147 122 125 394 55 163 78 57 40 48 79 46 82 115 92 49
is_linear=0
shrinkage=0.0352741


Tree=6
num_leaves=23
num_cat=0
split_feature=81 11 11 13 72 3 38 13 3 81 81 19 11 11 72 78 10 2 109 19 28 11
split_gain=38.8121 26.3816 6.85494 5.67622 3.09651 2.42748 2.11119 1.76325 1.75792 1.73395 3.529 1.36988 1.35673 1.43439 1.32998 1.31542 1.24979 1.22155 0.791745 0.679602 0.687981 0.664179
threshold=86.250000000000014 6.3270833333333352 5.0166666666666675 21.500000000000004 4.5000000000000009 53.500000000000007 8.2500000000000018 22.500000000000004 96.500000000000014 127.93750000000001 116.12500000000001 32.500000000000007 4.2083333333333348 4.3812500000000005 12.500000000000002 1674.5500000000004 41.207890503145812 74.500000000000014 4.0940768995877095 40.500000000000007 -0.68301270189221952 4.6687500000000011
decision_type=2 2 2 2 2 2 2 2 2 2 2 2 2 2 2 2 2 2 2 2 2 2
left_child=5 2 9 11 7 -1 -6 -5 -3 10 12 18 -2 -14 -8 17 -12 -7 -4 20 -10 -15
right_child=1 8 3 4 6 15 14 -9 19 -11 16 -13 13 21 -16 -17 -18 -19 -20 -21 -22 -23
leaf_value=-3.1174925810813083 -0.75696656682288854 1.4428717239543132 -0.0036921149833707067 1.4516634760937568 1.0860592183538107 -0.78997213445330061 -0.32523609892129091 0.86752729433920828 2.6722563905409022 -0.59611871323254939 0.4861697522182386 0.1792767037986413 0.37866996456780688 -0.81659054620166793 0.529177687696751 0.28980239953769227 0.053373582251359269 -0.33102091595856237 -0.58552516256167741 2.5750671570885344 2.1605354062048376 -0.13420475602129886
leaf_weight=301 51 19 20 34 21 36 24 31 19 57 26 28 20 21 24 22 19 34 27 48 43 24
leaf_count=301 51 19 20 34 21 36 24 31 19 57 26 28 20 21 24 22 19 34 27 48 43 24
internal_value=-0.000211855 0.00578535 0.0015611 0.00612482 0.0104723 -0.00869604 0.00526103 0.0159944 0.0197608 -0.00281469 -0.000941757 -0.00164483 -0.00419426 -0.000813276 0.00117435 -0.00367841 0.00743696 -0.00604187 -0.00532193 0.0214736 0.0189844 -0.00430561
internal_weight=949 556 427 209 134 393 69 65 129 218 161 75 116 65 48 92 45 70 47 110 62 45
internal_count=949 556 427 209 134 393 69 65 129 218 161 75 116 65 48 92 45 70 47 110 62 45
is_linear=0
shrinkage=0.0352741


Tree=7
num_leaves=19
num_cat=0
split_feature=79 11 11 13 79 105 77 79 108 28 11 76 109 0 13 11 11 100
split_gain=35.2987 28.5815 6.6176 4.80649 2.97932 2.26345 2.24685 2.01934 1.93822 2.36803 2.08596 1.97254 1.7569 1.24745 1.10545 0.946729 0.753193 0.70528
threshold=79.125000000000014 6.0604166666666677 4.260416666666667 21.500000000000004 113.87500000000001 0.99627216615963354 901.50000000000011 59.125000000000007 34.849738913082909 -0.24999999999999997 5.1395833333333343 548.50000000000011 4.2167400205385919 47.500000000000007 22.500000000000004 7.8625000000000016 7.1770833333333339 842.38888888888903
decision_type=2 2 2 2 2 2 2 2 2 2 2 2 2 2 2 2 2 2
left_child=7 2 -2 5 -3 6 -4 -1 11 10 -10 -5 -12 -9 -11 16 17 -6
right_child=1 4 3 8 15 -7 -8 13 9 14 12 -13 -14 -15 -16 -17 -18 -19
leaf_value=-3.0075257239101569 -0.72517242781961022 1.2458409909905053 0.60515553854149395 1.2808686046175659 1.8828751849909999 -0.56851344998395137 -0.74361792345909483 -1.0803343294175243 0.13517396986014271 0.31659048971750586 0.95340128661529555 0.34432429853229962 1.0921816642354254 0.0018991816805845655 -0.17262347796805014 4.1867547917485286 1.7375134229961933 2.1480437032833581
leaf_weight=317 117 40 21 19 25 66 20 36 34 32 20 31 19 42 34 37 27 36
leaf_count=317 117 40 21 19 25 66 20 36 34 32 20 31 19 42 34 37 27 36
internal_value=-0.00075764 0.0047963 -0.000162255 0.00264503 0.0172033 -0.00332777 0.00317868 -0.00888417 0.00602643 0.00388103 0.00825613 0.011979 0.0138173 -0.00379587 -0.000961158 0.0198852 0.0178655 0.0200463
internal_weight=973 578 413 296 165 107 41 395 189 139 73 50 39 78 66 125 88 61
internal_count=973 578 413 296 165 107 41 395 189 139 73 50 39 78 66 125 88 61
is_linear=0
shrinkage=0.0352741


Tree=8
num_leaves=25
num_cat=0
split_feature=2 11 11 79 3 72 13 9 36 11 0 12 76 0 105 79 13 40 9 1 100 38 11 108
split_gain=32.8996 21.8448 6.09696 3.85218 2.68917 2.49265 2.41078 1.81593 3.66104 2.88934 1.80944 1.69374 1.67108 1.38309 1.81296 1.2525 1.22456 0.99431 0.888396 1.11765 0.772948 0.771407 0.682562 0.505935
threshold=75.500000000000014 6.1250000000000009 4.260416666666667 53.125000000000007 140.50000000000003 10.500000000000002 21.500000000000004 36.630952380952387 14.850000000000003 5.5833333333333339 47.500000000000007 3.2336309523809526 569.50000000000011 72.500000000000014 0.99244185863966206 73.625000000000014 21.500000000000004 8.5500000000000025 35.160714285714292 18.500000000000004 866.16666666666686 16.150000000000002 6.9270833333333348 34.43631788961887
decision_type=2 2 2 2 2 2 2 2 2 2 2 2 2 2 2 2 2 2 2 2 2 2 2 2
left_child=3 2 18 -1 5 17 13 11 9 -9 23 12 -8 14 -4 -12 -17 -3 19 -2 -15 -14 -6 -5
right_child=1 4 6 10 22 -7 7 8 -10 -11 15 -13 21 20 -16 16 -18 -19 -20 -21 -22 -23 -24 -25
leaf_value=-3.0425343563048273 -0.42457671710054012 1.751626501136998 0.22925420634999691 -0.91941289452616537 1.3416581626235597 0.79201659180047801 0.85186470062005437 -0.29513526961379788 0.96389127236643601 1.1676614610031781 0.47161005784623683 0.84932275467916774 -0.044995778784750591 -0.054318708570303936 -0.2843192077597001 -0.70427060944110731 0.65736273035568582 1.2844245830326955 -0.69128058150060268 0.016144445137650509 -0.42036827431642376 0.49828974735308162 3.1628691726826141 -0.36735818195874281
leaf_weight=298 22 30 23 33 23 29 21 37 21 24 21 29 32 27 33 30 25 24 58 29 31 23 42 27
leaf_count=298 22 30 23 33 23 29 21 37 21 24 21 29 32 27 33 30 25 24 58 29 31 23 42 27
internal_value=-0.000696907 0.00496819 0.000774197 -0.00798028 0.0165817 0.0123584 0.00336268 0.00582687 0.00189139 -0.00248412 -0.00305921 0.00889749 0.00612178 -0.000680375 0.00327199 0.000556525 -0.0022423 0.0168347 -0.00637176 -0.00297064 -0.00449589 0.00288296 0.0219585 -0.00763518
internal_weight=992 558 410 434 148 83 301 187 82 61 136 105 76 114 56 76 55 54 109 51 58 55 65 60
internal_count=992 558 410 434 148 83 301 187 82 61 136 105 76 114 56 76 55 54 109 51 58 55 65 60
is_linear=0
shrinkage=0.0352741


Tree=9
num_leaves=21
num_cat=0
split_feature=81 11 11 9 12 8 27 1 0 11 76 10 8 3 78 45 78 13 108 8
split_gain=32.7986 26.2507 6.6843 3.12837 4.43556 2.55746 2.57524 2.33267 1.9815 1.8906 1.98666 1.44147 1.66698 1.24882 1.07614 1.04161 1.26958 0.984888 0.963723 0.685478
threshold=60.500000000000007 6.1479166666666671 5.0937500000000009 35.333333333333336 3.2080357142857152 55.895833333333336 -0.6830127018922193 79.500000000000014 62.500000000000007 4.1583333333333341 512.50000000000011 52.23701165382807 59.187500000000007 92.500000000000014 1220.45 1.0000000180025095e-35 1156.3000000000002 21.500000000000004 42.265858597251302 57.750000000000007
decision_type=2 2 2 2 2 2 2 2 2 2 2 2 2 2 2 2 2 2 2 2
left_child=-1 2 3 4 9 6 -4 13 -8 -2 -11 19 -13 -3 -14 16 -15 -12 -5 -7
right_child=1 7 5 18 -6 11 8 -9 -10 10 17 12 14 15 -16 -17 -18 -19 -20 -21
leaf_value=-2.8293894223671217 -0.61092653619599779 0.78103484293336356 -0.16463945067420496 -0.65002042264794413 0.69768977665825027 -0.77268049845508124 0.30532924929710287 3.0494768141310744 1.0935562197729307 0.34148026700931783 -0.79190176917971533 0.81295616357691536 0.32870567626486952 1.7686038432776883 -0.25402442991726809 1.1691249779352912 1.8102980061345864 0.073585776200583874 -0.16451640508417545 0.20024533087244223
leaf_weight=311 65 23 22 92 35 20 32 38 29 21 22 30 25 33 22 19 47 31 31 19
leaf_count=311 65 23 22 92 35 20 32 38 29 21 22 30 25 33 22 19 47 31 31 19
internal_value=-0.000806112 0.00366688 -0.000341322 -0.00369295 -0.000648498 0.00466046 0.00938556 0.0160878 0.0131138 -0.00347517 0.000381036 0.00127651 0.004074 0.0136982 -7.49568e-05 0.0154187 0.0171834 -0.00325755 -0.00799734 -0.00424453
internal_weight=967 656 496 297 174 199 83 160 61 139 74 116 77 122 47 99 80 53 123 39
internal_count=967 656 496 297 174 199 83 160 61 139 74 116 77 122 47 99 80 53 123 39
is_linear=0
shrinkage=0.0352741


Tree=10
num_leaves=23
num_cat=0
split_feature=79 11 11 13 1 12 13 2 105 36 104 8 81 85 9 11 77 12 9 108 11 72
split_gain=33.386 22.5325 7.01335 4.98887 2.81073 2.52119 1.93819 2.0261 1.83347 1.36535 1.35546 1.46716 1.2935 1.25791 1.00119 0.989473 2.09028 0.706116 0.700844 0.621228 0.618692 0.54965
threshold=68.875000000000014 6.1479166666666671 4.1291666666666673 21.500000000000004 79.500000000000014 3.9681547619047626 22.500000000000004 102.50000000000001 0.99163206885965971 15.950000000000001 900.78571428571433 69.958333333333357 92.937500000000014 2.6500000000000004 36.086309523809533 5.147916666666668 924.00000000000011 3.8726190476190481 33.395833333333336 33.230876787594084 5.0270833333333345 4.5000000000000009
decision_type=2 2 2 2 2 2 2 2 2 2 2 2 2 2 2 2 2 2 2 2 2 2
left_child=13 2 19 8 9 6 15 20 12 10 11 -3 -4 -1 -9 16 -5 18 -10 -2 -8 -17
right_child=1 4 3 5 -6 -7 7 14 17 -11 -12 -13 -14 -15 -16 21 -18 -19 -20 -21 -22 -23
leaf_value=-0.16019773010991931 -0.65421788013121729 1.4427153594056634 0.15165168880866634 0.036985395644413242 3.0657991366324606 -0.036717079110119552 0.68770453632401796 0.13812247996576879 -0.084763851445963961 0.5153861469837564 1.8040025283734711 0.97936280356692684 -0.07933028869218918 -2.6943111741813177 -0.44843574698405353 1.1810905231413265 0.86345809013709052 0.0088611258842998825 -0.65602219260967076 -0.88326401535176602 0.73746895534554591 1.2603377041658628
leaf_weight=24 54 30 26 28 40 21 20 34 19 19 41 27 30 319 20 26 25 19 52 58 20 22
leaf_count=24 54 30 26 28 40 21 20 34 19 19 41 27 30 319 20 26 25 19 52 58 20 22
internal_value=-0.0006953 0.00411958 0.000282752 0.00266948 0.0156989 0.00607332 0.00732393 0.00367519 -0.00236675 0.0129273 0.0146047 0.0110658 0.00264276 -0.00955218 -0.00078301 0.0107156 0.00737934 -0.00548347 -0.00709858 -0.00742883 0.00968603 0.0143858
internal_weight=974 631 474 362 157 216 195 94 146 117 98 57 56 343 54 101 53 90 71 112 40 48
internal_count=974 631 474 362 157 216 195 94 146 117 98 57 56 343 54 101 53 90 71 112 40 48
is_linear=0
shrinkage=0.0352741


Tree=11
num_leaves=22
num_cat=0
split_feature=81 11 19 13 13 11 11 108 81 8 109 109 11 8 10 72 8 41 2 8 11
split_gain=33.5486 24.9005 4.46232 3.79496 2.96892 2.66145 2.56324 3.07662 1.64962 1.49144 1.62538 1.41831 1.31816 1.30534 1.31912 1.12148 1.064 1.06272 1.06994 1.01875 0.831624
threshold=64.916666666666671 5.6125000000000016 45.500000000000007 21.500000000000004 21.500000000000004 6.4270833333333348 4.1291666666666673 37.017599049654514 76.312500000000014 42.000000000000007 3.3864438048092507 4.1070883566120528 5.9687500000000009 63.645833333333336 61.112808347329377 6.5000000000000009 33.770833333333336 12.800000000000002 142.50000000000003 72.916666666666671 5.1395833333333343
decision_type=2 2 2 2 2 2 2 2 2 2 2 2 2 2 2 2 2 2 2 2 2
left_child=-1 4 3 5 8 -3 16 9 -2 -8 15 20 -5 -14 -15 -11 -6 -10 -19 -16 -9
right_child=1 2 -4 12 6 -7 7 11 17 10 -12 -13 13 14 19 -17 -18 18 -20 -21 -22
leaf_value=-2.599271784520373 0.098671099800794429 -0.17698588918097405 2.217323920120478 0.5029456116882336 0.016009076116703703 0.98499846661015611 0.68087011179902457 -0.24648117243983331 0.014943106206666569 0.53621753881875378 0.67812373242581869 0.30993647430406357 1.7580413663804737 1.4138952747285947 2.0251797101990374 -0.25595210655327905 -0.56159446548399317 -0.79163879978604801 0.030393249306017348 2.4267634391694317 0.090860169336876725
leaf_weight=325 21 37 56 28 23 27 19 40 25 19 20 37 23 26 25 21 47 117 19 21 20
leaf_count=325 21 37 56 28 23 27 19 40 25 19 20 37 23 26 25 21 47 117 19 21 20
internal_value=-0.000736604 0.0037689 0.0127856 0.010164 -0.00135144 0.00319376 0.00117552 0.00344608 -0.00476627 0.00861114 0.00587321 -0.0007632 0.0137875 0.0157707 0.0134127 0.00176109 -0.0045314 -0.00597906 -0.0072073 0.0170017 -0.00411125
internal_weight=996 671 243 187 428 64 246 176 182 79 60 97 123 95 72 40 70 161 136 46 60
internal_count=996 671 243 187 428 64 246 176 182 79 60 97 123 95 72 40 70 161 136 46 60
is_linear=0
shrinkage=0.0352741


Tree=12
num_leaves=23
num_cat=0
split_feature=81 11 11 13 0 108 11 8 11 11 85 79 72 19 104 2 81 104 3 0 78 78
split_gain=32.9735 19.5453 5.06048 4.0289 2.95819 2.70153 2.75429 2.06267 2.80649 1.62405 1.85144 1.91246 1.61789 1.5321 2.02116 0.953818 0.884032 1.18998 1.91279 1.47045 0.713701 0.86823
threshold=60.500000000000007 6.1250000000000009 4.2208333333333341 21.500000000000004 73.500000000000014 36.466823391982352 5.0479166666666675 55.895833333333336 5.6875000000000009 8.4000000000000021 2.2500000000000004 126.12500000000001 15.500000000000002 15.500000000000002 686.11904761904771 146.50000000000003 98.687500000000014 1030.0238095238099 93.500000000000014 63.500000000000007 1220.45 1095.3000000000002
decision_type=2 2 2 2 2 2 2 2 2 2 2 2 2 2 2 2 2 2 2 2 2 2
left_child=-1 2 16 12 -3 13 -7 -8 -9 10 11 -6 15 14 -5 20 -2 18 -18 -20 21 -4
right_child=1 4 3 5 9 6 7 8 -10 -11 -12 -13 -14 -15 -16 -17 17 -19 19 -21 -22 -23
leaf_value=-2.5232368457386278 -0.65969515086266828 0.47805545721048764 -0.54652612933439904 0.530645571268335 0.62509634727259256 -0.13805608632907473 0.69254489439301292 -0.27598685865409978 0.72918226353031323 3.2624682855260319 1.530855372602723 1.7677160686553617 0.20701537702087106 1.2442380224246392 -0.094795059722140418 0.078145007206036232 -0.6743172232361625 -1.4792112801935131 0.43426848117058114 -0.19845064948293872 -0.6809556387386908 0.024731994136046577
leaf_weight=305 47 20 23 19 31 38 38 32 29 24 54 37 19 30 21 19 33 21 22 19 64 25
leaf_count=305 47 20 23 19 31 38 38 32 29 24 54 37 19 30 21 19 33 21 22 19 64 25
internal_value=-0.000399991 0.00400445 0.000515972 0.00275626 0.014487 0.00594548 0.00306263 0.00616037 0.0021375 0.0162292 0.0145652 0.0106767 -0.00164547 0.0115803 0.00704438 -0.00304135 -0.00511509 -0.00315414 -0.00104785 0.00403778 -0.00428102 -0.00102756
internal_weight=970 665 499 357 166 207 137 99 61 146 122 68 150 70 40 131 142 95 74 41 112 48
internal_count=970 665 499 357 166 207 137 99 61 146 122 68 150 70 40 131 142 95 74 41 112 48
is_linear=0
shrinkage=0.0352741


Tree=13
num_leaves=23
num_cat=0
split_feature=81 11 13 11 108 76 36 11 85 0 81 77 2 8 8 0 8 28 109 72 76 8
split_gain=32.5804 19.9895 4.28294 4.0098 3.65277 2.42104 2.34254 2.2839 2.31479 2.08955 1.86053 1.60297 1.55959 1.48459 1.43934 1.43766 1.70241 0.97198 0.944423 0.891174 0.763695 0.788454
threshold=59.375000000000007 6.1250000000000009 21.500000000000004 4.260416666666667 35.633017718145062 422.50000000000006 14.850000000000003 8.4000000000000021 2.6500000000000004 92.500000000000014 76.312500000000014 692.50000000000011 146.50000000000003 48.979166666666679 69.958333333333357 25.500000000000004 36.187500000000007 -0.24999999999999997 4.0302105541426281 3.5000000000000004 526.50000000000011 42.145833333333336
decision_type=2 2 2 2 2 2 2 2 2 2 2 2 2 2 2 2 2 2 2 2 2 2
left_child=-1 2 10 15 13 -6 11 8 9 -3 -2 -7 20 -5 -11 -4 -17 18 -13 -10 21 -12
right_child=1 7 3 4 5 6 -8 -9 19 14 12 17 -14 -15 -16 16 -18 -19 -20 -21 -22 -23
leaf_value=-2.4538540214029259 0.024120888702275432 0.053069903686612518 -1.0396070310391503 0.91474226462473596 -0.61439163815361153 1.0214501522434349 0.68538774506748668 3.6048969972679732 1.4363221439450164 1.7863308434610572 -1.1162582005826394 -0.042439547801210058 0.079750077136274758 0.38866555968718541 1.4101398981968898 0.28643226699078472 -0.42724644843881271 -0.050217996040581317 0.73098378996524427 1.0918769145313998 -0.61161100491366605 -0.17555899970713831
leaf_weight=313 37 30 26 35 24 19 22 28 29 25 20 19 22 25 31 22 30 47 21 28 99 41
leaf_count=313 37 30 26 35 24 19 22 28 29 25 20 19 22 25 31 22 30 47 21 28 99 41
internal_value=-0.000600299 0.00373458 0.000228665 0.00304025 0.00555578 0.00264453 0.00457249 0.0141666 0.0123531 0.00868949 -0.00349425 0.00239464 -0.00496002 0.0129211 0.0127104 -0.00379587 -0.000406546 0.000364655 0.00440274 0.017866 -0.00617068 -0.00306182
internal_weight=993 680 509 290 212 152 128 171 143 86 219 106 182 60 56 78 52 87 40 57 160 61
internal_count=993 680 509 290 212 152 128 171 143 86 219 106 182 60 56 78 52 87 40 57 160 61
is_linear=0
shrinkage=0.0352741


Tree=14
num_leaves=21
num_cat=0
split_feature=81 11 11 108 76 3 11 10 8 76 9 13 72 11 36 78 105 13 81 3
split_gain=29.3105 24.0946 5.7818 3.51379 2.70526 2.22089 2.10677 1.83833 2.12281 1.49488 1.73361 1.44363 1.42252 1.19797 1.14321 0.984564 0.709395 0.851102 0.608359 0.535329
threshold=59.375000000000007 6.1250000000000009 4.2375000000000016 35.633017718145062 481.50000000000006 175.50000000000003 5.3291666666666675 52.23701165382807 59.187500000000007 915.50000000000011 36.232142857142868 21.500000000000004 3.5000000000000004 5.5229166666666671 15.450000000000001 1220.45 0.94063222996716789 21.500000000000004 23.750000000000004 140.50000000000003
decision_type=2 2 2 2 2 2 2 2 2 2 2 2 2 2 2 2 2 2 2 2
left_child=18 2 16 4 -4 9 11 13 -9 12 -11 -6 -3 14 19 -10 17 -2 -1 -5
right_child=1 5 3 7 6 -7 -8 8 15 10 -12 -13 -14 -15 -16 -17 -18 -19 -20 -21
leaf_value=-2.5436670178052667 -0.65014091986908695 1.6519655751741189 0.78210077351403828 -0.30708549243539446 -0.63301539308896926 2.3709446037567345 0.91386891166177819 0.82102874297439599 0.2071372940382753 0.012297643613070012 2.1896945761203068 0.3888877996087538 1.2530350819059002 0.40432959964121068 0.047550460747157741 -0.29183708981266698 -0.58208517799998238 0.016153755541666506 -1.3533231113144528 -0.098196212817669312
leaf_weight=269 31 33 37 74 25 37 19 35 29 20 26 29 50 26 27 27 94 30 33 27
leaf_count=269 31 33 37 74 25 37 19 35 29 20 26 29 50 26 27 27 94 30 33 27
internal_value=-0.000627538 0.00345405 -0.000345785 0.00213596 0.00737152 0.0151242 0.00342798 -0.000215912 0.00375754 0.0129279 0.00781158 -0.000130502 0.0157558 -0.0025644 -0.0039665 -0.000503383 -0.00602843 -0.00306182 -0.0097627 -0.00568941
internal_weight=978 676 510 355 110 166 73 245 91 129 46 54 83 154 128 56 155 61 302 101
internal_count=978 676 510 355 110 166 73 245 91 129 46 54 83 154 128 56 155 61 302 101
is_linear=0
shrinkage=0.0352741


Tree=15
num_leaves=25
num_cat=0
split_feature=81 11 11 11 8 8 78 27 104 13 0 13 8 2 19 10 23 76 13 9 81 27 109 10
split_gain=29.0088 17.6886 4.01613 3.88261 2.63045 2.10388 2.79968 1.96015 1.84095 2.3072 1.79174 1.61125 1.26105 1.33789 1.19727 1.34985 1.74796 0.992752 0.965348 0.687286 0.683912 0.653031 0.641741 0.503613
threshold=59.375000000000007 6.0937500000000009 5.0166666666666675 7.8625000000000016 71.312500000000014 55.895833333333336 1159.5000000000002 0.68301270189221941 683.83333333333337 21.500000000000004 128.50000000000003 21.500000000000004 57.750000000000007 102.50000000000001 15.500000000000002 47.384393997634355 -0.60355339059327395 397.50000000000006 21.500000000000004 35.380952380952387 86.937500000000014 -0.5 3.327012548258208 43.044161256940491
decision_type=2 2 2 2 2 2 2 2 2 2 2 2 2 2 2 2 2 2 2 2 2 2 2 2
left_child=-1 2 8 4 7 6 -4 18 9 -2 12 -8 -7 -14 20 16 -16 -18 -3 -13 -10 -6 -19 -24
right_child=1 3 5 -5 21 10 11 -9 14 -11 -12 19 13 -15 15 -17 17 22 -20 -21 -22 -23 23 -25
leaf_value=-2.2469968618376277 -0.47272218619365319 0.70415477434757956 0.0014590499937783355 2.8388298052787841 -0.048011346612814136 -0.7530737669419334 0.20357948605206946 0.33401783482147063 -0.18994761625660028 0.32769996010113855 0.62413232581138689 0.75403480323220784 0.32969087478375136 -0.095459880230650052 -0.80992403354802101 -0.9297694356593923 -0.1611435102482528 -0.27426719749418715 2.0717456095672655 1.156869895645408 -0.56046543436275886 1.5595760017564206 0.044859469808242868 0.33734228555863549
leaf_weight=300 19 26 37 36 22 23 23 29 19 24 28 19 21 42 40 20 34 22 34 20 64 19 26 22
leaf_count=300 19 26 37 36 22 23 23 29 19 24 28 19 21 42 40 20 34 22 34 20 64 19 26 22
internal_value=-0.000644287 0.00344274 0.00014725 0.0134249 0.0105774 0.00382444 0.00758473 0.0139814 -0.00255381 0.00417791 0.000556669 0.0121636 -0.00196743 0.000615317 -0.00372645 -0.00197808 -0.000783547 0.00162711 0.0176196 0.0165266 -0.00717719 0.00317868 0.00402791 0.00631215
internal_weight=969 669 503 166 130 213 99 89 290 43 114 62 86 63 247 164 144 104 60 39 83 41 70 48
internal_count=969 669 503 166 130 213 99 89 290 43 114 62 86 63 247 164 144 104 60 39 83 41 70 48
is_linear=0
shrinkage=0.0352741


Tree=16
num_leaves=23
num_cat=0
split_feature=81 11 11 13 0 8 11 81 2 8 11 8 11 8 36 105 77 40 105 2 78 38
split_gain=28.116 17.1929 4.32022 3.4004 2.53836 2.49229 2.56991 2.38069 1.94554 1.86996 2.35986 2.25799 1.94477 1.82338 1.57765 1.42659 2.224 1.26221 1.46043 1.11505 1.66681 0.805547
threshold=59.375000000000007 6.3270833333333352 4.1291666666666673 21.500000000000004 83.500000000000014 42.000000000000007 5.1395833333333343 76.312500000000014 182.50000000000003 55.895833333333336 5.731250000000002 62.562500000000007 5.4375000000000009 71.312500000000014 11.050000000000002 1.0023582984649975 739.50000000000011 11.850000000000003 0.78031739550969903 127.50000000000001 1333.2500000000002 11.450000000000001
decision_type=2 2 2 2 2 2 2 2 2 2 2 2 2 2 2 2 2 2 2 2 2 2
left_child=-1 2 17 7 -3 -5 19 -4 13 12 -11 -12 -8 -6 -15 16 -9 18 -2 20 -7 -17
right_child=1 4 3 5 8 6 9 15 -10 10 11 -13 -14 14 -16 21 -18 -19 -20 -21 -22 -23
leaf_value=-2.2335845571238777 0.0039019897741312888 1.3252980501041058 0.087447410068875367 0.61514220564685873 1.4598626435254605 -0.18594702388246051 0.46417757786150921 0.45259266260165587 2.7665157951440547 -0.29501195575619121 1.1139056802865865 0.029016422974617866 1.29659077694225 1.2037643356068184 0.57314369659444198 -0.64129390264859698 -0.33459586187449131 0.028703258118633338 -0.74740900815363065 -0.25241271566193474 0.66144148477754716 -0.4451004548062259
leaf_weight=306 24 26 29 19 40 34 25 23 28 36 23 19 20 23 22 34 36 21 90 27 28 50
leaf_count=306 24 26 29 19 40 34 25 23 28 36 23 19 20 23 22 34 36 21 90 27 28 50
internal_value=-0.000785815 0.00322493 0.000367124 0.00219665 0.0142812 0.00499206 0.00389237 -0.00155809 0.016567 0.00719474 0.00388624 0.00956091 0.0129168 0.0138925 0.00900263 -0.00342732 0.000776445 -0.00509291 -0.00655634 -0.000673327 0.00193254 -0.00637843
internal_weight=983 677 538 403 139 231 212 172 113 123 78 42 45 85 45 143 59 135 114 89 62 84
internal_count=983 677 538 403 139 231 212 172 113 123 78 42 45 85 45 143 59 135 114 89 62 84
is_linear=0
shrinkage=0.0352741


Tree=17
num_leaves=23
num_cat=0
split_feature=81 11 11 11 8 23 108 9 12 3 13 58 10 8 11 8 108 38 76 11 101 88
split_gain=26.2827 16.7435 2.8751 2.86275 4.67054 2.73488 2.96685 1.61443 1.70012 1.67719 1.4341 1.3936 1.3432 2.37049 1.35358 2.37387 1.14117 1.00891 0.990586 0.816223 0.759959 0.670654
threshold=59.375000000000007 5.8625000000000016 7.8625000000000016 4.8791666666666673 50.229166666666679 -0.60355339059327395 47.589676672781259 35.380952380952387 3.2080357142857152 93.500000000000014 21.500000000000004 0.26827446907513119 53.390743973165407 59.354166666666679 5.4083333333333341 55.979166666666679 41.427761104854639 12.15 789.00000000000011 4.0979166666666673 0.99634775112764828 1.0000000180025095e-35
decision_type=2 2 2 2 2 2 2 2 2 2 2 2 2 2 2 2 2 2 2 2 2 2
left_child=21 3 5 7 -5 11 17 8 10 -10 20 -3 14 -14 -6 -16 -9 -7 -19 -12 -2 -1
right_child=1 2 -4 4 12 6 -8 16 9 -11 19 -13 13 -15 15 -17 -18 18 -20 -21 -22 -23
leaf_value=-2.2606189121424793 -0.34147106603594934 0.33453120760037969 2.8077793954592498 0.98834665628112484 -0.26483146347177366 1.8403446631879767 0.39448303694781323 -0.5853940897254265 -0.032245578904843197 0.62254567868808475 -0.1876125010459454 -0.097133170784156869 0.53595071105594572 -0.34372670314243997 1.0500368937524738 -0.62042417938748784 -0.058602262890494222 1.5649661471617149 0.70263522827094216 0.42470481840425528 -0.66610535600978538 -1.0341279318089784
leaf_weight=259 23 27 37 35 61 28 26 83 19 19 35 26 33 22 21 21 30 27 21 31 36 38
leaf_count=259 23 27 37 35 61 28 26 83 19 19 35 26 33 22 21 21 30 27 21 31 36 38
internal_value=-0.000677457 0.00323895 0.0120115 -0.000353449 0.00294165 0.00989572 0.0132719 -0.00265777 -0.000411021 0.00611701 -0.0023975 0.00339051 0.000357072 0.00480493 -0.00201939 0.0028515 -0.00589673 0.0167885 0.0136519 0.00117475 -0.00639075 -0.00939267
internal_weight=958 661 192 469 193 155 102 276 163 38 125 53 158 55 103 42 113 76 48 66 59 297
internal_count=958 661 192 469 193 155 102 276 163 38 125 53 158 55 103 42 113 76 48 66 59 297
is_linear=0
shrinkage=0.0352741


Tree=18
num_leaves=22
num_cat=0
split_feature=81 11 11 11 108 76 2 23 108 105 100 38 36 11 36 9 8 88 104 1 46
split_gain=28.5104 20.5271 4.87147 2.31801 2.07889 2.06642 2.02487 1.82825 2.18155 2.34493 1.4714 1.32043 1.83862 1.13947 0.935601 0.919545 0.888312 0.861121 0.810714 0.653188 0.532911
threshold=59.375000000000007 5.6875000000000009 7.8625000000000016 4.1291666666666673 36.210157979798822 474.50000000000006 114.50000000000001 -0.60355339059327395 46.966008048747376 0.90016125414847936 852.20000000000016 15.550000000000002 15.550000000000002 6.4270833333333348 14.15 33.264880952380956 63.270833333333336 1.0000000180025095e-35 648.857142857143 49.500000000000007 0.058333333333333341
decision_type=2 2 2 2 2 2 2 2 2 2 2 2 2 2 2 2 2 2 2 2 2
left_child=17 3 7 14 5 -5 10 13 9 -9 -7 12 -6 -3 18 -11 -17 -1 -2 -13 -20
right_child=1 2 -4 4 11 6 -8 8 -10 15 -12 19 -14 -15 -16 16 -18 -19 20 -21 -22
leaf_value=-2.1924306914395175 -0.069355552602230364 -0.068257968991184442 3.1249012301380636 0.2904049795446817 -0.20073187128621311 0.27882219162901845 0.65545224211821307 0.93591759487439941 0.69814236129404861 1.54843511278971 -0.44876558676259887 0.074053791018366844 0.17402249567906194 0.27561574419941082 0.025458625816968488 1.2781275858915304 0.98389654764718992 -0.90920769574300486 -0.83548239883237652 -0.2410950043452256 -0.54971897727878039
leaf_weight=281 30 28 38 31 86 24 38 21 33 19 33 56 23 28 23 25 29 32 55 20 26
leaf_count=281 30 28 38 31 86 24 38 21 33 19 33 56 23 28 23 25 29 32 55 20 26
internal_value=-0.000673734 0.00345295 0.0122389 -0.000911457 0.000759779 0.00425329 0.00166984 0.00984657 0.0121875 0.0149258 -0.00253462 -0.00162018 -0.00410768 0.00453045 -0.00478884 0.0179124 0.0155297 -0.00945347 -0.00612997 0.00194784 -0.00796351
internal_weight=979 666 221 445 311 126 95 183 127 94 57 185 109 56 134 73 54 313 111 76 81
internal_count=979 666 221 445 311 126 95 183 127 94 57 185 109 56 134 73 54 313 111 76 81
is_linear=0
shrinkage=0.0352741


Tree=19
num_leaves=23
num_cat=0
split_feature=79 11 11 11 81 77 15 23 105 36 81 81 38 41 10 10 10 1 40 104 2 3
split_gain=27.1863 19.715 3.86096 2.90192 2.13719 2.12166 2.38347 1.99656 2.64087 1.57143 1.53553 1.98038 1.52373 1.09503 1.20948 1.18056 0.792386 0.773624 0.735459 0.919707 0.69215 0.538051
threshold=37.875000000000007 5.5833333333333339 8.4000000000000021 4.1291666666666673 128.43750000000003 1009.5000000000001 8.5000000000000018 -0.60355339059327395 0.90093073239443 15.550000000000002 143.62500000000003 153.18750000000003 15.050000000000002 15.300000000000002 47.428473982241137 43.869514902198411 49.483189564721449 65.500000000000014 13.850000000000003 648.857142857143 125.50000000000001 80.500000000000014
decision_type=2 2 2 2 2 2 2 2 2 2 2 2 2 2 2 2 2 2 2 2 2 2
left_child=-1 3 4 18 5 6 12 21 -9 13 20 -12 -3 -10 15 -15 -16 -7 19 -2 -6 -5
right_child=1 2 -4 7 10 17 -8 8 9 -11 11 -13 -14 14 16 -17 -18 -19 -20 -21 -22 -23
leaf_value=-2.1035416151658448 -0.22064179023751745 0.064114883719380261 3.0798987862180853 -0.062058919398148733 1.0510452968897421 0.053371620470314338 0.97762633208329763 0.25852760386456058 -0.24237412852198845 0.47948923471567795 0.092651206836739039 1.5837029710280328 0.72053449744259623 -0.0040586565803009877 -0.71886096901448759 0.31569313236022284 0.085302049521042145 -0.26906124707550855 -0.051237099388309441 -0.77814126914439652 1.0341262523000461 -0.58022289297539986
leaf_weight=295 26 36 27 34 19 24 24 32 38 21 24 37 19 34 24 30 38 20 19 90 30 42
leaf_count=295 26 36 27 34 19 24 24 32 38 21 24 37 19 34 24 30 38 20 19 90 30 42
internal_value=-0.000785815 0.00305546 0.0107155 -0.00159865 0.00924764 0.00604817 0.00950348 0.000373131 0.00209637 0.000476524 0.01282 0.00906993 0.00544558 -0.000688027 0.000895428 0.00429505 -0.00261461 -0.000160121 -0.00587644 -0.00692964 0.0174719 -0.00454496
internal_weight=983 688 260 428 233 123 79 293 217 185 110 61 55 164 126 64 62 44 135 116 49 76
internal_count=983 688 260 428 233 123 79 293 217 185 110 61 55 164 126 64 62 44 135 116 49 76
is_linear=0
shrinkage=0.0352741


Tree=20
num_leaves=21
num_cat=0
split_feature=81 11 11 81 46 40 23 105 81 109 108 11 76 3 23 105 108 38 23 10
split_gain=21.9344 15.0794 3.80816 3.10003 2.13131 2.09028 1.9636 2.36372 2.20093 1.65496 2.01922 2.47493 1.70425 1.63625 1.60687 1.41956 1.26388 1.03683 1.02756 0.732327
threshold=57.062500000000007 5.7041666666666666 8.4000000000000021 128.43750000000003 0.025000000000000005 8.5500000000000025 -0.60355339059327395 1.2191339985257656 76.312500000000014 4.1285073003372501 38.515453172427804 4.1812500000000012 474.50000000000006 126.50000000000001 -0.37940952255126098 1.045702540692836 34.529389297895541 16.950000000000003 -0.60355339059327395 69.72108452682518
decision_type=2 2 2 2 2 2 2 2 2 2 2 2 2 2 2 2 2 2 2 2
left_child=19 6 3 13 5 -5 8 9 -2 10 11 -8 16 15 -14 18 -13 -12 -3 -1
right_child=1 2 -4 4 -6 -7 7 -9 -10 -11 17 12 14 -15 -16 -17 -18 -19 -20 -21
leaf_value=-1.9414985003189831 0.043666688244412478 -0.059355567047356596 2.9779636179264775 0.99684167288005077 1.4663679622671335 0.024446130035457488 -0.13753679357488641 -0.26078152562871826 -0.57690128705229182 0.50439229621745363 -0.44495422396412099 0.85327898000372204 0.79226064697740228 -0.26766742983969827 -0.12538474302748195 0.40299504685511706 0.047554164227582643 0.024200832114164419 0.8260188743022906 -2.0434507709606899
leaf_weight=259 28 23 27 25 46 28 89 47 95 36 41 22 34 24 32 24 21 22 21 37
leaf_count=259 28 23 27 25 46 28 89 47 95 36 41 22 34 24 32 24 21 22 21 37
internal_value=-0.00148495 0.00198239 0.00964112 0.00788344 0.0122139 0.00737934 -0.00159355 -0.000225552 -0.00541756 0.00093808 -4.05361e-05 0.00170975 0.00527207 0.0032186 0.00170872 0.00601211 0.0107315 -0.00553786 0.0022417 -0.0095078
internal_weight=981 685 218 191 99 53 467 344 123 297 261 198 109 92 66 68 43 63 44 296
internal_count=981 685 218 191 99 53 467 344 123 297 261 198 109 92 66 68 43 63 44 296
is_linear=0
shrinkage=0.0352741


Tree=21
num_leaves=22
num_cat=0
split_feature=81 11 11 11 77 8 13 72 8 27 0 10 46 76 100 41 101 11 72 76 78
split_gain=26.3406 15.1186 3.87796 3.48308 2.40968 2.35276 2.0986 2.29136 1.66029 1.61994 1.60603 1.63596 1.46374 1.27285 1.18018 1.09407 0.925637 0.71776 0.913567 0.609807 0.527466
threshold=57.062500000000007 6.1250000000000009 8.4000000000000021 5.1229166666666677 1311.5000000000002 52.770833333333336 21.500000000000004 -1.0000000180025095e-35 77.145833333333343 0.68301270189221941 137.50000000000003 53.470720947021235 1.0000000180025095e-35 548.50000000000011 933.94444444444457 17.800000000000004 0.99180953712528541 4.0979166666666673 6.5000000000000009 497.50000000000006 1388.7500000000002
decision_type=2 2 2 2 2 2 2 2 2 2 2 2 2 2 2 2 2 2 2 2 2
left_child=-1 3 4 6 8 -5 15 -8 9 13 11 12 -7 -3 17 -2 -17 -9 -19 -18 -13
right_child=1 2 -4 5 -6 10 7 14 -10 -11 -12 20 -14 -15 -16 16 19 18 -20 -21 -22
leaf_value=-1.8718296733606308 0.062216133365007788 0.86423548626679247 2.907004520360192 1.012294208107245 0.020101396371956296 -0.36470431662268155 -0.36244672848045911 -0.010266735383911039 0.33667582238508381 0.8498483983884273 0.4253454725358376 0.43728972117138953 0.05870877818546124 1.6058862866053232 -0.34080315527238481 -0.28304192129091627 -0.3494633703504853 0.32094362645362229 0.081712849279732644 -0.67408751432118574 -0.034623661635289668
leaf_weight=309 35 19 27 26 30 28 25 45 22 21 25 47 35 45 24 30 36 38 34 57 23
leaf_count=309 35 19 27 26 30 28 25 45 22 21 25 47 35 45 24 30 36 38 34 57 23
internal_value=-0.000801799 0.0031177 0.0124275 0.000111086 0.0100115 0.00398622 -0.00208993 0.000679739 0.0124874 0.0147219 0.0023656 0.000821811 -0.00330034 0.0175106 0.00242564 -0.00499901 -0.00656413 0.00388723 0.00606999 -0.00830119 0.0045314
internal_weight=981 672 164 508 137 184 324 166 107 85 158 133 63 64 141 158 123 117 72 93 70
internal_count=981 672 164 508 137 184 324 166 107 85 158 133 63 64 141 158 123 117 72 93 70
is_linear=0
shrinkage=0.0352741


Tree=22
num_leaves=25
num_cat=0
split_feature=81 11 11 0 85 108 36 40 2 11 8 10 8 109 108 76 76 41 72 3 109 108 76 15
split_gain=24.5529 17.1679 3.6261 3.26691 3.17952 2.46453 2.22628 1.56464 1.30659 1.28735 2.80864 1.77221 1.56808 1.23042 2.16392 0.98722 1.32998 0.853486 0.787067 0.782141 0.777572 0.718895 0.699668 0.478841
threshold=59.375000000000007 6.1250000000000009 4.1291666666666673 107.50000000000001 2.6500000000000004 30.319950433360614 10.750000000000002 11.850000000000003 174.50000000000003 4.7833333333333341 50.229166666666679 52.23701165382807 59.354166666666679 4.1389795014118347 44.381396642186296 526.50000000000011 335.00000000000006 27.550000000000001 5.5000000000000009 42.500000000000007 3.5884492414159661 41.486030109540799 757.50000000000011 5.5000000000000009
decision_type=2 2 2 2 2 2 2 2 2 2 2 2 2 2 2 2 2 2 2 2 2 2 2 2
left_child=19 2 7 4 6 -4 -3 -2 17 15 -11 13 21 20 -15 16 -7 -5 -17 -1 -12 -13 -20 -14
right_child=1 3 5 8 -6 9 -8 -9 -10 10 11 12 23 14 -16 18 -18 -19 22 -21 -22 -23 -24 -25
leaf_value=-1.8948293851814881 -0.51123227003842941 0.79934323628482329 0.37658208784403718 0.99557043699687264 1.2543306145135171 -0.083884366239080216 -0.24633628503635976 0.08093782183507138 2.5008870413955897 0.6898390002560485 -0.17697443805810401 0.21660027209573471 -0.2476613319392392 0.37281623309233669 -0.50921384461007291 -0.42413712134749987 0.1274240613026891 1.0182665678909668 -0.12876821568442917 -0.77572705056019564 -0.49787801155082306 0.59814888120614684 0.16256297607342779 0.082627338961749563
leaf_weight=268 108 24 25 28 29 24 21 24 28 38 21 32 30 29 21 24 24 36 20 25 41 19 19 20
leaf_count=268 108 24 25 28 29 24 21 24 28 38 21 32 30 29 21 24 24 36 20 25 41 19 19 20
internal_value=-0.000952127 0.00270325 -0.000455317 0.0125752 0.00704917 0.00126676 0.00117426 -0.00550243 0.0170126 0.000526102 0.00192486 0.000347676 0.00373477 -0.00270711 0.00140929 -0.00263621 0.00117435 0.0142067 -0.00553786 -0.0094968 -0.00602497 0.0080829 -0.00243835 -0.000704647
internal_weight=978 685 519 166 74 387 45 132 92 362 251 213 101 112 50 111 48 64 63 293 62 51 39 50
internal_count=978 685 519 166 74 387 45 132 92 362 251 213 101 112 50 111 48 64 63 293 62 51 39 50
is_linear=0
shrinkage=0.0352741


Tree=23
num_leaves=27
num_cat=0
split_feature=81 11 2 85 0 100 23 19 9 11 11 108 107 2 108 11 19 38 104 0 104 23 3 1 78 108
split_gain=20.623 15.2611 4.49499 3.14071 2.4292 2.33467 2.21061 2.02173 1.95977 2.6373 1.38974 2.47457 1.24077 1.16233 0.944049 0.884201 0.878164 0.96343 0.869413 0.804715 0.803668 0.795783 0.757942 0.739627 0.5196 0.518327
threshold=57.062500000000007 5.6875000000000009 189.00000000000003 2.6500000000000004 91.500000000000014 904.03888888888901 -0.60355339059327395 20.500000000000004 37.720238095238102 6.4458333333333337 4.260416666666667 37.453904366385117 0.99073797164196786 115.50000000000001 41.335994549818246 5.1229166666666677 32.500000000000007 15.050000000000002 913.07142857142878 66.500000000000014 822.52380952380975 -0.37940952255126098 42.500000000000007 18.500000000000004 1458.3000000000002 41.486030109540799
decision_type=2 2 2 2 2 2 2 2 2 2 2 2 2 2 2 2 2 2 2 2 2 2 2 2 2 2
left_child=22 5 3 4 14 6 15 10 -5 -10 23 21 -9 -13 -3 24 -7 -18 20 -19 -6 -12 -1 -8 -2 -14
right_child=1 2 -4 8 18 16 7 12 9 -11 11 13 25 -15 -16 -17 17 19 -20 -21 -22 -23 -24 -25 -26 -27
leaf_value=-1.8279909924950937 -0.94789091736982078 -0.29281030507256156 1.9316793244932391 0.97237944254073161 0.99264174061056731 -0.85407465082187095 -0.43851104019787374 0.81538124884105057 -0.022353302725455933 1.5436254879896845 0.58980261948706436 0.0030141247034774906 0.014773088992420328 -0.43552652372900053 0.24007037820112087 0.042849560872495362 -0.2805069406619341 -0.78082748667238022 0.93965768663323035 0.053931430208486585 0.01701599988342466 0.098877224357574997 -0.4784177135290949 0.0046268985328534471 -0.39158314192430405 0.59208712563174104
leaf_weight=281 31 22 30 31 24 34 33 22 19 22 26 21 34 21 27 30 47 25 23 24 22 34 23 24 26 21
leaf_count=281 31 22 30 31 24 34 33 22 19 22 26 21 34 21 27 30 47 25 23 24 22 34 23 24 26 21
internal_value=-0.0014477 0.00199677 0.00961762 0.0076094 0.00406345 -0.00170508 -9.82693e-05 0.0016736 0.0134127 0.00833329 -0.000598771 0.00186637 0.00636276 -0.00469659 -0.00194133 -0.0049026 -0.00569553 -0.00396589 0.00832571 -0.000503307 0.00551406 0.00646054 -0.00907203 -0.00500743 -0.00748023 0.00352361
internal_weight=977 673 220 190 118 453 323 236 72 41 159 102 77 42 49 87 130 96 69 49 46 60 304 57 57 55
internal_count=977 673 220 190 118 453 323 236 72 41 159 102 77 42 49 87 130 96 69 49 46 60 304 57 57 55
is_linear=0
shrinkage=0.0352741


Tree=24
num_leaves=25
num_cat=0
split_feature=3 11 11 13 11 8 11 8 58 108 10 8 10 101 13 10 10 19 13 13 104 10 76 109
split_gain=22.1679 13.0652 3.35564 3.33693 2.66163 2.52157 5.12777 2.45693 2.37179 1.91411 1.62677 3.77937 1.68425 1.36883 1.34645 2.6735 1.0003 1.58446 0.667763 0.815671 0.547175 0.527786 0.549729 0.515782
threshold=37.500000000000007 5.8625000000000016 8.4000000000000021 21.500000000000004 4.2083333333333348 64.812500000000014 6.7125000000000012 72.916666666666671 0.26827446907513119 29.967186247426842 52.23701165382807 58.979166666666679 51.372246141314555 0.89106644367238041 21.500000000000004 48.407078196508309 40.614124272123412 23.500000000000004 21.500000000000004 22.500000000000004 837.83333333333337 47.428473982241137 535.00000000000011 3.9094003698012831
decision_type=2 2 2 2 2 2 2 2 2 2 2 2 2 2 2 2 2 2 2 2 2 2 2 2
left_child=-1 4 3 8 16 -5 -7 -8 -3 -6 12 23 13 -11 21 20 17 18 -2 -20 -16 22 -15 -12
right_child=1 2 -4 5 9 6 7 -9 -10 10 11 -13 -14 14 15 -17 -18 -19 19 -21 -22 -23 -24 -25
leaf_value=-1.6720718001766 -0.96854491489245265 0.49969814900400616 2.6630070170622737 1.3452324179109649 0.3127141119727439 -0.21266911491981183 1.5016275897094986 0.73365693230357354 -0.30893281732991085 0.27996802981771124 0.71879384206359354 -0.60088388474846366 -0.59726129629564739 0.050237817182103767 -0.057217149739143769 0.86770464784512058 -0.5846146989867439 0.10209161974259823 0.050675604928613525 -0.57227610201183299 -0.0031811375386486098 -0.45833039494377675 -0.2349705931611499 0.79192339450136495
leaf_weight=297 30 33 25 35 19 25 23 29 35 23 21 30 22 26 20 28 48 22 22 22 47 36 33 20
leaf_count=297 30 33 25 35 19 25 23 29 35 23 21 30 22 26 20 28 48 22 22 22 47 36 33 20
internal_value=-0.00124596 0.00229209 0.00971907 0.00803201 -0.000955063 0.0117728 0.00819378 0.0145001 0.00186583 0.000813869 0.000138303 0.00481512 -0.00127555 -0.000314564 -0.00129917 0.00166984 -0.00494614 -0.00286425 -0.00533451 -0.00256194 -0.00215666 -0.00426736 -0.00220988 0.0117697
internal_weight=971 674 205 180 469 112 77 52 68 325 306 71 235 213 190 95 144 96 74 44 67 95 59 41
internal_count=971 674 205 180 469 112 77 52 68 325 306 71 235 213 190 95 144 96 74 44 67 95 59 41
is_linear=0
shrinkage=0.0352741


Tree=25
num_leaves=26
num_cat=0
split_feature=3 11 11 11 28 104 36 2 72 38 38 108 10 8 10 1 11 1 9 19 100 105 2 108 108
split_gain=20.1019 11.346 3.51638 2.67169 3.54753 2.52236 1.85744 1.57083 1.88878 1.51588 1.49652 1.46395 1.33241 1.80062 1.5735 1.28196 1.23705 1.12142 1.0663 0.944146 0.916409 0.748079 0.564797 0.500312 0.597717
threshold=37.500000000000007 6.1479166666666671 8.7895833333333346 5.0166666666666675 0.25000000000000017 683.83333333333337 14.15 174.50000000000003 3.5000000000000004 21.950000000000003 17.050000000000004 47.145846461234434 52.23701165382807 58.812500000000007 50.293548634936883 55.500000000000007 4.1583333333333341 24.500000000000004 26.377976190476193 23.500000000000004 869.35000000000002 1.0389339975866327 160.50000000000003 45.400932855358583 46.849909446560424
decision_type=2 2 2 2 2 2 2 2 2 2 2 2 2 2 2 2 2 2 2 2 2 2 2 2 2
left_child=23 3 7 5 11 18 16 8 15 17 21 12 14 -14 19 -3 -7 -6 -2 -5 -8 -10 -18 -1 -25
right_child=1 2 -4 4 9 6 20 -9 10 -11 -12 -13 13 -15 -16 -17 22 -19 -20 -21 -22 -23 -24 24 -26
leaf_value=-1.5281589658025241 -0.15952487016124584 0.9428255687404492 2.6263370218316693 0.72469207848039185 0.84702050990169908 -0.75193603474729487 0.36270822690004695 1.5058412578292104 -0.48991549755557035 -0.014021398042262974 0.51521208176383504 -0.35953595156258278 0.54199383526742839 -0.039679932060913033 -0.45664305145756978 0.45562856025135401 -0.14647082545473689 0.67394131808766544 0.33097544204735879 -0.056189331226496234 -0.11195961027735933 0.40967013397136154 0.039345922409099308 -1.4420627699929025 -1.8420295511587703
leaf_weight=193 20 23 19 19 22 80 21 20 20 19 27 22 25 32 31 19 105 29 19 19 25 30 19 19 77
leaf_count=193 20 23 19 19 22 80 21 20 20 19 27 22 25 32 31 19 105 29 19 19 25 30 19 19 77
internal_value=-0.00122749 0.00214808 0.0103997 -0.000424353 0.00252351 -0.00264807 -0.00394976 0.00844695 0.00690317 0.00906281 0.00361625 -0.000571784 0.000895428 0.00488379 -0.00240067 0.0129156 -0.0053933 0.012228 0.00568948 0.00240973 0.00245069 -8.04759e-11 -0.00318453 -0.00899366 -0.00690358
internal_weight=954 665 158 507 218 289 250 139 119 70 77 148 126 57 69 42 204 51 39 38 46 50 124 289 96
internal_count=954 665 158 507 218 289 250 139 119 70 77 148 126 57 69 42 204 51 39 38 46 50 124 289 96
is_linear=0
shrinkage=0.0352741


Tree=26
num_leaves=25
num_cat=0
split_feature=81 11 11 108 104 23 11 8 2 1 40 101 3 3 19 38 8 8 100 23 0 10 8 1
split_gain=19.1954 11.9848 3.14054 2.9736 2.83336 2.0791 2.49098 2.37695 1.67663 1.57159 1.45075 1.24983 1.13568 1.53168 1.11328 1.01573 0.955302 1.84723 0.850802 0.791405 0.983344 1.10578 0.594201 0.519016
threshold=39.375000000000007 6.4270833333333348 4.1583333333333341 41.533600794374642 842.09523809523819 -0.60355339059327395 5.7187500000000009 48.812500000000007 182.50000000000003 57.500000000000007 3.4500000000000006 0.9488678371116902 63.500000000000007 87.500000000000014 15.500000000000002 7.1500000000000012 56.104166666666679 51.354166666666671 840.51111111111129 -0.60355339059327395 14.500000000000002 41.378631054207943 75.750000000000014 89.500000000000014
decision_type=2 2 2 2 2 2 2 2 2 2 2 2 2 2 2 2 2 2 2 2 2 2 2 2
left_child=22 2 19 -3 5 18 7 14 9 -5 -9 -6 -13 -14 -7 -15 17 -17 -4 -2 -21 -22 -1 -11
right_child=1 3 4 8 11 6 -8 10 -10 23 -12 12 13 15 -16 16 -18 -19 -20 20 21 -23 -24 -25
leaf_value=-1.645295515283101 -1.1155730164472635 0.067312868674964471 0.14330611705691193 1.409044696328055 0.53219512058714846 0.18124071745684447 0.97609137778299571 0.46134832786797919 1.7844000151559938 0.34188211465607982 -0.12340810101468544 0.21460029053250523 -0.31956070337439602 -0.37436581359183729 1.305663368081172 -0.072563251598575421 -0.14760323375424481 0.479999893131903 -0.51016621175074839 -0.64221671891958665 0.014625951076776351 -0.33884120111321941 -1.7485435996013821 1.2771285816002358
leaf_weight=254 36 23 30 36 20 20 24 20 26 19 32 22 49 30 19 48 43 30 20 20 64 21 38 20
leaf_count=254 36 23 30 36 20 20 24 20 26 19 32 22 49 30 19 48 43 30 20 20 64 21 38 20
internal_value=-0.00158065 0.00170056 -0.00054064 0.0116008 0.00103121 0.00459467 0.00720447 0.00453229 0.0142061 0.0115138 -0.000406546 -0.00139896 -0.00216036 -0.00299741 0.011108 -0.00123761 0.000203965 0.00253058 -0.00140929 -0.00507634 -0.00352542 -0.00186615 -0.00913076 0.00659257
internal_weight=964 672 548 124 407 165 115 91 101 75 52 242 222 200 39 151 121 78 50 141 105 85 292 39
internal_count=964 672 548 124 407 165 115 91 101 75 52 242 222 200 39 151 121 78 50 141 105 85 292 39
is_linear=0
shrinkage=0.0352741


Tree=27
num_leaves=24
num_cat=0
split_feature=81 11 23 11 19 81 78 2 8 10 58 38 10 41 2 1 41 10 2 100 9 38 41
split_gain=20.7705 9.51975 2.96175 3.60566 4.09238 3.13608 2.26753 2.11906 2.05136 2.1631 1.45692 1.40285 1.24553 1.16543 1.46824 1.03831 0.995734 1.28826 0.926255 0.828987 0.788391 0.72208 0.519623
threshold=39.375000000000007 6.3937500000000016 -0.60355339059327395 5.2125000000000012 41.500000000000007 74.250000000000014 927.9000000000002 182.50000000000003 59.770833333333343 52.23701165382807 0.78997961361554114 6.0500000000000007 38.199387264061677 38.350000000000009 130.50000000000003 57.500000000000007 17.800000000000004 46.596128786473969 146.50000000000003 868.93333333333351 37.041666666666679 17.450000000000003 41.600000000000001
decision_type=2 2 2 2 2 2 2 2 2 2 2 2 2 2 2 2 2 2 2 2 2 2 2
left_child=-1 2 5 6 8 -2 -4 13 9 -5 11 -8 -13 14 15 -3 -14 21 -16 -12 -10 -18 -7
right_child=1 7 3 4 -6 22 10 -9 20 -11 19 12 16 -15 18 -17 17 -19 -20 -21 -22 -23 -24
leaf_value=-1.5966172557218439 0.12152466826725886 0.93816221819137291 -0.88787361284840427 0.19662853047252277 0.91093102505754209 -0.33278560699167675 -0.22045794758615916 1.6438675072049116 0.5956565321110302 0.79528287994943025 0.0026525634258188231 0.14159331704664005 0.34691131747659759 0.19310446942685291 0.89935775071279545 0.10648998902845005 0.0015539585188213637 -0.51413803800934665 1.6531152911324087 -0.44052036299869202 -0.20222204215558806 0.40202762500400069 -0.49465391517791335
leaf_weight=293 29 21 26 37 20 98 23 24 22 25 33 25 29 21 19 20 46 26 22 36 31 23 29
leaf_count=293 29 21 26 37 20 98 23 24 22 25 33 25 29 21 19 20 46 26 22 36 31 23 29
internal_value=-0.00127672 0.00208537 0.000101133 0.00170203 0.00639879 -0.00402334 -0.000673626 0.0107994 0.00383217 0.00818487 0.000395089 0.00213212 0.00338402 0.00859098 0.0104886 0.00575598 0.00193346 0.000185537 0.0152061 -0.00393301 -0.00126313 0.00270713 -0.006413
internal_weight=978 685 558 402 135 156 267 127 115 62 241 172 149 103 82 41 124 95 41 69 53 69 127
internal_count=978 685 558 402 135 156 267 127 115 62 241 172 149 103 82 41 124 95 41 69 53 69 127
is_linear=0
shrinkage=0.0352741


Tree=28
num_leaves=25
num_cat=0
split_feature=81 10 11 59 78 10 79 28 104 12 19 0 11 78 78 10 81 76 58 79 79 12 12 12
split_gain=18.0737 12.9778 3.71089 3.09738 2.55148 2.33061 2.24416 2.01385 1.49984 2.54476 1.37226 1.28493 1.27854 1.85134 1.24934 1.12937 1.02299 1.01414 2.1174 0.972659 0.893654 0.516027 0.484417 0.9634
threshold=39.375000000000007 52.09425657127553 7.8625000000000016 1.0000000180025095e-35 1637.9000000000003 55.641824396040796 131.62500000000003 1.0000000180025095e-35 683.83333333333337 2.6940476190476197 43.500000000000007 50.500000000000007 3.8541666666666674 1523.5500000000002 1346.9500000000003 50.047323573289141 113.06250000000001 762.50000000000011 -0.73172553092486881 98.375000000000014 106.37500000000001 3.7488095238095243 3.1892857142857145 3.348214285714286
decision_type=2 2 2 2 2 2 2 2 2 2 2 2 2 2 2 2 2 2 2 2 2 2 2 2
left_child=21 8 3 5 6 20 -5 -7 9 16 12 -12 -10 14 15 22 -2 18 -8 -15 -3 -1 -14 -24
right_child=1 2 -4 4 -6 7 17 -9 10 -11 11 -13 13 19 -16 -17 -18 -19 -20 -21 -22 -23 23 -25
leaf_value=-1.5715435728147715 0.10834931462920488 0.71042308484070538 2.1959172186617866 1.1953401016402334 -0.18485353059982229 -0.29288638807229112 1.2936784472634946 0.39075554410597868 -0.75328546556124565 0.28881751574647729 -0.21992380303610468 0.52255956087133493 -0.051781274976602676 0.27740087110203332 -0.2614416294879458 -0.52660220702614702 -0.38301126054236967 0.60028491046652954 0.25667202170287423 -0.072431910024980298 0.13909336546348752 -1.5174193899417776 0.45627006866567643 -0.013294470646735184
leaf_weight=220 19 20 35 29 19 32 19 37 62 21 19 19 31 22 57 26 26 23 19 39 20 64 20 68
leaf_count=220 19 20 35 29 19 32 19 37 62 21 19 19 31 22 57 26 26 23 19 39 20 64 20 68
internal_value=-0.00148975 0.00162392 0.00795921 0.00624408 0.0104471 0.00203767 0.0129253 -0.00188989 -0.00211287 0.00277668 -0.00300218 0.00333655 -0.0037438 -0.00266843 -0.0042945 -0.00255329 -0.00195709 0.00906993 0.0126048 0.0027152 0.00880548 -0.0089657 -0.00109621 0.000240343
internal_weight=966 682 253 218 109 109 90 69 429 66 363 38 325 263 202 145 45 61 38 61 40 284 119 88
internal_count=966 682 253 218 109 109 90 69 429 66 363 38 325 263 202 145 45 61 38 61 40 284 119 88
is_linear=0
shrinkage=0.0352741


Tree=29
num_leaves=23
num_cat=0
split_feature=81 11 11 104 2 8 0 77 36 101 40 38 19 9 9 104 104 40 40 108 11 108
split_gain=16.9791 10.6541 3.3779 2.5905 2.9234 1.95657 2.27796 1.60702 1.40341 1.58603 3.16749 1.41352 1.38686 1.30685 1.06429 1.00279 0.867427 0.755157 0.612391 0.574744 0.545132 0.519649
threshold=39.375000000000007 6.1250000000000009 8.4000000000000021 977.57142857142867 163.50000000000003 78.354166666666686 107.50000000000001 1018.5000000000001 7.4500000000000011 1.0186310759584181 6.0500000000000007 11.250000000000002 25.500000000000004 27.925595238095244 30.068452380952383 784.61904761904782 881.78571428571433 9.4500000000000011 2.4500000000000006 45.400932855358583 6.6645833333333337 47.014463772425053
decision_type=2 2 2 2 2 2 2 2 2 2 2 2 2 2 2 2 2 2 2 2 2 2
left_child=19 3 5 4 8 6 7 -3 13 11 -11 -10 -6 -2 -15 -13 -17 -5 -16 -1 -8 -21
right_child=1 2 -4 17 12 -7 20 -9 9 10 -12 15 -14 14 18 16 -18 -19 -20 21 -22 -23
leaf_value=-1.3291561680791943 -0.32060977274390651 0.89759090462848834 2.3330111819315626 -0.62193213253653634 0.094597486921660867 -0.20052033616468271 0.4291599066815136 -0.073696992122133612 -0.20686931800728772 -0.32595893992783909 0.65715892636304285 0.14877769916264033 0.70598715262517586 0.46183849818654199 0.14738958536753233 -0.19583054183047544 0.0037604869650995731 -0.062534973708056288 -0.018091282298692356 -1.2135764128874496 1.0037640316688015 -1.603621323323605
leaf_weight=190 33 38 24 57 21 19 22 23 98 29 34 30 20 24 28 42 40 44 21 19 30 87
leaf_count=190 33 38 24 57 21 19 22 23 98 29 34 30 20 24 28 42 40 44 21 19 30 87
internal_value=-0.00162766 0.00145356 0.00953847 -0.000968066 0.000251922 0.00731876 0.0090791 0.00444831 -0.000716539 -0.00205398 0.00285284 -0.00352641 0.00919239 0.00272723 0.00535924 -0.00081843 -0.00283708 -0.00603846 0.00237273 -0.00867378 0.0145001 -0.00658525
internal_weight=973 677 156 521 420 132 113 61 379 273 63 210 41 106 73 112 82 101 49 296 52 106
internal_count=973 677 156 521 420 132 113 61 379 273 63 210 41 106 73 112 82 101 49 296 52 106
is_linear=0
shrinkage=0.0352741


Tree=30
num_leaves=24
num_cat=0
split_feature=13 11 2 10 104 11 8 3 8 0 9 11 76 9 78 38 41 9 9 104 104 0 9
split_gain=16.9181 6.93847 5.05045 3.61912 2.42326 2.21635 3.60718 1.85011 1.67879 1.54128 1.77153 1.38358 1.18925 1.16933 1.15873 1.12343 1.26845 0.831856 1.48703 0.683151 0.607988 0.551421 0.505639
threshold=21.500000000000004 5.2270833333333337 44.500000000000007 68.814385799868447 689.95238095238108 6.7125000000000012 59.770833333333343 117.50000000000001 72.625000000000014 52.500000000000007 29.877976190476193 7.8625000000000016 637.50000000000011 39.985119047619058 1280.2500000000002 13.850000000000003 40.500000000000007 36.788690476190482 34.125000000000007 969.33333333333348 840.78571428571433 94.500000000000014 39.985119047619058
decision_type=2 2 2 2 2 2 2 2 2 2 2 2 2 2 2 2 2 2 2 2 2 2 2
left_child=2 4 21 9 -2 6 7 -3 -7 -4 -11 -10 19 17 -14 -8 -17 18 -12 -6 -16 22 -1
right_child=1 5 3 -5 12 8 15 -9 11 10 13 -13 14 -15 20 16 -18 -19 -20 -21 -22 -23 -24
leaf_value=-1.2928535356489259 0.11748400860166754 0.53845781263976633 -0.41638133609304567 1.6202535369105036 -0.097253631667147178 1.4521390361601028 -0.11863669716976932 0.83895698128136642 0.46654617282813021 0.24235934510398868 -0.11713583780953531 1.4988172266116102 0.38228949484713931 0.076769108373178283 -0.22983756716494796 0.50812131141809014 -0.12006981357643129 -0.49993484940933242 0.087271287149342319 -0.70077684535787022 0.0041922744484877688 -1.5470550316211398 -1.1979302901274331
leaf_weight=209 30 36 89 20 55 26 24 31 23 23 40 23 19 37 20 21 22 38 37 25 38 45 46
leaf_count=209 30 36 89 20 55 26 24 31 23 23 40 23 19 37 20 21 22 38 37 25 38 45 46
internal_value=-0.00170042 0.00395764 -0.005508 -0.00213587 -0.000961716 0.00842226 0.00573608 0.0115197 0.0134127 -0.00323273 -0.00130974 0.00934327 -0.00271755 -0.00269092 0.000411977 -5.26015e-05 0.00335871 -0.00444531 -0.00233454 -0.0057278 -0.00206568 -0.00869923 -0.00933509
internal_weight=977 393 584 284 187 206 134 67 72 264 175 46 157 152 77 67 43 115 77 80 58 300 255
internal_count=977 393 584 284 187 206 134 67 72 264 175 46 157 152 77 67 43 115 77 80 58 300 255
is_linear=0
shrinkage=0.0352741


Tree=31
num_leaves=25
num_cat=0
split_feature=81 11 68 13 100 38 2 11 36 13 9 9 11 9 1 41 77 0 78 0 2 19 11 108
split_gain=16.1206 8.30301 3.08683 2.62308 2.53125 2.38515 2.28995 2.25912 1.75435 1.52238 1.86308 1.56244 1.29012 1.3165 1.21822 1.18651 1.1706 1.09819 1.01802 0.767196 0.680129 0.882541 0.564524 0.528663
threshold=39.375000000000007 6.6104166666666666 1.0000000180025095e-35 21.500000000000004 950.48333333333346 6.0500000000000007 182.50000000000003 7.1062500000000002 5.9500000000000011 22.500000000000004 32.258928571428577 39.047619047619058 4.1812500000000012 31.130952380952383 29.500000000000004 27.200000000000003 670.50000000000011 81.500000000000014 1391.0000000000002 60.500000000000007 140.50000000000003 10.500000000000002 7.5583333333333345 45.400932855358583
decision_type=2 2 2 2 2 2 2 2 2 2 2 2 2 2 2 2 2 2 2 2 2 2 2 2
left_child=23 2 3 12 5 -5 7 -3 18 11 -11 20 19 -14 15 -12 17 -15 -7 -2 21 -10 -9 -1
right_child=1 6 -4 4 -6 8 -8 22 9 10 14 -13 13 16 -16 -17 -18 -19 -20 -21 -22 -23 -24 -25
leaf_value=-1.2331397348983462 -0.59630506385522053 0.9941762224291345 0.71776924859072511 -0.39245652320182972 -0.3312467065209605 -0.28149474507997368 1.4912421149584056 -0.12412323281529472 0.23586689460028221 -0.28456407956109575 0.065706791922504934 -0.013519729413847189 0.17592230252651406 0.09923086791567895 -0.075299523297551213 0.62975645799290125 -0.28151271894623792 -0.41411886258591579 0.018042183586996531 -0.010569437210173603 0.72149665459927192 0.79787122951265943 0.52684699193807549 -1.4924840646941875
leaf_weight=183 52 34 19 38 36 24 26 26 20 29 19 19 30 32 23 21 90 21 24 20 25 43 25 109
leaf_count=183 52 34 19 38 36 24 26 26 20 29 19 19 30 32 23 21 90 21 24 20 25 43 25 109
internal_value=-0.0016922 0.00122638 -0.000452187 -0.000922265 0.00117559 0.00228925 0.0100684 0.00725725 0.00355512 0.00501487 0.00168594 0.00787462 -0.0036705 -0.00201788 0.00509036 0.00880548 -0.00342732 0.000731285 -0.0024955 -0.00763644 0.00985408 0.00788726 0.00255613 -0.00864765
internal_weight=988 696 585 566 321 285 111 85 247 199 92 107 245 173 63 40 143 53 48 72 88 63 51 292
internal_count=988 696 585 566 321 285 111 85 247 199 92 107 245 173 63 40 143 53 48 72 88 63 51 292
is_linear=0
shrinkage=0.0352741


Tree=32
num_leaves=27
num_cat=0
split_feature=79 11 2 0 8 9 12 101 81 79 108 11 10 10 0 2 11 23 38 78 9 1 79 1 108 108
split_gain=15.8599 9.06894 3.66949 3.2794 2.33684 1.60583 2.4739 1.44007 1.265 1.82674 1.27615 1.40266 1.35143 1.18856 1.01012 1.56219 0.972266 0.94088 1.60616 1.24877 0.690161 0.755732 0.77475 0.533641 0.48711 0.532047
threshold=37.875000000000007 5.106250000000002 179.50000000000003 110.50000000000001 51.645833333333343 35.452380952380956 3.2187500000000004 0.87333138071447503 125.56250000000001 109.12500000000001 48.740886507351973 6.7125000000000012 57.590114883879785 52.23701165382807 97.500000000000014 96.500000000000014 6.0604166666666677 -0.60355339059327395 15.850000000000003 1336.9000000000003 37.125000000000007 46.500000000000007 110.37500000000001 10.500000000000002 49.344379226667925 54.261947409008563
decision_type=2 2 2 2 2 2 2 2 2 2 2 2 2 2 2 2 2 2 2 2 2 2 2 2 2 2
left_child=24 5 4 -4 -3 6 7 -2 9 14 11 12 13 -10 15 -6 -11 -9 -19 -20 -7 22 23 -22 -1 -26
right_child=1 2 3 -5 8 20 -8 17 10 16 -12 -13 -14 -15 -16 -17 -18 18 19 -21 21 -23 -24 -25 25 -27
leaf_value=-1.3448477897891811 0.051586801899443924 0.80176761701192767 0.37495736224000892 1.2895057228007361 0.33849640264696501 -0.50636786212376506 0.46204412196528222 -0.78781118750212331 0.020762460307861417 -0.49893566161755037 -0.056144527073432871 1.1297241179875259 -0.18548555302246059 0.81967835768920139 0.34962430877071154 -0.060185364637125878 -0.00048975526330726805 -0.27571923974916451 -0.12658551085325204 0.16355436784254671 -0.27644501711846126 -0.30280208810673759 -0.22299023773881427 0.053332148779702625 -1.2105313540077758 -1.4417472208615103
leaf_weight=250 19 23 22 35 29 54 33 40 21 39 25 26 20 26 29 27 28 54 19 31 20 19 35 21 25 27
leaf_count=250 19 23 22 35 29 54 33 40 21 39 25 26 20 26 29 27 28 54 19 31 20 19 35 21 25 27
internal_value=-0.00219698 0.000735871 0.004736 0.0129204 0.00314153 -0.00332235 -0.00122343 -0.00300694 0.00222047 9.27899e-05 0.0049598 0.0068608 0.00415551 0.00742072 0.00352495 0.000755074 -0.00426071 -0.00421156 -0.00244066 0.00211394 -0.00608177 -0.00426736 -0.00268987 0.000601371 -0.00894525 -0.00582715
internal_weight=997 695 350 57 293 345 196 163 270 152 118 93 67 47 85 56 67 144 104 50 149 95 76 41 302 52
internal_count=997 695 350 57 293 345 196 163 270 152 118 93 67 47 85 56 67 144 104 50 149 95 76 41 302 52
is_linear=0
shrinkage=0.0352741


Tree=33
num_leaves=25
num_cat=0
split_feature=81 11 59 104 2 105 101 11 8 8 77 8 36 19 108 88 3 100 10 3 81 81 27 11
split_gain=19.4804 8.05959 3.48396 2.70494 2.34641 1.8251 1.43686 1.6962 2.55563 1.58302 1.38823 1.31481 1.18006 2.20766 1.15334 0.980877 0.959073 0.992471 0.98238 0.932869 0.921817 1.07737 0.919338 0.692199
threshold=39.375000000000007 6.1250000000000009 1.0000000180025095e-35 1024.3809523809525 160.50000000000003 1.1549539937786759 0.87333138071447503 4.8791666666666673 60.687500000000007 50.437500000000007 692.50000000000011 56.729166666666679 10.750000000000002 31.500000000000004 43.990748357271947 1.0000000180025095e-35 107.50000000000001 902.46666666666681 45.309641790451458 64.500000000000014 104.06250000000001 123.31250000000001 0.68301270189221941 4.7833333333333341
decision_type=2 2 2 2 2 2 2 2 2 2 2 2 2 2 2 2 2 2 2 2 2 2 2 2
left_child=15 3 5 4 6 14 -2 16 9 -9 -6 -11 22 -14 -3 -1 17 19 20 -8 -18 -22 -4 -5
right_child=1 2 12 23 10 -7 7 8 -10 11 -12 -13 13 -15 -16 -17 18 -19 -20 -21 21 -23 -24 -25
leaf_value=-1.3326680945603686 0.1906969450344333 0.30690763878053257 1.401785116962305 -0.628652626591784 0.61743004081024144 1.3705588054062483 0.083814101789518147 0.66210103861737724 -0.37229731034985758 -0.013780997271985474 0.13321096219921796 0.57907399656229619 1.2916145523242417 0.3751470821673516 -0.26393688673842941 -0.54994134060501554 -0.75976669856996215 -0.68284694985612526 -0.21542148850092074 -0.25686876773461792 0.37675488947470515 -0.012006566067590188 0.8745112698209232 -0.030531174429510432
leaf_weight=269 22 30 21 33 19 20 26 33 31 72 35 35 22 30 27 32 21 36 19 68 26 19 20 28
leaf_count=269 22 30 21 33 19 20 26 33 31 72 35 35 22 30 27 32 21 36 19 68 26 19 20 28
internal_value=-0.00121358 0.00204094 0.00871174 -0.000128133 0.000793947 0.00315849 -0.000121021 -0.000621314 0.00200023 0.00402962 0.00769959 0.00194394 0.0133046 0.00975709 -6.18202e-05 -0.00870548 -0.00270634 -0.00461066 0.000207349 -0.00270014 0.0022427 0.00508845 0.0177834 -0.00710574
internal_weight=994 693 170 523 462 77 408 386 171 140 54 107 93 52 57 301 215 130 85 94 66 45 41 61
internal_count=994 693 170 523 462 77 408 386 171 140 54 107 93 52 57 301 215 130 85 94 66 45 41 61
is_linear=0
shrinkage=0.0352741


Tree=34
num_leaves=22
num_cat=0
split_feature=81 11 2 104 19 77 100 76 79 2 23 2 2 59 79 28 104 11 108 36 0
split_gain=16.5388 8.24142 3.25869 3.09526 3.2982 1.85315 1.73217 1.44523 1.27483 1.43289 1.39466 1.4628 1.43072 1.23596 0.963591 0.823036 0.799322 0.637822 0.614038 0.610034 0.55476
threshold=39.375000000000007 6.1250000000000009 193.50000000000003 939.54761904761915 43.500000000000007 1138.0000000000002 637.41029411764714 486.50000000000006 60.625000000000007 159.50000000000003 -0.60355339059327395 96.500000000000014 69.500000000000014 1.0000000180025095e-35 120.37500000000001 -0.24999999999999997 877.45238095238108 5.5833333333333339 49.879546334437613 8.9500000000000011 94.500000000000014
decision_type=2 2 2 2 2 2 2 2 2 2 2 2 2 2 2 2 2 2 2 2 2
left_child=18 3 5 4 6 7 -2 -3 -8 10 16 12 19 -9 -7 -5 -10 -13 20 -12 -1
right_child=1 2 -4 15 -6 14 8 13 9 -11 11 17 -14 -15 -16 -17 -18 -19 -20 -21 -22
leaf_value=-1.2504008387856886 0.56955623880336848 0.29746457951493976 1.3294851577842373 -0.14011314983737158 0.75549040390083511 -0.21263767451645363 0.062782491608448621 0.40540049623353225 -0.54562245483207339 0.083556875187712723 -0.5522792114687699 -0.040992086399878218 0.28989186566779163 1.0571247808950297 0.84932993154133074 -0.35333994570813382 -0.019832865615761197 0.095870961160649568 -1.2308795487780184 0.051791434471411525 -1.3537252614642088
leaf_weight=220 21 24 27 66 36 21 19 32 54 30 19 90 49 41 20 70 21 19 42 23 31
leaf_count=220 21 24 27 66 36 21 19 32 54 30 19 90 49 41 20 70 21 19 42 23 31
internal_value=-0.00164602 0.00136533 0.00822767 -0.00082547 0.000805346 0.00602979 -0.000255566 0.00868594 -0.000892577 -0.00144538 -0.00224423 -0.000705273 0.00259541 0.011153 -0.000257731 -0.00539251 -0.00634432 -0.00346081 -0.00865425 -0.00218056 -0.00931522
internal_weight=975 682 165 517 381 138 345 97 324 305 275 200 91 73 41 136 75 109 293 42 251
internal_count=975 682 165 517 381 138 345 97 324 305 275 200 91 73 41 136 75 109 293 42 251
is_linear=0
shrinkage=0.0352741


Tree=35
num_leaves=25
num_cat=0
split_feature=3 11 19 11 13 2 36 2 11 108 109 10 78 19 78 81 2 2 36 38 38 101 0 19
split_gain=13.1875 9.61704 3.97928 2.40799 2.16475 1.57276 1.73501 1.23353 1.31279 2.24677 2.40259 1.12478 0.987453 0.872032 0.843875 0.882857 0.816072 1.87148 0.851737 0.951283 0.798112 0.986389 0.69899 0.650634
threshold=37.500000000000007 5.147916666666668 45.500000000000007 7.5000000000000009 21.500000000000004 179.50000000000003 7.5500000000000007 95.500000000000014 6.4270833333333348 43.51809582011429 4.040898299982298 60.032448935285359 915.05000000000007 12.500000000000002 1255.9500000000003 7.0625000000000009 156.50000000000003 123.50000000000001 14.750000000000002 17.650000000000002 16.050000000000004 1.0938393699582776 83.500000000000014 38.500000000000007
decision_type=2 2 2 2 2 2 2 2 2 2 2 2 2 2 2 2 2 2 2 2 2 2 2 2
left_child=14 12 3 4 11 6 -4 -6 9 10 -9 13 -2 -3 15 -1 17 18 19 20 21 -14 -15 -17
right_child=1 2 5 -5 7 -7 -8 8 -10 -11 -12 -13 16 22 -16 23 -18 -19 -20 -21 -22 -23 -24 -25
leaf_value=-1.3179949305130056 -0.69892128656025121 0.14508902640414734 0.0036731170255500127 1.0387418771714778 0.46034066171549992 1.2957452770131344 0.76599558060851247 -0.042660578197662814 0.85628933695061438 -0.2521581175439771 0.65485445371025175 -0.61257910225193635 -0.10796773944742427 -0.33610258747817701 -1.1777342448924781 -0.50200984190511067 0.014878349241622429 -0.34303948771846088 0.14342455035589877 -0.26066855209286482 0.21155764350551187 0.13737642612221124 0.018601754286757383 0.07504310513810003
leaf_weight=75 30 21 21 21 27 23 28 31 36 33 27 22 100 30 151 47 32 46 30 61 23 21 25 19
leaf_count=75 30 21 21 21 27 23 28 31 36 33 27 22 100 30 151 47 32 46 30 61 23 21 25 19
internal_value=-0.0017636 0.000902282 0.0050602 0.00311326 0.00215513 0.0124337 0.00884382 0.00476246 0.00330367 0.00104591 0.00522496 -0.0019425 -0.00328003 9.27536e-05 -0.00804376 -0.0060766 -0.00269294 -0.00330076 -0.00202587 -0.00283831 -0.00127326 -0.00241844 -0.0022423 -0.00309706
internal_weight=980 688 345 273 252 72 49 154 127 91 58 98 343 76 292 141 313 281 235 205 144 121 55 66
internal_count=980 688 345 273 252 72 49 154 127 91 58 98 343 76 292 141 313 281 235 205 144 121 55 66
is_linear=0
shrinkage=0.0352741


Tree=36
num_leaves=27
num_cat=0
split_feature=81 11 2 11 108 72 0 77 38 38 36 2 101 77 78 78 108 78 36 101 101 12 78 78 81 108
split_gain=13.5614 7.89606 3.38917 1.89821 2.22141 1.81143 1.37224 1.62022 1.296 1.95491 1.86686 1.29165 1.02983 1.02618 0.932308 1.73712 1.00615 0.773276 0.75466 0.749389 1.20307 0.608133 0.561566 0.54799 0.625762 0.816311
threshold=39.375000000000007 5.4958333333333345 158.50000000000003 7.3083333333333345 44.332824048256789 1.5000000000000002 52.500000000000007 1592.0000000000002 14.850000000000003 11.450000000000001 13.750000000000002 142.50000000000003 0.8905647715898638 957.50000000000011 1280.2500000000002 1167.6500000000003 41.15794551129018 1172.8500000000001 9.9500000000000011 1.0341544821813853 1.1398598852055593 3.2080357142857152 1112.0000000000002 1450.45 7.0625000000000009 45.874002322531844
decision_type=2 2 2 2 2 2 2 2 2 2 2 2 2 2 2 2 2 2 2 2 2 2 2 2 2 2
left_child=23 5 6 4 -4 11 -3 8 9 10 -8 -2 18 17 15 16 22 -10 -7 21 -21 -16 -14 24 -1 -26
right_child=1 2 3 -5 -6 12 7 -9 13 -11 -12 -13 14 -15 19 -17 -18 -19 -20 20 -22 -23 -24 -25 25 -27
leaf_value=-1.2711644024917177 -0.34331003769155605 -0.20942588035831539 0.84374719102028617 1.5246063109622987 0.010029194484452187 0.095221102125519513 0.01195948736472691 -0.079094832244132399 0.52532613262527128 -0.091040333691239428 0.77494176105555701 0.066212530615706061 -0.097043475515267971 0.29779192790315417 -0.39296941013491277 0.27720379317621779 0.040138973661780347 0.89130309150890907 -0.017552169944441479 0.1638354135999166 -0.43315152565512843 -0.088722342888508762 -0.38427900025042439 -1.0236541879662968 -0.92096524954101855 -0.23265057820896923
leaf_weight=100 87 24 28 30 26 19 25 32 23 26 19 19 48 25 33 30 29 23 20 38 31 31 20 93 61 30
leaf_count=100 87 24 28 30 26 19 25 32 23 26 19 19 48 25 33 30 29 23 20 38 31 31 20 93 61 30
internal_value=-0.00149088 0.00119284 0.00573554 0.0116658 0.00769959 -0.00195939 0.00320414 0.00430074 0.00592656 0.00251745 0.00704533 -0.00592008 -0.000554366 0.00928275 -0.00135639 0.000805095 -0.00149006 0.0124066 0.00478639 -0.0034198 -0.000868326 -0.00616726 -0.00383531 -0.00797227 -0.00688647 -0.00476471
internal_weight=970 686 281 84 54 405 197 173 141 70 44 106 299 71 260 127 97 46 39 133 69 64 68 284 191 91
internal_count=970 686 281 84 54 405 197 173 141 70 44 106 299 71 260 127 97 46 39 133 69 64 68 284 191 91
is_linear=0
shrinkage=0.0352741


Tree=37
num_leaves=27
num_cat=0
split_feature=81 11 59 0 78 41 79 24 19 36 24 79 81 40 9 8 10 36 3 109 0 88 77 40 8 8
split_gain=17.7288 8.62957 2.8765 2.25925 1.71975 1.70733 1.68458 2.62127 2.2376 1.91051 1.73534 1.67438 1.60338 1.37844 1.50661 1.10697 1.04374 1.18615 1.20454 0.978828 0.931963 0.845612 0.843705 0.653031 0.489524 0.546526
threshold=39.375000000000007 6.1750000000000016 1.0000000180025095e-35 120.50000000000001 915.05000000000007 56.000000000000007 64.875000000000014 0.78656609248549303 42.500000000000007 14.750000000000002 0.9159756150367534 127.75000000000001 90.687500000000014 3.7500000000000004 35.514880952380956 50.791666666666679 60.557425501158711 13.850000000000003 135.50000000000003 4.0063465262974498 80.500000000000014 1.0000000180025095e-35 1009.5000000000001 4.9500000000000011 58.812500000000007 45.083333333333336
decision_type=2 2 2 2 2 2 2 2 2 2 2 2 2 2 2 2 2 2 2 2 2 2 2 2 2 2
left_child=21 4 3 22 -2 6 -6 15 9 10 13 -10 23 -9 -15 -8 -4 18 -18 -11 -17 -1 -3 -12 25 -14
right_child=1 2 16 -5 5 -7 7 8 11 19 12 -13 24 14 -16 20 17 -19 -20 -21 -22 -23 -24 -25 -26 -27
leaf_value=-1.163916189875325 -0.44494231514785332 0.34590863660405186 1.1901705511190435 0.88156871649297186 0.15285362930025803 -0.25495032079332397 -0.44766363103674595 -0.05863000309597699 0.51579381946135316 0.20914099677844902 0.31986806227913323 0.65107558620698991 -0.37295020816451296 0.69934557371163197 0.0034864340717611097 -0.3900992862447426 0.68917509032168145 1.0931643831342643 1.1735520604886565 0.54142230260319812 0.038328824354914866 -0.43137877949073794 -0.17465891374044912 -0.08118093621963586 -0.20445859423445792 -0.021216970524595417
leaf_weight=264 36 20 19 23 31 23 61 32 19 26 19 19 38 36 32 25 20 22 25 19 20 26 19 22 26 49
leaf_count=264 36 20 19 23 31 23 61 32 19 26 19 19 38 36 32 25 20 22 25 19 20 26 19 22 26 49
internal_value=-0.00120964 0.0019008 0.00943443 0.00363772 -0.000191902 0.000347731 0.000803613 0.000246806 0.00176863 0.000743086 -0.000444295 0.00982429 -0.00279337 0.00317279 0.00601211 -0.00458972 0.0136081 0.0115197 0.0082198 0.00743696 -0.000391419 -0.0085127 -0.00153526 0.00317868 -0.00496074 -0.00368708
internal_weight=971 681 148 62 533 497 474 443 337 299 254 38 154 100 68 106 86 67 45 45 45 290 39 41 113 87
internal_count=971 681 148 62 533 497 474 443 337 299 254 38 154 100 68 106 86 67 45 45 45 290 39 41 113 87
is_linear=0
shrinkage=0.0352741


Tree=38
num_leaves=26
num_cat=0
split_feature=81 10 23 11 8 100 19 79 2 104 9 104 9 36 2 10 78 78 81 23 36 40 36 108 108
split_gain=14.9749 6.4713 3.44391 2.96574 2.90976 2.07613 2.22957 1.76682 1.55829 1.46246 1.27042 1.16201 1.54587 1.06776 1.03255 0.995761 0.971994 1.24754 1.05707 1.39755 0.945866 0.766156 0.723938 0.630839 0.649722
threshold=57.062500000000007 68.310711187830677 -0.60355339059327395 5.8625000000000016 62.562500000000007 953.75000000000011 19.500000000000004 64.875000000000014 175.50000000000003 820.90476190476204 37.375000000000007 856.83333333333348 41.741071428571438 11.65 146.50000000000003 61.112808347329377 1145.1500000000003 1275.6500000000003 90.687500000000014 -0.37940952255126098 15.950000000000001 14.950000000000001 7.3500000000000005 49.344379226667925 54.847856097834644
decision_type=2 2 2 2 2 2 2 2 2 2 2 2 2 2 2 2 2 2 2 2 2 2 2 2 2
left_child=21 2 7 5 -5 6 16 -2 -3 -8 15 -11 13 -13 22 -6 -4 -18 -19 -20 -15 23 -9 -1 -25
right_child=1 8 3 4 10 -7 9 14 -10 11 -12 12 -14 20 -16 -17 17 18 19 -21 -22 -23 -24 24 -26
leaf_value=-1.0830908545433524 0.11703212270456895 0.66407245268108861 -0.40656273184698993 1.3369600377213477 0.6931613055867093 -0.59628240497488183 0.57781968288293239 -0.2508087953387288 1.5427227581558456 -0.062227499553620849 -0.026581659831252036 0.67610296883225141 -0.040090305628937756 0.002969038609703982 0.021255416218039079 1.0705556912506267 0.19644695898051981 0.099013934826168382 0.026647735629274992 -0.27808105037587011 0.58439400871747316 -0.30000187925417604 -0.44266046476701099 -0.51117688609839096 -1.1730252922665068
leaf_weight=246 22 37 26 20 19 26 21 32 19 26 33 20 27 34 23 22 27 26 42 55 24 19 103 20 21
leaf_count=246 22 37 26 20 19 26 21 32 19 26 33 20 27 34 23 22 27 26 42 55 24 19 103 20 21
internal_value=-0.00167453 0.00122727 0.000202189 0.00185794 0.00742539 0.000378585 0.00113975 -0.00391805 0.0127104 0.00426836 0.0041914 0.00287986 0.00453268 0.00704946 -0.00522218 0.00833329 -0.00156276 -0.000470136 -0.00197784 -0.00367063 0.0046174 -0.00815988 -0.00639879 -0.00861395 -0.00455324
internal_weight=990 684 628 448 94 354 328 180 56 152 74 131 105 78 158 41 176 150 123 97 58 306 135 287 41
internal_count=990 684 628 448 94 354 328 180 56 152 74 131 105 78 158 41 176 150 123 97 58 306 135 287 41
is_linear=0
shrinkage=0.0352741


Tree=39
num_leaves=23
num_cat=0
split_feature=81 11 2 11 108 8 23 0 8 76 76 10 77 9 81 109 38 38 109 76 78 78
split_gain=15.6707 5.2485 2.31038 1.92217 2.19868 1.50773 2.00178 1.28725 1.30615 1.25361 1.98289 2.09567 1.71293 2.56633 1.64236 1.42646 1.4063 1.34661 1.13927 0.963723 0.56241 0.507255
threshold=53.062500000000007 6.6645833333333337 177.50000000000003 4.1812500000000012 46.966008048747376 78.354166666666686 -0.60355339059327395 40.500000000000007 36.187500000000007 1568.5000000000002 833.00000000000011 54.77298339642379 708.50000000000011 36.479166666666671 111.68750000000001 3.9825719994913169 21.150000000000002 17.650000000000002 4.2088768386424276 2662.5000000000005 1583.9500000000003 1436.4000000000003
decision_type=2 2 2 2 2 2 2 2 2 2 2 2 2 2 2 2 2 2 2 2 2 2
left_child=21 3 5 7 9 6 -3 20 -9 10 12 15 13 17 -15 -12 18 -5 -14 -11 -2 -1
right_child=1 2 -4 4 -6 -7 -8 8 -10 19 11 -13 16 14 -16 -17 -18 -19 -20 -21 -22 -23
leaf_value=-1.0963158571367315 -0.62711168505764836 0.1730693643678492 1.1222943908780989 0.62006971741823247 -0.33085048978093295 -0.066393012157410281 1.1106442495736291 0.089316634854995455 -0.28170422598533856 -0.18268751564389252 0.64078989306870371 -0.024341950516640488 -0.10613761421301464 -0.2408291601629004 0.37240805297527907 0.36714007410416283 0.041041166786880752 0.028889528959964307 0.02250177193728662 0.080824787783410623 -0.36966151973215527 -1.049380953305961
leaf_weight=204 43 22 25 47 30 32 34 29 41 36 31 23 76 45 28 22 24 21 20 21 23 97
leaf_count=204 43 22 25 47 30 32 34 29 41 36 31 23 76 45 28 22 24 21 20 21 23 97
internal_value=-0.0017817 0.00121064 0.00814311 -0.000188949 0.000981547 0.00544778 0.00893505 -0.00383698 -0.00050349 0.00168288 0.00250119 0.00751309 0.00104042 0.00367597 -0.000917348 0.0113682 -0.00205664 0.00860353 -0.00396589 -0.00315283 -0.00736888 -0.00847115
internal_weight=974 673 113 560 424 88 56 136 70 394 337 76 261 141 73 53 120 68 96 57 66 301
internal_count=974 673 113 560 424 88 56 136 70 394 337 76 261 141 73 53 120 68 96 57 66 301
is_linear=0
shrinkage=0.0352741


Tree=40
num_leaves=24
num_cat=0
split_feature=81 0 11 8 11 23 9 105 72 81 23 19 10 76 8 8 19 108 72 101 81 40 81
split_gain=15.3569 5.54882 3.16474 4.30755 3.32997 2.85986 2.12683 1.95709 1.84196 1.73501 1.71029 1.54147 1.40819 1.92801 1.66181 1.1224 0.866227 0.784255 0.763939 0.735196 0.697215 0.517941 0.897925
threshold=39.375000000000007 137.50000000000003 5.3291666666666675 55.979166666666679 6.6104166666666666 -0.60355339059327395 36.937500000000007 1.1127603268512027 3.5000000000000004 133.75000000000003 -0.60355339059327395 32.500000000000007 46.596128786473969 335.00000000000006 45.083333333333336 39.187500000000007 21.500000000000004 42.530442257068579 5.5000000000000009 1.0007011147724885 91.250000000000014 13.450000000000001 7.5625000000000009
decision_type=2 2 2 2 2 2 2 2 2 2 2 2 2 2 2 2 2 2 2 2 2 2 2
left_child=21 2 9 8 16 -6 -3 -8 -4 10 19 -7 13 -12 15 -15 -5 -18 -11 -2 -14 -1 -23
right_child=1 6 3 4 5 11 7 -9 -10 18 12 -13 20 14 -16 -17 17 -19 -20 -21 -22 22 -24
leaf_value=-1.0848798628670187 -0.54780393868880828 0.8157021234840508 1.0546594765778146 -0.1489407071409023 -0.064692816513048312 1.235383592295348 -0.076666132971335524 1.7420158045707901 0.072023655904425041 -0.60200279652572231 -0.26948394671979459 0.44726924002072393 -0.21137836702259949 0.1092278392876415 0.34078196866916138 -0.056953479385301972 0.44613599685873417 -0.068446710923953408 -0.18835349904851661 -0.083677505913900149 -0.16182242691076776 -1.1159353948090389 -0.16919641250220122
leaf_weight=251 52 32 22 65 29 23 22 27 31 38 34 22 19 51 37 50 19 36 21 29 29 19 24
leaf_count=251 52 32 22 65 29 23 22 27 31 38 34 22 19 51 37 50 19 36 21 29 29 19 24
internal_value=-0.0016738 0.00120988 5.22954e-05 0.00312679 0.000690724 0.00657288 0.00987823 0.00524877 0.012033 -0.00205732 -0.000972483 0.012134 0.000641174 0.00213212 0.00398579 0.0016405 -0.00293806 0.000320328 -0.00758528 -0.00535252 -0.00469741 -0.00842089 -0.00483327
internal_weight=982 688 607 247 194 74 81 49 53 360 301 45 220 172 138 101 120 55 59 81 48 294 43
internal_count=982 688 607 247 194 74 81 49 53 360 301 45 220 172 138 101 120 55 59 81 48 294 43
is_linear=0
shrinkage=0.0352741


Tree=41
num_leaves=24
num_cat=0
split_feature=2 11 1 76 9 76 2 11 8 0 76 8 12 78 38 38 38 2 12 3 105 108 78
split_gain=13.3022 3.15571 1.62566 1.56585 1.25303 2.26252 1.89297 1.82475 2.71053 2.01882 1.63463 1.18306 1.07785 0.840782 0.787128 1.31502 1.08326 0.806195 0.803005 0.724702 0.724668 0.592055 0.529517
threshold=24.500000000000004 6.5458333333333334 106.50000000000001 209.00000000000003 35.333333333333336 474.50000000000006 161.50000000000003 5.1229166666666677 55.895833333333336 59.500000000000007 374.50000000000006 78.354166666666686 3.2187500000000004 1188.7000000000003 12.950000000000001 7.6500000000000012 18.150000000000002 90.500000000000014 2.780357142857143 138.50000000000003 0.98236130431371638 46.070277373715399 1263.6500000000003
decision_type=2 2 2 2 2 2 2 2 2 2 2 2 2 2 2 2 2 2 2 2 2 2 2
left_child=22 3 11 -2 5 10 12 20 9 -9 -5 13 14 -3 15 -7 18 -18 -16 21 -6 -10 -1
right_child=1 2 -4 4 7 6 -8 8 19 -11 -12 -13 -14 -15 16 -17 17 -19 -20 -21 -22 -23 -24
leaf_value=-1.0519690165704858 -0.42321267583956895 0.63668850857662562 1.7235176833135619 0.017396108826237572 -0.62774273068251141 0.018637539875738154 0.79492083868943153 0.059769455731838381 -0.23897936774999104 0.59404438203642584 0.60243878787356409 -0.0780100953968067 0.32943708768808655 0.18451672858108062 -0.26149749467562555 -0.46359960338403311 0.070332521952041246 -0.43232748040620206 0.25147225246353844 0.075790889709502193 -0.18309624836747471 -0.0038139540279077547 -1.0095675994819637
leaf_weight=124 45 39 19 34 21 23 20 23 43 19 25 34 37 30 21 41 20 32 35 23 108 22 138
leaf_count=124 45 39 19 34 21 23 20 23 43 19 25 34 37 30 21 41 20 32 35 23 108 22 138
internal_value=-0.0017636 0.000731111 0.00589543 -0.000333641 0.00018699 0.00178783 0.000200194 -0.0015931 0.00135608 0.00872223 0.00794364 0.00414147 -0.000793021 0.00679337 -0.00196811 -0.00506596 -0.000130573 -0.00379442 0.00327199 -0.00216309 -0.00456439 -0.00406638 -0.00856078
internal_weight=976 714 122 592 547 288 229 259 130 42 59 103 209 69 172 64 108 52 56 88 129 65 262
internal_count=976 714 122 592 547 288 229 259 130 42 59 103 209 69 172 64 108 52 56 88 129 65 262
is_linear=0
shrinkage=0.0352741


Tree=42
num_leaves=24
num_cat=0
split_feature=79 11 11 59 108 78 108 40 104 3 79 100 10 102 9 9 12 78 79 36 3 78 79
split_gain=14.4645 5.0762 2.96105 1.89201 2.28729 2.24078 2.45419 1.68204 1.56797 1.64287 2.36759 1.77846 0.982508 0.982425 1.31562 1.46032 1.02807 0.967582 0.921681 0.877581 0.87094 0.651801 0.584038
threshold=37.875000000000007 5.4958333333333345 8.7895833333333346 1.0000000180025095e-35 38.66536647125006 1486.8500000000001 44.381396642186296 12.050000000000002 1061.9523809523812 161.50000000000003 119.37500000000001 702.35412713472499 41.09835926931023 76.062777777777782 35.119047619047628 27.925595238095244 3.1014880952380959 1271.5500000000002 109.12500000000001 14.850000000000003 126.50000000000001 1333.2500000000002 15.625000000000002
decision_type=2 2 2 2 2 2 2 2 2 2 2 2 2 2 2 2 2 2 2 2 2 2 2
left_child=22 8 3 4 -3 6 17 -8 9 10 11 -2 -12 16 15 -15 -13 -5 -6 -16 -20 -17 -1
right_child=1 2 -4 5 18 -7 7 -9 -10 -11 12 13 -14 14 19 21 -18 -19 20 -21 -22 -23 -24
leaf_value=-1.0275982752536377 0.63548391767705359 0.57769663799156623 1.9455538221761364 0.89210566852404061 0.056244362940995114 -0.17985954020938677 -0.032944140325604637 0.90616941409682561 -0.56367087453009412 0.03931967239831384 -0.00041304191380551482 -0.52690124949431838 -0.24237811996939027 -0.3160465565772102 -0.33886532602140568 0.20608949490916145 0.029855616572958543 0.45723763740023965 -0.30454650654382731 0.023244693613729293 -0.023241045054051022 0.36137897273775516 -0.45271385094414468
leaf_weight=226 23 21 20 32 50 24 27 30 42 30 22 41 51 29 63 32 20 19 32 30 30 33 62
leaf_count=226 23 21 20 32 50 24 27 30 42 30 22 41 51 29 63 32 20 19 32 30 30 33 62
internal_value=-0.00184384 0.000890583 0.00451662 0.00352662 0.000556711 0.00651744 0.00868311 0.00364739 -0.00159389 -0.000867568 -0.00155835 -3.90406e-05 -0.00719394 -0.000910082 0.000358286 0.00330017 -0.00479493 0.0143005 -0.00144799 -0.00261544 -0.00431979 0.00623512 -0.00849833
internal_weight=989 701 285 265 133 132 108 57 416 374 344 271 73 248 187 94 61 51 112 93 62 65 288
internal_count=989 701 285 265 133 132 108 57 416 374 344 271 73 248 187 94 61 51 112 93 62 65 288
is_linear=0
shrinkage=0.0352741


Tree=43
num_leaves=26
num_cat=0
split_feature=2 11 106 0 100 3 3 11 9 79 36 36 72 11 40 11 0 36 100 72 100 100 0 0 9
split_gain=12.9775 5.49631 2.32214 2.16608 1.66778 1.5605 1.32218 1.19834 1.19823 1.04651 1.04108 1.3928 1.06618 1.03077 0.892274 0.755828 0.754668 0.725438 0.638341 0.630662 0.583534 1.10123 0.551308 0.608442 0.485793
threshold=18.500000000000004 8.7895833333333346 96.064285714285731 82.500000000000014 866.7555555555557 153.50000000000003 99.500000000000014 5.6291666666666673 32.848214285714292 133.87500000000003 7.4500000000000011 10.550000000000002 10.500000000000002 5.2625000000000011 10.550000000000002 6.4270833333333348 94.500000000000014 13.750000000000002 873.66111111111115 4.5000000000000009 886.81666666666672 828.72222222222229 120.50000000000001 27.500000000000004 39.913690476190482
decision_type=2 2 2 2 2 2 2 2 2 2 2 2 2 2 2 2 2 2 2 2 2 2 2 2 2
left_child=16 2 3 5 7 10 -6 19 -9 -10 12 18 -2 -8 20 -15 -1 -16 -12 -5 21 -13 23 -4 -11
right_child=1 -3 22 4 6 -7 13 8 9 24 11 14 -14 15 17 -17 -18 -19 -20 -21 -22 -23 -24 -25 -26
leaf_value=-0.97230125701492698 0.13199629194168333 2.0480893246632039 -0.49419026325083337 -0.0053801608785223774 -0.1040208952757377 0.31350884830595066 0.065995573196935955 0.54170318505718162 0.54835360680686274 -0.091732779498427175 -0.30873888179170483 -0.0083183504075041367 -0.23530617711489199 -0.069600326620324796 -0.17771264220570226 0.42267036911049211 -0.99115802968626465 -0.025946564927915413 -0.016920793779801394 0.23670578657595076 -0.23215111007004971 0.48296533606084002 -0.20427462959388326 -0.10541037275265028 0.38780017395976335
leaf_weight=227 70 19 21 23 43 31 21 25 24 20 58 19 21 23 28 26 47 77 19 22 25 20 21 43 19
leaf_count=227 70 19 21 23 43 31 21 25 24 20 58 19 21 23 28 26 47 77 19 22 25 20 21 43 19
internal_value=-0.00211916 0.000373344 -0.000136241 0.000620396 0.0031825 -0.00109255 3.11991e-05 0.00585872 0.00825179 0.00564974 -0.00178956 -0.00298181 0.00143329 0.00302094 -0.0011893 0.000215702 -0.00864929 -0.00318967 -0.00691207 0.00117426 0.00209246 0.00478639 -0.00559845 -0.00396466 0.00207711
internal_weight=992 718 699 614 246 368 113 133 88 63 337 246 91 70 169 49 274 105 77 45 64 39 85 64 39
internal_count=992 718 699 614 246 368 113 133 88 63 337 246 91 70 169 49 274 105 77 45 64 39 85 64 39
is_linear=0
shrinkage=0.0352741


Tree=44
num_leaves=24
num_cat=0
split_feature=2 11 1 2 9 109 59 8 104 108 109 2 13 104 2 2 12 2 105 105 78 76 76
split_gain=11.0164 4.70636 2.38101 1.83662 2.3294 1.79759 1.542 1.44543 1.35881 1.30743 1.18259 1.07576 1.61226 0.951851 1.91976 1.47886 0.778811 0.666102 0.659515 1.05051 0.523549 0.496376 0.487613
threshold=22.500000000000004 6.6104166666666666 111.50000000000001 158.50000000000003 37.559523809523817 4.6782640764541172 1.0000000180025095e-35 61.416666666666679 1061.9523809523812 44.63247443380429 5.1584454416311996 127.50000000000001 21.500000000000004 822.88095238095252 96.500000000000014 116.50000000000001 3.1157738095238101 96.500000000000014 1.0652301238369493 1.1580285241763768 1841.7500000000002 762.50000000000011 529.50000000000011
decision_type=2 2 2 2 2 2 2 2 2 2 2 2 2 2 2 2 2 2 2 2 2 2 2
left_child=22 3 5 7 16 6 -3 8 9 11 -7 12 18 14 -14 17 -5 -15 -2 -20 -9 -13 -1
right_child=1 2 -4 4 -6 10 -8 20 -10 -11 -12 21 13 15 -16 -17 -18 -19 19 -21 -22 -23 -24
leaf_value=-0.88504492935714418 -0.28276738306388399 0.2504759047432279 1.5940800425174546 0.26840167792801878 -0.03801694859012518 -0.10674778599324028 1.0525283496358997 -0.20329130654869509 -1.0728907830258219 0.57971503503258648 0.64268794450421263 -0.40160406798135145 0.19081045759980431 0.26991385048161898 -0.26135725121290027 0.82379463566476818 0.75142967784058712 -0.0073453832432423044 0.10607305029689766 -0.2318921456003831 -0.3224720316263151 -0.033149050406476033 -0.96615898111759779
leaf_weight=200 136 20 20 19 42 27 28 51 25 21 27 33 34 35 31 19 23 28 29 20 20 24 75
leaf_count=200 136 20 20 19 42 27 28 51 25 21 27 33 34 35 31 19 23 28 29 20 20 24 75
internal_value=-0.00214777 0.000168429 0.00647341 -0.00113583 0.00369278 0.00428573 0.00924803 -0.00193776 -0.00117564 -0.000688176 -0.000130502 -0.00115145 -0.000382422 0.00237464 -0.000813276 0.00490042 0.00956091 0.00229346 -0.00257323 0.000934712 -0.00660217 -0.00562563 -0.00814335
internal_weight=987 712 122 590 84 102 48 506 435 410 54 389 332 147 65 82 42 63 185 49 71 57 275
internal_count=987 712 122 590 84 102 48 506 435 410 54 389 332 147 65 82 42 63 185 49 71 57 275
is_linear=0
shrinkage=0.0352741


Tree=45
num_leaves=20
num_cat=0
split_feature=81 11 105 23 11 8 8 19 9 100 38 41 101 100 100 105 100 88 105
split_gain=11.8677 5.74131 2.17095 2.48866 2.10876 2.4076 2.35085 2.11992 1.82443 1.50007 1.31601 2.49225 1.4712 1.27174 0.761565 0.648843 0.645112 0.636862 0.602713
threshold=39.375000000000007 8.7895833333333346 1.1922750945893728 -0.60355339059327395 6.7125000000000012 64.895833333333357 72.625000000000014 43.500000000000007 39.913690476190482 759.90934959349613 15.850000000000003 32.600000000000001 1.0020479161192897 870.62222222222238 756.19444444444446 0.98820336855453139 944.18888888888898 1.0000000180025095e-35 1.0779657953870079
decision_type=2 2 2 2 2 2 2 2 2 2 2 2 2 2 2 2 2 2 2
left_child=17 2 3 8 5 7 -6 10 14 -4 12 -12 18 -13 -2 -14 -16 -1 -5
right_child=1 -3 9 4 6 -7 -8 -9 -10 -11 11 13 15 -15 16 -17 -18 -19 -20
leaf_value=-0.90440840928262756 0.024980273336523532 1.8589497689118248 0.13702317259839561 -0.053284280329841199 1.0974898663836978 -0.43175167203859455 0.35351078465147179 0.68945144956650184 0.072805439223809582 -0.20023812776105487 0.70224458182312133 0.083762400582273244 -0.038227943064938964 -0.067767091798875398 -0.32849651397134 0.51534615478246582 -0.011446114090367689 -0.35775160147423601 0.22066149528171339
leaf_weight=263 20 20 20 110 26 25 35 29 29 68 26 55 19 36 89 21 20 33 24
leaf_count=263 20 20 20 110 26 25 35 29 29 68 26 55 19 36 89 21 20 33 24
internal_value=-0.00183647 0.000755806 0.000183928 0.000988071 0.00244971 0.00138005 0.00849223 0.00220422 -0.00276731 -0.0049671 0.00129676 0.00418856 -0.000648498 0.00143329 -0.00456439 0.00528329 -0.00572488 -0.00772062 -0.00242073
internal_weight=968 672 652 564 406 345 61 320 158 88 291 117 174 91 129 40 109 296 134
internal_count=968 672 652 564 406 345 61 320 158 88 291 117 174 91 129 40 109 296 134
is_linear=0
shrinkage=0.0352741


Tree=46
num_leaves=23
num_cat=0
split_feature=3 8 1 108 1 13 13 40 12 79 10 1 36 9 1 8 100 100 38 36 108 76
split_gain=12.2198 3.95364 2.6859 2.04417 2.0873 1.65465 3.04412 2.0602 1.97923 1.76443 1.50609 1.92516 1.40979 1.30748 1.03096 1.02747 0.794498 0.967895 0.834206 0.777926 0.64588 0.515826
threshold=37.500000000000007 66.520833333333343 111.50000000000001 44.706885034029753 51.500000000000007 21.500000000000004 22.500000000000004 13.550000000000002 3.8553571428571431 105.87500000000001 48.407078196508309 42.500000000000007 9.3500000000000032 39.604166666666671 27.500000000000004 57.145833333333336 702.35412713472499 833.60000000000014 20.750000000000004 15.450000000000001 31.93179834550708 521.00000000000011
decision_type=2 2 2 2 2 2 2 2 2 2 2 2 2 2 2 2 2 2 2 2 2 2
left_child=19 5 3 -3 -5 7 8 16 10 12 11 20 -8 -9 21 -12 -2 -18 -19 -1 -7 -11
right_child=1 2 -4 4 -6 6 9 13 -10 14 15 -13 -14 -15 -16 -17 17 18 -20 -21 -22 -23
leaf_value=-0.8643999349154905 0.053192684155350195 0.66606618944798524 1.4939956084822246 0.68219333903480062 -0.25379833551217124 0.35236120928151576 -0.093115341166571428 -0.098604626085956243 -0.12669241628702518 0.05328813419604516 0.81391267857386651 -0.025023565045119069 0.58868633016460103 0.70237472137732915 -0.47973984096937727 0.78118328113393209 -0.49828941008186822 -0.01046940277950752 -0.67511524537311618 -0.20172667206458403 0.26860715740662605 -0.11603079510185668
leaf_weight=261 25 33 19 36 33 19 25 22 23 23 20 35 33 19 29 35 67 89 21 23 21 38
leaf_count=261 25 33 19 36 33 19 25 22 23 23 20 35 33 19 29 35 67 89 21 23 21 38
internal_value=-0.00147555 0.00114034 0.00690568 0.00463136 0.00117479 -0.000142637 0.00160518 -0.0023075 0.00509317 -0.00200124 0.00678039 0.00352462 0.00279474 0.00489688 -0.00509179 0.0112115 -0.00377078 -0.00460203 -0.00256401 -0.00759973 0.00880548 -0.00248412
internal_weight=949 665 121 102 69 544 301 243 153 148 130 75 58 41 90 55 202 177 110 284 40 61
internal_count=949 665 121 102 69 544 301 243 153 148 130 75 58 41 90 55 202 177 110 284 40 61
is_linear=0
shrinkage=0.0352741


Tree=47
num_leaves=26
num_cat=0
split_feature=81 11 8 11 1 8 0 72 72 81 81 109 81 79 1 88 1 8 81 8 58 109 11 78 19
split_gain=14.0407 4.22803 1.94948 3.4289 2.67937 1.88381 1.61933 1.58718 1.37881 1.34378 1.48457 1.49723 1.24778 1.24856 1.163 1.12254 1.02244 0.874085 2.05087 0.861736 0.762575 0.732454 0.678335 0.56054 0.47712
threshold=39.375000000000007 5.1875000000000009 55.979166666666679 6.6645833333333337 79.500000000000014 78.354166666666686 49.500000000000007 5.5000000000000009 6.5000000000000009 120.53571428571429 89.125000000000014 3.2641539848504277 134.56250000000003 93.875000000000014 52.500000000000007 1.0000000180025095e-35 35.500000000000007 48.104166666666679 119.18750000000001 40.479166666666679 0.50098107792127811 3.709545714616544 5.9395833333333341 1419.5500000000002 31.500000000000004
decision_type=2 2 2 2 2 2 2 2 2 2 2 2 2 2 2 2 2 2 2 2 2 2 2 2 2
left_child=15 7 6 12 5 16 -3 9 -9 10 -2 -12 13 -4 -8 -1 -5 18 19 -10 -15 -13 -14 -19 -11
right_child=1 2 3 4 -6 -7 14 8 17 24 11 21 22 20 -16 -17 -18 23 -20 -21 -22 -23 -24 -25 -26
leaf_value=-0.85307769378713416 -0.34955093434556461 0.0067680076350831141 0.23616277720691681 0.73006135359699365 0.90543407185469538 -0.28167872108763087 0.6919427881663871 0.26496509529341583 -0.26083115835095466 -0.35375007735817804 0.22732051053484589 -0.048332276636809848 -0.057230932393025256 -0.13612070577356353 0.1643994655164108 -0.24915309373631925 0.51901784578374555 -0.42725083857274926 0.52271142882694122 0.042903060167259137 -0.46670734839994155 0.1229402603102063 0.39584517969096733 -0.020780595183978255 -0.011795121861685996
leaf_weight=270 40 21 22 22 30 23 29 26 38 46 29 26 23 41 19 32 28 26 21 44 26 22 33 20 19
leaf_count=270 40 21 22 22 30 23 29 26 38 46 29 26 23 41 19 32 28 26 21 44 26 22 33 20 19
internal_value=-0.00169132 0.00114081 0.00410527 0.00264492 0.00756417 0.0039108 0.00934727 -0.00149174 0.000906741 -0.00379751 -0.00153681 0.00132748 -0.000851096 -0.00344585 0.0129179 -0.00801102 0.00775111 -0.000402296 0.00140331 -0.00111764 -0.00583875 -0.0024955 0.00327199 -0.00444188 -0.00786167
internal_weight=976 674 317 248 103 73 69 357 175 182 117 77 145 89 48 302 50 149 103 82 67 48 56 46 65
internal_count=976 674 317 248 103 73 69 357 175 182 117 77 145 89 48 302 50 149 103 82 67 48 56 46 65
is_linear=0
shrinkage=0.0352741


Tree=48
num_leaves=23
num_cat=0
split_feature=2 11 2 76 23 8 104 11 2 105 40 78 78 72 76 78 0 76 40 13 76 10
split_gain=10.8005 3.77294 2.33622 2.65631 1.81986 1.62044 1.33471 1.2758 1.25326 1.18793 1.12433 1.32488 1.03572 0.930705 0.80116 0.935482 0.796666 0.738698 0.590906 0.573203 0.569308 0.547843
threshold=18.500000000000004 6.7125000000000012 177.50000000000003 579.50000000000011 -0.60355339059327395 72.916666666666671 973.61904761904771 5.4958333333333345 158.50000000000003 1.0808014082943438 2.7500000000000004 1290.4500000000003 1275.6500000000003 4.5000000000000009 521.00000000000011 1360.2 94.500000000000014 603.00000000000011 0.55000000000000016 21.500000000000004 674.50000000000011 46.301792569978062
decision_type=2 2 2 2 2 2 2 2 2 2 2 2 2 2 2 2 2 2 2 2 2 2
left_child=16 6 3 -3 -5 -6 8 21 9 10 11 -2 -10 -11 15 19 -1 -16 -13 -12 -19 -8
right_child=1 2 -4 4 5 -7 7 -9 12 13 14 18 -14 -15 17 -17 -18 20 -20 -21 -22 -23
leaf_value=-0.81536960980523376 -0.22512847654028784 -0.31827875004764267 0.97456283818304601 -0.012199239102178535 1.0213419963070096 0.3193346747292285 -0.29729315120679833 0.030539664308972831 0.71027981512253835 0.31915078189898022 -0.022255960573927112 0.015791037930854047 -0.003506371370461597 -0.0028097894249481119 -0.43425667256979111 -0.4364293096291238 -0.82418297722239842 0.01254616576270021 0.13058990550258442 0.40107689619525971 -0.13202530950797564 -0.31804411267977289
leaf_weight=211 26 25 24 27 22 21 48 35 30 30 47 20 27 40 27 24 41 33 24 36 124 38
leaf_count=211 26 25 24 27 22 21 48 35 30 30 47 20 27 40 27 24 41 33 24 36 124 38
internal_value=-0.00190757 0.000271317 0.00601435 0.00352521 0.00704885 0.0115507 -0.000851361 -0.00416672 -2.89101e-05 -0.000679199 -0.00149475 0.00251745 0.00488379 0.00352443 -0.0024602 -3.29485e-05 -0.0082007 -0.00387124 0.00624472 0.00174121 -0.00294214 -0.00647613
internal_weight=980 728 119 95 70 43 609 121 488 431 361 70 57 70 291 107 252 184 44 83 157 86
internal_count=980 728 119 95 70 43 609 121 488 431 361 70 57 70 291 107 252 184 44 83 157 86
is_linear=0
shrinkage=0.0352741


Tree=49
num_leaves=22
num_cat=0
split_feature=2 11 104 11 109 19 40 100 40 36 41 41 41 41 101 19 13 104 72 100 100
split_gain=12.3182 5.5119 2.60451 1.63223 3.84686 1.58898 1.1403 1.02635 1.29241 1.39802 1.06038 1.4105 1.18933 1.27394 0.904172 0.899501 0.824088 0.803099 0.667024 0.624612 0.548598
threshold=18.500000000000004 8.7895833333333346 1061.9523809523812 6.6104166666666666 4.6624803337774976 44.500000000000007 12.050000000000002 696.64776119402995 7.4500000000000011 7.2500000000000009 39.400000000000013 34.400000000000013 26.450000000000006 18.900000000000002 1.0157609866916175 30.500000000000004 21.500000000000004 778.38095238095252 4.5000000000000009 916.35555555555572 898.95555555555563
decision_type=2 2 2 2 2 2 2 2 2 2 2 2 2 2 2 2 2 2 2 2 2
left_child=-1 2 3 5 15 7 -6 18 9 17 11 12 13 14 19 -5 -11 -9 -2 -10 -14
right_child=1 -3 -4 4 6 -7 -8 8 10 16 -12 -13 20 -15 -16 -17 -18 -19 -20 -21 -22
leaf_value=-0.80277490446065214 0.38917308550443636 1.7991071257931388 -0.49374655323006483 0.95319511299518611 -0.17173468397162153 0.42338860650612381 0.63847789077183292 0.048992761885618019 -0.037855807932970317 -0.34326799145679548 0.06603103430150252 -0.43225314686346455 0.23957254628863917 -0.13818531597850217 0.34485599040791826 0.41560541565969705 -0.040149132235032005 -0.12902271313259964 -0.098422638706717025 0.57108909835848543 0.012419723890146474
leaf_weight=249 32 19 46 20 28 34 28 54 72 46 26 22 30 63 21 27 60 47 19 20 19
leaf_count=249 32 19 46 20 28 34 28 54 72 46 26 22 30 63 21 27 60 47 19 20 19
internal_value=-0.00196115 0.000341645 -0.000158078 0.000401286 0.00448374 -0.000343341 -0.00176184 -0.000816993 -0.00132262 -0.00342419 0.00027128 -0.000442605 0.000391831 -0.000961697 0.00127919 0.0119181 -0.00625266 -0.000453757 0.00393782 -0.000229901 0.00524877
internal_weight=982 733 714 668 103 565 56 531 480 207 273 247 225 176 113 47 106 101 51 92 49
internal_count=982 733 714 668 103 565 56 531 480 207 273 247 225 176 113 47 106 101 51 92 49
is_linear=0
shrinkage=0.0352741


Tree=50
num_leaves=27
num_cat=0
split_feature=81 11 8 72 11 1 101 0 1 79 3 81 72 101 108 46 88 101 59 1 3 10 11 8 11 0
split_gain=12.7501 3.28378 1.81783 2.27934 1.89198 2.11095 1.79295 1.77082 1.62547 1.25048 1.14633 1.12932 1.1269 1.38891 1.18166 1.25014 0.969488 0.959442 0.903334 0.821234 0.851775 0.814576 0.76755 1.37695 0.585049 0.580704
threshold=39.375000000000007 5.1875000000000009 55.666666666666679 3.5000000000000004 6.3937500000000016 76.500000000000014 0.8905647715898638 139.50000000000003 56.500000000000007 98.375000000000014 89.500000000000014 132.18750000000003 -1.4999999999999998 1.1398598852055593 33.358246875504697 0.058333333333333341 1.0000000180025095e-35 1.0007011147724885 1.0000000180025095e-35 21.500000000000004 132.50000000000003 46.442294804407332 5.7041666666666666 61.312500000000007 4.1937500000000005 73.500000000000014
decision_type=2 2 2 2 2 2 2 2 2 2 2 2 2 2 2 2 2 2 2 2 2 2 2 2 2 2
left_child=16 6 3 -3 7 8 10 9 19 -4 -2 12 -8 14 15 -14 24 -16 -7 -6 -21 -19 -11 -24 -1 -13
right_child=1 2 4 -5 5 18 11 -9 -10 22 -12 25 13 -15 17 -17 -18 21 -20 20 -22 -23 23 -25 -26 -27
leaf_value=-0.43350167383566557 0.3139487092219278 0.57838698494695406 0.29955795206496472 0.012447287416098678 0.017172430495213387 0.48854202633708349 -0.30441757851669032 0.3087837638778822 -0.18921678122741656 -0.57902899248368533 -0.0043111964183460251 -0.47633008044033465 -0.0056768186146125589 -0.34713760720002934 -0.070826347770552647 0.25926322289669895 -0.24575671129971838 0.1378565173091775 1.0626772460982812 0.15541091883943281 0.71394967283449495 -0.32676609986839555 0.058141314782295991 -0.16502159606576383 -0.77377680771531832 -0.0098317832651028825
leaf_weight=34 19 31 23 33 24 19 28 25 23 35 26 36 33 22 94 25 28 29 22 21 21 22 23 34 225 27
leaf_count=34 19 31 23 33 24 19 28 25 23 35 26 36 33 22 94 25 28 29 22 21 21 22 23 34 225 27
internal_value=-0.00174564 0.000837371 0.00335784 0.00870024 0.00208986 0.0051531 -0.00149475 -0.000755554 0.00209919 -0.00260587 0.00508845 -0.00243301 -0.00137997 -0.000548564 0.000364797 0.0046174 -0.00799955 -0.00133744 0.0117697 0.00491258 0.00788355 0.00255613 -0.00444474 -0.00191642 -0.00867354 -0.00665662
internal_weight=982 695 334 64 270 130 361 140 89 115 45 316 253 225 203 58 287 145 41 66 42 51 92 57 259 63
internal_count=982 695 334 64 270 130 361 140 89 115 45 316 253 225 203 58 287 145 41 66 42 51 92 57 259 63
is_linear=0
shrinkage=0.0352741


Tree=51
num_leaves=24
num_cat=0
split_feature=81 11 104 109 81 100 19 0 2 108 38 38 40 10 88 36 101 101 0 9 72 85 9
split_gain=11.7422 3.53337 2.40811 2.14928 3.26454 1.78254 1.62666 1.68732 1.86892 1.40989 1.38823 1.47957 1.19033 1.18772 1.16161 0.765376 0.714441 1.55361 0.882532 0.7823 0.597503 0.588774 0.581499
threshold=39.375000000000007 8.7895833333333346 1061.9523809523812 4.0833634262706973 149.31250000000003 637.41029411764714 43.500000000000007 75.500000000000014 82.500000000000014 45.083283516973026 14.250000000000002 23.250000000000004 13.750000000000002 54.77298339642379 1.0000000180025095e-35 16.650000000000002 1.1695553513333723 1.0442934538551905 47.500000000000007 34.383928571428577 5.5000000000000009 1.6500000000000001 29.636904761904766
decision_type=2 2 2 2 2 2 2 2 2 2 2 2 2 2 2 2 2 2 2 2 2 2 2
left_child=14 2 3 5 10 -2 7 16 -9 -6 12 13 21 -12 -1 -14 17 19 -19 20 22 -5 -7
right_child=1 -3 -4 4 9 6 -8 8 -10 -11 11 -13 15 -15 -16 -17 -18 18 -20 -21 -22 -23 -24
leaf_value=-0.73105783736189967 0.30857374084456152 1.5506617729354981 -0.41704961220648856 -0.14147509632725569 0.66899192632880378 -0.41969264883102597 0.57596163708405623 0.21422931245880772 -0.14905616875590741 0.57808279324945455 0.3868849575345894 -0.045517851033379658 0.50425179658617081 0.19861154119226843 -0.11953075301756169 -0.31810254765467444 -0.3168340210291849 0.014245491057520892 0.64189338885186853 -0.078770706407241084 0.013582050280576231 -0.061989259179234084 0.11131016679731781
leaf_weight=254 22 19 43 23 22 19 35 24 85 20 23 29 21 37 26 20 20 21 19 77 45 41 20
leaf_count=254 22 19 43 23 22 19 35 24 85 20 23 29 21 37 26 20 20 21 19 77 45 41 20
internal_value=-0.0021017 0.000386179 -4.23679e-05 0.00051519 0.00316789 -0.00110272 -0.00169095 -0.00245806 -0.00604832 0.0120769 0.00123603 0.00447564 -0.00151089 0.00763518 -0.0081869 0.00317868 -0.000686145 -5.26327e-05 0.00616383 -0.0015988 0.00075534 -0.00451531 -0.00243835
internal_weight=965 685 666 623 236 387 365 330 109 42 194 89 105 60 280 41 221 201 40 161 84 64 39
internal_count=965 685 666 623 236 387 365 330 109 42 194 89 105 60 280 41 221 201 40 161 84 64 39
is_linear=0
shrinkage=0.0352741


Tree=52
num_leaves=29
num_cat=0
split_feature=2 11 10 78 9 10 10 19 101 3 38 2 3 36 40 0 100 101 0 40 100 9 101 36 100 0 0 40
split_gain=10.4398 4.70178 2.2071 2.00825 1.99985 1.99477 1.25614 1.16523 1.15191 1.1478 1.21703 2.87048 0.926424 0.899976 0.974687 0.896751 0.811839 0.980247 0.921443 0.849383 1.04305 0.76033 0.724076 1.18954 0.697449 0.668377 0.678299 0.513175
threshold=18.500000000000004 8.7895833333333346 52.23701165382807 1346.9500000000003 32.848214285714292 55.407171337632811 54.77298339642379 43.500000000000007 0.8905647715898638 120.50000000000001 19.950000000000003 132.50000000000003 91.500000000000014 14.750000000000002 11.950000000000001 40.500000000000007 949.40555555555568 0.98825945905127377 19.500000000000004 1.6500000000000001 852.20000000000016 36.345238095238102 1.0007011147724885 16.250000000000004 873.66111111111115 130.50000000000003 80.500000000000014 13.450000000000001
decision_type=2 2 2 2 2 2 2 2 2 2 2 2 2 2 2 2 2 2 2 2 2 2 2 2 2 2 2 2
left_child=27 2 7 4 -4 -6 -5 8 -2 12 11 -11 -7 14 16 -9 17 -10 -19 -20 21 -21 23 -15 -22 26 -8 -1
right_child=1 -3 3 6 5 9 25 15 13 10 -12 -13 -14 22 -16 -17 -18 18 19 20 24 -23 -24 -25 -26 -27 -28 -29
leaf_value=-0.71371728214184982 0.024822977762223628 1.6915920808159646 0.57826647461717284 0.33255013340802542 0.31213989735210346 0.019818120717096054 -0.28159869675276183 -0.094301999275539297 -0.64608969981374653 -0.048580166186361046 -0.086714897768573537 0.99743542454111445 -0.38570374221608028 0.31880122969534797 -0.62278271896842452 0.26308580748096544 -0.4003156825229664 -0.23996007323596591 -0.16972349424278874 0.54710024276153335 -0.025845607606864669 -0.015995763088093026 0.11574865923501376 -0.42866687063614051 -0.017970138191152056 -0.28946774147518139 0.25519808251720544 -0.39653511912740519
leaf_weight=228 46 21 27 20 30 32 19 20 27 21 20 21 22 23 28 20 28 28 42 31 23 22 19 19 58 26 22 26
leaf_count=228 46 21 27 20 30 32 19 20 27 21 20 21 22 23 28 20 28 28 42 31 23 22 19 19 58 26 22 26
internal_value=-0.0023551 -0.000172656 -0.000670863 0.00189894 0.00409692 0.00246335 -0.00247156 -0.00221043 -0.00279286 0.000364718 0.00363772 0.00704488 -0.00339304 -0.00348627 -0.00431312 0.00352219 -0.00363553 -0.00294639 -0.00210892 -0.00116205 0.000210498 0.00405531 0.000404391 -0.00218056 -0.00230637 -0.00478673 -0.00197593 -0.00849713
internal_weight=969 715 694 260 173 146 87 434 394 116 62 42 54 348 287 40 259 231 204 176 134 53 61 42 81 67 41 254
internal_count=969 715 694 260 173 146 87 434 394 116 62 42 54 348 287 40 259 231 204 176 134 53 61 42 81 67 41 254
is_linear=0
shrinkage=0.0352741


Tree=53
num_leaves=23
num_cat=0
split_feature=81 11 1 109 13 13 100 19 79 10 100 100 11 8 8 101 100 88 10 100 100 101
split_gain=10.6856 3.09534 1.97242 2.37517 1.14547 2.0061 1.92608 1.78737 1.45956 1.19397 1.16421 1.69546 0.915508 1.99541 1.34569 0.8755 0.871178 0.718999 0.580782 0.558663 0.752666 0.51517
threshold=59.375000000000007 6.7125000000000012 111.50000000000001 4.6624803337774976 21.500000000000004 22.500000000000004 944.51666666666677 38.500000000000007 64.875000000000014 57.465009670991471 886.81666666666672 865.3611111111112 5.0875000000000012 61.625000000000007 42.000000000000007 1.0442934538551905 898.95555555555563 1.0000000180025095e-35 51.283092252025888 905.08888888888907 885.93333333333351 0.92235486864430827
decision_type=2 2 2 2 2 2 2 2 2 2 2 2 2 2 2 2 2 2 2 2 2 2
left_child=17 4 3 -3 6 7 8 12 -2 19 11 15 14 18 -6 21 -5 -1 -14 20 -10 -7
right_child=1 2 -4 16 5 10 -8 -9 9 -11 -12 -13 13 -15 -16 -17 -18 -19 -20 -21 -22 -23
leaf_value=-0.68676248292899367 0.14052038695368382 0.41713221543581996 1.1390259826723828 -0.12333951724449679 0.020726962023981069 -0.23210921779953142 0.12344817465420128 0.43351645189578392 -0.15578659772232645 0.079856413858427303 -0.48476249641274205 0.42498914747574096 0.044968758346346713 -0.20557876969116781 -0.11062422115808655 -0.21953527145857987 0.61640887122435395 -0.2529012359779742 0.62028377852398642 -0.43062579681723223 0.0067676119427434404 0.016305826655446755
leaf_weight=252 23 35 20 28 43 19 30 31 121 20 52 22 25 19 25 20 22 32 21 35 20 39
leaf_count=252 23 35 20 28 43 19 30 31 121 20 52 22 25 19 25 20 22 32 21 35 20 39
internal_value=-0.00211484 0.000315859 0.0058757 0.00352495 -0.000717893 0.000691956 -0.00250684 0.00339713 -0.00365528 -0.00464182 -0.00222697 -2.50387e-10 0.00161711 0.00460856 -0.00124388 -0.0024402 -0.00140929 -0.00784809 0.00857742 -0.00556983 -0.0045762 -0.000243021
internal_weight=954 670 105 85 565 316 249 164 219 196 152 100 133 65 68 78 50 284 46 176 141 58
internal_count=954 670 105 85 565 316 249 164 219 196 152 100 133 65 68 78 50 284 46 176 141 58
is_linear=0
shrinkage=0.0352741


Tree=54
num_leaves=29
num_cat=0
split_feature=2 11 13 9 11 8 11 108 1 19 102 12 9 0 9 40 8 11 12 81 1 9 81 0 0 100 12 8
split_gain=10.2506 3.64854 2.33264 1.99678 1.8609 2.33226 2.12863 1.90466 1.24409 1.32418 1.20483 2.14643 1.15327 1.15099 2.2944 0.991364 0.946359 2.05441 0.920088 0.89994 0.857641 0.799606 0.929992 0.728519 1.06961 0.56054 0.483408 0.47565
threshold=13.500000000000002 8.7895833333333346 21.500000000000004 41.741071428571438 5.3395833333333345 56.479166666666679 5.9687500000000009 33.829126031172571 1.5000000000000002 16.500000000000004 75.74944444444445 2.6940476190476197 39.877976190476197 52.500000000000007 29.877976190476193 8.1500000000000004 62.833333333333336 6.7125000000000012 3.5086309523809525 2.7500000000000004 43.500000000000007 35.014880952380956 15.000000000000002 85.500000000000014 71.500000000000014 720.12666666666678 3.4163690476190482 72.312500000000014
decision_type=2 2 2 2 2 2 2 2 2 2 2 2 2 2 2 2 2 2 2 2 2 2 2 2 2 2 2 2
left_child=19 2 8 4 7 -6 -7 10 9 25 -4 -12 26 -10 -15 -5 -8 -18 20 -1 -9 -21 -23 24 -16 -2 -11 -19
right_child=1 -3 3 15 5 6 16 18 13 12 11 -13 -14 14 23 -17 17 27 -20 21 -22 22 -24 -25 -26 -27 -28 -29
leaf_value=-0.68951569510457866 0.0084348819131081446 1.2527827421880284 -0.0093187884661976566 -0.18949737620039372 0.63424523233161811 -0.13616554200689499 0.698159397982267 -0.080860244783806226 -0.56718614033355319 0.061959122845503048 0.040791716137942198 0.68817817839216788 0.68182538327224462 0.22795789595839638 -0.10314224431648855 -0.0015972917795471101 -0.092193968751560135 0.87095212498423025 0.010351895949686237 -0.55784442050503324 0.0016468540527347615 -0.01249450316475745 -0.47108221106143344 -0.17299557825017556 0.022779892640503688 -0.51679613020085058 -0.07287766988159633 0.40780471801274598
leaf_weight=130 20 21 35 27 24 29 19 53 66 31 26 19 27 20 40 34 22 21 23 50 21 35 21 64 30 26 25 20
leaf_count=130 20 21 35 27 24 29 19 53 66 31 26 19 27 20 40 34 22 21 23 50 21 35 21 64 30 26 25 20
internal_value=-0.00193473 9.96896e-05 -0.000322424 0.00161687 0.00275809 0.00587644 0.0037161 0.000378521 -0.002395 0.000355312 0.004406 0.0082198 0.00301527 -0.00400734 -0.00233544 -0.00421723 0.00661986 0.00453098 -0.00294377 -0.00833814 -0.00485821 -0.00592008 -0.0030203 -0.00399947 -0.00151047 -0.00444188 0.000125845 0.00919239
internal_weight=979 743 722 373 312 135 111 177 349 129 80 45 83 220 154 61 82 63 97 236 74 106 56 134 70 46 56 41
internal_count=979 743 722 373 312 135 111 177 349 129 80 45 83 220 154 61 82 63 97 236 74 106 56 134 70 46 56 41
is_linear=0
shrinkage=0.0352741


Tree=55
num_leaves=19
num_cat=0
split_feature=2 11 2 105 104 34 108 0 102 102 8 0 46 0 2 2 81 46
split_gain=8.74671 4.70477 2.04557 2.02425 1.49107 1.4111 0.9246 0.915027 1.62788 1.30037 1.14889 0.948406 1.59839 0.777732 0.698666 1.09252 0.482374 0.47516
threshold=18.500000000000004 8.7895833333333346 160.50000000000003 0.9744734345547067 1063.2857142857144 1.0000000180025095e-35 44.332824048256789 46.500000000000007 63.005092592592604 89.273888888888905 36.187500000000007 13.500000000000002 0.025000000000000005 94.500000000000014 74.500000000000014 88.500000000000014 8.1875000000000018 0.36666666666666675
decision_type=2 2 2 2 2 2 2 2 2 2 2 2 2 2 2 2 2 2
left_child=13 2 4 -4 7 -5 -7 11 -9 10 -10 12 -2 16 -13 -16 -1 -12
right_child=1 -3 3 5 -6 6 -8 8 9 -11 17 14 -14 -15 15 -17 -18 -19
leaf_value=-0.66380972532251603 -0.1743633070041887 1.6322116336174004 0.74097900239916914 -0.14292088216741222 -0.89820954598897518 0.29794405878685382 -0.075875119912731381 0.29340690915119089 0.20370775966398047 0.29708344253908725 -0.015899596392676116 -0.3442061631393154 0.18167644298560776 -0.64751418726079413 0.13489649320031005 -0.21183968846893916 -0.36727903556388081 -0.38255009714338872
leaf_weight=135 24 19 20 19 28 34 31 21 20 26 284 44 20 37 25 65 84 25
leaf_count=135 24 19 20 19 28 34 31 21 20 26 284 44 20 37 25 65 84 25
internal_value=-0.0021031 -7.50454e-05 -0.000555288 0.00399997 -0.00136961 0.00159461 0.00406638 -0.000967706 1.87594e-05 -0.000546409 -0.00114701 -0.00305079 0.00144109 -0.00768687 -0.00452572 -0.00274174 -0.00848604 -0.00167777
internal_weight=961 705 686 104 582 84 65 554 376 355 329 178 44 256 134 90 219 309
internal_count=961 705 686 104 582 84 65 554 376 355 329 178 44 256 134 90 219 309
is_linear=0
shrinkage=0.0352741


Tree=56
num_leaves=27
num_cat=0
split_feature=2 11 72 77 3 104 2 2 40 11 38 8 8 104 76 76 0 104 8 81 76 76 19 36 10 10
split_gain=9.01383 2.35571 2.01712 2.23979 1.49444 1.39181 1.93153 2.07755 1.34147 1.27012 1.23771 1.19936 1.39655 1.1577 0.981266 2.87978 0.958794 0.918308 0.893985 0.623427 1.54322 1.16888 0.551773 0.518553 0.822138 0.68436
threshold=13.500000000000002 6.6104166666666666 15.500000000000002 587.00000000000011 99.500000000000014 940.80952380952397 144.50000000000003 123.50000000000001 13.450000000000001 7.1770833333333339 11.750000000000002 38.958333333333336 48.812500000000007 640.30952380952397 789.00000000000011 548.50000000000011 94.500000000000014 833.69047619047626 51.354166666666671 28.437500000000004 486.50000000000006 1095.5000000000002 25.500000000000004 5.3500000000000005 46.301792569978062 41.729666121590661
decision_type=2 2 2 2 2 2 2 2 2 2 2 2 2 2 2 2 2 2 2 2 2 2 2 2 2 2
left_child=16 5 3 -3 -5 6 7 11 23 -6 -10 13 14 -2 15 -13 -1 -8 -14 -20 -21 -22 -19 -7 25 -25
right_child=1 2 -4 4 9 8 17 -9 10 -11 -12 12 18 -15 -16 -17 -18 22 19 20 21 -23 -24 24 -26 -27
leaf_value=-0.62829148946095359 0.028132397783794973 -0.14223560058947568 0.59074513836813913 -0.068460674547021455 0.45252351740581065 -0.9983369982826007 0.58890711957065645 -0.093242003860593003 0.3061566023336636 0.60431310650332548 -0.4028459767890582 0.31004649507731341 -0.12881657687352682 -0.44361451202941754 0.48801400184013044 -0.28509179247509059 -0.62467370998267591 -0.014075890892291403 -0.38979733062619154 0.47008667357244377 -0.041543053303515425 0.029953822963155387 0.32282082486285518 -0.064993377577966666 -0.16626810639117595 0.034311506086199511
leaf_weight=203 28 19 25 20 21 21 33 54 24 37 19 54 27 49 25 24 35 21 20 25 43 37 19 24 61 19
leaf_count=203 28 19 25 20 21 21 33 54 24 37 19 54 27 49 25 24 35 21 20 25 43 37 19 24 61 19
internal_value=-0.00193335 -3.29642e-05 0.00445047 0.00214423 0.00479002 -0.000905677 9.98915e-05 -0.000895423 -0.0036521 0.00765517 0.00172032 0.000148719 0.00131383 -0.0037078 0.00448374 0.00253058 -0.00791247 0.00535924 -0.000835114 0.000423088 0.00151089 -0.0008812 0.00176109 -0.00550015 -0.00447455 -0.000737279
internal_weight=987 749 122 97 78 627 459 386 168 58 43 332 255 77 103 78 238 73 152 125 105 80 40 125 104 43
internal_count=987 749 122 97 78 627 459 386 168 58 43 332 255 77 103 78 238 73 152 125 105 80 40 125 104 43
is_linear=0
shrinkage=0.0352741


Tree=57
num_leaves=24
num_cat=0
split_feature=2 11 76 19 11 11 1 13 38 13 36 8 36 36 101 104 40 10 77 9 3 10 10
split_gain=9.53442 2.87149 1.73884 1.62813 1.46891 2.19483 1.38084 1.61123 1.99096 1.55156 1.90019 1.5445 1.47833 1.41134 1.2892 1.07742 1.06366 1.00877 0.901251 0.697703 0.573596 0.550741 0.926907
threshold=21.500000000000004 6.731250000000002 503.00000000000006 3.5000000000000004 7.0499999999999998 8.4000000000000021 89.500000000000014 21.500000000000004 13.550000000000002 22.500000000000004 7.9500000000000011 55.895833333333336 11.450000000000001 7.2500000000000009 1.0053905375690573 809.16666666666674 14.450000000000001 43.283346162329096 649.50000000000011 37.041666666666679 6.5000000000000009 51.899846152431749 56.144273504714654
decision_type=2 2 2 2 2 2 2 2 2 2 2 2 2 2 2 2 2 2 2 2 2 2 2
left_child=20 3 -3 -2 -4 19 7 13 11 10 -10 17 -12 15 -11 -5 21 -9 -19 -6 -1 -15 -23
right_child=1 2 4 6 5 -7 -8 8 9 14 12 -13 -14 16 -16 -17 -18 18 -20 -21 -22 22 -24
leaf_value=-0.61808273859092688 -0.31822163062473735 -0.20251524918382549 0.58226849624469301 0.26034650259390607 0.48459790227989413 1.4116593711227252 -0.27153543532637453 -0.0097411194184148456 -0.0033894078941874911 0.10594334195314865 0.71392904908356547 -0.097487368354253048 0.15456813283382723 -0.16802571208578562 -0.40814141408594912 -0.088580249534089203 0.047783550441440087 0.59209755423754229 -0.00030410698687901802 -0.12898994537371861 -0.33314600004210504 0.019982852678563617 -0.50040083057244389
leaf_weight=198 36 22 24 30 20 20 30 33 22 49 25 33 28 121 24 20 34 19 30 29 68 19 24
leaf_count=198 36 22 24 30 20 20 30 33 22 49 25 33 28 121 24 20 34 19 30 29 68 19 24
internal_value=-0.00251837 -0.000336401 0.00475189 -0.00135091 0.0068608 0.00423947 -0.000867087 -0.000434836 0.00148842 0.00419308 0.00775417 -0.00199273 0.0113682 -0.00247429 0.000531096 0.00281859 -0.00381131 0.000601805 0.00381075 0.000215702 -0.00819343 -0.00498819 -0.00155648
internal_weight=958 692 115 577 93 69 541 511 263 148 75 115 53 248 73 50 198 82 49 49 266 164 43
internal_count=958 692 115 577 93 69 541 511 263 148 75 115 53 248 73 50 198 82 49 49 266 164 43
is_linear=0
shrinkage=0.0352741


Tree=58
num_leaves=25
num_cat=0
split_feature=2 11 72 19 9 12 3 9 19 12 11 76 76 9 8 77 76 9 76 3 77 104 104 3
split_gain=8.69814 3.12312 2.80449 2.14197 1.63021 1.68493 1.43923 1.32766 1.30574 1.25443 1.82165 1.99772 1.41912 1.42644 1.16202 1.15977 0.832952 0.783125 0.782055 0.711311 0.910464 0.541837 0.560066 0.522324
threshold=13.500000000000002 6.731250000000002 14.500000000000002 32.500000000000007 35.380952380952387 3.5294642857142864 149.50000000000003 41.985119047619058 25.500000000000004 3.2812500000000004 4.1583333333333341 466.50000000000006 967.00000000000011 29.991071428571434 35.687500000000007 473.50000000000006 1356.5000000000002 39.913690476190482 2662.5000000000005 126.50000000000001 657.50000000000011 913.07142857142878 722.88095238095241 138.50000000000003
decision_type=2 2 2 2 2 2 2 2 2 2 2 2 2 2 2 2 2 2 2 2 2 2 2 2
left_child=21 4 3 -3 9 6 -6 8 -7 10 14 15 13 -13 -2 -12 -14 -10 -18 20 -9 22 -1 -5
right_child=1 2 -4 23 5 7 -8 19 17 -11 11 12 16 -15 -16 -17 18 -19 -20 -21 -22 -23 -24 -25
leaf_value=-0.59314121802475628 -0.007172904021620052 0.56903193968332488 0.76563925000880428 -0.16693767272165286 -0.17238705915956834 -0.22517431992249945 0.030513331146693502 -0.30255858374136663 0.014229935552847071 0.55675793270481744 0.094651588958684044 0.30283399272909239 0.33298717622318824 -0.11311203743551804 -0.37657365609852528 0.3220169994236618 -0.017263905012233096 0.7361165069469906 0.24692279959491559 -0.22906119575278239 0.02049360241904423 -0.59259703063456226 -0.47389771549162063 -0.0034139461709346516
leaf_weight=47 41 33 33 21 97 28 27 25 47 24 21 27 21 61 39 21 39 22 20 36 32 81 112 26
leaf_count=47 41 33 33 21 97 28 27 25 47 24 21 27 21 61 39 21 39 22 20 36 32 81 112 26
internal_value=-0.00195236 -6.18798e-05 0.00533514 0.0017624 -0.00103341 -0.00283038 -0.00602785 -0.000742381 0.00214423 0.000763753 0.000121609 0.00184717 0.000125934 -0.00296423 -0.004406 0.00872223 0.0035248 0.00475025 0.00137371 -0.00375259 -0.00129822 -0.00778777 -0.00658648 -0.00307323
internal_weight=981 741 113 80 628 314 124 190 97 314 290 210 168 88 80 42 80 69 59 93 57 240 159 47
internal_count=981 741 113 80 628 314 124 190 97 314 290 210 168 88 80 42 80 69 59 93 57 240 159 47
is_linear=0
shrinkage=0.0352741


Tree=59
num_leaves=25
num_cat=0
split_feature=79 11 11 8 81 1 2 2 101 2 19 72 108 10 108 10 9 9 77 1 40 19 108 38
split_gain=9.27511 3.49331 2.19765 2.42529 1.4763 1.2241 1.21731 2.29094 1.2015 1.02335 2.06633 0.851396 1.03457 1.88571 1.51762 2.8606 0.797951 0.781097 0.744095 0.559686 0.55203 0.545539 0.537952 0.662747
threshold=12.250000000000002 8.6958333333333346 5.3145833333333341 52.770833333333336 122.19642857142858 57.500000000000007 109.50000000000001 171.50000000000003 0.87076876907353429 120.50000000000001 24.500000000000004 1.0000000180025095e-35 36.210157979798822 35.427155055402331 42.443269504670134 47.000131632910445 27.925595238095244 38.922619047619058 1489.5000000000002 34.500000000000007 4.2500000000000009 26.500000000000004 39.970544211768811 16.350000000000005
decision_type=2 2 2 2 2 2 2 2 2 2 2 2 2 2 2 2 2 2 2 2 2 2 2 2
left_child=-1 2 8 -4 5 9 -6 19 -2 10 -5 21 13 -13 22 -16 -15 -12 -18 -8 -7 -10 23 -14
right_child=1 -3 3 4 6 20 7 -9 11 -11 17 12 14 16 15 -17 18 -19 -20 -21 -22 -23 -24 -25
leaf_value=-0.57169370638378791 0.16027914258564202 1.434524109149474 0.49745999211690056 -0.12313759727807071 0.39781658596222141 -0.43047693638810236 0.10678382856187869 0.45328668401438132 -0.59816090004281286 -0.27017141630347391 0.1152450274325621 -0.552438346514598 -0.024078422894161844 -0.10857043929218425 0.34065815402522626 -0.32791736919342823 0.027740478664391055 0.60857086490644718 0.5977973828630454 -0.19293865244004574 -0.15527536607410283 -0.063088022299662025 -0.27058299501964461 -0.25964667743468045
leaf_weight=214 19 20 21 38 32 20 22 37 35 31 20 39 56 32 19 21 73 19 19 47 39 40 38 26
leaf_count=214 19 20 21 38 32 20 22 37 35 31 20 39 56 32 19 21 73 19 19 47 39 40 38 26
internal_value=-0.00227806 -0.00045765 -0.000849739 0.00131983 0.000520336 -0.00171029 0.0032193 0.00139687 -0.0025458 0.000522292 0.00270074 -0.00295975 -0.00217284 -0.000194694 -0.00418725 0.00176109 0.00193346 0.00839875 0.00360177 -0.00240067 -0.00579348 -0.00634432 -0.00616992 -0.00455653
internal_weight=977 763 743 326 305 167 138 106 417 108 77 398 323 163 160 40 124 39 92 69 59 75 120 82
internal_count=977 763 743 326 305 167 138 106 417 108 77 398 323 163 160 40 124 39 92 69 59 75 120 82
is_linear=0
shrinkage=0.0352741


Tree=60
num_leaves=27
num_cat=0
split_feature=2 11 101 1 76 38 38 0 78 78 38 9 2 0 9 78 9 1 0 78 78 79 100 0 0 9
split_gain=8.93164 3.95931 1.57625 1.47402 1.27745 1.45656 2.57309 2.32154 1.5223 1.31176 1.19764 1.14557 1.03079 0.99964 0.961366 1.28092 1.06012 0.745995 0.6743 0.70592 0.963591 0.669775 1.11888 0.594466 0.491517 0.490363
threshold=18.500000000000004 8.7895833333333346 1.1665921794346503 86.500000000000014 2479.5000000000005 15.050000000000002 8.9500000000000011 31.500000000000004 1060.0000000000002 920.70000000000016 7.1500000000000012 36.086309523809533 138.50000000000003 47.500000000000007 29.747023809523814 1271.5500000000002 35.380952380952387 106.50000000000001 34.500000000000007 1243.2000000000003 1441.8000000000004 12.250000000000002 870.62222222222238 94.500000000000014 76.500000000000014 35.380952380952387
decision_type=2 2 2 2 2 2 2 2 2 2 2 2 2 2 2 2 2 2 2 2 2 2 2 2 2 2
left_child=21 2 3 4 5 6 7 -2 -9 -7 11 24 -8 18 -15 25 -17 -5 19 -11 -21 23 -23 -1 -10 -16
right_child=1 -3 -4 17 -6 9 12 8 10 13 -12 -13 -14 14 15 16 -18 -19 -20 20 -22 22 -24 -25 -26 -27
leaf_value=-0.55152772798887295 -0.21782261968835484 1.3839225687283303 -0.20197007000401709 -0.28753339782499288 0.56626191598143183 -0.36346446619277128 -0.22379929200696816 0.56220257774275295 0.2248104318426381 0.058147252521113219 0.10829276267995878 -0.1300194441647976 0.01449713994702927 0.29190087100458989 0.082225390379009111 0.19019598707075114 -0.1093726593950947 -0.003937843574051616 -0.48037090360893814 -0.12939547374009791 0.08521828174389745 0.13099731351727903 -0.36937206248143573 -0.54445356365343467 -0.0035937568765069859 0.36469959712264494
leaf_weight=174 33 20 39 21 19 22 120 29 22 19 28 29 37 24 23 32 33 28 28 21 20 26 31 38 21 40
leaf_count=174 33 20 39 21 19 22 120 29 22 19 28 29 37 24 23 32 33 28 28 21 20 26 31 38 21 40
internal_value=-0.00170042 0.000378616 -7.17729e-05 0.000342382 0.00082298 0.000528146 -0.0010724 0.00204602 0.00418175 0.0024767 0.00211519 -0.000293709 -0.00428969 0.00323266 0.00496429 0.00374614 0.000271091 -0.00553638 0.000240343 0.00234929 -0.000257731 -0.00717126 -0.00377103 -0.00808416 0.00335871 0.00732788
internal_weight=977 708 688 649 600 581 319 162 129 262 100 72 157 240 152 128 65 49 88 60 41 269 57 212 43 63
internal_count=977 708 688 649 600 581 319 162 129 262 100 72 157 240 152 128 65 49 88 60 41 269 57 212 43 63
is_linear=0
shrinkage=0.0352741


Tree=61
num_leaves=22
num_cat=0
split_feature=2 11 101 72 77 102 38 3 0 72 78 38 3 108 108 23 38 36 102 102 108
split_gain=9.89969 2.1163 1.57525 1.48123 1.31791 1.21196 1.87978 1.94614 2.21257 2.09082 1.33335 1.08822 0.950314 0.761254 1.0278 0.759955 0.604193 0.873347 0.5909 0.601845 0.568092
threshold=18.500000000000004 8.7895833333333346 1.1665921794346503 15.500000000000002 899.00000000000011 83.140000000000029 13.050000000000002 107.50000000000001 36.500000000000007 3.5000000000000004 1355.6000000000001 7.5500000000000007 115.50000000000001 45.637466731189996 42.825487542570066 -0.37940952255126098 15.850000000000003 14.550000000000002 75.545555555555566 79.788888888888906 41.335994549818246
decision_type=2 2 2 2 2 2 2 2 2 2 2 2 2 2 2 2 2 2 2 2 2
left_child=16 2 3 5 12 6 11 8 -8 15 13 -2 -5 14 20 -9 17 -1 -10 -20 -7
right_child=1 -3 -4 4 -6 10 7 9 18 -11 -12 -13 -14 -15 -16 -17 -18 -19 19 -21 -22
leaf_value=-0.52204863134246027 0.017275727961276265 0.95284860784195224 -0.19964036217538128 0.22250088750997649 -0.0057511354913163297 -0.00098411125061234942 0.1032564177909947 0.38922155350786414 -0.39126380606973671 0.015482660583447275 -0.20213796545228985 -0.079606051855842783 0.47649585460220345 -0.17119393787658149 0.58079811824406713 0.32412496946803676 -0.53207308624168237 0.071269960938096413 0.029775775171856637 -0.10587742943547092 -0.14530617785151234
leaf_weight=128 80 19 40 31 33 77 26 27 26 43 49 81 20 40 27 26 112 19 24 21 19
leaf_count=128 80 19 40 31 33 77 26 27 26 43 49 81 20 40 27 26 112 19 24 21 19
internal_value=-0.00209154 6.46716e-05 -0.000255588 0.000162788 0.00453204 -0.000486059 0.000777095 0.00312436 -0.000399772 0.00668325 -0.00259492 -0.00203682 0.0080829 -0.00106 0.000315307 0.0113682 -0.00799273 -0.00650029 -0.00362375 -0.00117426 -0.00139541
internal_weight=968 709 690 650 84 566 354 193 97 96 212 161 51 163 123 53 259 147 71 45 96
internal_count=968 709 690 650 84 566 354 193 97 96 212 161 51 163 123 53 259 147 71 45 96
is_linear=0
shrinkage=0.0352741


Tree=62
num_leaves=24
num_cat=0
split_feature=2 11 104 38 38 38 38 72 11 101 108 108 72 104 109 8 19 0 25 38 41 76 108
split_gain=8.11086 1.7985 1.40465 1.40236 1.32866 1.55439 1.3206 1.48786 1.26691 1.24752 1.13613 1.89863 1.0971 0.890604 1.27436 0.850939 1.6284 0.655033 0.96512 0.633584 0.612519 0.51026 0.502242
threshold=18.500000000000004 6.6104166666666666 1061.9523809523812 15.050000000000002 16.450000000000003 16.050000000000004 10.050000000000002 5.5000000000000009 7.0499999999999998 0.89335186472087114 39.567374811342042 41.427761104854639 3.5000000000000004 1022.4761904761906 4.6965581836262116 48.312500000000007 32.500000000000007 94.500000000000014 -0.8783796973249266 8.7500000000000018 47.000000000000007 410.50000000000006 37.453904366385117
decision_type=2 2 2 2 2 2 2 2 2 2 2 2 2 2 2 2 2 2 2 2 2 2 2
left_child=17 2 3 6 5 -5 7 19 -3 -6 -11 -12 -8 14 -10 -9 -17 18 -1 22 -13 -19 -2
right_child=1 8 -4 4 9 -7 12 15 13 10 11 20 -14 -15 -16 16 -18 21 -20 -21 -22 -23 -24
leaf_value=-0.22700460159623692 -0.022419786788518282 0.38320671266174838 -0.36425832994088492 0.005975306606196629 0.47521822396135194 0.29881761257727285 -0.0077564119704243506 0.23962803527110918 0.41695961173747392 -0.081793988712431792 0.03939659832312984 0.030658772627322313 -0.37164753537336376 0.65357450598670441 -0.16733993281925164 -0.09305986637346117 0.5296783817762547 -0.092437582358549097 -0.53792912819980188 0.096108646870531986 -0.070970610427751574 -0.50426826802840141 -0.34346290953611497
leaf_weight=75 29 31 42 32 28 20 47 41 24 114 23 31 74 26 37 32 19 23 147 20 22 22 33
leaf_count=75 29 31 42 32 28 20 47 41 24 114 23 31 74 26 37 32 19 23 147 20 22 22 33
internal_value=-0.00215472 -0.000218925 -0.000993622 -0.000530617 0.00130616 0.00636921 -0.00221166 -0.000243187 0.00376466 9.70578e-05 -0.000927977 0.00241161 -0.00504085 0.00158018 -0.000751014 0.00283544 -0.000207254 -0.00740988 -0.00819666 -0.00369681 -0.00126313 -0.00352277 -0.00545658
internal_weight=992 725 607 565 270 52 295 174 118 218 190 76 121 87 61 92 51 267 222 82 53 45 62
internal_count=992 725 607 565 270 52 295 174 118 218 190 76 121 87 61 92 51 267 222 82 53 45 62
is_linear=0
shrinkage=0.0352741


Tree=63
num_leaves=28
num_cat=0
split_feature=14 10 2 2 41 19 38 9 36 77 38 23 0 0 40 9 108 8 87 9 9 8 8 77 8 8 100
split_gain=8.76948 2.27677 2.1329 2.32655 1.39631 1.19472 1.70222 1.52933 1.18297 0.995786 1.50133 0.965514 0.936243 0.862924 1.08582 1.10562 1.29307 1.27801 0.762457 0.774885 0.72836 0.72236 0.598423 0.576526 0.521114 0.516031 0.480279
threshold=5.5000000000000009 52.23701165382807 175.50000000000003 81.500000000000014 31.850000000000005 4.5000000000000009 21.050000000000004 35.514880952380956 6.2500000000000009 924.00000000000011 15.450000000000001 -0.37940952255126098 130.50000000000003 3.5000000000000004 3.6500000000000008 39.985119047619058 43.990748357271947 48.312500000000007 1.5000000000000002 35.380952380952387 23.398809523809529 75.750000000000014 62.645833333333343 1178.5000000000002 45.083333333333336 66.687500000000014 811.61666666666679
decision_type=2 2 2 2 2 2 2 2 2 2 2 2 2 2 2 2 2 2 2 2 2 2 2 2 2 2 2
left_child=1 5 3 4 -3 20 13 11 -5 10 25 -8 -4 -7 26 17 -17 18 24 -20 -1 -2 -12 -11 -16 -10 -15
right_child=21 2 12 8 -6 6 7 -9 9 23 22 -13 -14 14 15 16 -18 -19 19 -21 -22 -23 -24 -25 -26 -27 -28
leaf_value=-0.20258105339789412 -0.51974048097026282 0.21410631491518747 0.29964039890407368 0.44861048692515887 0.6808284333847483 -0.2568578165839846 0.035127793467679566 -0.060400886968529639 -0.25887892322508788 -0.36452178998614798 0.69361403274139188 0.15870657848706193 0.6846920305203773 0.0038975006267853987 -0.010307508806476375 0.031766572415354008 -0.13515639201764215 -0.30294713447359434 -0.008960117024020638 -0.20500552522351329 -0.64788663992802398 -0.48400618679004037 0.10694775180253917 -0.016544571849104562 0.54481796838244834 -0.042377621683837449 0.078089232750970766
leaf_weight=28 160 36 26 28 21 32 24 33 29 20 19 26 26 32 60 24 27 71 34 36 33 36 21 38 19 19 24
leaf_count=28 160 36 26 28 21 32 24 33 29 20 19 26 26 32 60 24 27 71 34 36 33 36 21 38 19 19 24
internal_value=-0.00156605 9.87237e-05 0.00262943 0.0011755 0.00735659 -0.00132525 -0.000686237 0.00386464 -0.000851154 -0.00212525 0.000240343 0.00775111 0.00907952 -0.00173885 -0.00119716 -0.00212119 0.00255613 -0.00320587 -0.00134888 -0.00402792 -0.00595034 -0.00824013 0.00528329 -0.005711 0.0010262 -0.00396344 0.00327199
internal_weight=982 786 283 231 57 503 442 83 174 146 88 50 52 359 327 271 51 220 149 70 61 196 40 58 79 48 56
internal_count=982 786 283 231 57 503 442 83 174 146 88 50 52 359 327 271 51 220 149 70 61 196 40 58 79 48 56
is_linear=0
shrinkage=0.0352741


Tree=64
num_leaves=26
num_cat=0
split_feature=14 11 19 11 9 38 2 38 40 9 12 9 76 104 104 9 76 13 38 9 77 9 1 11 9
split_gain=8.72191 2.83508 1.73576 1.38348 1.89045 1.79661 1.94154 1.31066 1.85823 1.16316 2.25078 1.91806 1.38467 1.49036 1.10706 1.05269 0.870913 0.851364 0.810989 0.704099 0.626857 0.685057 0.549385 0.828311 0.548386
threshold=5.5000000000000009 5.3291666666666675 3.5000000000000004 8.7895833333333346 46.666666666666679 29.450000000000003 165.00000000000003 14.950000000000001 15.550000000000002 35.514880952380956 3.2080357142857152 37.720238095238102 637.50000000000011 976.9761904761906 868.07142857142867 38.657738095238109 904.00000000000011 21.500000000000004 16.150000000000002 32.916666666666679 1053.0000000000002 36.086309523809533 21.500000000000004 7.1437499999999998 34.919642857142868
decision_type=2 2 2 2 2 2 2 2 2 2 2 2 2 2 2 2 2 2 2 2 2 2 2 2 2
left_child=1 2 -1 4 5 6 7 8 15 10 16 -11 13 -13 -12 24 19 -18 -8 -4 21 -9 -2 -24 -3
right_child=22 3 9 -5 -6 -7 18 20 -10 11 14 12 -14 -15 -16 -17 17 -19 -20 -21 -22 -23 23 -25 -26
leaf_value=-0.47937474708252098 -0.50062078939999854 -0.029069096343724829 -0.023564752621603877 1.2964742744098465 -0.25970578601300176 -0.062570659788032598 0.69066148573639363 0.10084896272471029 0.54540300505935713 -0.186241653303096 0.058351381221829549 0.018522939088703273 0.016244248209224533 -0.33876001514993698 0.34098959209956137 -0.23615940451433415 -0.43567612253248283 0.1552594398000304 0.34106299284509678 -0.47016328611091157 0.0044440953484205584 0.59524047232991051 -0.50098207128447192 -0.35970282325333652 0.32430304215367839
leaf_weight=41 99 42 94 19 24 21 22 28 19 84 37 31 26 35 21 33 22 24 22 22 25 33 79 26 26
leaf_count=41 99 42 94 19 24 21 22 28 19 84 37 31 26 35 21 33 22 24 22 22 25 33 79 26 26
internal_value=-0.00186516 -0.000108022 -0.00194506 0.0024485 0.00185301 0.00269378 0.00352657 0.00208845 -0.000293806 -0.00122907 0.00048088 -0.00336594 0.000153266 -0.00256309 0.00644006 -0.00219898 -0.00165423 0.00245069 0.0102478 -0.00328246 0.00541043 0.00733682 -0.00833195 -0.00654721 0.00031097
internal_weight=955 751 437 314 295 271 250 206 120 396 220 176 92 66 58 101 162 46 44 116 86 61 204 105 68
internal_count=955 751 437 314 295 271 250 206 120 396 220 176 92 66 58 101 162 46 44 116 86 61 204 105 68
is_linear=0
shrinkage=0.0352741


Tree=65
num_leaves=24
num_cat=0
split_feature=2 2 36 42 104 81 72 13 13 81 100 36 40 77 10 81 36 36 100 81 104 104 108
split_gain=8.96064 2.90983 1.78719 1.95411 1.43614 1.60437 1.35881 1.26035 1.90462 2.06542 1.6736 1.63885 1.82004 0.9982 0.803631 0.777069 0.677417 1.20075 0.839305 0.626792 0.600376 0.561861 0.495848
threshold=18.500000000000004 161.50000000000003 14.550000000000002 1.0000000180025095e-35 822.52380952380975 154.38750000000002 14.500000000000002 21.500000000000004 22.500000000000004 144.56250000000003 774.96523096129852 7.9500000000000011 8.4500000000000011 467.50000000000006 63.87571022162885 100.68750000000001 13.15 12.15 696.34444444444455 1.1875000000000002 971.95238095238108 722.88095238095241 44.332824048256789
decision_type=2 2 2 2 2 2 2 2 2 2 2 2 2 2 2 2 2 2 2 2 2 2 2
left_child=19 2 7 6 -3 14 13 16 9 11 -10 -9 -13 -4 22 -12 17 18 -2 -1 21 -21 -6
right_child=1 4 3 -5 5 -7 -8 8 10 -11 15 12 -14 -15 -16 -17 -18 -19 -20 20 -22 -23 -24
leaf_value=-0.46374131160270893 0.010255845384928358 0.69063899538548601 0.45738185774512269 -0.33620402541076139 0.0012942914443534056 0.32192385252280226 0.55649907816220456 -0.0006266117936852446 0.042433603768908541 -0.06036354474257756 0.00076007492666420567 0.71426670891739408 0.010020240969902823 -0.0038422671272220544 0.3128457905584508 -0.099459532919231278 -0.46595351054634276 0.037553452734380391 -0.17720201455699247 -0.45708761338130177 -0.47927168480837379 -0.23500357167482214 -0.074380082475713219
leaf_weight=119 21 24 19 26 25 29 22 35 28 31 27 30 31 40 19 72 32 23 166 27 28 89 19
leaf_count=119 21 24 19 26 25 29 22 35 28 31 27 30 31 40 19 72 32 23 166 27 28 89 19
internal_value=-0.00192523 0.000112828 -0.00087153 0.00326187 0.00522763 0.0032186 0.00596175 -0.00176349 -2.77688e-05 0.00302605 -0.00308157 0.00558162 0.00906993 0.00316551 5.59373e-05 -0.00523454 -0.00358484 -0.00285472 -0.00379029 -0.00749573 -0.00592557 -0.00480212 -0.00256194
internal_weight=982 719 603 107 116 92 81 496 254 127 127 96 61 59 63 99 242 210 187 263 144 116 44
internal_count=982 719 603 107 116 92 81 496 254 127 127 96 61 59 63 99 242 210 187 263 144 116 44
is_linear=0
shrinkage=0.0352741


Tree=66
num_leaves=20
num_cat=0
split_feature=14 11 19 100 60 72 68 13 108 109 72 108 72 104 106 106 0 101 38
split_gain=6.93269 2.30174 1.5415 1.75876 1.73283 1.48278 1.19676 1.01052 1.40559 2.07883 1.19081 1.18804 1.16429 0.919215 0.899877 1.10738 0.716491 0.698985 0.610177
threshold=5.5000000000000009 6.9416666666666673 3.5000000000000004 649.01988335100748 0.45000000000000007 15.500000000000002 1.0000000180025095e-35 21.500000000000004 44.822002265339641 4.2001697881522064 -2.4999999999999996 40.696632297502525 6.5000000000000009 971.04761904761915 71.626190476190501 64.566666666666677 94.500000000000014 0.99180953712528541 9.3500000000000032
decision_type=2 2 2 2 2 2 2 2 2 2 2 2 2 2 2 2 2 2 2
left_child=1 2 -1 -4 6 13 7 17 9 10 -9 14 -13 -3 15 -12 -2 -5 -16
right_child=16 5 3 4 -6 -7 -8 8 -10 -11 11 12 -14 -15 18 -17 -18 -19 -20
leaf_value=-0.2745321408860647 -0.46660378855402435 -0.057945232614841621 0.29077693596582455 -0.00043467949017551144 0.16046614337408749 0.649429017691462 0.44127746602313633 -0.20278536952892909 -0.16055968436191778 0.28962163816528153 0.099841308439427304 -0.00037966589274312916 -0.052203133648431967 0.50829083104958261 -0.00083382008866487219 -0.22503301094623757 -0.4538290172155427 -0.10732486461654324 0.26356485581864142
leaf_weight=51 141 44 19 67 22 21 20 19 41 23 32 25 21 30 33 23 44 220 66
leaf_count=51 141 44 19 67 22 21 20 19 41 23 32 25 21 30 33 23 44 220 66
internal_value=-0.00196526 -0.000503878 -0.00122052 -0.000743426 -0.00107195 0.00463843 -0.00143473 -0.00173258 -0.000236773 0.000786915 -0.000273743 0.000528954 -0.00444188 0.00228622 0.00201489 -0.00160164 -0.00810091 -0.00320719 0.00402383
internal_weight=962 777 682 631 612 95 590 570 283 242 219 200 46 74 154 55 185 287 99
internal_count=962 777 682 631 612 95 590 570 283 242 219 200 46 74 154 55 185 287 99
is_linear=0
shrinkage=0.0352741


Tree=67
num_leaves=27
num_cat=0
split_feature=14 23 19 100 79 0 100 23 1 0 40 40 107 0 77 53 3 0 2 77 76 79 76 2 0 1
split_gain=6.61067 2.26033 2.6144 2.21188 2.0433 2.09743 1.86029 1.59557 1.76677 1.40227 1.38309 2.01809 1.8069 1.21119 1.10985 1.08786 0.92077 1.40878 0.850092 0.839426 1.06071 0.738979 0.679246 0.598142 0.564398 0.539215
threshold=5.5000000000000009 -0.60355339059327395 15.500000000000002 899.68888888888898 71.625000000000014 122.50000000000001 706.76666666666677 -0.37940952255126098 70.500000000000014 65.500000000000014 13.550000000000002 10.15 0.98321689325815476 36.500000000000007 1971.5000000000002 1440.0000000000002 72.500000000000014 95.500000000000014 67.500000000000014 521.50000000000011 757.50000000000011 142.12500000000003 1856.5000000000002 135.50000000000003 97.500000000000014 69.500000000000014
decision_type=2 2 2 2 2 2 2 2 2 2 2 2 2 2 2 2 2 2 2 2 2 2 2 2 2 2
left_child=1 4 6 7 -1 15 9 8 21 -3 11 12 -9 18 -8 -6 -14 -18 -5 -15 23 -4 -16 -21 -2 -26
right_child=24 2 3 13 5 -7 14 10 -10 -11 -12 -13 16 19 22 -17 17 -19 -20 20 -22 -23 -24 -25 25 -27
leaf_value=0.068843751091811789 -0.45014221320041492 -0.14724875691507625 0.66236901006979865 -0.016668624364913214 -0.32525597842056925 0.26713693288142365 -0.13481909367917533 0.44066778390318556 0.0027923808332448491 0.24808771468309462 0.33036028243987481 -0.25873243800528645 -0.26394006629829647 0.54669862802289293 0.13030420640680587 -0.042477808653718835 0.62942649283206276 -0.15247206357518936 -0.69942517424717809 -0.078028834036100045 0.49746801665825996 0.24869303653459476 -0.15551816794300916 -0.013324273431573459 -0.4489016129010745 -0.4435357320697132
leaf_weight=34 147 23 26 22 120 24 112 26 20 25 35 31 22 22 24 24 21 20 24 25 25 23 27 19 21 19
leaf_count=34 147 23 26 22 120 24 112 26 20 25 35 31 22 22 24 24 21 20 24 25 25 23 27 19 21 19
internal_value=-0.00217651 -0.000738239 0.000394634 0.0022177 -0.00394535 -0.00554112 -0.0027242 0.00437661 0.00883649 0.00337627 0.00238862 0.000587611 0.00328742 -0.00131256 -0.00452123 -0.00714986 5.59373e-05 0.00317868 -0.00597356 0.00104591 -0.000868326 0.0124389 -0.000207254 -0.00416315 -0.00812744 -0.00440274
internal_weight=961 774 572 361 202 168 211 224 69 48 155 120 89 137 163 144 63 41 46 91 69 49 51 44 187 40
internal_count=961 774 572 361 202 168 211 224 69 48 155 120 89 137 163 144 63 41 46 91 69 49 51 44 187 40
is_linear=0
shrinkage=0.0352741


Tree=68
num_leaves=21
num_cat=0
split_feature=14 11 100 100 81 81 36 109 101 2 77 46 38 0 0 2 2 27 0 0
split_gain=6.33712 3.15099 1.66091 1.65728 2.28292 2.51167 1.49777 1.65669 1.33001 0.858118 1.29314 0.684699 1.00405 1.17066 1.51447 0.670732 0.646806 0.579725 0.530275 0.955669
threshold=5.5000000000000009 5.3145833333333341 829.62777777777785 850.75555555555559 164.56250000000003 104.93750000000001 8.4500000000000011 4.3031103814439131 0.87333138071447503 175.50000000000003 883.50000000000011 0.50000000000000011 7.4500000000000011 69.500000000000014 27.500000000000004 83.500000000000014 123.50000000000001 0.93301270189221952 72.500000000000014 92.500000000000014
decision_type=2 2 2 2 2 2 2 2 2 2 2 2 2 2 2 2 2 2 2 2
left_child=1 8 6 -4 5 15 -3 -8 -1 10 16 12 13 14 -10 -5 -7 -2 -14 -20
right_child=17 2 3 4 -6 9 7 -9 11 -11 -12 -13 18 -15 -16 -17 -18 -19 19 -21
leaf_value=0.11383543104926702 -0.43271580057710041 -0.12592070824188822 0.53680249202504082 0.17155271872018871 0.81602632159526711 0.38389943569846835 0.24195875226064542 -0.091439667385708134 -0.14253518276844476 0.40544833530362273 -0.16483888694858687 -0.12884613617180837 -0.087287258471826959 -0.02827247977893994 0.29444639258422434 0.1961534798696459 -0.090190275577291201 -0.38020590559984524 0.027179423994173606 -0.04975763345534516
leaf_weight=28 167 66 33 23 27 21 33 20 27 19 39 39 228 19 29 22 26 23 37 39
leaf_count=28 167 66 33 23 27 21 33 20 27 19 39 39 228 19 29 22 26 23 37 39
internal_value=-0.00239411 -0.000978497 0.00164011 0.00352641 0.00217152 0.000470135 -0.00168876 0.0027257 -0.00291012 -0.00251816 -0.00401684 -0.00340878 -0.00294991 0.000704924 0.00327199 0.00743696 -7.49568e-05 -0.00816619 -0.00385155 -0.00129856
internal_weight=965 775 329 210 177 150 119 53 446 105 86 418 379 75 56 45 47 190 304 76
internal_count=965 775 329 210 177 150 119 53 446 105 86 418 379 75 56 45 47 190 304 76
is_linear=0
shrinkage=0.0352741


Tree=69
num_leaves=27
num_cat=0
split_feature=14 72 8 2 40 2 78 11 104 38 38 108 38 108 3 36 108 0 36 72 8 0 0 11 36 23
split_gain=7.09938 1.97783 1.6563 1.57937 1.30121 1.24168 1.39497 1.12591 1.05577 1.23679 1.26155 1.25568 1.12039 1.8911 2.38378 2.03197 1.04736 0.877194 0.865633 0.859387 0.820635 0.806805 1.65024 0.810973 0.597144 0.474797
threshold=5.5000000000000009 14.500000000000002 39.562500000000007 160.50000000000003 7.5500000000000007 73.500000000000014 1491.5000000000002 5.5229166666666671 976.38095238095252 15.750000000000002 7.6500000000000012 43.221004765565219 31.550000000000004 39.455060505350311 104.50000000000001 7.3500000000000005 39.455060505350311 52.500000000000007 12.050000000000002 -1.4999999999999998 75.750000000000014 48.500000000000007 63.500000000000007 6.0708333333333337 7.1500000000000012 -0.37940952255126098
decision_type=2 2 2 2 2 2 2 2 2 2 2 2 2 2 2 2 2 2 2 2 2 2 2 2 2 2
left_child=1 3 -3 8 24 -4 17 -6 9 10 11 16 13 14 15 -11 -1 -7 -15 -2 -21 -12 -23 -24 -5 -19
right_child=19 2 5 4 7 6 -8 -9 -10 12 21 -13 -14 18 -16 -17 -18 25 -20 20 -22 22 23 -25 -26 -27
leaf_value=-0.00088080146332326567 -0.40502202168614443 -0.35960748021700606 0.32516654218779917 0.32909115057582555 -0.079393117471791202 -0.22150138090940003 0.36663010542739727 0.30061731946892217 -0.20271291723023505 0.092838614561993188 -0.41990413054386144 0.76958817892887543 -0.1916499442761086 0.087331920717814759 0.25693134252727123 -0.18973184044005928 -0.28172059370325708 -0.054257599160241553 0.13157888643887128 -0.41949114294757495 -0.38835298971128474 0.084079931863036875 -0.03609530147888499 -0.22886434176061354 0.40128482698038986 0.21716598490654859
leaf_weight=62 19 19 30 19 22 26 20 31 97 24 63 19 25 25 29 49 21 27 19 145 33 19 56 26 23 20
leaf_count=62 19 19 30 19 22 26 20 31 97 24 63 19 25 25 29 49 21 27 19 145 33 19 56 26 23 20
internal_value=-0.00245592 -0.000928676 0.00283068 -0.00177756 0.00241199 0.00432831 0.0023122 -0.00126313 -0.00252307 -0.00178364 -0.00328798 -0.000207374 0.000556766 0.00173884 -0.000898622 -0.00429705 -0.00208096 4.82808e-05 0.00784594 -0.00843102 -0.00919199 -0.0052032 -0.00324611 -0.00541625 0.00704488 0.00292331
internal_weight=968 771 142 629 95 123 93 53 534 437 266 102 171 146 102 73 83 73 44 197 178 164 101 82 42 47
internal_count=968 771 142 629 95 123 93 53 534 437 266 102 171 146 102 73 83 73 44 197 178 164 101 82 42 47
is_linear=0
shrinkage=0.0352741


Tree=70
num_leaves=23
num_cat=0
split_feature=2 78 38 23 41 11 8 41 23 40 108 108 11 11 100 78 78 100 100 101 38 38
split_gain=6.5144 1.55804 1.34606 1.53307 2.62977 2.35114 1.27989 1.27141 1.15488 1.1065 1.06232 0.913742 1.51023 0.878691 1.01534 1.05166 1.00953 0.724076 0.725762 0.670888 0.646921 0.491244
threshold=18.500000000000004 893.90000000000009 13.850000000000003 -0.60355339059327395 34.400000000000013 5.147916666666668 64.270833333333357 25.400000000000002 -0.37940952255126098 8.7500000000000018 50.203511625115077 31.93179834550708 5.4375000000000009 3.7979166666666671 851.76111111111129 1240.9500000000003 963.20000000000016 824.41111111111115 754.8351851851852 0.9669980794314178 15.850000000000003 9.7500000000000018
decision_type=2 2 2 2 2 2 2 2 2 2 2 2 2 2 2 2 2 2 2 2 2 2
left_child=19 -2 7 6 5 20 9 10 -7 -4 13 -6 -13 -3 15 -15 -16 18 -17 21 -5 -1
right_child=1 2 3 4 11 8 -8 -9 -10 -11 -12 12 -14 14 16 17 -18 -19 -20 -21 -22 -23
leaf_value=-0.044953741989143571 -0.52012769453559449 -0.41722511510979643 -0.19805830907704422 -0.07536821304940089 0.13854707314599715 0.67307500669590692 0.097965014357806177 -0.24472079287298126 0.41136088756877881 0.0056541003949471111 -0.36974449947111604 -0.20061515650706754 0.0065945513524230974 0.63858519520859258 0.081837290405468763 0.035923224826071791 -0.02438825433208432 0.64439266053079935 -0.53588540998019141 -0.38324191291191056 0.053653221052667337 -0.40827220137895204
leaf_weight=19 28 29 49 23 24 19 21 30 27 25 23 57 77 21 20 22 134 19 20 218 32 28
leaf_count=19 28 29 49 23 24 19 21 30 27 25 23 57 77 21 20 22 134 19 20 218 32 28
internal_value=-0.00294237 -0.00115891 -0.000818791 0.000677468 0.00208328 0.00652712 -0.00315414 -0.00248425 0.0124066 -0.00533451 -0.00176334 -0.000758779 -0.00189449 -0.00113118 -0.000418402 0.00275111 -0.00210647 0.000404391 -0.00218056 -0.0076521 0.00160164 -0.00382279
internal_weight=965 700 672 354 259 101 95 318 46 74 288 158 134 265 236 82 154 61 42 265 55 47
internal_count=965 700 672 354 259 101 95 318 46 74 288 158 134 265 236 82 154 61 42 265 55 47
is_linear=0
shrinkage=0.0352741


Tree=71
num_leaves=27
num_cat=0
split_feature=14 10 40 101 108 23 46 38 11 108 100 81 101 108 104 81 108 104 104 108 100 0 104 104 108 108
split_gain=6.91455 2.19807 1.35043 1.08938 0.99787 0.85617 1.1607 1.13343 1.12001 1.25191 1.65431 1.04572 1.92926 0.999522 0.922704 0.904453 0.828994 1.49012 0.76807 0.687932 0.646161 0.602668 0.567073 0.598448 0.49001 1.37139
threshold=5.5000000000000009 85.160639083953328 -2.7499999999999996 1.1695553513333723 54.261947409008563 -0.60355339059327395 0.50000000000000011 7.6500000000000012 6.731250000000002 33.06854238658569 865.3611111111112 107.43750000000001 1.0007011147724885 41.427761104854639 908.88095238095252 137.68750000000003 40.270348842116071 784.61904761904782 938.78571428571433 45.083283516973026 916.35555555555572 88.500000000000014 896.2380952380953 862.66666666666686 41.15794551129018 38.848528298028903
decision_type=2 2 2 2 2 2 2 2 2 2 2 2 2 2 2 2 2 2 2 2 2 2 2 2 2 2
left_child=1 2 -1 4 5 7 8 -4 9 10 -7 16 20 -9 -8 -10 17 -11 -14 -15 24 -2 23 -19 25 -13
right_child=21 -3 3 -5 -6 6 14 13 15 11 -12 12 18 19 -16 -17 -18 22 -20 -21 -22 -23 -24 -25 -26 -27
leaf_value=-0.71013630858727961 -0.3906870615946561 0.90996634274282784 0.14029469905221767 -0.14251424032131613 -0.31645494688528897 0.0019896899694603343 -0.0072019283743582178 -0.28617173440173083 0.51418995453458383 0.14067733952394701 0.20840680321056751 -0.022466855970647671 0.35036795441047197 0.038946774139421908 -0.47291400317294585 0.39955724009875004 0.0070071368138721031 -0.24666065115260427 0.24039382071795215 -0.037165949482089379 -0.26104975018550275 -0.38559449745634522 -0.2228840476166119 0.0002872133195038744 -0.038753942077065971 0.30563498117605348
leaf_weight=19 151 20 30 38 19 58 29 99 19 19 30 43 20 20 21 36 57 40 28 21 25 50 30 19 38 19
leaf_count=19 151 20 30 38 19 58 29 99 19 19 30 43 20 20 21 36 57 40 28 21 25 50 30 19 38 19
internal_value=-0.00245278 -0.000978042 -0.00127558 -0.00104232 -0.000734817 -0.000518249 0.000179339 -0.00269649 0.000711261 9.93494e-05 0.00384549 -0.000876481 0.00103952 -0.00402962 -0.00493253 0.00544558 -0.00288503 -0.00470063 0.00704612 0.000601371 -0.00126927 -0.00829837 -0.00661444 -0.00459895 -2.50387e-10 0.00193254
internal_weight=998 797 777 758 720 701 531 170 481 426 88 338 173 140 50 55 165 108 48 41 125 201 89 59 100 62
internal_count=998 797 777 758 720 701 531 170 481 426 88 338 173 140 50 55 165 108 48 41 125 201 89 59 100 62
is_linear=0
shrinkage=0.0352741


Tree=72
num_leaves=23
num_cat=0
split_feature=14 10 1 0 40 8 101 12 100 9 109 0 77 77 77 78 0 1 0 36 77 78
split_gain=6.23583 2.37837 2.18433 1.38869 1.42729 0.98049 1.13515 0.956802 1.40611 1.3635 1.45596 1.15097 1.18086 1.14155 0.988134 1.23269 0.857863 0.930166 0.809718 0.734446 0.628388 0.510806
threshold=5.5000000000000009 85.160639083953328 86.500000000000014 23.500000000000004 1.8500000000000003 57.937500000000007 0.99928608144382902 3.1860119047619047 710.98483483483494 35.452380952380956 3.6431418348002125 90.500000000000014 595.50000000000011 848.00000000000011 940.50000000000011 1421.1000000000001 94.500000000000014 69.500000000000014 52.500000000000007 7.6500000000000012 843.00000000000011 1280.2500000000002
decision_type=2 2 2 2 2 2 2 2 2 2 2 2 2 2 2 2 2 2 2 2 2 2
left_child=1 2 3 5 21 6 -1 8 -6 13 -11 14 -13 -9 15 18 -2 -18 -12 -10 -14 -5
right_child=16 -3 -4 4 7 -7 -8 9 19 10 11 12 20 -15 -16 -17 17 -19 -20 -21 -22 -23
leaf_value=0.0093266749885866709 -0.37690592887390928 0.9413691670331672 -0.067011470400322612 0.098406386483401415 0.25346735469368636 0.13880343005521223 -0.20214691819978101 0.4120231004913395 0.050453328923781481 -0.45038062622764424 -0.052049387768485077 -0.36368516836481241 0.031453535194807772 0.25336193468254864 -0.018353136512866065 0.29053493385469098 0.75312375757860806 -0.37782181723537717 0.24750410576601783 -0.061621221270767759 -0.080695929702748942 -0.13144792316588522
leaf_weight=36 144 19 58 19 27 19 109 22 44 31 26 19 41 38 33 22 19 26 47 102 31 49
leaf_count=36 144 19 58 19 27 19 109 22 44 31 26 19 41 38 33 22 19 26 47 102 31 49
internal_value=-0.00202427 -0.000650207 -0.000953651 -0.000419308 0.000428876 -0.00326813 -0.00425548 0.00110264 -0.000998751 0.00227531 0.0011285 0.00214164 -0.000890963 0.00704786 0.00429704 0.00612273 -0.00778026 -0.00352277 0.0039108 -0.00236675 0.00117484 -0.00435359
internal_weight=981 792 773 715 551 164 145 483 173 310 250 219 91 60 128 95 189 45 73 146 72 68
internal_count=981 792 773 715 551 164 145 483 173 310 250 219 91 60 128 95 189 45 73 146 72 68
is_linear=0
shrinkage=0.0352741


Tree=73
num_leaves=26
num_cat=0
split_feature=14 36 19 78 78 11 105 108 79 36 19 36 36 36 23 23 72 72 72 81 0 38 36 40 36
split_gain=7.48952 1.7368 1.418 1.32341 1.46614 1.21932 1.50483 1.07628 2.11298 1.95484 0.863431 1.04551 0.769821 1.82628 0.890888 1.41966 2.00567 1.44605 1.02516 0.727473 0.689131 0.878014 0.56353 0.548788 0.531983
threshold=5.5000000000000009 14.550000000000002 45.500000000000007 1019.7500000000001 1344.7500000000002 5.9687500000000009 1.1506217436799357 46.20854018070478 107.87500000000001 7.5500000000000007 34.500000000000007 9.2500000000000018 5.3500000000000005 3.7500000000000004 -0.60355339059327395 -0.37940952255126098 5.5000000000000009 6.5000000000000009 1.5000000000000002 100.68750000000001 88.500000000000014 17.250000000000004 5.5500000000000007 4.8500000000000005 15.450000000000001
decision_type=2 2 2 2 2 2 2 2 2 2 2 2 2 2 2 2 2 2 2 2 2 2 2 2 2
left_child=1 2 5 -3 24 6 12 8 -4 -9 11 -7 13 -1 -14 16 -16 18 19 -17 -2 -22 -8 -24 -5
right_child=20 3 7 4 -6 10 22 9 -10 -11 -12 -13 14 -15 15 17 -18 -19 -20 -21 21 -23 23 -25 -26
leaf_value=-0.20014095529223735 -0.36379094140369606 0.48809733640333325 -0.039616996352905831 0.0056231203328305623 0.17117657147371262 -0.0010404970301706796 -0.23910915598748117 -0.15524992733572276 0.52224737313704317 0.84466215717108994 -0.034535851591087068 0.38295566925277458 -0.30519095954729925 0.52674838940158164 -0.01349085375560259 -0.014143280535405169 0.31760157300332964 -0.2407158372021336 0.029579938025172545 -0.35359180839683729 -0.33367254424037618 -0.36371814337424885 -0.0021800989761097188 -0.17734708854391298 -0.20377724262060365
leaf_weight=22 146 36 21 24 40 34 31 25 29 20 36 31 77 20 34 27 39 78 57 21 34 20 25 35 30
leaf_count=22 146 36 21 24 40 34 31 25 29 20 36 31 77 20 34 27 39 78 57 21 34 20 25 35 30
internal_value=-0.00201249 -0.000472068 -0.00120411 0.00325459 0.00105006 -0.00187238 -0.00263387 0.00278306 0.00634182 -0.00117426 0.0016405 0.00406638 -0.00164586 0.0028515 -0.00221351 -0.00121227 0.00294517 -0.00287111 -0.000167877 -0.00396344 -0.00811064 -0.00469806 -0.00670159 -0.00469857 -0.00274053
internal_weight=992 792 662 130 94 567 466 95 50 45 101 65 375 42 333 256 73 183 105 48 200 54 91 60 54
internal_count=992 792 662 130 94 567 466 95 50 45 101 65 375 42 333 256 73 183 105 48 200 54 91 60 54
is_linear=0
shrinkage=0.0352741


Tree=74
num_leaves=25
num_cat=0
split_feature=14 100 72 100 36 36 76 72 3 41 76 76 41 3 41 3 76 76 3 76 36 2 12 41
split_gain=6.68884 1.39831 1.64356 1.85505 0.968748 1.46762 1.88489 1.64825 1.34866 0.914995 1.01902 1.1105 0.900718 1.12265 0.961824 0.943115 0.774027 1.17593 0.865335 0.824393 0.752815 0.652084 0.619538 0.510735
threshold=5.5000000000000009 637.41029411764714 14.500000000000002 893.65555555555568 16.650000000000002 14.550000000000002 335.00000000000006 4.5000000000000009 13.500000000000002 46.250000000000007 682.50000000000011 486.50000000000006 30.400000000000002 160.50000000000003 57.95000000000001 39.500000000000007 1267.5000000000002 866.00000000000011 93.500000000000014 556.50000000000011 14.750000000000002 99.500000000000014 2.8041666666666671 17.450000000000006
decision_type=2 2 2 2 2 2 2 2 2 2 2 2 2 2 2 2 2 2 2 2 2 2 2 2
left_child=1 -1 4 9 5 6 8 -7 -3 10 11 -4 13 15 16 -8 17 18 -14 -20 -2 -5 -17 -10
right_child=20 2 3 21 -6 7 12 -9 23 -11 -12 -13 14 -15 -16 22 -18 -19 19 -21 -22 -23 -24 -25
leaf_value=0.24664007112716643 -0.3509907114572704 0.011580565797560529 0.11004287570622096 0.45660850522682273 -0.1654635979503096 0.22039718039543141 -0.070649583608116129 -0.074922919909656702 -0.15678506595808042 -0.11978968337331876 0.11247948172910538 -0.39802161843652595 -0.030219556786647991 -0.23033675051553396 -0.27337550981567255 -0.28998741237034453 -0.1755982431997565 0.27442621015012314 0.33393620942823982 0.052633682990584879 -0.36567047011854503 0.70959022266534522 -0.0044294864969838723 -0.31238395819740866
leaf_weight=26 163 28 22 19 36 30 21 33 26 20 26 22 30 20 27 38 42 30 19 29 21 19 146 71
leaf_count=26 163 28 22 19 36 30 21 33 26 20 26 22 30 20 27 38 42 30 19 29 21 19 146 71
internal_value=-0.0024222 -0.000994835 -0.00127239 0.00236888 -0.00201708 -0.00167386 -0.00228219 0.00341222 -0.00606427 -0.000391677 0.00151047 -0.00176133 -0.00110544 -0.00258609 0.000776965 -0.0018062 0.00188054 0.00346019 0.00117491 0.00411024 -0.00847072 0.00889747 -0.000996556 -0.00803177
internal_weight=964 780 754 128 626 590 527 63 125 90 70 44 402 225 177 205 150 108 78 48 184 38 184 97
internal_count=964 780 754 128 626 590 527 63 125 90 70 44 402 225 177 205 150 108 78 48 184 38 184 97
is_linear=0
shrinkage=0.0352741


Tree=75
num_leaves=28
num_cat=0
split_feature=14 108 40 78 36 108 13 13 76 21 78 76 78 78 0 0 13 3 78 78 8 13 109 72 76 8 3
split_gain=6.9007 1.83589 1.35134 1.04572 1.28433 1.14011 1.11727 1.37072 1.59956 1.11154 2.0216 1.79711 2.60162 1.29262 1.42937 1.57854 1.01908 0.968482 1.20626 0.930569 0.655614 0.567843 0.924136 0.530036 0.497004 0.490328 0.478121
threshold=5.5000000000000009 59.216563110409787 -2.7499999999999996 1346.9500000000003 15.250000000000002 41.12631624429978 21.500000000000004 22.500000000000004 1267.5000000000002 1.0000000180025095e-35 1156.3000000000002 505.50000000000006 1081.5500000000002 1222.6000000000001 41.500000000000007 72.500000000000014 11.000000000000002 96.500000000000014 1112.0000000000002 2380.6500000000005 57.604166666666679 1.0000000180025095e-35 4.7876240173555873 10.500000000000002 311.00000000000006 46.770833333333336 82.500000000000014
decision_type=2 2 2 2 2 2 2 2 2 2 2 2 2 2 2 2 2 2 2 2 2 2 2 2 2 2 2
left_child=1 2 -1 9 6 -6 19 8 -8 10 16 24 -13 -12 -15 -16 -4 26 23 -5 -10 22 -2 -19 -11 -9 -18
right_child=21 -3 3 4 5 -7 7 25 20 11 13 12 -14 14 15 -17 17 18 -20 -21 -22 -23 -24 -25 -26 -27 -28
leaf_value=-0.62659990774479635 -0.35258789702681226 0.85863871931885616 0.026499635345420901 -0.18321453567641741 0.1759239432130793 -0.0074108950499886814 0.26637353541927111 -0.27356021819494841 0.017159842572800618 -0.36324911012393241 0.31486506376140355 0.36015888618477199 -0.057108164786782906 -0.18758562177131838 0.49250227357610965 0.0040334377747875362 -0.08193086967058337 0.36209798805909427 -0.043086181203948373 -0.031047382889508052 -0.32098767038493325 -0.33839763686118685 -0.0059044651378249479 -0.029138470638745678 -0.46519585902920518 -0.058746189492364771 -0.28800516618966071
leaf_weight=19 84 19 37 107 22 19 27 21 19 33 51 28 48 36 23 35 31 27 30 31 19 99 19 19 28 41 22
leaf_count=19 84 19 37 107 22 19 27 21 19 33 51 28 48 36 23 35 31 27 30 31 19 99 19 19 28 41 22
internal_value=-0.00249104 -0.00100648 -0.00127306 -0.00103849 -0.00262776 0.00317868 -0.00352662 -0.00113824 0.00243983 4.72354e-05 0.00121338 -0.00259937 0.0010203 0.00425548 0.00180009 0.00522496 -0.00144445 -0.00292449 -0.000371017 -0.00572319 -0.00222437 -0.00830968 -0.0064689 0.00321653 -0.00710574 -0.00488819 -0.00658158
internal_weight=994 792 773 754 306 41 265 127 65 448 311 137 76 145 94 58 166 129 76 138 38 202 103 46 61 62 53
internal_count=994 792 773 754 306 41 265 127 65 448 311 137 76 145 94 58 166 129 76 138 38 202 103 46 61 62 53
is_linear=0
shrinkage=0.0352741


Tree=76
num_leaves=25
num_cat=0
split_feature=2 40 23 105 10 81 81 81 87 11 77 37 105 108 104 77 0 19 10 104 38 36 104 104
split_gain=6.99543 1.43435 1.48479 1.48799 1.23534 1.30195 1.18859 1.20917 1.2272 1.13508 1.12335 1.62824 1.58639 1.69332 0.870531 0.746672 0.673326 0.715945 0.664646 0.627759 0.586713 0.554984 0.538968 0.544501
threshold=10.500000000000002 -0.14999999999999999 -0.60355339059327395 0.98869580261886758 64.256014770060503 74.250000000000014 106.93750000000001 113.43750000000001 1.0000000180025095e-35 4.4500000000000011 872.00000000000011 1.0000000180025095e-35 0.92842603963848103 37.017599049654514 933.09523809523819 532.50000000000011 94.500000000000014 32.500000000000007 47.726755955292262 822.88095238095252 10.750000000000002 7.1500000000000012 881.78571428571433 939.2380952380953
decision_type=2 2 2 2 2 2 2 2 2 2 2 2 2 2 2 2 2 2 2 2 2 2 2 2
left_child=16 -2 4 10 5 -3 9 -8 14 -5 12 -12 13 15 -9 -4 19 -18 -11 -1 -14 -7 -10 -24
right_child=1 2 3 6 -6 21 7 8 22 18 11 -13 20 -15 -16 -17 17 -19 -20 -21 -22 -23 23 -25
leaf_value=-0.32619519661458718 -0.26944179853162065 0.016099447654563798 0.014562202363033114 -0.20272142310531657 0.47220838731848913 -0.069282644863998349 0.14281947704060155 -0.0053289488650211684 -0.052573491280150673 0.14001043101245172 -0.033426029763064712 0.18048241206495097 0.34378311055380328 -0.20264952020918314 0.25988283798578826 0.12951180617348493 0.044076639670858175 -0.33472112876736326 -0.0645255849165767 -0.30750445226237449 0.50933711114713387 -0.12134980212313362 0.25147178831864136 -0.036605183482551228
leaf_weight=70 56 29 24 31 20 20 22 35 27 19 64 25 24 19 23 24 22 19 67 117 19 117 22 62
leaf_count=70 56 29 24 31 20 20 22 35 27 19 64 25 24 19 23 24 22 19 67 117 19 117 22 62
internal_value=-0.00238636 -0.000739332 -0.000300288 0.000688703 -0.00299545 -0.00399347 -0.000847332 0.000867732 -0.000146055 -0.00364616 0.00306563 0.000118822 0.00544852 0.00205145 0.00400985 0.00557818 -0.00779541 -0.00369414 -0.00155755 -0.00869316 0.0107315 -0.00543038 -0.00231859 -0.000923194
internal_weight=977 749 693 507 186 166 308 191 169 117 199 89 110 67 58 48 228 41 86 187 43 137 111 84
internal_count=977 749 693 507 186 166 308 191 169 117 199 89 110 67 58 48 228 41 86 187 43 137 111 84
is_linear=0
shrinkage=0.0352741


Tree=77
num_leaves=24
num_cat=0
split_feature=14 11 11 8 23 0 19 76 108 38 38 109 109 76 76 38 108 8 76 41 41 19 38
split_gain=7.64374 1.46378 1.11546 1.46943 1.38182 2.06555 1.55049 1.27394 1.42768 1.83196 1.66201 1.53248 1.05898 1.60944 1.28121 1.08792 0.922971 0.739851 0.692682 0.605581 0.774494 0.539849 0.512122
threshold=5.5000000000000009 8.7895833333333346 4.2375000000000016 41.770833333333336 -0.60355339059327395 52.500000000000007 37.500000000000007 205.50000000000003 47.589676672781259 14.950000000000001 17.350000000000005 3.5480204317956336 4.2373416875910523 512.50000000000011 384.50000000000006 7.5500000000000007 24.104741359946239 75.750000000000014 130.00000000000003 13.850000000000001 21.800000000000004 13.500000000000002 18.350000000000005
decision_type=2 2 2 2 2 2 2 2 2 2 2 2 2 2 2 2 2 2 2 2 2 2 2
left_child=1 2 16 -4 5 -5 21 18 9 12 -11 -12 13 14 -9 -15 -1 -2 -6 -18 -21 -7 -10
right_child=17 -3 3 4 7 6 -8 8 22 10 11 -13 -14 15 -16 -17 19 -19 -20 20 -22 -23 -24
leaf_value=0.04852802504992107 -0.31759419625543156 0.93188119956610749 0.19248413422288471 -0.45121019349026864 -0.0095858844479169113 0.094700399482276973 -0.10476841202413321 -0.047417527993721391 -0.012262956794490689 0.50078799076707958 -0.19485979475374435 0.056973949268428761 0.5501653443674237 -0.0041001669987015378 0.15784854244256075 -0.043036067544651932 -0.032614974412269918 -0.2848761853410175 -0.3067234939390816 -0.33140460686350376 -0.097067573931498174 -0.0062031550585419874 -0.34138974776088704
leaf_weight=26 166 20 29 38 25 28 27 38 35 51 29 67 28 25 21 48 33 36 24 27 105 39 19
leaf_count=26 166 20 29 38 25 28 27 38 35 51 29 67 28 25 21 48 33 36 24 27 105 39 19
internal_value=-0.00219374 -0.000613416 -0.000860955 -8.03009e-05 -0.000494565 -0.00363267 -0.000825044 0.000516131 0.00124074 0.00217118 0.00501314 0.00227671 -0.000440763 -0.00176291 0.00256824 -0.00526268 -0.00319399 -0.00830968 -0.00481737 -0.00416726 -0.00523532 0.00205145 -0.00404555
internal_weight=984 782 762 571 542 132 94 410 361 307 147 96 160 132 59 73 191 202 49 165 132 67 54
internal_count=984 782 762 571 542 132 94 410 361 307 147 96 160 132 59 73 191 202 49 165 132 67 54
is_linear=0
shrinkage=0.0352741


Tree=78
num_leaves=19
num_cat=0
split_feature=14 108 40 72 0 72 105 72 100 100 100 40 100 9 72 0 0 0
split_gain=8.07023 2.36106 1.59 1.24729 1.53796 1.08714 0.825489 1.1202 0.952065 1.54278 1.50647 0.642049 0.608787 0.584081 0.549905 0.517209 0.66856 1.09832
threshold=5.5000000000000009 57.139361350180685 -2.4499999999999997 15.500000000000002 52.500000000000007 12.500000000000002 1.1127603268512027 3.5000000000000004 899.68888888888898 891.62222222222238 939.66111111111115 9.3500000000000032 954.60555555555572 35.217261904761912 1.5000000000000002 133.50000000000003 50.500000000000007 42.500000000000007
decision_type=2 2 2 2 2 2 2 2 2 2 2 2 2 2 2 2 2 2
left_child=1 2 -1 5 -5 6 8 14 9 15 13 -6 -12 -10 -8 16 17 -4
right_child=-2 -3 3 4 11 -7 7 -9 10 -11 12 -13 -14 -15 -16 -17 -18 -19
leaf_value=-0.85028913270493456 -0.30410548135642473 0.65977144731750237 0.0078225489958848836 -0.019609644701213312 0.029893660500128053 -0.12299942482999694 -0.066734748287800044 -0.16170275771926551 -0.028843549094727774 0.18312436374927277 0.17948195149309243 0.3908525135991171 -0.42451617163375094 -0.52914239289910414 0.012167813030536387 -0.08173107898851184 0.053781774938274463 -0.39283120375653285
leaf_weight=20 197 21 88 44 30 67 40 51 37 22 47 26 24 32 24 31 141 19
leaf_count=20 197 21 88 44 30 67 40 51 37 22 47 26 24 32 24 31 141 19
internal_value=-0.0020664 -0.000424734 -0.000754796 -0.000482967 0.00317279 -0.00107001 -0.000558236 -0.00321902 0.000135959 0.00125368 -0.00226666 0.00704736 0.00134029 -0.00597613 -0.00011013 0.000543535 0.00108072 -0.00102139
internal_weight=961 764 743 723 100 623 556 115 441 301 140 56 71 69 64 279 248 107
internal_count=961 764 743 723 100 623 556 115 441 301 140 56 71 69 64 279 248 107
is_linear=0
shrinkage=0.0352741


Tree=79
num_leaves=23
num_cat=0
split_feature=14 2 9 2 9 12 38 38 11 108 108 101 40 108 41 40 41 40 13 38 76 76
split_gain=7.54406 1.29344 1.62486 2.17164 1.83287 1.66343 2.46795 1.36479 1.32329 1.60501 1.18673 1.3765 1.10507 1.03186 1.00883 0.711038 0.921335 0.694955 0.628715 0.755265 0.528286 0.749752
threshold=5.5000000000000009 161.50000000000003 39.877976190476197 81.500000000000014 35.452380952380956 3.2080357142857152 7.5500000000000007 18.650000000000002 5.2437500000000012 41.821669506305348 35.325575232766724 0.8638553384725044 11.450000000000001 43.614843349752441 22.500000000000004 11.050000000000002 12.800000000000002 2.7500000000000004 1.0000000180025095e-35 17.150000000000002 991.50000000000011 631.00000000000011
decision_type=2 2 2 2 2 2 2 2 2 2 2 2 2 2 2 2 2 2 2 2 2 2
left_child=1 2 4 12 5 10 -7 -8 -3 -10 11 -1 -4 -5 15 -6 -17 -12 19 -2 21 -11
right_child=18 8 3 13 14 6 7 -9 9 20 17 -13 -14 -15 -16 16 -18 -19 -20 -21 -22 -23
leaf_value=0.17411213545898491 -0.29437857628983916 -0.0057660842819854995 0.056017937464250635 0.018543542331151342 -0.20045815516227683 0.50556881658946784 -0.029104727257812869 0.4602898354492469 0.52295411118158242 0.18375511824066762 -0.013864178507203872 -0.0099147910110019954 0.44323774337914523 -0.091562384825367743 -0.1485902157769001 -0.063015344161179085 0.16708233359501337 -0.10430514299637707 -0.29108772900209268 -0.30626188392742071 0.52254622814398621 -0.23782479943013607
leaf_weight=20 59 33 27 24 21 19 32 19 22 29 22 169 21 69 106 21 37 70 103 40 22 19
leaf_count=20 59 33 27 24 21 19 32 19 22 29 22 169 21 69 106 21 37 70 103 40 22 19
internal_value=-0.001869 -0.000334244 -0.000942992 0.00242564 -0.00182931 -0.000331581 0.0045314 0.000483592 0.00296162 0.00513444 -0.0015437 5.59726e-05 0.00851406 -0.000720195 -0.00466994 -0.00165084 0.000364531 -0.00482791 -0.00796053 -0.00594672 0.00251745 0.000440382
internal_weight=1004 802 677 141 536 351 70 51 125 92 281 189 48 93 185 79 58 92 202 99 70 48
internal_count=1004 802 677 141 536 351 70 51 125 92 281 189 48 93 185 79 58 92 202 99 70 48
is_linear=0
shrinkage=0.0352741


Tree=80
num_leaves=25
num_cat=0
split_feature=18 13 12 72 108 19 2 12 13 19 100 100 77 2 2 41 1 100 100 2 0 100 2 0
split_gain=7.01352 1.34474 2.14644 1.5089 0.989126 1.5086 1.09817 1.70259 1.12226 0.93657 1.14817 1.11555 0.977987 0.860649 1.10291 0.710732 0.913678 0.65954 0.98985 0.59467 0.587103 0.562181 0.503673 0.497362
threshold=1.0000000180025095e-35 21.500000000000004 4.3244047619047628 -2.4999999999999996 53.055826192564965 43.500000000000007 95.500000000000014 3.414285714285715 22.500000000000004 12.500000000000002 868.93333333333351 823.43333333333351 1284.5000000000002 103.50000000000001 123.50000000000001 29.700000000000003 21.500000000000004 852.20000000000016 944.51666666666677 158.50000000000003 48.500000000000007 908.9000000000002 123.50000000000001 87.500000000000014
decision_type=2 2 2 2 2 2 2 2 2 2 2 2 2 2 2 2 2 2 2 2 2 2 2 2
left_child=15 2 9 -3 5 6 7 -5 13 10 12 -11 20 -8 -15 16 -1 -13 21 22 -2 -19 -10 -7
right_child=1 3 -4 4 -6 23 8 -9 19 11 -12 17 -14 14 -16 -17 -18 18 -20 -21 -22 -23 -24 -25
leaf_value=-0.28311057921413607 -0.18250972898399823 -0.29360229665545862 0.44699897111629538 0.0035959301288989195 -0.29157891336091873 0.41596709401892507 -0.082423994708075113 0.27099164060780334 -0.018424342281004452 -0.22478617904028872 -0.46046616826232356 0.01143966893496225 0.13926944801944013 0.41076449729823972 0.0032650114479090284 -0.28337362342844863 -0.26197242620076289 -0.091859054281485789 0.019166530095399734 0.098096509108388408 0.024601587553620213 -0.354301291562714 -0.39345079312766823 0.3193457951097694
leaf_weight=43 27 24 30 59 26 20 19 33 33 59 21 27 20 31 77 94 55 84 38 27 31 37 31 21
leaf_count=43 27 24 30 59 26 20 19 33 33 59 21 27 20 31 77 94 55 84 38 27 31 37 31 21
internal_value=-0.00197333 -0.000477871 -0.00199918 0.000941089 0.00148745 0.00197944 0.00113766 0.00436811 -0.00022647 -0.00278863 0.000106827 -0.00395838 0.00207869 0.00191557 0.00313376 -0.00800769 -0.00589944 -0.00261628 -0.00348174 -0.00321521 -0.000243021 -0.00504085 -0.00506596 0.00833329
internal_weight=967 775 374 401 377 351 310 92 218 344 99 245 78 127 108 192 98 186 159 91 58 121 64 41
internal_count=967 775 374 401 377 351 310 92 218 344 99 245 78 127 108 192 98 186 159 91 58 121 64 41
is_linear=0
shrinkage=0.0352741


Tree=81
num_leaves=26
num_cat=0
split_feature=14 11 8 11 19 77 40 41 19 41 77 77 0 0 106 41 0 1 41 9 40 1 40 40 104
split_gain=7.11918 1.9089 1.47749 1.50003 1.29856 1.21573 1.68911 1.45794 1.22296 1.19324 1.02718 1.00417 1.53749 1.54844 1.55029 0.983003 0.905261 0.844139 1.26206 0.767967 0.762956 0.605149 0.533463 1.07615 0.479296
threshold=5.5000000000000009 8.6958333333333346 75.375000000000014 6.9416666666666673 44.500000000000007 1361.0000000000002 -1.2499999999999998 24.650000000000002 41.500000000000007 19.600000000000005 1863.0000000000002 915.50000000000011 41.500000000000007 70.500000000000014 64.566666666666677 28.250000000000004 63.500000000000007 21.500000000000004 33.650000000000006 36.714285714285715 4.5500000000000007 54.500000000000007 3.3500000000000001 8.6500000000000004 928.45238095238108
decision_type=2 2 2 2 2 2 2 2 2 2 2 2 2 2 2 2 2 2 2 2 2 2 2 2 2
left_child=1 2 3 4 5 6 -1 9 11 -7 -9 12 -8 15 -15 -14 -12 -2 21 -5 -13 -19 -6 -24 -16
right_child=17 -3 -4 19 22 7 8 10 -10 -11 16 20 13 14 24 -17 -18 18 -20 -21 -22 -23 23 -25 -26
leaf_value=-0.50702263763051802 -0.27312410960628025 0.96841615358066291 -0.10028775142828179 0.31261493294820003 -0.010270940712775909 0.11349175354206742 -0.06284478923417447 0.14461541767191669 -0.45435839194264827 -0.47012679707535704 0.12169305005218438 0.0020268341102858013 0.081989057128677059 0.44848534850774224 -0.063081103219815915 0.0055883456365938946 -0.011380020236773774 0.014656595892618274 -0.28616284294217004 0.4272488179846281 -0.1838750350407766 -0.26993123844253247 0.2686912602755494 -0.0049664052960148378 -0.0005604349945597494
leaf_weight=26 91 20 35 20 21 28 143 31 30 22 27 21 47 23 62 36 27 26 39 19 55 40 24 22 52
leaf_count=26 91 20 35 20 21 28 143 31 30 22 27 21 47 23 62 36 27 26 39 19 55 40 24 22 52
internal_value=-0.00168319 -0.000191742 -0.0004712 -0.000134185 -0.000511102 -0.00100774 -0.00181693 0.00195881 -0.00133107 -0.00281859 0.00476905 -0.00085964 -8.74425e-05 0.00176323 -0.000540464 0.00556338 0.00182702 -0.00770038 -0.00553995 0.00659257 -0.00454496 -0.00256309 0.00415551 0.0062799 -0.00222668
internal_weight=987 791 771 736 697 630 495 135 469 50 85 439 363 220 137 83 54 196 105 39 76 66 67 46 114
internal_count=987 791 771 736 697 630 495 135 469 50 85 439 363 220 137 83 54 196 105 39 76 66 67 46 114
is_linear=0
shrinkage=0.0352741


Tree=82
num_leaves=27
num_cat=0
split_feature=14 11 10 9 38 38 38 38 9 23 77 41 77 0 108 8 13 77 38 38 41 1 36 12 108 12
split_gain=8.20102 2.58456 1.36656 2.00714 1.23718 1.69855 1.87613 1.50715 2.10945 1.14279 1.03534 1.52374 0.994286 0.94541 0.911434 0.884619 1.3338 0.987029 0.773624 0.760678 0.700091 0.661927 0.634411 0.606815 0.58181 0.531939
threshold=5.5000000000000009 4.0979166666666673 85.160639083953328 45.449404761904766 7.5500000000000007 14.550000000000002 18.450000000000003 5.6500000000000012 35.580357142857146 -0.60355339059327395 759.50000000000011 21.800000000000004 581.50000000000011 51.500000000000007 34.529389297895541 70.520833333333357 21.500000000000004 1109.0000000000002 16.250000000000004 5.9500000000000011 40.150000000000006 11.500000000000002 14.750000000000002 3.523511904761905 38.427694770424019 3.1386904761904768
decision_type=2 2 2 2 2 2 2 2 2 2 2 2 2 2 2 2 2 2 2 2 2 2 2 2 2 2
left_child=1 13 3 4 7 10 9 21 -9 -7 11 12 -6 19 -11 16 20 -18 -15 -1 -8 -3 -2 25 -22 -12
right_child=22 2 -4 -5 5 6 15 8 -10 14 23 -13 -14 18 -16 -17 17 -19 -20 -21 24 -23 -24 -25 -26 -27
leaf_value=-0.0046516908253184872 -0.26396119162918896 -0.1055430167044157 0.87217359586308474 -0.14197451044263809 -0.051896259963869089 -0.0046327309095931333 -0.095735646243448963 0.54290596646220846 0.12317250272674665 0.70027247372522594 -0.035235530688282335 -0.20944357807214956 0.25510867142198862 -0.49829128126928224 0.11709216731484917 -0.44067057968307555 0.40656879066263368 -0.03802855814139372 0.016762562051814606 -0.27408753200111902 -0.17240316267615011 0.26305460347944593 -0.27989441498740436 -0.0062602502385251495 0.022639501541398637 -0.34037752699407281
leaf_weight=20 173 19 19 42 31 29 25 20 27 22 39 31 23 20 63 22 34 23 24 94 22 36 24 29 19 29
leaf_count=20 173 19 19 42 31 29 25 20 27 22 39 31 23 20 63 22 34 23 24 94 22 36 24 29 19 29
internal_value=-0.00219576 -0.00053694 0.000513876 0.00021102 0.000785948 -2.39931e-05 0.00181096 0.00428573 0.00891985 0.00519559 -0.00263501 0.000207349 0.00378455 -0.00455267 0.00725725 -0.000851096 0.000315307 0.00426559 -0.000160121 -0.00624708 -0.00309706 0.000320328 -0.00861002 -0.00512434 -0.000257731 -0.00694502
internal_weight=959 762 604 585 543 441 259 102 47 114 182 85 54 158 85 145 123 57 44 114 66 55 197 97 41 68
internal_count=959 762 604 585 543 441 259 102 47 114 182 85 54 158 85 145 123 57 44 114 66 55 197 97 41 68
is_linear=0
shrinkage=0.0352741


Tree=83
num_leaves=22
num_cat=0
split_feature=14 108 106 23 23 9 40 36 40 0 81 81 11 11 36 81 41 23 36 11 12
split_gain=7.05102 1.56166 1.22035 1.26948 1.65909 1.9615 3.31848 1.65589 1.35674 1.28944 1.55599 1.24981 1.24653 1.27477 1.14587 0.729987 0.611164 0.802064 0.593928 0.574992 0.478703
threshold=5.5000000000000009 60.441076583326542 96.064285714285731 -0.60355339059327395 -0.37940952255126098 35.514880952380956 3.7500000000000004 13.850000000000003 9.6500000000000004 45.500000000000007 77.437500000000014 123.06250000000001 5.0604166666666677 5.6645833333333337 14.750000000000002 10.187500000000002 38.70000000000001 -0.37940952255126098 6.0500000000000007 5.0937500000000009 3.8199404761904767
decision_type=2 2 2 2 2 2 2 2 2 2 2 2 2 2 2 2 2 2 2 2 2
left_child=1 2 3 9 5 6 -5 11 -8 -1 -11 15 -12 -14 18 -6 17 -4 -2 -7 -9
right_child=14 -3 16 4 7 19 8 20 -10 10 12 -13 13 -15 -16 -17 -18 -19 -20 -21 -22
leaf_value=-0.53431064937168748 -0.25422468761009892 0.67869646220768187 0.0067819607099540808 -0.010452774216082837 0.07370374319673352 -0.063538589424100372 0.49280119579123632 0.10632298565971907 0.21449994445352819 0.061374728518125164 -0.30814969101122608 -0.19674320491767341 0.1499990422418355 -0.066438927569461029 -0.078293060805858655 -0.029494392082644091 -0.44777770019286151 -0.23878481225932741 -0.25485740621881059 0.033499834090688761 0.53763435020521488
leaf_weight=41 25 19 25 36 19 24 31 49 21 32 28 58 20 58 19 194 25 27 150 60 22
leaf_count=41 25 19 25 36 19 24 31 49 21 32 28 58 20 58 19 194 25 27 150 60 22
internal_value=-0.00164698 -0.000165405 -0.000412263 5.59854e-05 0.000946938 0.00377221 0.00745064 -0.000474365 0.013145 -0.00250186 -0.000868699 -0.00173079 -0.00292678 -0.000632644 -0.00767068 -0.000480124 -0.0046233 -0.00243927 -0.00856367 -8.3927e-05 0.00431871
internal_weight=983 789 770 693 514 172 88 342 52 179 138 271 106 78 194 213 77 52 175 84 71
internal_count=983 789 770 693 514 172 88 342 52 179 138 271 106 78 194 213 77 52 175 84 71
is_linear=0
shrinkage=0.0352741


Tree=84
num_leaves=25
num_cat=0
split_feature=18 10 1 1 72 81 81 81 13 36 109 23 72 72 72 81 81 40 40 19 1 19 77 109
split_gain=7.02121 2.30529 1.22878 2.21998 1.34916 1.05282 1.21365 0.969163 1.28084 0.882055 0.874543 0.801144 1.26234 1.62325 1.52532 1.29671 0.948001 0.780702 0.789041 0.729229 0.636917 0.762158 0.561765 0.5184
threshold=1.0000000180025095e-35 75.560268216391876 38.500000000000007 33.500000000000007 1.5000000000000002 117.50000000000001 90.687500000000014 123.06250000000001 22.500000000000004 8.4500000000000011 3.5735832295521877 -0.60355339059327395 6.5000000000000009 5.5000000000000009 4.5000000000000009 112.81250000000001 90.250000000000014 8.7500000000000018 11.15 7.5000000000000009 21.500000000000004 11.500000000000002 679.50000000000011 4.6268484449766225
decision_type=2 2 2 2 2 2 2 2 2 2 2 2 2 2 2 2 2 2 2 2 2 2 2 2
left_child=20 2 3 4 5 6 -2 17 10 -3 -9 16 13 14 15 22 -6 -4 -19 -14 -1 -22 -13 -12
right_child=1 9 7 -5 11 -7 -8 8 -10 -11 23 12 19 -15 -16 -17 -18 18 -20 -21 21 -23 -24 -25
leaf_value=-0.24482616468796711 -0.17698087740300195 0.2962643030129633 -0.11627400056471725 0.16039539170323475 0.019948706366715932 -0.19570227328186915 0.02828884558444825 -0.052598624143476436 -0.20390056901750542 0.53476821502372873 0.2740758329689047 -0.040882154464677106 -0.1540243397850532 0.13241276751043152 -0.24684258385370045 0.25032455380257707 -0.34193827911587699 0.033810746086254437 -0.074614780229442249 0.0025829750215896532 -0.065665390910296703 -0.258567190216554 0.1168073798435575 -0.014034898351873631
leaf_weight=95 38 19 79 44 24 31 33 20 19 21 52 30 25 23 23 33 22 19 45 127 19 85 20 26
leaf_count=95 38 19 79 44 24 31 33 20 19 21 52 30 25 23 23 33 22 19 45 127 19 85 20 26
internal_value=-0.00183617 -0.000314842 -0.000765093 0.00030572 -0.000468612 -0.00400923 -0.00163813 -0.00271277 -0.000331469 0.00792493 0.001295 0.000636328 0.00134289 0.00390843 0.00206205 0.00428933 -0.00367604 -0.00466017 -0.00176207 -0.000835114 -0.00774381 -0.00583047 0.000704646 0.00298246
internal_weight=972 773 733 473 429 102 71 260 117 40 98 327 281 129 106 83 46 143 64 152 199 104 50 78
internal_count=972 773 733 473 429 102 71 260 117 40 98 327 281 129 106 83 46 143 64 152 199 104 50 78
is_linear=0
shrinkage=0.0352741


Tree=85
num_leaves=28
num_cat=0
split_feature=2 12 9 77 23 23 19 12 10 77 10 3 9 9 9 77 3 81 40 36 9 77 77 9 77 77 0
split_gain=6.24476 1.21297 1.54627 1.74977 1.63235 1.43187 1.42987 1.36373 1.29076 1.19474 1.04544 1.00136 1.13712 1.0938 1.60204 1.15897 0.987505 0.893709 1.4593 1.64451 0.880026 0.879741 0.790889 0.773512 0.751924 0.68436 0.586124
threshold=22.500000000000004 2.7991071428571432 35.380952380952387 689.50000000000011 -0.60355339059327395 -0.37940952255126098 8.5000000000000018 3.3324404761904765 49.852208127667915 234.00000000000003 50.895842428730127 153.50000000000003 37.773809523809533 39.877976190476197 41.312500000000007 839.00000000000011 86.500000000000014 1.1875000000000002 13.250000000000002 5.9500000000000011 23.398809523809529 657.50000000000011 1053.0000000000002 36.479166666666671 857.00000000000011 464.50000000000006 82.500000000000014
decision_type=2 2 2 2 2 2 2 2 2 2 2 2 2 2 2 2 2 2 2 2 2 2 2 2 2 2 2
left_child=17 6 3 16 26 22 10 -4 -7 -9 20 13 -13 23 -15 21 -3 -1 19 -19 -2 25 -6 -11 -14 -16 -5
right_child=1 2 7 4 5 8 -8 9 -10 11 -12 12 24 14 15 -17 -18 18 -20 -21 -22 -23 -24 -25 -26 -27 -28
leaf_value=-0.22167369827628014 0.080713005333175269 0.41571068582497273 -0.5547138074957414 -0.32485638923193133 0.16395818741015655 0.044808032947969825 -0.36959860991851889 -0.33357377881754591 -0.047013386504279352 0.0044927661796560795 0.26542848361452914 0.30499193038739453 -0.020898673943373049 0.33465590737921669 0.33550047106766956 -0.15246761447051263 0.062307779625260233 0.036728079147160017 0.19594617238216369 -0.25617665144602114 -0.062887429062123995 0.29158015358800055 0.68326392964191718 -0.075958881195576616 0.13674240343337743 -0.2300797306903907 0.01020162397600192
leaf_weight=114 22 27 24 32 26 19 47 20 29 24 21 22 41 20 19 31 32 26 19 96 30 23 27 118 26 24 19
leaf_count=114 22 27 24 32 26 19 47 20 29 24 21 22 41 20 19 31 32 26 19 96 30 23 27 118 26 24 19
internal_value=-0.00196196 -0.000287829 0.0003568 0.00279105 0.000788718 0.00338572 -0.00352567 -0.000953697 -0.00102756 -0.000421688 -0.000434534 6.08066e-05 0.00328742 -0.00104845 0.00147654 -0.000399772 0.00794364 -0.00670744 -0.00482627 -0.00624222 -0.00311685 0.0022427 0.00737934 -0.00312865 0.000999426 -0.000737279 -0.00435233
internal_weight=978 723 603 211 152 101 120 392 48 368 73 348 89 259 117 97 59 255 141 122 52 66 53 142 67 43 51
internal_count=978 723 603 211 152 101 120 392 48 368 73 348 89 259 117 97 59 255 141 122 52 66 53 142 67 43 51
is_linear=0
shrinkage=0.0352741


Tree=86
num_leaves=28
num_cat=0
split_feature=14 11 104 1 8 77 10 23 3 1 10 1 38 1 10 10 2 0 36 36 38 38 8 10 3 3 3
split_gain=6.50108 2.10572 1.80715 1.90482 1.77261 1.50927 1.42862 2.01546 1.77064 1.30151 1.1718 1.026 1.26251 1.1983 0.857926 1.13777 1.1057 1.02312 0.756809 1.20783 0.751554 1.28705 0.99701 0.685615 0.683223 0.555678 0.544827
threshold=5.5000000000000009 5.3291666666666675 976.38095238095252 55.500000000000007 54.937500000000007 2400.5000000000005 47.384393997634355 -0.60355339059327395 93.500000000000014 122.50000000000001 44.34070632164363 29.500000000000004 17.250000000000004 54.500000000000007 52.23701165382807 56.144273504714654 114.50000000000001 88.500000000000014 15.850000000000003 13.750000000000002 13.250000000000002 9.1500000000000004 64.583333333333357 53.096272278410993 115.50000000000001 65.500000000000014 68.500000000000014
decision_type=2 2 2 2 2 2 2 2 2 2 2 2 2 2 2 2 2 2 2 2 2 2 2 2 2 2 2
left_child=1 2 3 6 -3 9 7 26 10 14 -9 -2 13 -13 17 16 -16 -6 19 20 21 -17 -22 -8 25 -4 -1
right_child=11 4 24 -5 5 -7 23 8 -10 -11 -12 12 -14 -15 15 18 -18 -19 -20 -21 22 -23 -24 -25 -26 -27 -28
leaf_value=-0.0017857997873291513 -0.22899064032325545 0.38210077567038631 -0.22471961209979957 -0.27211270721609282 -0.25795116633064302 -0.14507807040528153 -0.15280794011639465 -0.036860440642618779 0.14744723307672813 0.60114387663336477 0.142963940307583 0.21353377322413733 -0.23816130535934915 -0.23138448723893493 0.34902564419845411 0.43951953555461881 0.13501079394492455 0.080272406792755144 -0.18980317197967725 0.40019227562054022 0.36533763454383367 -0.4529804327650942 -0.010311254428725143 0.053074634849476984 -0.39678203622212038 0.0077245832229078286 -0.36623372416507566
leaf_weight=23 97 35 20 34 21 23 59 89 81 20 26 19 45 32 21 24 30 19 29 21 24 23 45 20 47 21 37
leaf_count=23 97 35 20 34 21 23 59 89 81 20 26 19 45 32 21 24 30 19 29 21 24 23 45 20 47 21 37
internal_value=-0.00148608 -7.12559e-05 -0.00162842 -0.000544797 0.0020529 0.00117557 0.000263192 0.00154288 0.00327446 0.00189701 0.000459859 -0.00729018 -0.00470031 -0.0008981 0.00122127 0.00209637 0.00670121 -0.00352219 0.000679739 0.00177581 0.000364718 -0.00307323 0.00270713 -0.0038817 -0.00616881 -0.00283504 -0.00411125
internal_weight=985 792 457 369 335 300 335 256 196 277 115 193 96 51 257 217 51 40 166 137 116 47 69 79 88 41 60
internal_count=985 792 457 369 335 300 335 256 196 277 115 193 96 51 257 217 51 40 166 137 116 47 69 79 88 41 60
is_linear=0
shrinkage=0.0352741


Tree=87
num_leaves=26
num_cat=0
split_feature=14 11 1 106 92 24 13 12 10 12 0 36 101 10 0 10 12 12 10 10 36 0 0 8 10
split_gain=6.43008 1.41006 1.04726 0.996727 1.02123 1.05106 1.34722 1.58163 1.67684 1.4677 1.08147 1.00572 0.994001 0.954575 0.845342 2.0088 1.50749 1.98297 0.925642 0.716789 0.628991 0.606231 0.625177 0.53064 0.498347
threshold=5.5000000000000009 8.7895833333333346 31.500000000000004 96.064285714285731 1.0000000180025095e-35 0.78656609248549303 22.500000000000004 3.414285714285715 46.175256006037614 3.5622023809523817 57.500000000000007 6.9500000000000011 0.99039854561819574 39.66719404440434 40.500000000000007 53.728104713322736 3.3875000000000006 3.2187500000000004 60.300927965842241 51.624127340280722 12.65 21.500000000000004 64.500000000000014 62.020833333333336 46.073114544551139
decision_type=2 2 2 2 2 2 2 2 2 2 2 2 2 2 2 2 2 2 2 2 2 2 2 2 2
left_child=1 3 -2 4 5 10 14 8 13 -9 -1 -12 -4 -8 15 -7 17 -16 19 24 -13 -5 -23 -10 -18
right_child=2 -3 12 21 -6 6 7 9 23 -11 11 20 -14 -15 16 -17 18 -19 -20 -21 -22 22 -24 -25 -26
leaf_value=-0.30557482713749995 -0.22029336625665305 0.76054908417910305 0.025504753696188747 -0.39793064616984969 -0.3178899488073898 -0.054482029663679363 -0.23030110997239459 0.19793560401993252 -0.039670402021828692 -0.016357437625827378 0.39689175803159271 -0.2251667085214456 -0.22935175615395303 0.22392731274949765 0.091947920654499748 0.12151123448552177 0.0063957981996305745 0.51948772183627645 -0.059991734195276897 0.39375316017814638 0.0093723752726577649 0.011502061745856187 -0.086957118436107511 -0.028811759489464017 -0.031034181352259146
leaf_weight=67 107 20 19 24 33 92 19 20 40 44 20 34 72 24 86 21 24 32 23 29 39 22 34 20 19
leaf_count=67 107 20 19 24 33 92 19 20 40 44 20 34 72 24 86 21 24 32 23 29 39 22 34 20 19
internal_value=-0.00187114 -0.000439771 -0.00755138 -0.000681484 -0.000246795 5.94145e-05 0.000865649 -0.00171029 -0.00441528 0.00264311 -0.0024242 3.79044e-05 -0.00476471 0.000901118 0.0021853 -0.000280797 0.00349332 0.00615493 0.000185537 0.00215387 -0.00188298 -0.004406 -0.00239107 -0.0082225 -0.000737279
internal_weight=984 786 198 766 686 653 493 167 103 64 160 93 91 43 326 113 213 118 95 72 73 80 56 60 43
internal_count=984 786 198 766 686 653 493 167 103 64 160 93 91 43 326 113 213 118 95 72 73 80 56 60 43
is_linear=0
shrinkage=0.0352741


Tree=88
num_leaves=20
num_cat=0
split_feature=14 19 37 81 78 0 78 78 81 1 1 78 10 10 81 38 38 81 81
split_gain=6.83421 1.85281 1.83998 1.19894 1.289 1.08933 1.36524 2.00192 1.36652 1.06173 1.4908 0.919729 0.752995 1.86795 0.973459 0.744697 0.988305 0.687542 0.493199
threshold=5.5000000000000009 3.5000000000000004 1.0000000180025095e-35 92.062500000000014 1159.5000000000002 46.500000000000007 1068.5500000000002 947.50000000000011 119.68750000000001 29.500000000000004 54.500000000000007 1116.4500000000003 46.744138555470492 44.34070632164363 77.437500000000014 7.6500000000000012 11.250000000000002 26.312500000000004 128.43750000000003
decision_type=2 2 2 2 2 2 2 2 2 2 2 2 2 2 2 2 2 2 2
left_child=1 -1 5 -4 -5 12 7 -7 -9 -2 -11 -8 13 14 -3 -13 -17 -14 -6
right_child=9 2 3 4 18 6 11 8 -10 10 -12 15 17 -15 -16 16 -18 -19 -20
leaf_value=-0.21317809414530112 -0.21266787037527912 -0.24861139722894657 0.098985872660708671 -0.12546113182806184 0.01036704380409598 -0.018451164215629076 -0.19430390981228976 0.25914448338154089 0.31916720068126558 0.035500163625198165 -0.22470742505872571 0.078433346700155684 -0.012659446473478917 0.26053652613512412 -0.0044341147412193787 -0.063064132925886876 0.001305952295602612 -0.20338036205185483 0.61781886361001115
leaf_weight=49 109 36 35 25 39 37 23 24 27 28 71 61 36 20 62 49 192 46 24
leaf_count=49 109 36 35 25 39 37 23 24 27 28 71 61 36 20 62 49 192 46 24
internal_value=-0.00184352 -0.000336989 0.00010543 0.00404167 0.00184263 -0.0006847 0.000350128 0.00424607 0.00877375 -0.00752752 -0.00487844 -0.000705354 -0.00282109 -0.00101586 -0.00302167 -0.000186846 -0.00106821 -0.00541625 0.00453098
internal_weight=993 785 736 123 88 613 413 88 51 208 99 325 200 118 98 302 241 82 63
internal_count=993 785 736 123 88 613 413 88 51 208 99 325 200 118 98 302 241 82 63
is_linear=0
shrinkage=0.0352741


Tree=89
num_leaves=25
num_cat=0
split_feature=14 11 1 1 8 11 10 40 8 23 36 104 104 23 36 36 36 104 36 104 104 36 36 36
split_gain=5.26994 1.4238 1.17458 1.31455 1.07478 1.87634 1.09939 0.778137 0.935948 0.904575 1.6791 1.38567 1.05885 0.903577 1.23371 1.23327 1.6998 1.12251 0.920691 0.835032 0.652625 0.521801 0.739949 0.497229
threshold=5.5000000000000009 8.7895833333333346 29.500000000000004 54.500000000000007 77.979166666666671 6.5458333333333334 62.014133021182126 -0.74999999999999989 64.812500000000014 -0.60355339059327395 6.9500000000000011 880.28571428571433 934.61904761904771 -0.37940952255126098 14.750000000000002 14.250000000000002 9.8500000000000032 892.80952380952397 13.350000000000003 852.95238095238108 752.21428571428589 5.8500000000000005 6.9500000000000011 12.15
decision_type=2 2 2 2 2 2 2 2 2 2 2 2 2 2 2 2 2 2 2 2 2 2 2 2
left_child=1 4 -2 -4 5 7 -7 -1 9 10 -9 -12 -13 15 18 16 19 -18 21 20 -11 -15 -23 -24
right_child=2 -3 3 -5 -6 6 -8 8 -10 13 11 12 -14 14 -16 -17 17 -19 -20 -21 -22 22 23 -25
leaf_value=-0.23066936868524857 -0.20410629587112145 0.72676075291943487 0.05818598016299617 -0.21209706762221719 -0.3002834949969847 0.07834209215700555 0.55921661338595119 0.27974014085106946 -0.24381092133327101 -0.0068580545425201639 -0.35310135895341999 0.019429505313675599 -0.054349140952435204 0.035485495424326483 0.20506251738253736 -0.019958664991194829 0.14838133420139321 0.28638973922975358 -0.35040622655443154 -0.024531807443295538 0.35557337724791566 -0.15102787448995253 -0.0071599541371563701 0.0073137255089221545
leaf_weight=38 103 20 27 65 31 37 33 27 29 28 62 19 38 36 38 24 31 24 37 21 19 28 139 27
leaf_count=38 103 20 27 65 31 37 33 27 29 28 62 19 38 36 38 24 31 24 37 21 19 28 139 27
internal_value=-0.00177259 -0.000484646 -0.00696226 -0.00406157 -0.00072753 -0.000455887 0.00503489 -0.00103426 -0.000736917 -0.000436459 -0.00284976 -0.00465149 -0.000680021 0.000343331 -0.000751597 0.00261451 0.00404167 0.00864887 -0.00159821 0.00031097 0.00292331 -0.000766631 -0.00149051 -0.000594773
internal_weight=981 786 195 92 766 735 70 665 627 598 146 119 57 452 305 147 123 55 267 68 47 230 194 166
internal_count=981 786 195 92 766 735 70 665 627 598 146 119 57 452 305 147 123 55 267 68 47 230 194 166
is_linear=0
shrinkage=0.0352741


Tree=90
num_leaves=21
num_cat=0
split_feature=14 11 109 2 104 19 81 1 76 2 104 104 76 76 10 109 11 76 76 11
split_gain=6.67451 1.79128 1.11285 1.17548 1.47036 1.42589 1.59961 1.09834 1.04792 1.26237 1.09062 1.8148 0.884057 0.724809 0.708246 0.643942 0.642323 1.00752 0.558114 0.567019
threshold=5.5000000000000009 8.6958333333333346 5.2331816814198691 168.50000000000003 834.52380952380963 47.500000000000007 129.25000000000003 29.500000000000004 697.50000000000011 124.50000000000001 686.11904761904771 750.38095238095252 1043.5000000000002 542.50000000000011 54.248612343521742 4.7876240173555873 4.460416666666668 821.50000000000011 757.50000000000011 5.9854166666666675
decision_type=2 2 2 2 2 2 2 2 2 2 2 2 2 2 2 2 2 2 2 2
left_child=1 2 3 5 -5 6 8 -2 9 13 -10 -12 16 -1 -6 -9 -13 -18 -8 -20
right_child=7 -3 -4 4 14 -7 18 15 10 -11 11 12 -14 -15 -16 -17 17 -19 19 -21
leaf_value=0.0023507755612863085 -0.19819542681586155 0.78501624942599768 -0.13328651220925369 0.42321483360335099 -0.036814271040809088 0.26438302278020825 -0.11311340066024046 -0.21426902478781829 0.13597089004847304 -0.21344152379268347 -0.56973779979420414 -0.0027757508116741194 -0.0080574753633857518 -0.033489032754093123 0.08905109908040483 -0.053802178467006009 0.036749147968663132 0.49418898998964544 -0.060936837352472129 0.024359051924363332
leaf_weight=212 96 21 21 23 33 21 65 81 24 44 22 23 78 66 28 19 24 19 30 27
leaf_count=212 96 21 21 23 33 21 65 81 24 44 22 23 78 66 28 19 24 19 30 27
internal_value=-0.00206144 -0.000600653 -0.000881784 -0.000653879 0.00327314 -0.00115775 -0.00145756 -0.0078803 -0.000592426 -0.00181814 0.00148476 0.000467321 0.00190989 -0.000938751 0.000404391 -0.00528798 0.00491258 0.00745471 -0.00508625 -0.00253462
internal_weight=977 781 760 739 84 655 634 196 512 322 190 166 144 278 61 100 66 43 122 57
internal_count=977 781 760 739 84 655 634 196 512 322 190 166 144 278 61 100 66 43 122 57
is_linear=0
shrinkage=0.0352741


Tree=91
num_leaves=22
num_cat=0
split_feature=14 21 1 41 0 11 37 11 81 10 10 10 38 77 40 11 81 41 0 81 81
split_gain=6.77154 1.3243 1.12141 0.994051 1.46925 1.08294 0.930938 1.01625 2.3695 0.840736 0.933327 0.971071 0.794883 0.760778 0.686217 0.685167 0.646249 0.623644 0.552848 0.509161 0.619737
threshold=5.5000000000000009 1.0000000180025095e-35 21.500000000000004 15.300000000000002 26.500000000000004 8.7895833333333346 0.95000000000000007 4.7500000000000009 91.687500000000014 61.813812604634627 47.503527418822493 45.796323798140527 7.3500000000000005 1035.0000000000002 10.350000000000003 7.0499999999999998 103.93750000000001 32.600000000000001 86.500000000000014 90.687500000000014 33.812500000000007
decision_type=2 2 2 2 2 2 2 2 2 2 2 2 2 2 2 2 2 2 2 2 2
left_child=1 3 -2 4 -1 6 7 14 -9 10 11 12 -3 18 16 -10 19 -12 -6 20 -5
right_child=2 9 -4 5 13 -7 -8 8 15 -11 17 -13 -14 -15 -16 -17 -18 -19 -20 -21 -22
leaf_value=-0.2278334549068908 -0.19119756682972408 0.013143156333433881 -0.20212594428037634 -0.17237410250973786 0.34890265711637508 0.70938761348266655 0.13879833944743045 0.10309536799131228 -0.0058745061825252031 0.16107402959000006 -0.13908690162055387 0.030898412881939959 -0.094387962381971738 0.064712348870618566 0.018711972460457759 -0.34967332985084998 -0.0014002346908275818 -0.33091052635692442 0.24633451553525923 -0.38825389707327729 -0.0048299758767964386
leaf_weight=25 95 24 107 23 28 19 23 57 166 19 78 19 57 19 32 27 52 26 19 23 40
leaf_count=25 95 24 107 23 28 19 23 57 166 19 78 19 57 19 32 27 52 26 19 23 40
internal_value=-0.00203409 -0.000536344 -0.00778596 0.000389057 0.00375754 -0.000274828 -0.000628958 -0.00100769 0.000423188 -0.00283067 -0.00349181 -0.0010576 -0.00274154 0.00651451 -0.00311134 -0.00144342 -0.00419019 -0.00583047 0.00891985 -0.00606625 -0.0044191
internal_weight=978 776 202 553 91 462 443 420 250 223 204 100 81 66 170 193 138 104 47 86 63
internal_count=978 776 202 553 91 462 443 420 250 223 204 100 81 66 170 193 138 104 47 86 63
is_linear=0
shrinkage=0.0352741


Tree=92
num_leaves=23
num_cat=0
split_feature=14 109 1 1 106 76 3 104 76 104 108 76 3 19 104 72 104 104 72 76 104 72
split_gain=5.61372 2.07155 1.07453 0.989282 0.970332 1.22316 1.00106 0.842071 1.18095 1.56218 0.977004 1.55414 0.921042 1.0239 1.08557 0.875703 1.37282 0.582763 0.581655 0.56424 0.529057 0.511088
threshold=5.5000000000000009 5.7555575547084628 21.500000000000004 54.500000000000007 96.064285714285731 2662.5000000000005 168.50000000000003 868.07142857142867 405.50000000000006 689.95238095238108 41.335994549818246 833.00000000000011 158.50000000000003 30.500000000000004 913.07142857142878 2.5000000000000004 933.83333333333337 976.9761904761906 10.500000000000002 205.50000000000003 888.00000000000011 3.5000000000000004
decision_type=2 2 2 2 2 2 2 2 2 2 2 2 2 2 2 2 2 2 2 2 2 2
left_child=1 4 -2 -4 5 7 21 8 19 -10 -11 -12 13 14 20 -15 -17 -16 -18 -1 -9 -6
right_child=2 -3 3 -5 6 -7 -8 12 9 10 11 -13 -14 15 17 16 18 -19 -20 -21 -22 -23
leaf_value=-0.035717346968619598 -0.18154732675169394 0.64841118014266241 -0.11997673301760708 -0.19971923458091539 -0.38752045325677908 0.48208241077776909 0.0059191910569359133 -0.078070653883140051 0.10134216670897615 -0.18987398371305558 -0.11471681323203277 0.22608182565375462 0.05805184545643309 0.13695069947887659 -0.12111524411375298 0.29581839309520536 -0.29192162805774591 -0.0025951843526938194 0.00055725285978211936 0.076627120945785984 0.021330208422476082 -0.063342295369311838
leaf_weight=27 99 20 37 65 27 21 23 31 70 154 26 26 47 39 47 19 27 21 21 66 40 32
leaf_count=27 99 20 37 65 27 21 23 31 70 154 26 26 47 39 47 19 27 21 21 66 40 32
internal_value=-0.00198741 -0.000638845 -0.00724573 -0.00470048 -0.000932568 -0.000496484 -0.00455653 -0.000763048 -0.00188289 -0.0030411 -0.00458774 -0.000406546 0.000652196 -0.000215912 -0.00220686 0.00239464 -5.26015e-05 -0.00539016 -0.00322947 0.0015541 0.000843886 -0.00698801
internal_weight=985 784 201 102 764 682 82 661 369 276 206 52 292 245 139 106 67 68 48 93 71 59
internal_count=985 784 201 102 764 682 82 661 369 276 206 52 292 245 139 106 67 68 48 93 71 59
is_linear=0
shrinkage=0.0352741


Tree=93
num_leaves=20
num_cat=0
split_feature=14 19 60 34 9 1 23 2 12 12 12 9 12 9 77 77 77 77 101
split_gain=5.41524 1.79558 1.95838 1.66525 1.46447 1.12418 1.12251 1.60711 0.966476 0.898539 0.790943 0.745984 0.702821 0.69769 0.628422 1.5895 0.839873 0.621664 0.578812
threshold=5.5000000000000009 4.5000000000000009 0.55000000000000016 1.0000000180025095e-35 39.877976190476197 21.500000000000004 -0.37940952255126098 96.500000000000014 3.414285714285715 3.0125000000000006 3.4110119047619052 42.113095238095248 3.2782738095238098 35.580357142857146 1178.5000000000002 2054.0000000000005 872.00000000000011 689.50000000000011 0.99039854561819574
decision_type=2 2 2 2 2 2 2 2 2 2 2 2 2 2 2 2 2 2 2
left_child=1 -1 3 4 10 -2 14 8 -8 -9 12 -6 -3 -14 16 -16 -5 -11 -7
right_child=5 2 -4 6 11 18 7 9 -10 17 -12 -13 13 -15 15 -17 -18 -19 -20
leaf_value=-0.091244279085648916 -0.17608519042990819 -0.073194784368353277 0.46887990591043599 0.050182366671784065 0.099041146696768029 -0.14161568880542894 0.0020810002655736351 -0.32430168340290677 0.26304492949225022 0.039621459208643885 -0.097107634479513621 -0.00087754274056256367 0.055994423792854207 -0.045421980336518897 0.46608330976649959 -0.010530729588420711 -0.068572571637986204 -0.18933170687901718 -0.18500438403209202
leaf_weight=65 97 136 22 92 29 27 39 25 25 33 72 53 21 26 30 19 29 53 79
leaf_count=65 97 136 22 92 29 27 39 25 25 33 72 53 21 26 30 19 29 53 79
internal_value=-0.00198133 -0.000628372 -0.000110223 -0.000444767 -0.00220817 -0.00710487 0.00127783 -0.000705243 0.0037444 -0.00327144 -0.00352659 0.00189139 -0.00229304 0.00142418 0.00331876 0.00668679 0.00195224 -0.00155755 -0.00458972
internal_weight=972 769 704 682 337 203 345 175 64 111 255 82 183 47 170 49 121 86 106
internal_count=972 769 704 682 337 203 345 175 64 111 255 82 183 47 170 49 121 86 106
is_linear=0
shrinkage=0.0352741


Tree=94
num_leaves=23
num_cat=0
split_feature=2 40 36 81 36 79 11 12 9 48 12 9 9 77 79 40 11 81 40 11 37 77
split_gain=7.54777 1.57476 1.02649 1.3215 1.27436 1.11235 1.52915 0.9245 1.50424 1.56895 1.52116 1.19394 1.05223 1.00493 0.928631 0.886923 0.851068 1.28523 0.79757 0.76239 0.670085 0.516674
threshold=18.500000000000004 -0.14999999999999999 16.350000000000005 177.31250000000003 15.550000000000002 85.750000000000014 4.2375000000000016 2.6940476190476197 35.452380952380956 94673.000000000015 3.2782738095238098 29.991071428571434 39.913690476190482 1076.5000000000002 101.12500000000001 18.700000000000006 7.1437499999999998 0.31250000000000006 7.1500000000000012 5.6291666666666673 1.0000000180025095e-35 692.50000000000011
decision_type=2 2 2 2 2 2 2 2 2 2 2 2 2 2 2 2 2 2 2 2 2 2
left_child=16 -2 3 4 5 6 18 -7 10 -10 11 -9 14 21 -11 -4 -1 -18 -3 -14 -8 -13
right_child=1 2 15 -5 -6 7 20 8 9 12 -12 13 19 -15 -16 -17 17 -19 -20 -21 -22 -23
leaf_value=-0.17466553076061908 -0.22690517191728687 0.076131725655046417 -0.21974745447654737 0.26892803150820127 0.23544535795025309 -0.051802091009594049 0.025746341587490205 0.13127771525535409 -0.22704774467142955 -0.55869318520148825 0.40396972679426268 0.0078380857295489003 -0.015652801890584361 0.27821117050711053 -0.0021799670254862781 0.24074558093198353 -0.14551639124949742 0.37337523966684483 -0.14658003923496132 0.2618433297717635 0.18906463337006515 -0.14187021763697974
leaf_weight=215 48 25 35 21 24 47 67 22 48 22 23 24 29 50 87 20 19 19 21 32 19 46
leaf_count=215 48 25 35 21 24 47 67 22 48 22 23 24 29 50 87 20 19 19 21 32 19 46
internal_value=-0.00186432 -3.96528e-10 0.000447546 0.000865787 0.000553735 0.000213379 0.00304503 -0.000656172 -8.28771e-05 -0.00200587 0.00245761 0.00109254 -0.000414845 -0.000293806 -0.00249049 -0.00416427 -0.00709498 -0.00222437 -0.00214436 0.0032929 0.00582032 -0.00302094
internal_weight=963 710 662 607 586 562 132 430 383 218 165 142 170 120 109 55 253 38 46 61 86 70
internal_count=963 710 662 607 586 562 132 430 383 218 165 142 170 120 109 55 253 38 46 61 86 70
is_linear=0
shrinkage=0.0352741


Tree=95
num_leaves=18
num_cat=0
split_feature=14 1 101 101 77 1 77 101 9 9 77 9 9 77 101 77 1
split_gain=6.60238 2.2424 1.34838 1.14347 1.03365 0.935024 1.17857 1.12937 1.06602 3.9397 1.34478 0.757303 1.88056 1.39323 0.678299 0.556985 0.499083
threshold=5.5000000000000009 122.50000000000001 1.1378531671416743 0.99039854561819574 218.00000000000003 86.500000000000014 1740.0000000000002 1.0777763052898826 39.913690476190482 41.741071428571438 657.50000000000011 35.452380952380956 33.782738095238102 772.50000000000011 0.90217234769791443 979.00000000000011 29.500000000000004
decision_type=2 2 2 2 2 2 2 2 2 2 2 2 2 2 2 2 2
left_child=1 2 4 14 -1 6 8 -8 11 -10 -11 12 -6 -14 -2 -13 -5
right_child=3 -3 -4 16 5 -7 7 -9 9 10 -12 15 13 -15 -16 -17 -18
leaf_value=-0.11758078170940818 -0.19075056091247744 0.61876013159912802 -0.11284251077342349 -0.16310893790743913 -0.0084706243022088547 -0.1913839639604652 0.030832521272384086 0.41175014971664681 0.55398342984239846 -0.17768764415014629 0.018994442193137985 -0.020753016668789429 0.26651990676417914 0.006066121011034477 0.052887846169754005 -0.31999907712943704 -0.17416157995307086
leaf_weight=31 19 25 64 78 203 33 40 24 20 44 58 155 37 40 22 33 68
leaf_count=31 19 25 64 78 203 33 40 24 20 44 58 155 37 40 22 33 68
internal_value=-0.00121358 0.000170457 -0.000162375 -0.00718458 0.000275095 0.000559613 0.00085211 0.00539635 0.000358683 0.0032945 0.000483873 -0.000406958 0.000755713 0.00544726 -0.00197593 -0.00213829 -0.00864589
internal_weight=994 807 782 187 718 687 654 64 590 122 102 468 280 77 41 188 146
internal_count=994 807 782 187 718 687 654 64 590 122 102 468 280 77 41 188 146
is_linear=0
shrinkage=0.0352741


Tree=96
num_leaves=26
num_cat=0
split_feature=14 40 101 46 0 3 3 104 3 104 104 40 101 19 78 40 2 106 78 81 81 2 106 78 78
split_gain=7.76635 2.07271 1.43215 0.942287 1.01452 1.41535 1.21912 1.06126 1.22516 1.36327 1.06533 0.924723 0.874941 0.748078 0.741621 1.25597 1.14259 0.77053 0.582427 0.839019 1.3076 0.567814 0.514302 0.499926 0.489337
threshold=5.5000000000000009 -0.74999999999999989 1.1398598852055593 0.7333333333333335 45.500000000000007 50.500000000000007 158.50000000000003 976.9761904761906 121.50000000000001 866.42857142857156 834.52380952380963 2.4500000000000006 0.99039854561819574 13.500000000000002 1532.9000000000003 5.7500000000000009 196.50000000000003 64.566666666666677 947.50000000000011 136.43750000000003 121.56250000000001 85.500000000000014 71.904761904761926 1220.45 1458.3000000000002
decision_type=2 2 2 2 2 2 2 2 2 2 2 2 2 2 2 2 2 2 2 2 2 2 2 2 2
left_child=1 -1 3 4 6 -6 7 8 9 10 22 -7 13 -2 16 -16 17 -13 -19 20 -20 -4 -3 -21 -11
right_child=12 2 21 -5 5 11 -8 -9 -10 24 -12 14 -14 -15 15 -17 -18 18 19 23 -22 -23 -24 -25 -26
leaf_value=-0.25921647801170067 0.033667776000705307 -0.043915284107682057 -0.056186853935551728 -0.084763652036519824 0.085460068142714785 0.34261641760596323 0.10554076986045233 -0.19918883889132397 -0.63732020896129038 0.075279156991977639 -0.25278177783669342 0.3528746900086176 -0.16037969555242582 -0.18730962810574631 -0.17042610356276189 0.23025040710686867 0.052501278231878057 -0.078486067620999314 0.012258706001998413 0.017221841704617016 0.26739824244042093 -0.11834917889267743 0.11230125537355945 -0.24158373176685866 -8.5914272871526418e-05
leaf_weight=43 20 50 32 27 23 45 19 32 19 37 26 21 149 30 47 26 27 27 122 34 39 23 20 28 19
leaf_count=43 20 50 32 27 23 45 19 32 19 37 26 21 149 30 47 26 27 27 122 34 39 23 20 28 19
internal_value=-0.00134284 0.000233347 0.000669347 0.00110735 0.00137135 0.00235397 -0.00057186 -0.00137234 -0.000268073 0.000788718 -0.00176262 0.00188215 -0.00756661 -0.00352323 0.00130237 -0.00188298 0.00208289 0.00139244 0.000846377 0.00143905 0.00278147 -0.00480493 0.000503489 -0.00204622 0.00515967
internal_weight=985 786 743 688 661 439 222 203 171 152 96 416 199 50 371 73 298 271 250 223 161 55 70 62 56
internal_count=985 786 743 688 661 439 222 203 171 152 96 416 199 50 371 73 298 271 250 223 161 55 70 62 56
is_linear=0
shrinkage=0.0352741


Tree=97
num_leaves=26
num_cat=0
split_feature=14 10 81 108 38 41 23 41 1 1 101 108 41 41 78 38 104 24 78 78 41 78 41 11 38
split_gain=6.9401 1.69175 1.37782 2.0896 1.45938 1.76517 1.15791 1.14772 1.10196 1.19085 1.03607 0.946335 1.14223 1.03804 0.929037 0.925969 0.914218 0.818552 0.971834 1.77958 0.774737 0.699261 0.650069 0.572683 0.527543
threshold=5.5000000000000009 75.560268216391876 164.56250000000003 43.283306891973986 14.550000000000002 31.850000000000005 -0.60355339059327395 27.550000000000001 29.500000000000004 54.500000000000007 1.0531770738793895 43.822834918773644 24.650000000000002 17.450000000000006 1711.0000000000002 16.650000000000002 852.95238095238108 0.98296291314453421 1280.2500000000002 1159.5000000000002 16.750000000000004 1384.5500000000002 8.4500000000000011 5.054166666666668 16.050000000000004
decision_type=2 2 2 2 2 2 2 2 2 2 2 2 2 2 2 2 2 2 2 2 2 2 2 2 2
left_child=1 2 4 -4 7 15 14 11 -2 -10 17 12 13 22 -7 24 -12 18 19 -8 -13 -20 -1 -15 -6
right_child=8 -3 3 -5 5 6 10 -9 9 -11 16 20 -14 23 -16 -17 -18 -19 21 -21 -22 -23 -24 -25 -26
leaf_value=-0.062752474059873595 -0.15428176747812714 0.42081012178784644 -0.0017283307057980324 0.38713651200328686 0.11135191142086973 -0.098107251130114662 -0.0022393502101121228 -0.21086054123240966 0.03248017048278775 -0.16004177907752604 0.062771826359366692 -0.084972533176511628 0.011979849827912625 -0.19971216469010836 0.014816634842613738 -0.034586386885748777 -0.12312099374781289 -0.044808394067628252 -0.01238237062157267 0.43076231571432655 -0.55945511013545934 0.0042314317356709026 0.030416001888687552 -0.00532741227033935 0.25409050078144418
leaf_weight=37 104 40 26 20 40 54 28 20 30 65 22 40 28 62 19 19 31 21 19 28 25 41 111 37 20
leaf_count=37 104 40 26 20 40 54 28 20 30 65 22 40 28 62 19 19 31 21 19 28 25 41 111 37 20
internal_value=-0.00150451 -1.79047e-05 -0.000396095 0.00551406 -0.000783803 0.000866231 -0.000522958 -0.00235122 -0.00738941 -0.00463844 0.000927976 -0.00186713 -0.000961814 -0.00172759 -0.00429705 0.00548793 -0.00325755 0.0025479 0.00370797 0.00704736 -0.00569293 0.000587321 0.000142945 -0.00452235 0.00763518
internal_weight=987 788 748 46 702 342 263 360 199 95 190 340 275 247 73 79 53 137 116 56 65 60 148 99 60
internal_count=987 788 748 46 702 342 263 360 199 95 190 340 275 247 73 79 53 137 116 56 65 60 148 99 60
is_linear=0
shrinkage=0.0352741


Tree=98
num_leaves=26
num_cat=0
split_feature=14 0 1 10 10 11 10 23 77 77 11 77 77 77 77 10 10 24 1 1 10 77 108 107 1
split_gain=6.05458 1.10557 1.41363 1.19261 1.6953 1.8847 1.51781 1.51515 1.25199 1.19529 1.12638 1.03552 1.03439 1.03399 1.12994 1.10982 1.62055 0.912089 0.909887 1.08847 0.874064 0.863481 0.532911 0.5143 0.475416
threshold=5.5000000000000009 185.00000000000003 89.500000000000014 52.23701165382807 47.384393997634355 5.3291666666666675 55.407171337632811 -0.60355339059327395 663.50000000000011 1971.5000000000002 3.995833333333334 607.50000000000011 675.50000000000011 541.50000000000011 698.50000000000011 57.465009670991471 59.042441745954214 0.98296291314453421 29.500000000000004 54.500000000000007 61.813812604634627 834.50000000000011 36.288786249315898 1.0698006202557961 112.50000000000001
decision_type=2 2 2 2 2 2 2 2 2 2 2 2 2 2 2 2 2 2 2 2 2 2 2 2 2
left_child=1 2 3 4 7 22 8 12 -5 10 17 -12 -1 -8 -15 -16 -17 -9 -2 -20 -18 -13 -6 -14 -4
right_child=18 -3 24 6 5 -7 13 9 -10 -11 11 21 23 14 15 16 20 -19 19 -21 -22 -23 -24 -25 -26
leaf_value=0.029343104063352572 -0.14845664870587405 0.41329390829467377 -0.30952264964286541 0.34909779923500794 -0.034545848174986099 0.0034942183984545579 -0.17742362522384758 -0.16306934572021078 0.0090888452840437346 0.12762685535949866 0.03865797369046358 -0.010791898643029055 -0.36329445660488463 0.24128995250678315 -0.089917024831958084 0.35971549116444806 -0.29527188461669596 0.031315582143207649 0.026995838332243234 -0.15605871462450499 0.32696335624779382 0.22464666096434094 -0.17399429820157811 -0.42322477525017732 -0.029497719926987898
leaf_weight=21 106 19 28 26 26 58 38 68 38 21 66 37 45 24 21 20 20 25 27 64 36 37 55 19 27
leaf_count=21 106 19 28 26 26 58 38 68 38 21 66 37 45 24 21 20 20 25 27 64 36 37 55 19 27
internal_value=-0.00183617 -0.000432359 -0.000643842 -0.000216357 -0.00121009 -0.00448982 0.00191347 0.000135245 0.00649764 0.00149949 0.000771897 0.00277036 -0.00393965 6.65296e-05 0.00166086 -3.63431e-05 0.00194784 -0.00223639 -0.007357 -0.00476471 -0.00113261 -9.52593e-05 -0.00796351 -0.00616726 -0.00608624
internal_weight=972 775 756 701 478 139 223 339 64 254 233 140 85 159 121 97 76 93 197 91 56 74 81 64 55
internal_count=972 775 756 701 478 139 223 339 64 254 233 140 85 159 121 97 76 93 197 91 56 74 81 64 55
is_linear=0
shrinkage=0.0352741


Tree=99
num_leaves=25
num_cat=0
split_feature=14 11 10 10 101 38 38 36 3 3 40 38 40 2 1 46 2 1 1 38 38 79 79 46
split_gain=7.06539 0.903327 1.64033 1.53123 0.961707 0.846697 1.04217 0.82383 1.69112 1.2195 1.17853 2.20633 0.745443 0.73378 0.706502 0.657623 0.628839 0.607456 0.596327 0.561794 0.713386 0.555765 0.699334 0.501952
threshold=5.5000000000000009 5.3145833333333341 47.384393997634355 53.096272278410993 0.87333138071447503 9.7500000000000018 14.050000000000002 7.5500000000000007 57.500000000000007 99.500000000000014 8.1500000000000004 10.450000000000001 11.15 97.500000000000014 29.500000000000004 1.0000000180025095e-35 82.500000000000014 54.500000000000007 41.500000000000007 8.4500000000000011 6.5500000000000007 122.00000000000001 105.37500000000001 0.22500000000000001
decision_type=2 2 2 2 2 2 2 2 2 2 2 2 2 2 2 2 2 2 2 2 2 2 2 2
left_child=1 2 4 16 -1 19 18 21 -9 13 -11 -12 -13 -10 -2 -8 -4 -16 -7 20 -6 22 -3 -17
right_child=14 7 3 -5 5 6 15 8 9 10 11 12 -14 -15 17 23 -18 -19 -20 -21 -22 -23 -24 -25
leaf_value=0.1111497691606836 -0.14321997470202491 -0.049752516426247943 -0.11710977917991523 0.087696040265414263 0.035699976488646867 -0.034794605992349355 -0.030185092299772141 0.65511702347064071 -0.11888627354255009 0.25964055912597911 0.34882733174436542 -0.12749075989982558 0.00048666843131834931 -0.0012198954929762971 -0.1712051141396948 0.031920507265579073 -0.1719937736327142 -0.15079135078956121 -0.51434169021569798 0.078445579265387769 -0.29097101585432622 -0.034881198404664263 0.28226711495683049 -0.2222604942308363
leaf_weight=24 90 33 35 23 53 42 53 26 23 50 31 24 39 42 25 90 46 71 19 19 22 44 21 27
leaf_count=24 90 33 35 23 53 42 53 26 23 50 31 24 39 42 25 90 46 71 19 19 22 44 21 27
internal_value=-0.00136443 9.87237e-05 -0.000926506 -0.00481353 0.000232425 -0.00027129 -0.00141976 0.00149332 0.00262613 0.00156917 0.00337904 0.00105006 -0.00274096 -0.00243983 -0.00754549 -3.20409e-10 -0.00709318 -0.00543474 -0.00537263 0.00255013 0.00117487 -0.00122306 0.00117451 0.00147654
internal_weight=972 786 453 104 349 325 231 333 235 209 144 94 63 65 186 170 81 96 61 94 75 98 54 117
internal_count=972 786 453 104 349 325 231 333 235 209 144 94 63 65 186 170 81 96 61 94 75 98 54 117
is_linear=0
shrinkage=0.0352741


Tree=100
num_leaves=28
num_cat=0
split_feature=81 108 53 109 108 108 109 79 108 109 9 36 104 81 40 9 11 108 36 11 79 13 109 81 9 108 108
split_gain=6.85541 1.20695 0.961892 2.03521 1.3808 1.27077 1.15638 1.11314 1.0566 1.24398 1.30834 0.923523 1.58383 1.08347 1.45976 0.906872 1.04633 0.925247 0.885431 0.838623 0.827158 0.756739 0.541327 0.502877 0.481035 0.47567 0.631441
threshold=23.750000000000004 58.356475620744469 1350.5000000000002 5.1728806568269787 38.05095838017899 41.299228537017534 4.4766929642081221 142.12500000000003 33.06854238658569 2.8147737173160348 23.398809523809529 5.9500000000000011 826.80952380952397 7.0625000000000009 13.250000000000002 29.363095238095244 5.4375000000000009 40.816774122823098 8.2500000000000018 4.9104166666666673 123.62500000000001 21.500000000000004 4.3248638922165537 10.187500000000002 36.663690476190482 35.380895598390644 34.299582530905795
decision_type=2 2 2 2 2 2 2 2 2 2 2 2 2 2 2 2 2 2 2 2 2 2 2 2 2 2 2
left_child=11 2 3 6 -4 -6 8 20 9 10 -2 12 -1 -13 23 -10 25 18 -18 21 -8 -11 -7 -15 -19 26 -17
right_child=1 -3 4 -5 5 22 7 -9 15 19 -12 13 -14 14 -16 16 17 24 -20 -21 -22 -23 -24 -25 -26 -27 -28
leaf_value=0.068825325235340643 0.088270337871857271 0.56879463452573409 0.089988024971869349 -0.32427954708728413 -0.23087779932906144 0.031758664494664766 0.037509766641820722 0.38629712209728873 -0.33085675506388712 0.0054619933877563514 -0.21874753245680259 -0.13868870863006311 -0.14481069170986188 -0.12728464469598799 0.16600902547710913 -0.057824509357690582 0.0035518340649475051 -0.069882432596294813 0.16111598864467447 0.0053929745837143512 -0.050819839766700972 0.21441653731824209 -0.0041704042538981256 -0.19088258229856728 0.072254688370847767 -0.075556050220703649 0.042206029147948763
leaf_weight=27 32 20 23 24 19 23 28 28 21 25 38 126 22 20 19 22 24 42 29 24 19 23 23 60 31 144 24
leaf_count=27 32 20 23 24 19 23 28 28 21 25 38 126 22 20 19 22 24 42 29 24 19 23 23 60 31 144 24
internal_value=-0.00161663 0.00026736 1.05914e-05 -0.000512582 0.00344492 0.000813275 -7.63982e-05 0.00399457 -0.000714231 0.00183746 -0.00151047 -0.00633252 -0.00194133 -0.00728806 -0.00452235 -0.00178956 -0.00131695 0.00117525 0.00472012 0.00509096 0.00067461 0.00778009 0.00398238 -0.006609 -0.00140016 -0.00296952 0.000153168
internal_weight=960 686 666 578 88 65 554 75 479 142 70 274 49 225 99 337 316 126 53 72 47 48 46 80 73 190 46
internal_count=960 686 666 578 88 65 554 75 479 142 70 274 49 225 99 337 316 126 53 72 47 48 46 80 73 190 46
is_linear=0
shrinkage=0.0352741


Tree=101
num_leaves=21
num_cat=0
split_feature=14 0 19 53 1 79 109 0 2 109 81 78 78 1 78 81 78 11 0 0
split_gain=8.08541 1.34245 1.62421 1.30108 1.31891 1.45621 1.4957 1.2436 1.2378 1.22044 1.27757 0.892401 1.61991 0.854232 1.68836 1.24177 0.921996 0.625526 0.562104 0.804108
threshold=5.5000000000000009 38.500000000000007 44.500000000000007 1201.0000000000002 111.50000000000001 60.625000000000007 4.9672837269214085 88.500000000000014 88.500000000000014 4.2661430717807116 103.18750000000001 1074.9500000000003 1321.7500000000002 43.500000000000007 1249.2500000000002 122.68750000000001 1671.0500000000004 6.0458333333333343 33.500000000000007 5.5000000000000009
decision_type=2 2 2 2 2 2 2 2 2 2 2 2 2 2 2 2 2 2 2 2
left_child=1 2 18 4 5 -3 9 -2 -5 10 -7 -11 -13 15 -15 -12 -16 -10 19 -1
right_child=7 3 -4 8 -6 6 -8 -9 17 11 13 12 -14 14 16 -17 -18 -19 -20 -21
leaf_value=-0.1053251172529569 -0.13431727792965431 0.086842808683609815 0.3258951417390179 0.30337593450291417 0.34091742387288237 -0.19513767158115694 -0.18733157041051873 -0.13694208234945826 0.01685023790030124 0.43564235659435452 0.11088998417292267 -0.055659573317648141 0.075062893224307675 0.27614680958175064 -0.06642191561864981 -0.031003051903142932 0.047791297699700183 -0.073066100754966445 -0.45118133169706837 -0.0033539798723922275
leaf_weight=58 139 19 30 19 33 100 33 50 36 22 47 42 25 28 31 76 19 23 19 117
leaf_count=58 139 19 30 19 33 100 33 50 36 22 47 42 25 28 31 76 19 23 19 117
internal_value=-0.00105159 0.000540192 -0.00176324 0.00147332 0.000779645 0.000271302 -0.00015842 -0.00759368 0.0056938 0.000452163 -0.000620983 0.00407957 0.00205145 0.00100001 0.00388624 -0.000831265 -8.04759e-11 0.00316551 -0.00294467 -0.00231723
internal_weight=966 777 224 553 475 442 423 189 78 390 301 89 67 201 78 123 50 59 194 175
internal_count=966 777 224 553 475 442 423 189 78 390 301 89 67 201 78 123 50 59 194 175
is_linear=0
shrinkage=0.0352741


Tree=102
num_leaves=27
num_cat=0
split_feature=2 9 12 12 9 1 1 107 11 76 76 76 108 108 76 1 77 77 77 76 9 108 9 8 25 108
split_gain=8.14607 1.37192 2.73032 1.37606 1.17812 1.16484 1.4464 1.00026 1.63965 0.969758 1.74878 0.922152 0.915427 1.25153 0.895826 0.853093 1.09134 1.07877 1.201 0.793244 0.744147 0.73315 0.715439 0.706009 1.02293 0.682052
threshold=18.500000000000004 35.452380952380956 3.2854166666666669 3.3324404761904765 50.901785714285722 51.500000000000007 77.500000000000014 0.90978870377000831 5.7041666666666666 466.50000000000006 521.00000000000011 391.50000000000006 32.170744524264805 34.149875559158524 197.50000000000003 70.500000000000014 804.50000000000011 1513.0000000000002 940.50000000000011 1081.0000000000002 27.925595238095244 41.335994549818246 31.032738095238098 75.750000000000014 -0.8783796973249266 47.219822857431737
decision_type=2 2 2 2 2 2 2 2 2 2 2 2 2 2 2 2 2 2 2 2 2 2 2 2 2 2
left_child=23 2 5 -3 9 7 -7 8 20 11 -11 14 -9 -14 -5 17 -17 18 21 -15 -2 -12 -22 24 -1 -23
right_child=1 3 -4 4 -6 6 -8 12 -10 10 15 -13 13 19 -16 16 -18 -19 -20 -21 22 25 -24 -25 -26 -27
leaf_value=-0.052592168801272897 0.013181995476773397 -0.43280809717440716 0.37807389087541593 -0.36087932644243326 0.42719469638608321 0.25505626645473417 -0.075741861098810898 -0.15798453272036628 -0.26408331407796132 0.2660473518475393 -0.099877284838523067 -0.288421281324729 0.11718649432141925 -0.065631783571371713 0.0061900531593952878 0.022125928902782463 -0.10096292181460423 0.11083212895332437 -0.070427368174503291 0.093620366487061388 0.15162776438046993 0.076899133678515141 0.018231713094865393 -0.1009061406647707 -0.13230540022718404 -0.014877258025185728
leaf_weight=70 31 24 25 23 29 38 23 36 22 30 42 28 27 54 49 25 29 21 34 20 25 34 25 33 152 19
leaf_count=70 31 24 25 23 29 38 23 36 22 30 42 28 27 54 49 25 29 21 34 20 25 34 25 33 152 19
internal_value=-0.00143566 0.000499633 0.0021853 -0.00092045 -0.000378916 0.00125368 0.00560371 0.000146939 0.00277239 -0.00097145 0.00027127 -0.00387785 -0.00182728 -0.000104713 -0.00176225 -0.000898883 -0.00469806 0.000470135 -0.000737956 -0.00247674 0.00509142 0.00129876 0.00775111 -0.00684573 -0.00756126 0.00405531
internal_weight=968 713 326 387 363 301 61 240 103 334 234 100 137 101 72 204 54 150 129 74 81 95 50 255 222 53
internal_count=968 713 326 387 363 301 61 240 103 334 234 100 137 101 72 204 54 150 129 74 81 95 50 255 222 53
is_linear=0
shrinkage=0.0352741


Tree=103
num_leaves=24
num_cat=0
split_feature=14 40 23 104 104 13 104 10 10 10 19 10 38 38 38 38 38 10 38 38 36 36 36
split_gain=5.3659 0.958826 1.27305 1.23176 1.18549 0.958682 0.957045 0.920298 0.916534 1.40414 0.890701 0.904577 1.15314 0.812218 1.24173 0.78644 0.705791 0.668308 0.561928 0.536928 0.508349 0.716882 1.22947
threshold=5.5000000000000009 -0.74999999999999989 -0.60355339059327395 953.88095238095252 976.38095238095252 1.0000000180025095e-35 1005.9761904761906 47.000131632910445 47.384393997634355 52.23701165382807 7.5000000000000009 45.796323798140527 19.050000000000004 17.150000000000002 10.850000000000003 7.6500000000000012 15.15 54.465044712020806 22.850000000000005 18.150000000000002 14.550000000000002 10.65 6.9500000000000011
decision_type=2 2 2 2 2 2 2 2 2 2 2 2 2 2 2 2 2 2 2 2 2 2 2
left_child=1 19 3 15 8 13 -6 -8 10 16 -4 12 -12 14 -2 -3 -10 -9 20 -1 21 22 -11
right_child=5 2 4 -5 6 -7 7 17 9 18 11 -13 -14 -15 -16 -17 -18 -19 -20 -21 -22 -23 -24
leaf_value=-0.028820834844352064 -0.15584705342808575 0.070228880743144428 -0.0060517835538841207 0.021045953316369052 -0.25746213061516265 -0.12387102707290219 0.022527639001738087 -0.27811438735699301 -0.040137029698343679 -0.019983412033823474 0.0081518567023258753 0.064287318277828576 0.12268915966644392 -0.1352777088164209 0.57292845798747261 -0.1413920836840126 -0.00036497704650124404 -0.0041013602261473275 -0.12536228699284366 -0.38743761628633266 0.17280721544108407 -0.0087509832844940433 0.35678045714041257
leaf_weight=22 36 27 39 43 29 98 19 23 45 30 107 21 32 44 20 118 41 36 20 30 28 44 35
leaf_count=22 36 27 39 43 29 98 19 23 45 30 107 21 32 44 20 118 41 36 20 30 28 44 35
internal_value=-0.00182614 -0.000523037 -0.000196218 -0.00270099 0.000661719 -0.00701709 -0.0026688 -0.000632644 0.00146823 1.45121e-05 0.00324283 0.00440763 0.00337371 -0.00458292 -0.00176184 -0.00425548 -0.00360696 -0.00280715 0.00199886 -0.00514958 0.00280527 0.00171423 0.00406638
internal_weight=987 789 737 188 549 198 107 78 442 243 199 160 139 100 56 145 86 59 157 52 137 109 65
internal_count=987 789 737 188 549 198 107 78 442 243 199 160 139 100 56 145 86 59 157 52 137 109 65
is_linear=0
shrinkage=0.0352741


Tree=104
num_leaves=23
num_cat=0
split_feature=14 1 42 40 36 40 76 37 11 40 76 38 40 76 76 105 105 76 38 76 76 76
split_gain=4.77927 1.32432 1.18788 1.18678 1.45262 1.94311 1.50065 1.47244 0.908192 0.994209 0.74496 0.727696 0.634233 1.59683 1.3828 0.609709 0.838335 0.828573 0.528843 0.505274 0.971655 0.486073
threshold=5.5000000000000009 29.500000000000004 50.203083333333346 18.450000000000003 16.450000000000003 13.350000000000003 618.50000000000011 0.95000000000000007 4.8562500000000011 11.750000000000002 237.50000000000003 15.65 10.15 710.50000000000011 419.50000000000006 1.2852372872620885 0.98820336855453139 1790.5000000000002 10.65 833.00000000000011 1267.5000000000002 710.50000000000011
decision_type=2 2 2 2 2 2 2 2 2 2 2 2 2 2 2 2 2 2 2 2 2 2
left_child=2 -2 3 4 5 7 -7 8 9 -1 -10 18 14 -14 -12 16 19 21 -3 -16 -21 -18
right_child=1 11 -4 -5 -6 6 -8 -9 10 -11 12 -13 13 -15 15 -17 17 -19 -20 20 -22 -23
leaf_value=-0.075660258191045646 -0.11957416548629472 -0.13608401851397528 -0.34501853286594514 0.20981664340541598 -0.15884509954495399 0.19845354610441401 -0.012170174640118251 0.35057523221705011 -0.3321719476662886 0.028957467922625602 0.24354067926869705 -0.13600129792767873 -0.10632895071435386 0.26701965584736204 -0.055417492326235836 -0.098074050447668204 0.19772839777935744 0.28579399137721928 0.092144984489232626 0.26422843532504309 -0.039346494245673554 -0.024292928982052375
leaf_weight=243 95 27 21 21 30 47 30 23 19 21 23 42 36 24 36 33 48 19 20 23 37 41
leaf_count=243 95 27 21 21 30 47 30 23 19 21 23 42 36 24 36 33 48 19 20 23 37 41
internal_value=-0.00182796 -0.00693756 -0.000614405 -0.000383588 -0.000620736 -0.000296017 0.00498951 -0.000946564 -0.00128097 -0.00283198 -7.2825e-05 -0.00384192 0.000330633 -0.00293661 0.00108511 0.000282717 0.0010026 0.00313376 -0.000824524 -0.00139541 0.000587321 0.00170312
internal_weight=959 184 775 754 733 703 77 626 603 264 339 89 320 60 260 237 204 108 47 96 60 89
internal_count=959 184 775 754 733 703 77 626 603 264 339 89 320 60 260 237 204 108 47 96 60 89
is_linear=0
shrinkage=0.0352741


Tree=105
num_leaves=19
num_cat=0
split_feature=79 12 9 1 0 10 10 11 76 10 2 1 9 11 14 1 76 11
split_gain=7.67849 1.14982 1.46551 1.03874 1.61207 2.49021 1.27433 1.20836 1.13079 1.00536 0.865069 0.80312 0.762995 0.67678 0.769561 0.551335 0.50093 0.478834
threshold=12.250000000000002 2.553869047619048 29.062500000000004 1.5000000000000002 31.500000000000004 43.283346162329096 45.935583693598069 3.8541666666666674 2131.5000000000005 51.710656829263414 89.500000000000014 10.500000000000002 23.398809523809529 6.9104166666666673 4.5000000000000009 30.500000000000004 536.50000000000011 4.2750000000000004
decision_type=2 2 2 2 2 2 2 2 2 2 2 2 2 2 2 2 2 2
left_child=17 10 -3 4 6 -6 -4 15 11 -7 12 -9 -2 14 -13 -5 -16 -1
right_child=1 2 3 7 5 9 -8 8 -10 -11 -12 13 -14 -15 16 -17 -18 -19
leaf_value=-0.05428088176796711 0.067433560717318819 0.12464135372688802 -0.41628430441243702 -0.11938613878269508 0.11714202174089049 -0.11943412176113079 0.055140020280990222 -0.043702859940541398 0.28540319562138189 0.420853650677257 -0.48568596192641539 0.0037161773199039087 -0.27642578045986699 0.13820046501362118 -0.11537461842604833 -0.57502015405389095 -0.0076162690091048932 -0.11625865409606512
leaf_weight=31 27 19 20 22 19 29 42 46 37 23 28 150 24 99 35 21 124 186
leaf_count=31 27 19 20 22 19 29 42 46 37 23 28 150 24 99 35 21 124 186
internal_value=-0.00196115 -0.000299692 0.000164529 -0.000111048 0.00267752 0.00630433 -0.00147782 -0.000805799 -0.000308881 0.00230376 -0.00432788 -0.000792399 -0.00158895 -0.000293908 -0.0011071 -0.00647167 -0.00281644 -0.00781669
internal_weight=982 765 686 667 133 71 62 534 491 52 79 454 51 408 309 43 159 217
internal_count=982 765 686 667 133 71 62 534 491 52 79 454 51 408 309 43 159 217
is_linear=0
shrinkage=0.0352741


Tree=106
num_leaves=28
num_cat=0
split_feature=2 2 38 81 77 108 8 10 109 77 108 81 36 0 10 81 0 104 36 79 79 105 105 105 38 10 108
split_gain=5.14839 1.869 1.07099 2.02323 1.20583 1.07714 1.47492 1.03721 2.61416 1.35387 1.83761 1.31423 1.25939 0.877752 0.815745 0.799425 0.721806 0.726926 0.608401 0.780848 0.897964 0.654677 2.36902 0.960818 0.533929 0.499776 0.489103
threshold=18.500000000000004 29.500000000000004 12.950000000000001 149.31250000000003 979.00000000000011 45.033659073637203 74.520833333333357 55.532413482080045 4.0833634262706973 602.50000000000011 33.06854238658569 103.18750000000001 11.450000000000001 89.500000000000014 81.910581006859829 2.7500000000000004 9.5000000000000018 852.26190476190493 16.350000000000005 131.62500000000003 117.62500000000001 0.99678395090662708 0.96225414570011447 1.0714068214953423 7.5500000000000007 45.24545470317755 29.627481988472763
decision_type=2 2 2 2 2 2 2 2 2 2 2 2 2 2 2 2 2 2 2 2 2 2 2 2 2 2 2
left_child=13 -2 3 4 18 7 -7 8 9 11 26 -4 -9 15 -8 -1 17 -17 19 20 21 22 -3 -23 -6 -12 -11
right_child=1 2 5 -5 24 6 14 12 -10 10 25 -13 -14 -15 -16 16 -18 -19 -20 -21 -22 23 -24 -25 -26 -27 -28
leaf_value=-0.11118279923478039 0.032484282299701107 -0.19562386189933842 -0.054793817783643277 0.32236416185439554 -0.077322507037605598 -0.1465996682014607 0.23525922281327633 0.085558356030433574 0.14226435864255349 0.093191783021682489 -0.0029212330390514371 0.15920758168256297 -0.17606208120447772 -0.1156778163115581 -0.064296780189301475 0.073080180993988317 -0.17958570454748959 -0.071588363940949903 -0.39835041937144144 -0.13973703347934952 0.085742259024133599 -0.2229364557672314 0.34317958404054849 0.018536278424191161 -0.30411450975603593 -0.14039248992808395 0.070077487849566425
leaf_weight=116 25 31 22 26 22 58 22 30 29 27 44 36 28 43 22 20 49 27 27 26 28 30 22 20 50 48 38
leaf_count=116 25 31 22 26 22 58 22 30 29 27 44 36 28 43 22 20 49 27 27 26 28 30 22 20 50 48 38
internal_value=-0.00185488 -0.00031253 -0.000658119 -0.0023261 -0.00327863 0.000506336 -0.00262674 0.00156483 0.00257265 0.00123015 -0.000471641 0.00583251 -0.00267323 -0.00615425 0.0022417 -0.00708612 -0.00470031 -0.00157409 -0.00176314 -0.000920823 0.000188402 -0.00133485 0.00139609 -0.00422788 -0.00714692 -0.00367841 0.00406638
internal_weight=966 711 686 282 256 404 102 302 244 215 157 58 58 255 44 212 96 47 184 157 131 103 53 50 72 92 65
internal_count=966 711 686 282 256 404 102 302 244 215 157 58 58 255 44 212 96 47 184 157 131 103 53 50 72 92 65
is_linear=0
shrinkage=0.0352741


Tree=107
num_leaves=21
num_cat=0
split_feature=14 53 78 78 23 78 10 78 1 1 10 10 10 78 105 78 78 78 10 10
split_gain=6.85193 1.03247 1.65036 1.94347 1.25306 1.58033 1.39319 2.40477 0.969067 1.21608 0.959999 1.45438 1.1528 0.956711 0.811696 1.15907 0.671985 1.55675 0.958235 0.579538
threshold=5.5000000000000009 1201.0000000000002 1138.6500000000003 1012.6500000000002 -0.60355339059327395 1222.6000000000001 57.590114883879785 936.05000000000007 29.500000000000004 54.500000000000007 46.85487723774893 54.15048798731371 43.869514902198411 2504.4500000000003 1.0354261638107329 1752.1500000000003 1169.7000000000003 1112.0000000000002 47.897677327158227 42.020122736429634
decision_type=2 2 2 2 2 2 2 2 2 2 2 2 2 2 2 2 2 2 2 2
left_child=1 4 3 -3 14 6 7 -6 -2 -10 12 -12 19 -13 15 -1 17 18 -9 -7
right_child=8 2 -4 -5 5 10 -8 16 9 -11 11 13 -14 -15 -16 -17 -18 -19 -20 -21
leaf_value=-0.23197823102998719 -0.10753232527710241 0.22286440316223971 0.029583310093611415 -0.16866951584711423 -0.27202295649216174 0.0094214575129522565 -0.044011182142131733 0.13953562897902558 0.12770799718787373 -0.11699612914441637 -0.068718962983263437 -0.052571662640787768 0.046681844704383801 0.094050155593881288 -0.01119693519197276 0.060743575388842404 0.37582110347818776 -0.033571345228111574 0.18474780050347817 -0.056617493521231743
leaf_weight=76 99 31 40 40 37 84 47 22 26 74 83 81 35 23 73 19 26 26 25 31
leaf_count=76 99 31 40 40 37 84 47 22 26 74 83 81 35 23 73 19 26 26 25 31
internal_value=-0.00153387 -7.50461e-05 0.00308087 -0.000148921 -0.000584434 0.000271308 0.00290965 0.00471845 -0.00738941 -0.00493545 -0.00116164 -0.00284743 0.000940271 -6.77964e-05 -0.00323232 -0.00538058 0.00758473 0.00584206 0.00966942 -0.000766433
internal_weight=998 799 111 71 688 520 183 136 199 100 337 187 150 104 168 95 99 73 47 115
internal_count=998 799 111 71 688 520 183 136 199 100 337 187 150 104 168 95 99 73 47 115
is_linear=0
shrinkage=0.0352741


Tree=108
num_leaves=24
num_cat=0
split_feature=14 104 108 41 38 109 2 41 104 77 77 40 0 38 77 13 38 108 13 108 77 108 108
split_gain=7.74906 0.947142 1.29925 1.19533 1.46741 1.63093 1.45408 1.44394 1.26742 1.22296 2.18517 1.1495 0.946832 1.11657 0.94642 0.915302 0.893654 0.869256 0.684648 0.666314 0.603258 0.551232 0.484593
threshold=5.5000000000000009 977.57142857142867 58.356475620744469 45.900000000000013 14.550000000000002 3.3183039148843467 139.50000000000003 15.300000000000002 870.26190476190493 368.50000000000006 692.50000000000011 13.350000000000003 88.500000000000014 13.250000000000002 692.50000000000011 21.500000000000004 5.8500000000000005 35.141625283997421 22.500000000000004 29.920422812178213 566.50000000000011 43.990748357271947 40.174491730429629
decision_type=2 2 2 2 2 2 2 2 2 2 2 2 2 2 2 2 2 2 2 2 2 2 2
left_child=1 3 11 4 5 19 8 14 -5 -6 20 21 -2 -14 16 -12 -7 -9 -17 -1 -11 22 -3
right_child=12 2 -4 6 9 7 -8 17 -10 10 15 -13 13 -15 -16 18 -18 -19 -20 -21 -22 -23 -24
leaf_value=-0.13087738271419311 -0.10570707811089285 -0.33339135806855036 0.45055778204909613 -0.08101396033392938 -0.092980461128438954 0.016192633539980111 -0.35787373030915032 0.22355337548478138 0.012440066245946161 0.16422812634259776 -0.005422117267094996 0.0044042487936219663 0.15085327525471778 -0.13963659022154873 0.012725295378777531 0.24285459781312915 0.82481820527884064 -0.012440659737071471 0.0019317772619585286 -0.10999543514800446 0.090061105617701961 -0.31387740094650113 0.017716137305800409
leaf_weight=37 144 24 19 47 19 20 24 19 23 34 55 34 22 30 47 41 20 127 37 45 24 55 21
leaf_count=37 144 24 19 47 19 20 24 19 23 34 55 34 22 30 47 41 20 127 37 45 24 55 21
internal_value=-0.00161785 -2.74134e-05 -0.00251202 0.000586895 0.00124285 -0.000279901 -0.00307516 0.00122595 -0.00050349 0.00352641 0.00437558 -0.00373635 -0.0078803 -0.00379442 0.00482156 0.00188221 0.00880548 -0.000917721 0.00433813 -0.00455653 0.0100854 -0.00564051 -0.00273993
internal_weight=968 772 153 619 525 315 94 233 70 210 191 134 196 52 87 133 40 146 78 82 58 100 45
internal_count=968 772 153 619 525 315 94 233 70 210 191 134 196 52 87 133 40 146 78 82 58 100 45
is_linear=0
shrinkage=0.0352741


Tree=109
num_leaves=23
num_cat=0
split_feature=14 38 38 8 72 38 72 8 37 8 11 38 2 8 8 38 38 53 2 38 8 40
split_gain=6.60536 1.04347 1.46906 1.97977 2.02305 1.28162 1.09656 1.03533 0.916258 0.875821 0.87328 0.886367 1.05047 0.845546 0.830971 0.633141 0.732531 0.624462 0.562631 0.684089 0.552877 0.489348
threshold=5.5000000000000009 7.6500000000000012 13.850000000000003 45.270833333333336 1.0000000180025095e-35 7.1500000000000012 1.5000000000000002 51.645833333333343 0.75000000000000011 49.312500000000007 4.7666666666666675 18.450000000000003 170.50000000000003 39.562500000000007 75.750000000000014 20.550000000000004 28.050000000000004 553.00000000000011 68.500000000000014 16.950000000000003 56.729166666666679 13.450000000000001
decision_type=2 2 2 2 2 2 2 2 2 2 2 2 2 2 2 2 2 2 2 2 2 2
left_child=1 5 3 -3 -5 6 -1 -6 10 13 -4 18 15 -8 21 -13 -17 -9 -12 -20 -11 -2
right_child=14 2 8 4 7 -7 9 17 -10 20 11 12 -14 -15 -16 16 -18 -19 19 -21 -22 -23
leaf_value=-0.15601840601457062 -0.10329146796149835 -0.392945411217408 -0.016398568628616297 0.14772988995909006 0.0081975999278832302 0.24787611041761629 0.0028517944289852245 -0.12653262868196863 0.25219484063357467 -0.061029633656749474 0.25058027626521862 -0.054324241681762642 -0.081538212097711643 0.13124933028193367 -0.073814692923547157 0.031586870811081955 -0.066899862103766652 -0.011277700459765361 0.0049133485428816247 0.15655292929554207 0.014811265969215247 -0.13639977998007605
leaf_weight=19 150 60 161 22 36 20 20 70 32 24 20 22 33 32 35 44 25 23 62 26 42 19
leaf_count=19 150 60 161 22 36 20 20 70 32 24 20 22 33 32 35 44 25 23 62 26 42 19
internal_value=-0.00180782 -0.000351381 -0.000987139 -0.00339272 -0.00123761 0.00222345 0.00100372 -0.00292449 0.000207465 0.00227075 -0.000260253 0.00112483 -0.000909865 0.00569164 -0.00746764 0.00104591 0.00270713 -0.00488974 0.00346019 0.0022432 -0.000427181 -0.00849203
internal_weight=997 793 636 211 151 157 137 129 425 118 393 232 124 52 204 91 69 93 108 88 66 169
internal_count=997 793 636 211 151 157 137 129 425 118 393 232 124 52 204 91 69 93 108 88 66 169
is_linear=0
shrinkage=0.0352741


Tree=110
num_leaves=26
num_cat=0
split_feature=14 41 1 21 1 1 10 108 72 72 72 1 38 19 1 108 38 38 38 10 38 40 1 1 38
split_gain=5.49176 1.05846 1.38746 1.01975 1.02478 1.47732 1.07989 1.46507 0.975503 1.46011 2.71285 0.923709 1.00592 0.889718 0.841723 0.793661 0.690098 0.652053 0.67345 0.644611 0.638729 0.570788 0.521743 0.940233 0.502003
threshold=5.5000000000000009 29.700000000000003 21.500000000000004 1.0000000180025095e-35 44.500000000000007 38.500000000000007 52.23701165382807 40.596393941396578 1.5000000000000002 6.5000000000000009 5.5000000000000009 29.500000000000004 16.650000000000002 14.500000000000002 2.5000000000000004 43.51809582011429 18.050000000000004 11.550000000000002 7.0500000000000007 45.24545470317755 10.65 18.450000000000003 22.500000000000004 14.500000000000002 14.550000000000002
decision_type=2 2 2 2 2 2 2 2 2 2 2 2 2 2 2 2 2 2 2 2 2 2 2 2 2
left_child=3 2 -2 4 5 8 16 -8 -1 10 22 12 17 -5 -14 -9 19 18 -11 -6 -4 -15 23 -10 -17
right_child=1 -3 20 13 6 -7 7 15 9 11 -12 -13 14 21 -16 24 -18 -19 -20 -21 -22 -23 -24 -25 -26
leaf_value=-0.016119672672250285 -0.097136963417907951 -0.1007012344605516 -0.11691128999409768 -0.34091192509057899 0.15952980353445428 -0.13194830543611683 0.33463140932782381 -0.11000631205168553 0.067348609248103888 0.0286499210471136 0.13166678555617509 0.15996620086352714 -0.013416024560141888 -0.011460075208266279 -0.13186970771094705 0.011867860470992727 -0.11628429442410115 0.042192650434411755 -0.05046719520579826 -0.028158368789971213 0.14999308126176703 0.18962003051298248 0.15228887856838449 -0.1039433204040079 0.44397369191792119
leaf_weight=72 47 95 32 42 24 41 19 23 55 19 22 22 23 164 27 20 23 41 31 26 22 19 21 19 47
leaf_count=72 47 95 32 42 24 41 19 23 55 19 22 22 23 164 27 20 23 41 31 26 22 19 21 19 47
internal_value=-0.00186984 -0.00716064 -0.00464228 -0.000573162 0.000214689 -0.000798708 0.00240251 0.00462519 -6.01166e-05 0.000881665 0.00388723 -0.00127633 -0.00232561 -0.00258609 -0.00634182 0.00274173 -0.000917348 -0.000116213 -0.00281859 0.00140929 -0.00078301 -0.00152227 0.00129876 -9.52593e-05 0.00468152
internal_weight=996 196 101 800 575 393 182 109 352 280 117 163 141 225 50 90 73 91 50 50 54 183 95 74 67
internal_count=996 196 101 800 575 393 182 109 352 280 117 163 141 225 50 90 73 91 50 50 54 183 95 74 67
is_linear=0
shrinkage=0.0352741


Tree=111
num_leaves=21
num_cat=0
split_feature=14 104 9 1 12 8 9 12 81 81 12 40 19 40 40 36 9 9 9 9
split_gain=6.04748 1.63177 1.83752 1.63942 1.43039 1.20425 1.14486 3.78842 1.09112 1.16673 0.94678 0.921516 0.852458 0.783971 1.21564 0.745951 0.685408 0.982389 0.659626 0.675896
threshold=5.5000000000000009 976.38095238095252 39.913690476190482 20.500000000000004 3.9407738095238098 75.750000000000014 35.380952380952387 3.2080357142857152 132.81250000000003 154.38750000000002 3.3294642857142862 14.850000000000003 34.500000000000007 10.350000000000003 3.1500000000000008 7.5500000000000007 35.014880952380956 34.383928571428577 32.916666666666679 32.258928571428577
decision_type=2 2 2 2 2 2 2 2 2 2 2 2 2 2 2 2 2 2 2 2
left_child=1 2 6 -4 -5 -2 7 8 18 -10 -8 13 -3 14 -12 -14 17 -9 19 -1
right_child=5 12 3 4 -6 -7 10 16 9 -11 11 -13 15 -15 -16 -17 -18 -19 -20 -21
leaf_value=-0.0021830070450196705 -0.097145228841261672 -0.14814968857360339 0.47263056645681123 0.22788027425612073 -0.0063049441735660043 -0.066626597839704815 -0.51169370367475975 0.33512252456558428 -0.27762625705684019 0.0038311564533642642 0.044849494643052504 -0.16253861798139677 -0.24720429790890322 0.0081920206791632685 -0.070318960320468554 0.029199608643854406 0.39588585769635337 0.0045881770310946925 -0.080696008767088892 0.05017663214062517
leaf_weight=160 163 96 35 21 32 31 19 19 37 22 19 22 19 63 61 47 21 32 32 26
leaf_count=160 163 96 35 21 32 31 19 19 37 22 19 22 19 63 61 47 21 32 32 26
internal_value=-0.00227806 -0.000896426 -7.38361e-05 0.00464664 0.000731285 -0.00785245 -0.000853631 0.00033348 -0.00154052 -0.00579348 -0.00310465 -0.00224391 -0.00404851 -0.00120819 -0.0035248 -0.000961158 0.00753853 0.00531951 -0.000388233 0.000417087
internal_weight=977 783 621 88 53 194 533 349 277 59 184 165 162 143 80 66 72 51 218 186
internal_count=977 783 621 88 53 194 533 349 277 59 184 165 162 143 80 66 72 51 218 186
is_linear=0
shrinkage=0.0352741


Tree=112
num_leaves=21
num_cat=0
split_feature=14 9 9 104 109 79 106 19 8 109 79 79 101 40 40 40 79 79 104 0
split_gain=6.72582 1.08021 1.60216 1.15182 1.14693 0.868624 1.55992 1.29893 0.852283 0.823721 0.85763 1.2304 0.783612 1.05225 1.10178 0.753249 0.663912 1.01719 0.624663 0.545376
threshold=5.5000000000000009 35.452380952380956 34.125000000000007 845.40476190476204 3.5280417039502212 70.875000000000014 92.359523809523822 27.500000000000004 76.479166666666686 4.1389795014118347 178.12500000000003 131.62500000000003 1.0916543484314707 3.0500000000000003 0.8500000000000002 11.750000000000002 142.12500000000003 154.12500000000003 822.88095238095252 88.500000000000014
decision_type=2 2 2 2 2 2 2 2 2 2 2 2 2 2 2 2 2 2 2 2
left_child=1 2 12 18 -3 6 7 -6 19 -7 11 -11 13 14 -1 -15 -13 -18 -4 -2
right_child=8 4 3 -5 5 9 -8 -9 -10 10 -12 16 -14 15 -16 -17 17 -19 -20 -21
leaf_value=0.0053572391021182685 -0.092375299263579069 -0.39791726036783087 0.16640837436407727 0.0087339860637183804 0.0025223355581316881 -0.12544020488073607 -0.07650962205973165 0.21621829128636622 -0.064598165783395375 0.032880934780309512 0.13821753714652002 -0.12546886307403154 -0.036008597584463578 -0.013397814296841408 0.078148447418129138 0.038934408901114999 0.14547698850594781 -0.42392804664844852 0.34126158165366044 -0.11650483588908235
leaf_weight=37 126 41 22 34 22 101 20 21 29 91 29 26 61 134 39 31 23 28 20 37
leaf_count=37 126 41 22 34 22 101 20 21 29 91 29 26 61 134 39 31 23 28 20 37
internal_value=-0.00172731 -0.000271319 0.00108232 0.00565801 -0.00154411 -0.000908574 0.00285284 0.00663551 -0.00764036 -0.00170418 -0.000375906 -0.0013433 -7.00676e-05 0.000834078 0.00426669 -0.00074797 -0.0046233 -0.00227979 0.00956091 -0.00863144
internal_weight=972 780 378 76 402 361 63 43 192 298 197 168 302 241 76 165 77 51 42 163
internal_count=972 780 378 76 402 361 63 43 192 298 197 168 302 241 76 165 77 51 42 163
is_linear=0
shrinkage=0.0352741


Tree=113
num_leaves=16
num_cat=0
split_feature=14 0 107 8 38 79 79 79 0 79 79 76 76 79 79
split_gain=6.73902 1.34117 2.05803 1.75144 1.04458 0.974722 1.34511 1.42769 0.857729 0.656579 1.27249 0.993697 0.731922 0.556463 0.551992
threshold=5.5000000000000009 23.500000000000004 1.0025509562535715 48.104166666666679 7.6500000000000012 80.875000000000014 117.62500000000001 131.62500000000003 94.500000000000014 114.50000000000001 107.87500000000001 1401.0000000000002 915.50000000000011 110.37500000000001 65.625000000000014
decision_type=2 2 2 2 2 2 2 2 2 2 2 2 2 2 2
left_child=1 2 3 14 5 -3 -7 -8 -2 10 -6 12 -11 -12 -1
right_child=8 4 -4 -5 9 6 7 -9 -10 11 13 -13 -14 -15 -16
leaf_value=0.00069197316231484757 -0.087025382215289535 0.31242629916149772 -0.12631850987149704 0.06344577214749561 -0.0021453623007386944 -0.071435416168282959 0.27957528807171256 0.19226082380572745 -0.094914841034635211 -0.0080416396398802145 0.2648411224771921 0.019154984245446632 -0.26419731931880802 0.019756851266435584 -0.33008956073620926
leaf_weight=33 161 20 81 26 217 44 19 35 48 162 22 43 44 29 21
leaf_count=33 161 20 81 26 217 44 19 35 48 162 22 43 44 29 21
internal_value=-0.00173728 -0.000257004 -0.00313189 0.000881199 0.000472128 0.00346588 0.00201444 0.00574207 -0.0073734 -0.000211484 0.00100009 -0.00151543 -0.00253353 0.00601036 -0.00274053
internal_weight=1005 796 161 80 635 118 98 54 209 517 268 249 206 51 54
internal_count=1005 796 161 80 635 118 98 54 209 517 268 249 206 51 54
is_linear=0
shrinkage=0.0352741


Tree=114
num_leaves=22
num_cat=0
split_feature=14 11 3 14 41 78 41 40 40 41 79 101 41 104 78 11 0 41 105 3 3
split_gain=5.8826 1.34621 1.1768 1.08848 1.4092 1.44178 1.21456 1.26074 1.07357 1.0702 1.31189 1.05763 1.03915 0.981551 0.866584 0.832092 1.02756 0.767974 1.09839 0.64173 1.08317
threshold=5.5000000000000009 3.995833333333334 189.00000000000003 4.5000000000000009 24.300000000000004 1341.5500000000002 28.600000000000005 1.8500000000000003 8.1500000000000004 26.800000000000004 1.0000000180025095e-35 1.0109749477662302 18.550000000000001 908.88095238095252 1793.7500000000002 3.6708333333333338 41.500000000000007 16.750000000000004 1.0498347385523594 140.50000000000003 114.50000000000001
decision_type=2 2 2 2 2 2 2 2 2 2 2 2 2 2 2 2 2 2 2 2 2
left_child=1 15 3 19 5 17 13 -8 -9 10 -2 -4 -12 -6 -7 16 -1 18 -5 20 -3
right_child=9 2 11 4 6 14 7 8 -10 -11 12 -13 -14 -15 -16 -17 -18 -19 -20 -21 -22
leaf_value=-0.17895395711709111 -0.083955638043491154 0.011702808085558807 -0.046847099227907266 0.12865848450753478 0.3495470000977412 -0.21510693379061593 -0.2807280591423576 0.013826722069501144 -0.012412099741766965 -0.086301154687139586 -0.10909814735449501 0.10901002205979352 0.18647359218231752 -0.0018848589155879747 -0.093215592374279857 -0.16705577447655251 0.063806865042636288 -0.03178322176922372 -0.056350365543373943 -0.078045150649378559 0.30571020389967196
leaf_weight=53 50 130 34 39 26 37 32 78 61 106 29 24 19 19 19 51 36 43 22 35 40
leaf_count=53 50 130 34 39 26 37 32 78 61 106 29 24 19 19 19 51 36 43 22 35 40
internal_value=-0.00179051 -0.000393917 0.000292543 0.000770973 -0.000356438 -0.00286496 0.001502 0.000144346 0.00159807 -0.00712192 -0.00446056 -0.00449589 -0.000293588 0.00665412 -0.0074249 -0.00352592 -0.00146548 -0.000406777 0.0021375 0.00283831 0.0037336
internal_weight=983 779 639 581 376 160 216 171 139 204 98 58 48 45 56 140 89 104 61 205 170
internal_count=983 779 639 581 376 160 216 171 139 204 98 58 48 45 56 140 89 104 61 205 170
is_linear=0
shrinkage=0.0352741


Tree=115
num_leaves=23
num_cat=0
split_feature=2 108 11 108 3 81 3 108 3 108 108 77 0 109 109 77 3 3 9 9 3 104
split_gain=7.40519 1.2191 1.54243 1.29273 1.15057 1.18453 1.24338 0.95449 0.918739 0.873876 2.01692 0.917306 0.83695 0.822852 1.08647 1.08358 0.819406 0.787359 0.71806 0.639329 0.535321 0.491927
threshold=18.500000000000004 36.210157979798822 3.4583333333333344 35.257920983632722 140.50000000000003 105.43750000000001 79.500000000000014 58.356475620744469 74.500000000000014 44.332824048256789 42.530442257068579 692.50000000000011 94.500000000000014 4.4807189587859479 4.6494942072790311 800.50000000000011 105.50000000000001 1.0000000180025095e-35 37.514880952380956 37.720238095238102 57.500000000000007 932.83333333333337
decision_type=2 2 2 2 2 2 2 2 2 2 2 2 2 2 2 2 2 2 2 2 2 2
left_child=12 2 -2 4 5 8 -7 9 20 10 11 18 17 -11 -15 -16 -12 -1 -3 -13 -4 -19
right_child=1 7 3 -5 -6 6 -8 -9 -10 13 16 19 -14 14 15 -17 -18 21 -20 -21 -22 -23
leaf_value=-0.080994178849501428 -0.30863194725044696 0.021137550340574164 0.067772415703424876 0.14741393025807356 -0.13014971330977468 0.0010101126980581686 0.23290911122731517 0.49169378528876329 -0.01671237374511611 -0.5872909864673157 0.33290933649175447 -0.049898540198142438 -0.078723041428638563 0.043027985755211919 0.015385914020416941 -0.093486424058757969 0.018104808811295257 -0.020411514802863431 -0.012107507544580377 0.0065451352098283211 0.19407467464809375 -0.16144069387858551
leaf_weight=118 34 51 19 26 20 20 45 20 47 47 24 121 41 37 41 44 27 63 43 42 22 25
leaf_count=118 34 51 19 26 20 20 45 20 47 47 24 121 41 37 41 44 27 63 43 42 22 25
internal_value=-0.00130329 0.000483167 0.00258813 0.00377444 0.00267013 0.00371041 0.00731948 -0.000503856 0.00104149 -0.000820742 0.000297711 -0.000974274 -0.00658197 -0.0028585 -0.00132936 -0.00352495 0.00670121 -0.00749787 0.00180009 -0.00257429 0.00489688 -0.0049671
internal_weight=977 730 233 199 173 153 65 497 88 477 308 257 247 169 122 85 51 206 94 163 41 88
internal_count=977 730 233 199 173 153 65 497 88 477 308 257 247 169 122 85 51 206 94 163 41 88
is_linear=0
shrinkage=0.0352741


Tree=116
num_leaves=10
num_cat=0
split_feature=14 1 42 8 72 101 101 101 101
split_gain=5.99967 1.26865 0.844727 0.831481 0.864543 0.670867 1.42584 0.561637 0.498753
threshold=5.5000000000000009 122.50000000000001 1.0000000180025095e-35 75.750000000000014 -1.4999999999999998 1.1455008278391798 1.019321145834976 0.87076876907353429 1.2052086544522196
decision_type=2 2 2 2 2 2 2 2 2
left_child=1 2 5 4 -2 6 7 -1 -7
right_child=3 -3 -4 -5 -6 8 -8 -9 -10
leaf_value=0.038387073540724591 -0.064647499887841853 0.27566734232409829 -0.092274124212999922 -0.0537590654852916 -0.080437936850323272 -0.13884673867011299 0.032803254402393275 -0.0050747874371208108 0.00019422649770970337
leaf_weight=29 19 23 55 34 140 35 126 499 19
leaf_count=29 19 23 55 34 140 35 126 499 19
internal_value=-0.00171856 -0.000350022 -0.000596331 -0.00729018 -0.00836062 -0.000269018 4.31444e-05 -0.000761515 -0.00404555
internal_weight=979 786 763 193 159 708 654 528 54
internal_count=979 786 763 193 159 708 654 528 54
is_linear=0
shrinkage=0.0352741


Tree=117
num_leaves=22
num_cat=0
split_feature=14 40 23 46 89 78 106 78 78 46 106 1 106 78 78 46 1 36 36 78 11
split_gain=5.45154 1.40227 1.3321 1.53262 1.23817 1.2428 1.1309 1.53455 1.06666 1.06274 1.09868 1.05852 1.02555 0.998888 1.34927 0.952621 0.897904 0.797528 0.680303 0.662506 0.657669
threshold=5.5000000000000009 -1.4499999999999997 -0.60355339059327395 0.058333333333333341 1.0000000180025095e-35 1504.6000000000001 83.114285714285728 1906.6000000000001 1404.6500000000003 1.0000000180025095e-35 65.052380952380972 29.500000000000004 64.585714285714303 1145.1500000000003 1229.9000000000003 0.058333333333333341 54.500000000000007 10.850000000000003 10.050000000000002 1087.7000000000003 4.8020833333333339
decision_type=2 2 2 2 2 2 2 2 2 2 2 2 2 2 2 2 2 2 2 2 2
left_child=1 -1 6 4 5 9 7 12 13 10 -4 -2 -3 19 -15 -8 -13 -16 -7 -5 -10
right_child=11 2 3 8 -6 18 15 -9 20 -11 -12 16 -14 14 17 -17 -18 -19 -20 -21 -22
leaf_value=-0.52506925622312672 -0.075432387133804846 0.0015027078424733717 0.20455864579435809 -0.0076522744767028375 -0.16796478875228096 0.053854013814965331 -0.012331320358769476 0.20503765051784903 -0.12171548933009255 0.11457564629837265 -0.010044525193330675 0.013532727296178933 -0.40591062597694427 0.27521328264237938 -0.017549889078531288 0.024912509308226249 -0.082401229539427967 0.25653210970060164 0.25851774875974082 -0.36167886383107356 -0.0054475783038905636
leaf_weight=28 98 19 22 31 37 67 57 19 35 88 128 27 73 22 31 25 68 20 22 19 36
leaf_count=28 98 19 22 31 37 67 57 19 35 88 128 27 73 22 31 25 68 20 22 19 36
internal_value=-0.00161845 -0.000303362 -1.40901e-05 0.000859635 0.00220912 0.00290123 -0.00253969 -0.00485951 -0.00167228 0.00157064 -0.000235068 -0.00692476 -0.00674374 0.000315307 0.00294517 0.000601805 -0.00426736 -0.000207254 0.00645601 -0.00352323 -0.00511296
internal_weight=972 779 751 558 364 327 193 111 194 238 150 193 92 123 73 82 95 51 89 50 71
internal_count=972 779 751 558 364 327 193 111 194 238 150 193 92 123 73 82 95 51 89 50 71
is_linear=0
shrinkage=0.0352741


Tree=118
num_leaves=15
num_cat=0
split_feature=14 13 46 1 0 0 100 0 0 100 0 108 76 41
split_gain=6.1956 1.30332 1.23799 1.08618 1.08095 0.993814 1.58554 1.369 1.30748 1.21197 1.10781 0.948796 0.773701 0.558964
threshold=5.5000000000000009 21.500000000000004 0.20833333333333334 29.500000000000004 11.500000000000002 46.500000000000007 764.80000000000007 63.500000000000007 54.500000000000007 944.51666666666677 10.500000000000002 51.105531007491066 697.50000000000011 30.050000000000001
decision_type=2 2 2 2 2 2 2 2 2 2 2 2 2 2
left_child=1 2 5 -2 -3 10 -7 8 -8 -9 -1 13 -6 -5
right_child=3 4 -4 11 12 6 7 9 -10 -11 -12 -13 -14 -15
leaf_value=0.0053445074270131688 -0.071560562376066172 -0.2577733711612149 -0.098525721171290784 -0.080768660089374708 -0.00052228858620222867 0.2189637731804796 -0.0022883041571692981 -0.15765553044219663 0.71384230782059865 0.24191597955616731 -0.1062686758629251 0.24298571477496009 0.079521540284167136 -0.10960738270104901
leaf_weight=60 102 24 65 40 190 30 22 95 19 20 86 19 176 36
leaf_count=60 102 24 65 40 190 30 22 95 19 20 86 19 176 36
internal_value=-0.0017636 -0.000363023 -0.00178565 -0.007357 0.00108519 -0.000913564 0.000796258 -0.000632885 0.00489688 -0.00260587 -0.00309127 -0.00463844 0.00156106 -0.00640004
internal_weight=984 787 397 197 390 332 186 156 41 115 146 95 366 76
internal_count=984 787 397 197 390 332 186 156 41 115 146 95 366 76
is_linear=0
shrinkage=0.0352741


Tree=119
num_leaves=23
num_cat=0
split_feature=14 19 78 37 10 108 108 1 76 11 11 1 108 10 10 11 10 10 10 10 10 0
split_gain=4.81042 1.12589 1.48655 1.18834 1.57269 2.17222 1.18672 1.10944 1.03962 0.988902 0.906678 0.8796 0.873802 0.792327 1.30302 1.52057 1.01179 0.781097 0.667929 1.23957 0.592164 0.589538
threshold=5.5000000000000009 4.5000000000000009 1695.3000000000002 1.0000000180025095e-35 41.729666121590661 43.614843349752441 36.411068404832214 29.500000000000004 256.50000000000006 6.6104166666666666 7.1770833333333339 54.500000000000007 42.02353635107557 58.023835803191055 53.728104713322736 6.0458333333333343 50.293548634936883 41.729666121590661 45.009287807803638 47.384393997634355 45.935583693598069 89.500000000000014
decision_type=2 2 2 2 2 2 2 2 2 2 2 2 2 2 2 2 2 2 2 2 2 2
left_child=1 8 3 9 -5 -6 17 -2 -1 13 -11 -9 -8 14 16 -16 18 -4 -3 20 -20 -12
right_child=7 2 6 4 5 -7 12 11 -10 10 21 -13 -14 -15 15 -17 -18 -19 19 -21 -22 -23
leaf_value=0.016403631449299204 -0.069543419003746096 -0.018760214462045312 0.053943830916043267 0.19134067698639456 -0.067035974619803484 0.48312958509451009 -0.0085710479099810142 0.015904414010461769 -0.23498826928646294 0.21120220993650407 0.66718623605017702 -0.07802154372514003 0.13701063647374589 -0.11853695942360215 0.16280546527716744 -0.02249497760695519 -0.08650005419023149 0.51621024598805965 0.00020136242851322687 -0.051977236270822139 0.028351060608600914 -0.018752533165017345
leaf_weight=20 101 154 20 28 51 24 37 27 50 31 19 67 29 35 38 23 54 19 25 58 22 43
leaf_count=20 101 154 20 28 51 24 37 27 50 31 19 67 29 35 38 23 54 19 25 58 22 43
internal_value=-0.00200779 -0.000768736 -0.000347744 -0.00102023 0.00243012 -0.000234975 0.00352542 -0.00696226 -0.00503489 -0.00172837 0.0015541 -0.00420022 0.000640771 -0.00247487 -0.00199918 0.0027152 -0.00291829 0.00839875 -0.00200159 0.000167877 0.00442245 -0.00090943
internal_weight=975 780 710 605 103 75 105 195 70 502 93 94 66 409 374 61 313 39 259 105 47 62
internal_count=975 780 710 605 103 75 105 195 70 502 93 94 66 409 374 61 313 39 259 105 47 62
is_linear=0
shrinkage=0.0352741


Tree=120
num_leaves=20
num_cat=0
split_feature=14 13 19 76 108 19 101 11 10 10 104 2 108 76 101 101 38 11 81
split_gain=5.91804 1.38679 1.72296 1.61376 1.59221 1.15909 1.05311 1.04973 1.84376 1.12891 1.02099 1.12232 1.05693 0.856806 0.719616 0.935735 0.655614 0.597026 0.581
threshold=5.5000000000000009 21.500000000000004 48.500000000000007 697.50000000000011 46.966008048747376 25.500000000000004 0.99039854561819574 5.541666666666667 53.096272278410993 50.293548634936883 765.09523809523819 109.50000000000001 40.858048493453495 1657.5000000000002 0.97351960629060541 1.1398598852055593 14.550000000000002 3.8312500000000012 7.5625000000000009
decision_type=2 2 2 2 2 2 2 2 2 2 2 2 2 2 2 2 2 2 2
left_child=1 2 7 5 10 17 16 8 9 14 13 -12 -13 -5 -1 -16 -2 -3 -8
right_child=6 3 -4 4 -6 -7 18 -9 -10 -11 11 12 -14 -15 15 -17 -18 -19 -20
leaf_value=-0.18244306415346923 0.036993175509834206 -0.32117091784340357 0.39792997313980788 0.1672051552910801 -0.018231815392271464 0.014448231571931685 -0.066926053928214227 -0.077293286333904032 0.28817250754619317 -0.10663045144605726 0.35053430414488523 0.23186098395233554 0.0059903914180985257 -0.041913302198128388 0.0010428848318887779 -0.064358383594779231 -0.10040600431101232 -0.010013729906366241 -0.12378726199898897
leaf_weight=48 19 28 29 25 34 104 114 94 25 19 32 34 38 19 154 22 19 74 28
leaf_count=48 19 28 29 25 34 104 114 94 25 19 32 34 38 19 154 22 19 74 28
internal_value=-0.00168084 -0.00034864 -0.00183109 0.00114532 0.00356501 -0.000992869 -0.0074443 -0.00249411 -0.00136854 -0.0023075 0.00514605 0.0070508 0.00460144 0.000640484 -0.00160581 -0.00056099 -0.00222437 -0.00366361 -0.00883968
internal_weight=959 779 391 388 182 206 180 362 268 243 148 104 72 44 224 176 38 102 142
internal_count=959 779 391 388 182 206 180 362 268 243 148 104 72 44 224 176 38 102 142
is_linear=0
shrinkage=0.0352741


Tree=121
num_leaves=19
num_cat=0
split_feature=14 19 108 56 41 38 72 40 36 36 77 77 108 46 8 36 108 108
split_gain=5.47067 1.15016 1.36036 1.31253 1.02762 1.35931 0.983945 1.30175 1.04845 1.31287 1.27496 0.877163 0.808313 0.760565 0.737972 0.671418 0.494355 0.630152
threshold=5.5000000000000009 16.500000000000004 24.104741359946239 1.0000000180025095e-35 26.800000000000004 10.65 15.500000000000002 12.750000000000002 16.450000000000003 15.950000000000001 532.50000000000011 434.50000000000006 43.822834918773644 0.20833333333333334 70.729166666666671 7.8500000000000005 27.394623926063144 29.967186247426842
decision_type=2 2 2 2 2 2 2 2 2 2 2 2 2 2 2 2 2 2
left_child=1 2 -1 12 5 14 8 -8 9 10 11 -3 13 16 -2 -12 -4 -18
right_child=4 6 3 -5 -6 -7 7 -9 -10 -11 15 -13 -14 -15 -16 -17 17 -19
leaf_value=0.075849704863659606 -0.071964620029598664 -0.0027454491234831149 -0.16472115433625392 0.085827885631198322 -0.06785405603349251 0.082026390870406751 0.0078744371078971979 0.16127606770514744 -0.044193293736516405 0.3531289931757659 -0.017359880657326847 -0.10457487132785817 -0.43787366247835319 -0.26451693412234201 -0.030972015202978362 0.013762172050272191 0.011364596364961267 -0.0056919534286699203
leaf_weight=29 41 66 20 19 107 27 34 22 44 19 36 40 27 41 19 208 24 137
leaf_count=29 41 66 20 19 107 27 34 22 44 19 36 40 27 41 19 208 24 137
internal_value=-0.00165337 -0.000313114 -0.00203053 -0.00281604 -0.0069436 -0.00409225 0.000774578 0.00515967 0.000179334 0.0007933 0.000302298 -0.00292678 -0.00349824 -0.00279576 -0.00704786 0.00170546 -0.00181183 -0.00116077
internal_weight=960 766 297 268 194 87 469 56 413 369 350 106 249 222 60 244 181 161
internal_count=960 766 297 268 194 87 469 56 413 369 350 106 249 222 60 244 181 161
is_linear=0
shrinkage=0.0352741


Tree=122
num_leaves=10
num_cat=0
split_feature=14 72 13 76 11 108 76 76 76
split_gain=5.97556 1.07429 1.05556 0.972318 0.828727 0.723762 0.893682 1.40094 0.702295
threshold=5.5000000000000009 -1.4999999999999998 1.0000000180025095e-35 2662.5000000000005 7.1437499999999998 33.06854238658569 1095.5000000000002 723.50000000000011 446.50000000000006
decision_type=2 2 2 2 2 2 2 2 2
left_child=1 8 4 5 -2 6 7 -3 -1
right_child=2 3 -4 -5 -6 -7 -8 -9 -10
leaf_value=0.0076921769326505378 -0.087477319532182601 0.0098692244839094969 -0.062682710086992388 0.25311154754487453 0.15063385796472387 -0.0054073928733268583 -0.019783568179314721 0.12734674035017615 -0.12079934865286945
leaf_weight=22 74 96 99 30 21 542 31 21 56
leaf_count=22 74 96 99 30 21 542 31 21 56
internal_value=-0.00211916 -0.000769078 -0.00767068 -0.000342915 -0.00500951 -0.00061341 0.0015724 0.00298322 -0.00469964
internal_weight=992 798 194 720 95 690 148 117 78
internal_count=992 798 194 720 95 690 148 117 78
is_linear=0
shrinkage=0.0352741


Tree=123
num_leaves=10
num_cat=0
split_feature=81 38 104 79 101 79 104 108 101
split_gain=5.37249 1.51285 0.91714 1.02271 0.750386 0.677158 0.632092 0.769182 0.564125
threshold=17.312500000000004 4.1500000000000012 971.95238095238108 12.250000000000002 1.1265196435424163 20.875000000000004 1148.166666666667 54.448357766468462 1.0257021479911923
decision_type=2 2 2 2 2 2 2 2 2
left_child=2 -2 3 8 5 -3 7 -7 -1
right_child=1 4 -4 -5 -6 6 -8 -9 -10
leaf_value=-0.059446520609505109 0.25312195829611955 0.039911698868189294 -0.066290049834220488 6.2802244956847842e-05 -0.11190159643544585 -0.0023364986466041402 0.17479960191441951 -0.35751004676481202 -0.066502321937093781
leaf_weight=117 32 19 54 37 59 557 28 22 35
leaf_count=117 32 19 54 37 59 557 28 22 35
internal_value=-0.00198405 -0.000447654 -0.00651614 -0.00535476 -0.000798104 -0.000439476 -0.000644983 -0.000895469 -0.00663451
internal_weight=960 717 243 189 685 626 607 579 152
internal_count=960 717 243 189 685 626 607 579 152
is_linear=0
shrinkage=0.0352741


Tree=124
num_leaves=14
num_cat=0
split_feature=14 100 109 72 100 100 1 1 10 11 10 72 76
split_gain=5.10813 0.978042 1.62705 1.80033 1.02433 1.13518 0.928747 1.14728 0.831818 0.822045 0.780892 0.680906 0.624209
threshold=5.5000000000000009 866.16666666666686 4.5845612159211706 12.500000000000002 829.62777777777785 848.98888888888894 29.500000000000004 54.500000000000007 47.596102479309245 5.4083333333333341 45.796323798140527 5.5000000000000009 623.00000000000011
decision_type=2 2 2 2 2 2 2 2 2 2 2 2 2
left_child=1 4 8 -4 11 -6 -2 -8 10 -10 -3 -1 -7
right_child=6 2 3 -5 5 12 7 -9 9 -11 -12 -13 -14
leaf_value=-0.024717741365737601 -0.058245597209810318 -0.066156559120709349 -0.0093636197413304069 0.71040556162481217 0.24227646482388146 0.014525155835576781 0.032565026471740088 -0.065733614488732717 -0.2381109568085796 -0.016612473650920452 0.015749059391421537 0.0020837726438554206 -0.0042938445562680297
leaf_weight=142 102 148 36 23 50 40 26 70 55 74 30 149 44
leaf_count=142 102 148 36 23 50 40 26 70 55 74 30 149 44
internal_value=-0.00212916 -0.000860606 -0.00219705 0.00316551 0.000290452 0.00284173 -0.00719519 -0.00470031 -0.00322805 -0.00538435 -0.00166407 -0.000884703 0.000335706
internal_weight=989 791 366 59 425 134 198 96 307 129 178 291 84
internal_count=989 791 366 59 425 134 198 96 307 129 178 291 84
is_linear=0
shrinkage=0.0352741


Tree=125
num_leaves=22
num_cat=0
split_feature=14 72 1 36 0 108 19 0 0 40 0 0 40 0 40 0 0 40 40 40 40
split_gain=7.11965 1.00842 1.6153 0.983028 0.918143 0.962609 1.31888 1.00874 0.648001 0.601501 0.696652 0.955401 0.665592 0.789104 1.43387 1.61152 0.757446 0.623199 0.551528 0.509222 0.481049
threshold=5.5000000000000009 -2.4999999999999996 122.50000000000001 14.750000000000002 3.5000000000000004 24.104741359946239 5.5000000000000009 145.50000000000003 117.50000000000001 17.950000000000003 12.500000000000002 26.500000000000004 14.850000000000003 68.500000000000014 10.450000000000001 93.500000000000014 122.50000000000001 13.450000000000001 8.4500000000000011 8.1500000000000004 5.0500000000000007
decision_type=2 2 2 2 2 2 2 2 2 2 2 2 2 2 2 2 2 2 2 2 2
left_child=1 -1 4 8 18 -6 -7 9 -2 10 -8 -12 13 -13 15 19 -17 -16 -3 -15 -9
right_child=3 2 -4 -5 5 6 7 20 -10 -11 11 12 -14 14 17 16 -18 -19 -20 -21 -22
leaf_value=-0.17372948528094198 -0.059548774910406194 -0.0044351304344797731 0.42361250795107691 -0.0019777121089401082 0.1092701604972086 -0.062087050052152613 0.16551037564976895 -0.038312496635761563 -0.057530386480456067 0.15087586070823558 -0.056225841661884574 0.025068307269195001 -0.12769379503273751 -0.010874064934813224 0.029158019959534948 0.028372671015168886 -0.042813318842014655 -0.033266432234196314 -0.15294488654231281 -0.18757880595279167 -0.11787311951514436
leaf_weight=45 159 31 25 20 26 44 35 21 22 25 50 161 32 48 53 54 29 25 21 21 25
leaf_count=45 159 31 25 20 26 44 35 21 22 25 50 161 32 48 53 54 29 25 21 21 25
internal_value=-0.00150958 3.20229e-05 0.000349797 -0.00742117 3.52204e-05 0.000396729 0.00011889 0.00056652 -0.00824092 0.000999211 0.000735948 0.000380286 0.000925502 0.00132596 -3.46513e-10 -0.00199499 0.00131653 0.00388624 -0.004472 -0.00597613 -0.00444188
internal_weight=972 771 726 201 701 649 623 579 181 533 508 473 423 391 230 152 83 78 52 69 46
internal_count=972 771 726 201 701 649 623 579 181 533 508 473 423 391 230 152 83 78 52 69 46
is_linear=0
shrinkage=0.0352741


Tree=126
num_leaves=9
num_cat=0
split_feature=14 8 60 109 109 109 109 108
split_gain=5.28356 0.87042 0.762563 0.637075 1.8359 0.941805 0.750053 0.528963
threshold=5.5000000000000009 75.750000000000014 0.55000000000000016 4.6394661406641697 4.4766929642081221 4.3703014676857412 5.1584454416311996 38.16924526032583
decision_type=2 2 2 2 2 2 2 2
left_child=2 7 3 4 5 -1 -5 -2
right_child=1 -3 -4 6 -6 -7 -8 -9
leaf_value=-0.0057984127654324988 -0.043776649793118509 -0.032097776170971343 0.10748671477306715 -0.053887066391160997 0.17525623940944671 -0.46226876742610679 -0.01807619500995343 -0.059553741725709444
leaf_weight=584 29 36 31 45 37 27 44 131
leaf_count=584 29 36 31 45 37 27 44 131
internal_value=-0.00253197 -0.00770038 -0.00121245 -0.00144052 -0.00105595 -0.0015182 -0.004238 -0.00881526
internal_weight=964 196 768 737 648 611 89 160
internal_count=964 196 768 737 648 611 89 160
is_linear=0
shrinkage=0.0352741


Tree=127
num_leaves=19
num_cat=0
split_feature=14 1 1 101 1 1 8 8 8 11 53 8 11 8 11 8 8 40
split_gain=4.52993 1.02109 1.20733 0.951983 0.923686 0.832676 0.934933 0.961443 1.1577 0.907612 0.845644 1.12174 3.57165 1.36684 0.891288 0.745867 0.62083 0.601865
threshold=5.5000000000000009 86.500000000000014 122.50000000000001 0.99039854561819574 21.500000000000004 50.500000000000007 72.916666666666671 55.979166666666679 52.770833333333336 4.3625000000000016 1350.5000000000002 55.979166666666679 5.3395833333333345 48.812500000000007 3.1687500000000006 64.812500000000014 58.395833333333336 14.050000000000002
decision_type=2 2 2 2 2 2 2 2 2 2 2 2 2 2 2 2 2 2
left_child=1 5 -3 4 -2 10 7 8 9 -7 11 12 13 14 -1 -9 -13 -12
right_child=3 2 -4 -5 -6 6 -8 15 -10 -11 17 16 -14 -15 -16 -17 -18 -19
leaf_value=-0.36734347413724477 -0.076287536056009866 -0.24278524751744704 0.062481565387237717 -0.054496058410566317 0.074192000852959003 -0.010996074787166124 -0.65548094962986447 0.25885640393757903 -0.01916026528768933 0.014212199449553995 0.015411883101444132 -0.30520198819249633 0.32713089640054155 -0.015867907692662189 0.0036667438300179052 0.0045103848734980604 -0.018965716468133994 -0.0072954204373504618
leaf_weight=20 22 33 29 148 24 23 19 30 19 22 50 24 24 79 231 27 119 21
leaf_count=20 22 33 29 148 24 23 19 30 19 22 50 24 24 79 231 27 119 21
internal_value=-0.0017636 -0.000549684 -0.00488819 -0.00658006 -0.00214436 -0.000169382 0.00226666 0.00340913 0.000440518 0.00352277 -0.000769988 -0.00128448 -0.000219181 -0.00117559 9.83503e-05 0.00673839 -0.00392046 0.0028295
internal_weight=964 770 62 194 46 708 140 121 64 45 568 497 354 330 251 57 143 71
internal_count=964 770 62 194 46 708 140 121 64 45 568 497 354 330 251 57 143 71
is_linear=0
shrinkage=0.0352741


Tree=128
num_leaves=19
num_cat=0
split_feature=14 1 41 41 46 76 36 81 40 104 46 76 108 108 109 36 36 40
split_gain=5.15646 1.40503 1.16135 1.05931 0.909839 1.55575 1.335 1.65384 1.22189 1.19915 1.19771 1.07114 1.06399 0.603617 0.592915 0.564917 0.778645 0.537405
threshold=5.5000000000000009 21.500000000000004 26.800000000000004 15.300000000000002 0.025000000000000005 199.50000000000003 14.550000000000002 140.81250000000003 15.050000000000002 648.857142857143 0.075000000000000011 130.00000000000003 33.477376075818128 38.427694770424019 2.7562798252626739 5.0500000000000007 7.0500000000000007 4.4500000000000011
decision_type=2 2 2 2 2 2 2 2 2 2 2 2 2 2 2 2 2 2
left_child=4 -2 3 -3 9 -6 7 10 -8 14 -7 -11 -12 -14 -1 -13 -17 -4
right_child=1 2 17 -5 5 6 8 -9 -10 11 12 15 13 -15 -16 16 -18 -19
leaf_value=0.056762100920230187 -0.049997959029122858 -0.060846423743404987 -0.038777196171498843 0.13191880032847347 -0.31478145242027372 0.049683659274518538 0.16060216047276457 -0.16834767019116323 0.001442897882161099 0.08798533668527117 0.10223345488446797 0.011545872866417067 -0.029762838436486434 -0.00033419585145113287 -0.009353165401285243 -0.25851253461599488 -0.017558764514152652 -0.075241087061881332
leaf_weight=21 87 25 19 19 26 89 36 42 24 23 43 29 52 71 21 55 247 34
leaf_count=21 87 25 19 19 26 89 36 42 24 23 43 29 52 71 21 55 247 34
internal_value=-0.00201083 -0.00732085 -0.00439748 -0.000160121 -0.00075614 0.000469634 0.00107682 0.000106869 0.00587321 -0.00194157 0.00117553 -0.00261025 -0.000594773 -0.00226448 0.00369017 -0.00312189 -0.00357343 -0.00791119
internal_weight=963 184 97 44 779 383 357 297 60 396 255 354 166 123 42 331 302 53
internal_count=963 184 97 44 779 383 357 297 60 396 255 354 166 123 42 331 302 53
is_linear=0
shrinkage=0.0352741


Tree=129
num_leaves=16
num_cat=0
split_feature=14 19 9 78 38 77 109 78 40 108 11 108 108 36 108
split_gain=5.08781 1.37634 1.13518 1.09564 1.01772 1.04032 0.963625 1.13488 0.93228 1.41042 1.19148 1.62917 0.566097 0.533846 0.520989
threshold=5.5000000000000009 11.500000000000002 51.488095238095248 1234.6500000000003 31.550000000000004 213.50000000000003 2.2954566881985241 2517.3500000000008 12.750000000000002 47.871304559594883 5.4083333333333341 39.174386108470472 33.230876787594084 16.550000000000004 31.645340145276986
decision_type=2 2 2 2 2 2 2 2 2 2 2 2 2 2 2
left_child=2 3 4 -2 5 -1 -7 8 9 12 11 -10 14 -12 -8
right_child=1 -3 -4 -5 -6 6 7 -9 10 -11 13 -13 -14 -15 -16
leaf_value=-0.14900705873103418 -0.052896740273874365 -0.053813490061633197 0.5332360226713232 0.0018880013220679717 -0.091558891169596771 -0.15977317936602459 8.3143917534317987e-05 0.10494048852443044 0.010355181872970942 -0.18827143519717168 0.54206314290966273 -0.067375455705186119 -0.0029073135310931368 0.017961409418472955 0.095737925632028376
leaf_weight=29 19 142 29 34 35 22 91 33 39 36 39 30 329 28 33
leaf_count=29 19 142 29 34 35 22 91 33 39 36 39 30 329 28 33
internal_value=-0.00169072 -0.00678142 -0.000406101 -0.00192794 -0.000673189 -0.000383058 -0.000103739 0.000139368 -0.000197517 -0.000916006 0.00238515 -0.000868326 -0.000381503 0.00573355 0.00164913
internal_weight=968 195 773 53 744 709 680 658 625 489 136 69 453 67 124
internal_count=968 195 773 53 744 709 680 658 625 489 136 69 453 67 124
is_linear=0
shrinkage=0.0352741


Tree=130
num_leaves=23
num_cat=0
split_feature=14 108 13 11 79 109 38 78 41 81 1 78 38 38 19 38 10 79 79 79 79 79
split_gain=4.54596 1.63104 1.35751 1.01895 0.986339 1.02359 1.52078 1.80177 0.972535 0.970942 0.666973 0.665888 0.663823 0.71311 0.603517 0.591153 0.511622 0.56734 1.1375 0.575217 0.959947 0.564831
threshold=5.5000000000000009 35.325575232766724 1.0000000180025095e-35 6.9416666666666673 54.250000000000007 3.4755307933869561 12.950000000000001 1089.4000000000003 34.000000000000007 127.93750000000001 54.500000000000007 1133.0500000000002 9.7500000000000018 6.4500000000000011 11.500000000000002 16.750000000000004 62.981061391084772 183.25000000000003 156.12500000000003 135.12500000000003 130.62500000000003 110.12500000000001
decision_type=2 2 2 2 2 2 2 2 2 2 2 2 2 2 2 2 2 2 2 2 2 2
left_child=1 4 8 16 -1 6 12 -8 10 15 -2 -5 13 -6 -4 -9 17 18 19 20 21 -3
right_child=2 3 14 11 5 -7 7 9 -10 -11 -12 -13 -14 -15 -16 -17 -18 -19 -20 -21 -22 -23
leaf_value=0.059769317082748658 0.067051512663792875 -0.0026975360444565825 -0.050025060409008837 0.16247872185509024 -0.10122667165676257 0.29899040234389962 -0.34237059590950497 0.51080982892238946 -0.055799212411041195 -0.019208561682772761 -0.05097199152127728 0.0026003816967034845 -0.36780464403462576 0.025435603719833187 -0.046449055385279971 0.074122167200788264 -0.10242254610155244 -0.14788077475775158 0.043368883092359617 -0.075348843146162414 0.028395817031279014 -0.019447770476407628
leaf_weight=28 24 211 30 19 23 20 19 22 37 20 35 61 21 27 80 48 22 22 35 50 19 91
leaf_count=28 24 211 30 19 23 20 19 22 37 20 35 61 21 27 80 48 22 22 35 50 19 91
internal_value=-0.00165383 -0.00039087 -0.00629958 -0.00146404 0.00210352 0.00123423 0.000391805 0.00300799 -0.00323146 0.00509179 -0.000418086 0.002203 -0.00362375 -0.00140929 -0.00897403 0.00704885 -0.00211617 -0.00184587 -0.00154627 -0.00211991 -0.00157111 -0.00205531
internal_weight=964 758 206 530 228 200 180 109 96 90 59 80 71 50 110 70 450 428 406 371 321 302
internal_count=964 758 206 530 228 200 180 109 96 90 59 80 71 50 110 70 450 428 406 371 321 302
is_linear=0
shrinkage=0.0352741


Tree=131
num_leaves=16
num_cat=0
split_feature=14 1 0 38 23 19 8 0 100 81 76 8 81 81 101
split_gain=5.95154 1.05853 0.920905 1.20483 1.12694 1.07111 1.0116 0.823303 0.91573 0.886506 0.754268 0.708458 0.594712 0.592408 0.573206
threshold=5.5000000000000009 29.500000000000004 52.500000000000007 4.2500000000000009 -0.60355339059327395 37.500000000000007 41.770833333333336 56.500000000000007 686.08806921675784 166.31250000000003 773.00000000000011 41.270833333333336 147.18750000000003 84.750000000000014 0.99039854561819574
decision_type=2 2 2 2 2 2 2 2 2 2 2 2 2 2 2
left_child=2 -2 4 -4 6 10 -1 -5 -9 12 11 -6 13 -10 -3
right_child=1 14 3 7 5 -7 -8 8 9 -11 -12 -13 -14 -15 -16
leaf_value=-0.018953943194009105 -0.044799755338063074 0.036183772091374536 0.25784156932670332 0.13400355134446157 -0.0013573134769985578 0.048685166729206655 -0.34636001087557056 0.21510941346942117 -0.025799389493099727 0.15204928599574288 0.012152821586796677 -0.045774871323969749 -0.024639935886143157 0.00059521232483211804 -0.056791543438492784
leaf_weight=31 103 22 24 22 62 57 30 22 40 45 37 110 43 265 68
leaf_count=31 103 22 24 22 62 57 30 22 40 45 37 110 43 265 68
internal_value=-0.00155686 -0.00710747 -0.000196948 0.000818621 -0.00162857 -0.000636384 -0.00595034 0.000395468 4.24924e-05 -0.000349996 -0.00180539 -0.00278815 -0.000952644 -0.000404706 -0.00430844
internal_weight=981 193 788 461 327 266 61 437 415 393 209 172 348 305 90
internal_count=981 193 788 461 327 266 61 437 415 393 209 172 348 305 90
is_linear=0
shrinkage=0.0352741


Tree=132
num_leaves=19
num_cat=0
split_feature=14 101 13 78 1 1 100 79 1 100 79 79 79 79 79 79 79 40
split_gain=7.07412 1.18232 1.08302 0.979521 0.735813 1.28918 0.819814 1.13483 0.654176 0.560175 0.608656 1.07974 0.754875 0.651633 0.756905 0.888454 0.530934 0.518612
threshold=5.5000000000000009 1.1695553513333723 1.0000000180025095e-35 2337.1000000000008 122.50000000000001 89.500000000000014 720.12666666666678 94.875000000000014 21.500000000000004 818.53333333333342 20.875000000000004 79.125000000000014 64.875000000000014 175.62500000000003 127.37500000000001 135.12500000000003 84.125000000000014 11.950000000000001
decision_type=2 2 2 2 2 2 2 2 2 2 2 2 2 2 2 2 2 2
left_child=1 3 17 4 5 6 7 -1 -3 -8 -11 12 -12 14 16 -16 -13 -2
right_child=2 8 -4 -5 -6 -7 9 -9 -10 10 11 13 -14 -15 15 -17 -18 -19
leaf_value=0.063851600467334887 -0.054431628528341131 -0.27094021225785619 -0.044283960926331654 0.041849020919078918 0.37963797034955543 -0.32615732653195789 -0.012724708328165475 0.0010603514333121832 -0.047580151577499917 0.0089021940105531022 -0.016435336462577298 0.25468896063270707 -0.090383909422163983 -0.015072494551294323 0.22152607865452356 0.011664756370762877 -0.0044430753390240349 0.071206185224856916
leaf_weight=24 83 19 100 57 23 31 128 53 19 37 44 25 30 32 20 72 176 19
leaf_count=24 83 19 100 57 23 31 128 53 19 37 44 25 30 32 20 72 176 19
internal_value=-0.00137248 0.000133942 -0.00726224 0.000440891 7.61242e-05 -0.000136466 0.000203591 0.00361625 -0.00593165 -0.000262652 0.00033975 -6.18756e-05 -0.00390562 0.000813869 0.00133605 0.00398494 0.000122808 -0.00470048
internal_weight=992 790 202 752 695 672 641 77 38 564 436 399 74 325 293 92 201 102
internal_count=992 790 202 752 695 672 641 77 38 564 436 399 74 325 293 92 201 102
is_linear=0
shrinkage=0.0352741


Tree=133
num_leaves=24
num_cat=0
split_feature=14 19 41 36 40 23 23 36 36 36 36 76 76 76 76 76 76 76 76 76 76 76 76
split_gain=7.17128 1.02458 0.875442 0.839646 0.670237 0.71073 0.962867 1.68285 1.02651 0.731133 0.695835 0.603817 0.754172 0.743555 0.59391 0.995043 0.726523 0.634252 0.532619 0.539671 0.671459 0.491203 0.489578
threshold=5.5000000000000009 11.500000000000002 32.600000000000001 14.750000000000002 -1.2499999999999998 -0.60355339059327395 -0.37940952255126098 14.750000000000002 14.950000000000001 7.9500000000000011 8.8500000000000032 348.50000000000006 205.50000000000003 143.50000000000003 682.50000000000011 516.50000000000011 394.50000000000006 938.50000000000011 1320.5000000000002 818.00000000000011 608.50000000000011 526.50000000000011 264.50000000000006
decision_type=2 2 2 2 2 2 2 2 2 2 2 2 2 2 2 2 2 2 2 2 2 2 2
left_child=4 2 -2 -3 -1 18 8 11 9 -7 -11 12 13 -8 15 16 -13 -16 19 20 21 -6 -14
right_child=1 3 -4 -5 5 6 7 -9 -10 10 -12 14 22 -15 17 -17 -18 -19 -20 -21 -22 -23 -24
leaf_value=-0.22108614692148801 0.02298431424777396 -0.046204817218515888 -0.05588926778967452 -0.076704041770677758 -0.15036974943402961 0.010058411379404511 0.00078935579157657094 0.1456334323806317 -0.014012766849210738 0.3478720828013136 0.082668823762594407 -0.022493023847992108 0.051385685379214646 -0.13449362109886762 0.0041653687153165699 -0.21697207935452037 0.0051184384154030812 -0.013314668358970485 0.0016343329904130314 -0.076667840182217145 0.0069087113654931571 -0.34996939915239261 0.0010473949491635161
leaf_weight=36 27 128 19 22 22 54 30 52 29 19 95 20 31 22 35 44 49 53 46 50 56 19 41
leaf_count=36 27 128 19 22 22 54 30 52 29 19 95 20 31 22 35 44 49 53 46 50 56 19 41
internal_value=-0.00147232 -0.00752047 -0.0029102 -0.00893258 4.39202e-06 0.000225332 0.000847965 -0.000196456 0.00284614 0.00390397 0.00550485 -0.00113942 0.000796131 -0.00243927 -0.00233337 -0.00402476 -0.00137911 -0.000160229 -0.00162613 -0.00266248 -0.00112663 -0.00455324 0.0031329
internal_weight=999 196 46 150 803 767 574 377 197 168 114 325 124 52 201 113 69 88 193 147 97 41 72
internal_count=999 196 46 150 803 767 574 377 197 168 114 325 124 52 201 113 69 88 193 147 97 41 72
is_linear=0
shrinkage=0.0352741


Tree=134
num_leaves=16
num_cat=0
split_feature=14 72 108 8 109 108 108 108 108 40 40 0 108 108 38
split_gain=5.13143 1.04446 0.831934 0.76081 0.755163 2.32446 1.54119 1.33172 1.31115 0.99945 1.1412 0.657046 0.57133 0.620948 0.535115
threshold=5.5000000000000009 -2.4999999999999996 24.104741359946239 75.750000000000014 4.4766929642081221 47.266988326445848 43.914477758052612 42.825487542570066 45.699938279451892 13.750000000000002 5.0500000000000007 88.500000000000014 26.771845146248456 36.210157979798822 14.950000000000001
decision_type=2 2 2 2 2 2 2 2 2 2 2 2 2 2 2
left_child=1 14 -3 11 6 8 7 12 -6 10 -7 -2 -4 -14 -1
right_child=3 2 4 -5 5 9 -8 -9 -10 -11 -12 -13 13 -15 -16
leaf_value=-0.19708614653109949 -0.043899777037990639 0.054448018980417123 -0.21937951942824324 -0.021050649442874315 0.24755183046607226 0.026713696844127787 -0.30174635053448884 0.052423799438026039 0.1436850924639235 0.10892137717714417 -0.18582709869269498 -0.047020206389728002 0.0031832077846283557 -0.0052769034679573624 -0.21034816562641218
leaf_weight=25 123 28 19 33 30 40 49 28 19 28 37 36 207 271 19
leaf_count=25 123 28 19 33 30 40 49 28 19 28 37 36 207 271 19
internal_value=-0.00172804 -0.000484983 -0.00017729 -0.00690571 -0.000406976 0.00178592 -0.000995438 -0.000436678 0.00812481 -0.00117514 -0.00325005 -0.00791708 -0.000858684 -0.000619803 -0.00576436
internal_weight=992 800 756 192 728 154 574 525 49 105 77 159 497 478 44
internal_count=992 800 756 192 728 154 574 525 49 105 77 159 497 478 44
is_linear=0
shrinkage=0.0352741


Tree=135
num_leaves=18
num_cat=0
split_feature=14 78 79 13 1 78 1 2 79 2 2 76 79 109 79 2 9
split_gain=6.12874 1.39031 1.02514 0.992229 0.788871 1.61448 0.856259 1.59973 2.31868 0.903675 0.853393 0.698757 0.613752 0.749665 0.562548 0.548392 0.536447
threshold=5.5000000000000009 2337.1000000000008 78.375000000000014 1.0000000180025095e-35 1.5000000000000002 1391.0000000000002 18.500000000000004 161.50000000000003 165.50000000000003 53.500000000000007 186.50000000000003 234.50000000000003 86.500000000000014 4.1788212744741537 1.8750000000000002 67.500000000000014 35.514880952380956
decision_type=2 2 2 2 2 2 2 2 2 2 2 2 2 2 2 2 2
left_child=1 4 -3 14 5 16 12 9 10 -8 -9 -7 -6 -14 -2 -11 -1
right_child=3 2 -4 -5 6 11 7 8 -10 15 -12 -13 13 -15 -16 -17 -18
leaf_value=0.054782917156303013 -0.015392596359647435 0.16079048645956334 0.0036462203781032561 -0.037448997070828272 0.045557930683050661 0.0010774742435369366 -0.36912209619672798 0.50159481983089937 -0.088625675602435686 0.078425087399635551 0.041889842795814876 -0.071088064171246176 -0.061522585380285849 -0.00079697354709914005 -0.13088782185824893 -0.0050410608062061522 0.0059029394188863868
leaf_weight=57 44 21 43 93 24 21 26 25 27 24 22 31 70 27 52 278 70
leaf_count=57 44 21 43 93 24 21 26 25 27 24 22 31 70 27 52 278 70
internal_value=-0.00153276 -0.00012893 0.0048457 -0.00722053 -0.000582828 0.00143808 -0.00127458 -0.000491308 0.0041914 -0.00154834 0.00891985 -0.00379442 -0.00387534 -0.00512434 -0.00470031 -0.0010043 0.00358129
internal_weight=955 766 64 189 702 179 523 402 74 328 47 52 121 97 96 302 127
internal_count=955 766 64 189 702 179 523 402 74 328 47 52 121 97 96 302 127
is_linear=0
shrinkage=0.0352741


Tree=136
num_leaves=21
num_cat=0
split_feature=14 108 48 40 40 2 2 41 48 0 2 9 2 8 108 108 108 108 2 2
split_gain=5.11645 1.16713 1.31843 1.08844 1.57003 1.10987 1.07249 1.05535 1.03253 1.09128 0.920052 0.879052 0.720283 0.657453 0.620126 1.12694 0.776525 0.68268 0.593804 0.804938
threshold=5.5000000000000009 35.141625283997421 95552.000000000015 11.750000000000002 8.9500000000000011 59.500000000000007 36.500000000000007 27.200000000000003 94673.000000000015 62.500000000000007 114.50000000000001 32.565476190476197 135.50000000000003 47.437500000000007 50.044748916051311 42.600961082210937 44.332824048256789 46.759094725832014 25.500000000000004 65.500000000000014
decision_type=2 2 2 2 2 2 2 2 2 2 2 2 2 2 2 2 2 2 2 2
left_child=1 3 14 4 5 6 -1 8 -2 -10 13 -4 -12 -7 15 -3 -17 -18 -13 -20
right_child=7 2 11 -5 -6 10 -8 -9 9 -11 12 18 -14 -15 -16 16 17 -19 19 -21
leaf_value=0.0045646453085305171 0.014877384575795259 -0.030586879272117729 -0.081172605825724012 0.1231891274798773 -0.14695191327733592 -0.1387065467541703 0.1566883889002316 -0.042515314545391744 -0.041050792405659002 -0.060846479253810593 0.15451458949588476 0.016481973221730294 -0.0011888251369337821 0.13253266031572242 -0.38040828549029387 0.071378319770130649 -0.1418000954077259 0.012892217999818666 -0.021151418841772334 0.0018188818104707513
leaf_weight=32 25 127 29 19 40 53 21 103 35 31 19 31 25 23 22 29 20 26 32 243
leaf_count=32 25 127 29 19 40 53 21 103 35 31 19 31 25 23 22 29 20 26 32 243
internal_value=-0.00162931 -0.000370105 -0.00124298 0.00173285 0.00100992 0.0024663 0.00671454 -0.00676183 -0.00398996 -0.00630092 0.000587611 0.000157915 0.00464351 -0.00176233 -0.00333756 -0.00272334 0.000704924 -0.00214436 0.000714565 0.000192362
internal_weight=985 791 559 232 213 173 53 194 91 66 120 335 44 76 224 202 75 46 306 275
internal_count=985 791 559 232 213 173 53 194 91 66 120 335 44 76 224 202 75 46 306 275
is_linear=0
shrinkage=0.0352741


Tree=137
num_leaves=21
num_cat=0
split_feature=14 76 3 77 2 3 14 83 1 77 77 3 36 8 2 2 77 77 2 3
split_gain=6.57983 1.07839 0.95145 1.08117 1.72649 1.15652 1.24682 0.877435 1.28523 0.846637 0.782793 0.812868 0.755716 0.664059 0.607831 0.988352 0.604519 0.800178 0.602687 0.591587
threshold=5.5000000000000009 2131.5000000000005 128.50000000000003 1096.0000000000002 56.500000000000007 108.50000000000001 4.5000000000000009 1.0000000180025095e-35 72.500000000000014 401.50000000000006 1190.5000000000002 156.50000000000003 14.750000000000002 56.729166666666679 98.500000000000014 158.50000000000003 289.50000000000006 227.00000000000003 18.500000000000004 93.500000000000014
decision_type=2 2 2 2 2 2 2 2 2 2 2 2 2 2 2 2 2 2 2 2
left_child=1 2 3 5 -5 9 -7 12 -9 16 -4 -12 -2 -3 18 -16 17 -1 -11 -6
right_child=7 13 10 4 19 6 -8 8 -10 14 11 -13 -14 -15 15 -17 -18 -19 -20 -21
leaf_value=-0.10629058619586873 -0.039635834714226506 0.09672523751168044 -0.020417798696771284 0.037732614240412576 -0.22287243199060147 0.22384440387977042 0.0059682789489761976 0.041523793253871545 -0.042675551932731079 -0.014901621955091359 -0.16921985682688007 0.24204242498079034 -0.093251412486639124 0.031271797176062197 -0.032087281434995243 0.17168449103514261 -0.060347702882383329 0.12014299747212653 0.02883206889122112 -0.010738094937696065
leaf_weight=24 142 25 185 23 56 40 40 19 19 27 20 28 20 27 70 21 37 29 103 37
leaf_count=24 142 25 185 23 56 40 40 19 19 27 20 28 20 27 70 21 37 29 103 37
internal_value=-0.00133692 0.000106883 -0.00023832 0.000619137 -0.00237067 0.00150636 0.0052872 -0.00705273 -0.00222437 0.000532979 -0.0021038 0.00190832 -0.00818408 0.00501406 0.00170738 -0.000503588 -0.00235006 6.64798e-05 0.00325459 -0.00451069
internal_weight=992 792 740 507 116 391 80 200 38 311 233 48 162 52 221 91 90 53 130 93
internal_count=992 792 740 507 116 391 80 200 38 311 233 48 162 52 221 91 90 53 130 93
is_linear=0
shrinkage=0.0352741


Tree=138
num_leaves=22
num_cat=0
split_feature=14 83 40 21 76 81 11 76 81 109 10 76 76 10 79 48 48 2 108 109 2
split_gain=5.21441 1.2226 1.67889 1.19965 1.77975 1.26761 1.18548 1.12449 1.05236 0.902145 0.940217 0.860964 0.929 0.828445 0.819026 0.676259 0.693026 0.705148 1.08252 0.55772 0.510856
threshold=5.5000000000000009 1.0000000180025095e-35 3.8500000000000001 1.0000000180025095e-35 441.50000000000006 123.31250000000001 4.7500000000000009 2662.5000000000005 96.812500000000014 5.866093910708142 42.020122736429634 1251.5000000000002 613.00000000000011 37.9238017005842 22.250000000000004 95552.000000000015 103437.00000000001 79.500000000000014 45.637466731189996 3.7318891497959048 146.50000000000003
decision_type=2 2 2 2 2 2 2 2 2 2 2 2 2 2 2 2 2 2 2 2 2
left_child=3 -2 -3 4 5 6 14 9 -8 10 13 12 19 -6 -1 20 17 -17 -19 -12 -5
right_child=1 2 -4 15 7 -7 8 -9 -10 -11 11 -13 -14 -15 -16 16 -18 18 -20 -21 -22
leaf_value=0.011735682310711561 -0.03821071550432599 0.040059079005171486 -0.073023512665558399 -0.2132356814462027 -0.010591065552280544 -0.052528764878280017 0.058440006633375133 0.24514441210688762 0.20641028876736056 0.39713550848106788 -0.26704543667781777 -0.10532747618595885 -0.00017193509182737495 0.091309320227605392 -0.0057544171309500394 0.041987824198459034 -0.21596333860584371 0.0034096528591761681 -0.24931523162087774 -0.032443614978982557 -0.0049205740863797094
leaf_weight=26 158 19 19 75 64 19 38 25 19 19 32 61 129 35 53 33 20 49 20 47 20
leaf_count=26 158 19 19 75 64 19 38 25 19 19 32 61 129 35 53 33 20 49 20 47 20
internal_value=-0.00183558 -0.00698072 -0.00129755 -0.000548867 0.000304806 0.00352606 0.00471845 -0.000907407 0.00859299 -0.00137612 -0.00176342 -0.0028449 -0.0017632 0.0011751 0.00191854 -0.00277891 -0.00104037 0.000138249 -0.00188989 -0.00477405 -0.00500951
internal_weight=980 196 38 784 567 155 136 412 57 387 368 269 208 99 79 217 122 102 69 79 95
internal_count=980 196 38 784 567 155 136 412 57 387 368 269 208 99 79 217 122 102 69 79 95
is_linear=0
shrinkage=0.0352741


Tree=139
num_leaves=25
num_cat=0
split_feature=3 9 23 2 11 10 23 9 38 9 10 104 10 58 38 41 38 38 104 10 104 13 104 40
split_gain=4.45932 0.960385 1.45392 1.27491 1.22411 1.33401 1.34299 1.32884 1.40897 1.30092 1.0719 1.07131 0.956791 1.42565 0.94788 0.871712 1.84781 0.868207 0.802384 1.13847 0.756202 0.747667 0.560688 0.554789
threshold=1.5000000000000002 41.020833333333343 -0.60355339059327395 124.50000000000001 7.072916666666667 47.428473982241137 -0.37940952255126098 35.452380952380956 16.350000000000005 29.877976190476193 52.322776863653409 689.11904761904782 48.103098987013361 1.0000000180025095e-35 14.550000000000002 24.650000000000002 18.950000000000003 15.250000000000002 856.83333333333348 52.023049140410201 1115.5714285714289 1.0000000180025095e-35 953.88095238095252 3.4500000000000006
decision_type=2 2 2 2 2 2 2 2 2 2 2 2 2 2 2 2 2 2 2 2 2 2 2 2
left_child=21 2 11 12 5 7 17 9 -9 -4 -8 -2 -3 -14 -11 -12 -17 -7 -13 -20 22 23 -5 -1
right_child=1 3 4 20 -6 6 10 8 -10 14 15 18 13 -15 -16 16 -18 -19 19 -21 -22 -23 -24 -25
leaf_value=0.000498160516370153 0.031536348846428211 0.014165509032533384 -0.00061708657253711329 0.044567735639915819 0.29985651783770062 -0.0057674145165176292 -0.098088202023505947 0.0013169143565171194 -0.12316411136217659 0.0059131954693590191 -0.10244012436651688 -0.26879893640369235 -0.11077772767684461 0.23242070581937885 0.21097081250844241 0.035053499039844227 -0.044968252855839976 0.29820883357584665 0.0063736390615194349 -0.076104243004766994 0.34714200735982481 -0.034244702754933062 -0.12893518207888643 -0.038947232391884419
leaf_weight=22 20 33 80 25 23 36 56 51 20 36 45 67 20 28 43 40 27 29 43 22 21 97 33 54
leaf_count=22 20 33 80 25 23 36 56 51 20 36 45 67 20 28 43 40 27 29 43 22 21 97 33 54
internal_value=-0.00157289 -0.000459679 -0.0010725 0.00198343 -0.000130629 -0.000525616 -0.0024065 0.00137993 -0.00263094 0.00317127 -0.00407188 -0.00408278 0.00509142 0.00190832 0.00638027 -0.00207755 0.000473412 0.00189764 -0.00523532 -0.00243983 -0.00120467 -0.0067059 -0.00328079 -0.00408119
internal_weight=971 798 638 160 486 463 233 230 71 159 168 152 81 48 79 112 67 65 132 65 79 173 58 76
internal_count=971 798 638 160 486 463 233 230 71 159 168 152 81 48 79 112 67 65 132 65 79 173 58 76
is_linear=0
shrinkage=0.0352741


Tree=140
num_leaves=20
num_cat=0
split_feature=3 78 101 101 78 101 13 41 105 105 41 41 38 38 78 101 78 78 78
split_gain=4.98015 0.883885 2.06737 1.01789 1.17704 0.897175 0.767336 0.761229 1.42715 1.42722 1.19512 1.44771 1.14024 1.02641 0.894952 0.790229 0.615247 0.681714 0.55878
threshold=1.5000000000000002 2216.2500000000005 1.1455008278391798 1.0657388209866234 1229.9000000000003 1.0707069032467993 1.0000000180025095e-35 17.100000000000005 0.96225414570011447 1.0894609636384625 26.450000000000006 28.600000000000005 5.6500000000000012 4.1500000000000012 1151.6500000000003 1.019321145834976 1220.45 1136.5500000000002 1005.85
decision_type=2 2 2 2 2 2 2 2 2 2 2 2 2 2 2 2 2 2 2
left_child=6 3 5 7 -5 -3 -1 8 -2 12 16 -12 13 -10 18 -16 17 -9 -13
right_child=1 2 -4 4 -6 -7 -8 10 9 -11 11 14 -14 -15 15 -17 -18 -19 -20
leaf_value=-0.037840668104564663 -0.11860612326137171 0.0062465849669951579 -0.10721744834101821 -0.00030059354465449922 -0.095715746217047371 0.16048380285512789 -0.03084136761169155 -0.029331910954457575 0.088647826861106713 -0.014705044113641277 0.15401783883091949 0.0025190739970961276 0.20440410959748373 -0.18598356364816016 -0.0033415401052764066 0.30566126385549769 -0.20473716248015347 0.030689174331297028 -0.070948874809403775
leaf_weight=78 35 24 23 40 46 36 104 46 22 35 42 30 47 21 176 25 71 19 54
leaf_count=78 35 24 23 40 46 36 104 46 22 35 42 30 47 21 176 25 71 19 54
internal_value=-0.00163685 -0.000427533 0.00301527 -0.000830788 -0.00442672 0.00646054 -0.00689752 -0.000334025 0.00176305 0.00352574 -0.00105885 9.70666e-05 0.00587515 0.00172032 -0.00080433 0.000473691 -0.00383698 -0.00135546 -0.00386063
internal_weight=974 792 83 709 86 60 182 623 160 125 463 327 90 43 285 201 136 65 84
internal_count=974 792 83 709 86 60 182 623 160 125 463 327 90 43 285 201 136 65 84
is_linear=0
shrinkage=0.0352741


Tree=141
num_leaves=18
num_cat=0
split_feature=14 21 48 48 36 83 40 38 38 79 38 109 38 109 10 38 109
split_gain=4.10347 1.02319 0.930406 0.92558 0.894622 0.95703 1.26804 0.699171 0.913825 0.780415 0.98841 0.834933 0.679886 0.697394 0.578292 0.544009 0.704692
threshold=5.5000000000000009 1.0000000180025095e-35 95552.000000000015 102115.00000000001 14.65 1.0000000180025095e-35 3.8500000000000001 3.0500000000000003 5.9500000000000011 168.12500000000003 14.750000000000002 3.9543343320965096 9.0500000000000025 3.3183039148843467 47.000131632910445 24.850000000000005 4.154941210142935
decision_type=2 2 2 2 2 2 2 2 2 2 2 2 2 2 2 2 2
left_child=1 7 -3 14 5 -2 -7 -1 -9 10 12 -12 13 -10 -4 16 -13
right_child=4 2 3 -5 -6 6 -8 8 9 -11 11 15 -14 -15 -16 -17 -18
leaf_value=-0.096382681663970515 -0.034983721929064744 -0.099183049107951213 0.010024117900330389 -0.088936003662658317 -0.049848656772317597 0.028654680954949253 -0.066478340280813494 0.18316982956786743 -0.21071641636962973 -0.23689204396150013 -0.00022018365969144659 0.14252414318642562 -0.015723717619131061 0.020896700661328149 -0.019420177503151462 0.0049551494186225991 0.19339535967238947
leaf_weight=19 134 94 44 41 24 20 21 35 26 30 180 19 132 48 41 32 40
leaf_count=19 134 94 44 41 24 20 21 35 26 30 180 19 132 48 41 32 40
internal_value=-0.00215951 -0.00100711 -0.00304558 -0.00106332 -0.00668059 -0.00755618 -0.00283504 -0.000207473 2.60292e-05 -0.000354787 -7.39445e-06 0.00139244 -0.00184879 0.000857331 0.00103675 0.00414491 0.00615184
internal_weight=980 781 220 126 199 175 41 561 542 507 477 271 206 74 85 91 59
internal_count=980 781 220 126 199 175 41 561 542 507 477 271 206 74 85 91 59
is_linear=0
shrinkage=0.0352741


Tree=142
num_leaves=23
num_cat=0
split_feature=14 108 109 38 38 109 108 10 36 108 46 38 38 38 81 10 81 81 109 38 72 72
split_gain=3.30072 1.12256 2.33317 1.1287 1.22465 1.09635 1.1167 1.02975 0.939971 0.883331 0.878004 1.10694 0.753584 1.02859 0.847142 0.641556 0.616129 0.563117 0.528557 0.498474 0.485362 0.633899
threshold=5.5000000000000009 33.06854238658569 3.1612393604328286 23.850000000000005 12.950000000000001 3.5280417039502212 36.708280983956875 47.596102479309245 6.0500000000000007 34.047589882235513 0.20833333333333334 25.950000000000003 7.6500000000000012 6.1500000000000012 122.19642857142858 42.713090605220323 100.68750000000001 39.375000000000007 3.2569443938128013 20.850000000000005 1.5000000000000002 -1.0000000180025095e-35
decision_type=2 2 2 2 2 2 2 2 2 2 2 2 2 2 2 2 2 2 2 2 2 2
left_child=1 2 3 4 -1 7 -7 9 -2 -3 11 12 13 14 -8 -11 -12 -14 -4 -18 21 -19
right_child=8 5 18 -5 -6 6 10 -9 -10 15 16 -13 17 -15 -16 -17 19 20 -20 -21 -22 -23
leaf_value=-0.11167910952536117 -0.0021556633323480292 -0.11237451694422006 0.21479253913401219 -0.21147530365391251 0.046007890522733644 0.19322004294914352 -0.090557239636795003 -0.073980703356494273 -0.032758367053428779 -0.010753838080683822 -0.00026689416521587402 0.018338411573498959 0.040522899288510508 0.28279539337863674 0.17005565754854582 0.022514675755623832 -0.32619001247459473 -0.21847572317553049 0.090750275755293486 -0.0080484806960986824 -0.015786140663323581 0.0062027397533275857
leaf_weight=50 31 20 19 28 55 30 35 42 160 43 27 35 23 30 27 30 32 28 20 22 158 43
leaf_count=50 31 20 19 28 55 30 35 42 160 43 27 35 23 30 27 30 32 28 20 22 158 43
internal_value=-0.0017993 -0.000801021 0.00172209 -0.000503692 0.00117514 -0.00149548 -0.000719793 -0.00430939 -0.00596335 -0.00223639 -0.00115009 -0.000437368 -0.00104574 0.00168594 -0.00090943 -0.000434534 -0.00448219 -0.00204318 0.00930184 -0.00665558 -0.00257173 -0.000148921
internal_weight=988 797 172 133 105 625 490 135 191 93 460 379 344 92 62 73 81 252 39 54 229 71
internal_count=988 797 172 133 105 625 490 135 191 93 460 379 344 92 62 73 81 252 39 54 229 71
is_linear=0
shrinkage=0.0352741


Tree=143
num_leaves=14
num_cat=0
split_feature=14 1 41 38 11 12 12 9 106 9 11 11 38
split_gain=5.33723 1.30047 0.886952 0.880073 0.799945 0.616353 2.22693 0.73285 1.14817 0.891887 0.834776 0.816217 0.725349
threshold=5.5000000000000009 21.500000000000004 33.650000000000006 3.0500000000000003 3.3270833333333338 3.8199404761904767 3.9178571428571431 23.398809523809529 53.504761904761914 29.806547619047624 4.6083333333333352 7.3083333333333345 25.950000000000003
decision_type=2 2 2 2 2 2 2 2 2 2 2 2 2
left_child=3 -2 -3 -1 -5 7 -7 -6 -9 10 -10 -11 -8
right_child=1 2 -4 4 5 6 12 8 9 11 -12 -13 -14
leaf_value=-0.084937281916428437 -0.029842256004553085 -0.029162700988056039 -0.051409455794976189 -0.28986184224846334 0.12317867581333873 0.4707624078141403 -0.0065822972904134606 -0.21836647838272438 -0.0014368140636740298 -0.0045625780728765471 0.27570455030684193 0.2196125110265634 0.0075351376400354395
leaf_weight=31 90 66 42 29 21 21 113 20 35 450 38 24 23
leaf_count=31 90 66 42 29 21 21 113 20 35 450 38 24 23
internal_value=-0.00147348 -0.00666089 -0.00404777 -0.00019717 3.64558e-05 0.000260392 0.00222345 -0.00026393 -0.000503863 -0.000199887 0.00342798 -0.000758968 0.000570361
internal_weight=1003 198 108 805 774 745 157 588 567 547 73 474 136
internal_count=1003 198 108 805 774 745 157 588 567 547 73 474 136
is_linear=0
shrinkage=0.0352741


Tree=144
num_leaves=22
num_cat=0
split_feature=14 81 105 38 11 9 76 105 38 41 41 1 11 12 41 41 41 76 76 76 76
split_gain=4.26647 1.23212 1.90116 1.46622 1.20968 1.085 1.19749 1.05023 1.11265 1.28514 1.24739 0.851792 0.674652 0.566268 0.560061 0.517381 0.517252 0.507267 0.771481 0.766816 0.529955
threshold=5.5000000000000009 164.56250000000003 1.113710448990423 14.550000000000002 4.7666666666666675 35.514880952380956 329.50000000000006 0.9744734345547067 18.150000000000002 38.70000000000001 42.650000000000006 20.500000000000004 3.5750000000000006 3.1232142857142859 27.550000000000001 30.050000000000001 48.800000000000004 402.50000000000006 302.50000000000006 501.50000000000006 566.50000000000011
decision_type=2 2 2 2 2 2 2 2 2 2 2 2 2 2 2 2 2 2 2 2 2
left_child=1 3 -3 12 5 -5 -7 13 15 -10 -11 -2 -1 -6 17 -9 -12 18 -14 -19 -21
right_child=11 2 -4 4 7 6 -8 8 9 10 16 -13 14 -15 -16 -17 -18 19 -20 20 -22
leaf_value=-0.23480450170305489 -0.028111312841115395 0.22528766115150969 -0.022654899934164197 0.0018791402462782329 -0.14999259887669991 0.0010589910255709798 -0.065403469475021569 0.027847777723701242 -0.045162276226755949 0.27256586125508242 -0.0025316484078676195 -0.040718576324977551 -0.0059407846047719653 0.00028666405685587722 -0.033698967793505959 0.34242950230033187 0.031189718556381158 0.099960234028866543 -0.058760147874152097 -0.18911307306057462 -0.0034718566671375537
leaf_weight=32 87 30 23 93 23 20 40 24 22 21 23 99 62 26 22 31 34 19 31 29 187
leaf_count=32 87 30 23 93 23 20 40 24 22 21 23 99 62 26 22 31 34 19 31 29 187
internal_value=-0.0016013 -0.000472068 0.00472012 -0.000844793 0.000780445 -0.00159018 -0.00528589 0.00255836 0.00398104 0.00176266 0.00388624 -0.00640798 -0.00236355 -0.00194133 -0.00191456 0.00800821 0.00117458 -0.00154834 -0.00375259 -0.000675291 -0.00127344
internal_weight=978 792 53 739 357 153 60 204 155 100 78 186 382 49 350 55 57 328 93 235 216
internal_count=978 792 53 739 357 153 60 204 155 100 78 186 382 49 350 55 57 328 93 235 216
is_linear=0
shrinkage=0.0352741


Tree=145
num_leaves=12
num_cat=0
split_feature=3 104 60 36 89 60 19 40 36 108 108
split_gain=4.16151 1.30207 1.14209 1.12463 1.27553 1.08837 1.02179 0.981882 0.84762 0.718672 0.719179
threshold=1.5000000000000002 615.69047619047626 0.55000000000000016 14.550000000000002 1.0000000180025095e-35 0.25000000000000006 33.500000000000007 1.9500000000000002 5.9500000000000011 38.66536647125006 45.400932855358583
decision_type=2 2 2 2 2 2 2 2 2 2 2
left_child=5 7 3 4 -3 8 9 -2 -1 -5 -11
right_child=1 2 -4 6 -6 -7 -8 -9 -10 10 -12
leaf_value=-0.013515936524512592 -0.048264792341270901 -0.0043334888050159566 0.18602887191611789 0.04123381524670236 -0.097752462626965353 0.005735069343092823 0.12268328401354342 0.12875654423961086 -0.030064606125544874 -0.021454210337874171 0.30982973961750754
leaf_weight=28 21 532 22 24 72 21 29 26 136 56 28
leaf_count=28 21 532 22 24 72 21 29 26 136 56 28
internal_value=-0.00161294 -0.000522541 -0.000873695 -0.00110907 -0.00176353 -0.00638543 0.00177581 0.00517202 -0.00735328 0.000195859 -0.00134283
internal_weight=995 810 763 741 604 185 137 47 164 108 84
internal_count=995 810 763 741 604 185 137 47 164 108 84
is_linear=0
shrinkage=0.0352741


Tree=146
num_leaves=21
num_cat=0
split_feature=81 108 36 109 46 40 9 23 46 104 108 46 109 104 104 109 104 104 104 108
split_gain=2.31515 1.76101 1.68612 1.53964 1.24824 1.20619 1.20139 0.954557 0.994855 1.16902 1.28647 0.996662 0.985228 0.953576 0.642807 0.553473 0.487175 0.65478 0.803797 0.481654
threshold=17.312500000000004 24.104741359946239 5.9500000000000011 5.1584454416311996 1.0000000180025095e-35 0.65000000000000002 37.291666666666679 -0.60355339059327395 0.058333333333333341 694.7380952380953 47.014463772425053 1.0000000180025095e-35 4.040898299982298 689.11904761904782 901.92857142857156 4.2711145095300465 984.4761904761906 888.00000000000011 839.57142857142878 38.107609102142675
decision_type=2 2 2 2 2 2 2 2 2 2 2 2 2 2 2 2 2 2 2 2
left_child=2 -2 5 7 -5 -1 19 13 9 -9 11 16 -10 -3 -15 -14 17 18 -11 -4
right_child=1 3 6 4 -6 -7 -8 8 12 10 -12 -13 15 14 -16 -17 -18 -19 -20 -21
leaf_value=-0.038277985612080852 0.050560794275825383 0.0090685854687259128 -0.041229515560363833 -0.016075219436792985 0.54637423077406222 0.054407424010626981 -0.0054236711143946029 -0.046562278454763448 -0.12360344394242168 0.030029226958687576 -0.17853513793085291 0.10994699811323679 0.12125027897288455 -0.20260307116266196 -0.014203450287424202 -0.02105048471744075 -0.12587681602743001 0.0062374070824370593 -0.10624435397347154 -0.035044269411996141
leaf_weight=22 27 21 51 27 19 19 78 41 116 54 30 76 20 84 66 37 27 44 28 80
leaf_count=22 27 21 51 27 19 19 78 41 116 54 30 76 20 84 66 37 27 44 28 80
internal_value=-0.00215571 -0.00113635 -0.00507827 -0.00148241 0.00474822 0.00146047 -0.00636104 -0.00192785 -0.00111103 0.000117557 0.000993984 0.00189414 -0.00324084 -0.00418606 -0.00517149 0.00055638 0.000253506 0.00117525 -0.000687778 -0.00842427
internal_weight=967 717 250 690 46 41 209 644 473 300 259 229 173 171 150 57 153 126 82 131
internal_count=967 717 250 690 46 41 209 644 473 300 259 229 173 171 150 57 153 126 82 131
is_linear=0
shrinkage=0.0352741


Tree=147
num_leaves=23
num_cat=0
split_feature=14 8 42 79 10 10 10 2 76 10 9 19 2 9 2 9 2 76 76 76 76 19
split_gain=3.39411 1.07106 1.05379 0.777928 1.10242 0.976791 1.18784 1.51153 1.02064 0.872285 0.847566 0.771341 0.743706 0.727293 0.670729 0.620403 0.612326 0.504928 1.23056 0.5841 0.561844 0.483773
threshold=5.5000000000000009 75.750000000000014 57.188166666666675 185.37500000000003 75.092922880140279 47.384393997634355 45.935583693598069 8.5000000000000018 757.50000000000011 48.231006790562382 35.380952380952387 6.5000000000000009 120.50000000000001 36.854166666666679 146.50000000000003 30.273809523809529 36.500000000000007 697.50000000000011 1251.5000000000002 2131.5000000000005 753.00000000000011 21.500000000000004
decision_type=2 2 2 2 2 2 2 2 2 2 2 2 2 2 2 2 2 2 2 2 2 2
left_child=2 11 3 4 5 6 7 -1 12 -7 15 -2 16 -8 -14 -10 -9 -11 20 -20 -19 -13
right_child=1 -3 -4 -5 -6 9 13 8 10 17 -12 21 14 -15 -16 -17 -18 18 19 -21 -22 -23
leaf_value=0.039227283563434738 -0.0040947294087567603 0.0012153489441007008 -0.29204790850107526 -0.084488531139330275 0.2333111023154717 -0.10515470068072527 0.0034411588286893868 -0.18025318322244732 0.037298877538991727 -0.022436114015933852 -0.017889522632577991 -0.042103897993117846 -0.18135383798617211 0.11228050500187427 -0.014278718243109991 0.20083952701368887 0.0010370614109046119 0.52342319897965539 -0.061829308339707692 -0.0046136417345412038 0.0073025048738649331 -0.025439872074256648
leaf_weight=19 26 28 19 30 39 26 22 27 25 171 25 63 27 19 22 22 124 19 36 34 92 83
leaf_count=19 26 28 19 30 39 26 22 27 25 171 25 63 27 19 22 22 124 19 36 34 92 83
internal_value=-0.00153387 -0.00564218 -0.000503879 -0.000303362 -8.00554e-05 -0.000397422 0.000998546 0.000206026 -0.000466762 -0.00162347 0.0031329 -0.00668337 -0.00176318 0.00661509 -0.00553638 0.00592158 -0.000537077 -0.00116225 0.000136374 -0.00352443 0.00244564 -0.00767987
internal_weight=998 200 798 779 749 710 332 291 272 378 72 172 200 41 49 47 151 352 181 70 111 146
internal_count=998 200 798 779 749 710 332 291 272 378 72 172 200 41 49 47 151 352 181 70 111 146
is_linear=0
shrinkage=0.0352741


Tree=148
num_leaves=19
num_cat=0
split_feature=14 108 84 40 36 36 36 76 76 108 108 12 108 108 108 108 108 108
split_gain=3.21934 1.40822 0.840349 1.48945 0.800049 1.50048 0.814612 0.834389 0.79528 0.863836 1.66857 0.651406 0.498272 1.31835 1.20044 0.764565 0.565044 0.575684
threshold=5.5000000000000009 24.104741359946239 1.0000000180025095e-35 3.8500000000000001 17.850000000000005 16.350000000000005 14.750000000000002 727.50000000000011 2879.0000000000005 33.06854238658569 32.170744524264805 3.9407738095238098 39.970544211768811 44.332824048256789 45.286997191750821 38.66536647125006 42.530442257068579 41.589254176740759
decision_type=2 2 2 2 2 2 2 2 2 2 2 2 2 2 2 2 2 2
left_child=1 -1 11 -4 5 6 8 -8 9 10 -3 -2 15 16 -15 -11 17 -14
right_child=2 4 3 -5 -6 -7 7 -9 -10 12 -12 -13 13 14 -16 -17 -18 -19
leaf_value=0.10166905633769761 -0.029803072690794477 -0.0070763676654222868 0.042019017623514829 -0.057695917983048302 0.12867476258674809 -0.1166995650517363 0.11772956224729697 -0.0256263040326128 0.19467447613299349 -0.011271256389584278 0.20388046876975868 -0.0041844360752480757 0.0038527251863117572 -0.56482366103526416 -0.0186884808205223 -0.073510999620078996 0.013813297958098558 -0.091036785255562663
leaf_weight=25 121 98 19 22 24 38 48 19 19 191 22 29 55 23 107 43 40 27
leaf_count=25 121 98 19 22 24 38 48 19 19 191 22 29 55 23 107 43 40 27
internal_value=-0.00149088 -0.000484473 -0.0055941 -0.00111683 -0.000757819 -0.000966336 -0.00059125 0.00310348 -0.000987581 -0.00121061 0.00146903 -0.00681697 -0.00187235 -0.000783685 -0.00325459 -0.00304426 0.00184955 0.000171944
internal_weight=970 779 191 41 754 730 692 67 625 606 120 150 486 252 130 234 122 82
internal_count=970 779 191 41 754 730 692 67 625 606 120 150 486 252 130 234 122 82
is_linear=0
shrinkage=0.0352741


Tree=149
num_leaves=22
num_cat=0
split_feature=14 11 78 72 11 60 0 2 72 23 0 78 78 78 78 72 107 0 0 0 0
split_gain=2.84244 1.06044 1.59527 0.941375 1.58567 0.861505 0.881402 1.38161 1.2834 1.38389 1.63569 0.932152 0.885491 0.783595 0.93159 0.782899 0.869165 0.679892 0.662392 1.08322 0.687503
threshold=5.5000000000000009 7.1437499999999998 1283.3500000000001 4.5000000000000009 5.9687500000000009 0.65000000000000002 23.500000000000004 8.5000000000000018 16.500000000000004 -0.60355339059327395 145.50000000000003 1404.6500000000003 1290.4500000000003 1500.8500000000001 2037.2500000000002 9.5000000000000018 1.1673152066108974 65.500000000000014 52.500000000000007 63.500000000000007 126.50000000000001
decision_type=2 2 2 2 2 2 2 2 2 2 2 2 2 2 2 2 2 2 2 2 2
left_child=5 3 -3 4 -2 6 7 -1 9 18 11 12 -11 -13 -15 16 -9 -10 -8 -20 -21
right_child=1 2 -4 -5 -6 -7 8 15 17 10 -12 13 -14 14 -16 -17 -18 -19 19 20 -22
leaf_value=0.0025087214840766149 0.00097901445439862685 0.20528536652416876 -0.013078743182246999 -0.029147584790530579 -0.025914913388043883 0.13656356869483738 -0.29143792063848639 -0.0029308603902916761 -0.0012728561182569187 0.0040968080233832662 -0.042808125109639023 -0.18863707557810352 0.090211455566022045 0.013864246618506925 -0.0095272513152315965 -0.19530323744907299 -0.28577573405112283 0.1662866131766812 0.036781763532028548 -0.05740900289659473 0.013912659968263796
leaf_weight=36 43 20 20 86 32 23 57 71 22 171 48 30 43 48 46 32 23 29 22 74 22
leaf_count=36 43 20 20 86 32 23 57 71 22 171 48 30 43 48 46 32 23 29 22 74 22
internal_value=-0.0013925 -0.00514043 0 -0.00641709 -0.00352462 -0.000446979 -0.000647098 -0.0029602 -3.45795e-05 -0.000521826 0.000657861 0.00152341 0.0029332 -0.000909865 0.000675035 -0.004701 -0.00307516 0.00531951 -0.00312322 -0.00161343 -0.00323146
internal_weight=998 201 40 161 75 797 774 162 612 561 386 338 214 124 94 126 94 51 175 118 96
internal_count=998 201 40 161 75 797 774 162 612 561 386 338 214 124 94 126 94 51 175 118 96
is_linear=0
shrinkage=0.0352741


Tree=150
num_leaves=22
num_cat=0
split_feature=14 108 12 19 37 58 38 38 10 12 108 108 108 9 9 36 36 108 108 108 40
split_gain=3.31931 1.04759 1.35446 1.31833 1.07413 0.945867 1.18082 0.795961 1.22105 0.727828 0.920879 0.833978 0.717317 0.68352 0.661689 0.659924 0.754258 0.643537 0.562502 0.8557 0.544882
threshold=5.5000000000000009 32.927643812196791 3.1083333333333338 20.500000000000004 1.0000000180025095e-35 0.26827446907513119 10.450000000000001 6.4500000000000011 44.34070632164363 3.8199404761904767 43.822834918773644 49.017950320306419 50.89356199656536 32.380952380952387 37.375000000000007 5.7500000000000009 14.65 47.145846461234434 38.848528298028903 40.270348842116071 2.1500000000000008
decision_type=2 2 2 2 2 2 2 2 2 2 2 2 2 2 2 2 2 2 2 2 2
left_child=1 3 13 4 -1 9 7 8 -7 14 -11 -12 17 20 -4 -2 -17 18 -8 -20 -3
right_child=15 2 5 -5 -6 6 12 -9 -10 10 11 -13 -14 -15 -16 16 -18 -19 19 -21 -22
leaf_value=-0.0029957238860565893 -0.013529989047704796 0.0033060616046670238 -0.0037242745400360368 0.11330659199600453 0.027486794795337312 0.010897276427098177 -0.055152582219233831 0.16238954716743248 -0.03953657537964566 0.037720102598936114 -0.099755832129972744 0.17583949866142434 0.52024114593630277 -0.18496065100134251 -0.12217961566879311 -0.026102185075959922 -0.047709146129367844 -0.11730161278527776 0.02041674393765899 -0.0022287454232440547 -0.023712599013049316
leaf_weight=106 28 23 111 22 23 19 49 44 26 22 32 19 19 28 52 142 25 25 19 89 60
leaf_count=106 28 23 111 22 23 19 49 44 26 22 32 19 19 28 52 142 25 25 19 89 60
internal_value=-0.00139581 -0.00037599 -0.0010022 0.00226506 0.000901946 -0.000254804 0.00109449 0.00447564 0.00117426 -0.00191269 0.00101391 -0.00158895 -0.000403515 -0.0045419 -0.00322327 -0.00551555 -0.00635553 -0.001085 -0.00024705 0.00117516 -0.00293033
internal_weight=983 788 637 151 129 526 290 89 45 236 73 51 201 111 163 195 167 182 157 108 83
internal_count=983 788 637 151 129 526 290 89 45 236 73 51 201 111 163 195 167 182 157 108 83
is_linear=0
shrinkage=0.0352741


end of trees

feature_importances:
food_tickets_count_roll_mean_24=256
orders_count_ewma_168=183
wind_speed_kmh=152
orders_count_lag_24h=149
orders_count_lag_168h=142
suffolk_footfall_lag_24h=141
orders_count_roll_std_24=139
orders_count_same_wd_hour_roll8=136
orders_count_roll_mean_24=130
orders_count_roll_mean_168=126
temp_c=117
orders_count_lag_48h=116
suffolk_footfall_roll_24h=115
apparent_temp_c=108
orders_count_trend_21d=105
orders_count_same_slot_4w_avg=92
suffolk_footfall_lag_168h=87
orders_count_lag_336h=80
orders_count_trend_90d=79
week_of_year=77
weekday=74
days_from_payday=74
hour=72
wind_gusts_kmh=71
food_tickets_count_ewma_168=67
orders_count_yoy_ratio=64
hour_sin=58
food_tickets_count_roll_mean_168=55
orders_count_trend_ratio_21_90=41
afternoon_rain_mm=22
food_tickets_count_trend_21d=14
is_match_tomorrow=9
rain_mm=8
airport_arrivals=8
weekend_x_music=8
tourism_pressure=7
food_tickets_count_trend_90d=7
month_sin=6
month_cos=6
cruise_passenger_estimate=6
rain_x_weekend=6
match_kickoff_proximity=6
food_tickets_count_trend_ratio_21_90=6
school_holiday_flag=5
hour_cos=5
sunshine_duration_min=4
month=3
tv_sports_flag=3
is_friday_saturday=2
weekday_sin=2
hours_since_food_close=2
christmas_market_flag=2
days_until_next_match=2
is_match_in_2_days=2
rainy_day_flag=1
st_patricks_week_flag=1
tv_sports_intensity=1
rag_week_flag=1
food_tickets_count_yoy_ratio=1

parameters:
[boosting: gbdt]
[objective: quantile]
[metric: quantile]
[tree_learner: serial]
[device_type: cpu]
[data_sample_strategy: bagging]
[data: ]
[valid: ]
[num_iterations: 1000]
[learning_rate: 0.0352741]
[num_leaves: 29]
[num_threads: 0]
[seed: 42]
[deterministic: 0]
[force_col_wise: 0]
[force_row_wise: 0]
[histogram_pool_size: -1]
[max_depth: -1]
[min_data_in_leaf: 19]
[min_sum_hessian_in_leaf: 0.001]
[bagging_fraction: 0.820846]
[pos_bagging_fraction: 1]
[neg_bagging_fraction: 1]
[bagging_freq: 1]
[bagging_seed: 400]
[bagging_by_query: 0]
[feature_fraction: 0.967161]
[feature_fraction_bynode: 1]
[feature_fraction_seed: 30056]
[extra_trees: 0]
[extra_seed: 12879]
[early_stopping_round: 0]
[early_stopping_min_delta: 0]
[first_metric_only: 0]
[max_delta_step: 0]
[lambda_l1: 4.81839e-07]
[lambda_l2: 0.0592608]
[linear_lambda: 0]
[min_gain_to_split: 0.474589]
[drop_rate: 0.1]
[max_drop: 50]
[skip_drop: 0.5]
[xgboost_dart_mode: 0]
[uniform_drop: 0]
[drop_seed: 17869]
[top_rate: 0.2]
[other_rate: 0.1]
[min_data_per_group: 100]
[max_cat_threshold: 32]
[cat_l2: 10]
[cat_smooth: 10]
[max_cat_to_onehot: 4]
[top_k: 20]
[monotone_constraints: ]
[monotone_constraints_method: basic]
[monotone_penalty: 0]
[feature_contri: ]
[forcedsplits_filename: ]
[refit_decay_rate: 0.9]
[cegb_tradeoff: 1]
[cegb_penalty_split: 0]
[cegb_penalty_feature_lazy: ]
[cegb_penalty_feature_coupled: ]
[path_smooth: 0]
[interaction_constraints: ]
[verbosity: -1]
[saved_feature_importance_type: 0]
[use_quantized_grad: 0]
[num_grad_quant_bins: 4]
[quant_train_renew_leaf: 0]
[stochastic_rounding: 1]
[linear_tree: 0]
[max_bin: 255]
[max_bin_by_feature: ]
[min_data_in_bin: 3]
[bin_construct_sample_cnt: 200000]
[data_random_seed: 175]
[is_enable_sparse: 1]
[enable_bundle: 1]
[use_missing: 1]
[zero_as_missing: 0]
[feature_pre_filter: 1]
[pre_partition: 0]
[two_round: 0]
[header: 0]
[label_column: ]
[weight_column: ]
[group_column: ]
[ignore_column: ]
[categorical_feature: ]
[forcedbins_filename: ]
[precise_float_parser: 0]
[parser_config_file: ]
[objective_seed: 16083]
[num_class: 1]
[is_unbalance: 0]
[scale_pos_weight: 1]
[sigmoid: 1]
[boost_from_average: 1]
[reg_sqrt: 0]
[alpha: 0.7]
[fair_c: 1]
[poisson_max_delta_step: 0.7]
[tweedie_variance_power: 1.5]
[lambdarank_truncation_level: 30]
[lambdarank_norm: 1]
[label_gain: ]
[lambdarank_position_bias_regularization: 0]
[eval_at: ]
[multi_error_top_k: 1]
[auc_mu_weights: ]
[num_machines: 1]
[local_listen_port: 12400]
[time_out: 120]
[machine_list_filename: ]
[machines: ]
[gpu_platform_id: -1]
[gpu_device_id: -1]
[gpu_device_id_list: ]
[gpu_use_dp: 0]
[num_gpu: 1]

end of parameters

pandas_categorical:null
