tree
version=v4
num_class=1
num_tree_per_iteration=1
label_index=0
max_feature_idx=111
objective=quantile
feature_names=orders_count_lag_24h orders_count_lag_48h orders_count_lag_168h orders_count_lag_336h food_tickets_count_lag_24h food_tickets_count_lag_48h food_tickets_count_lag_168h food_tickets_count_lag_336h orders_count_roll_mean_24 orders_count_roll_mean_168 orders_count_roll_std_24 food_tickets_count_roll_mean_24 food_tickets_count_roll_mean_168 hour weekday month quarter is_weekend is_friday_saturday week_of_year bank_holiday_flag school_holiday_flag payday_period_flag hour_sin hour_cos weekday_sin weekday_cos month_sin month_cos is_food_service is_breakfast_window is_lunch_window is_dinner_window is_after_food_close hours_since_food_close is_live_music_window temp_c rain_mm wind_speed_kmh weather_severity_flag apparent_temp_c wind_gusts_kmh sunshine_duration_min uv_index precip_probability rainy_day_flag afternoon_rain_mm outdoor_weather_flag airport_arrivals airport_arrivals_lag1 airport_arrivals_zscore cruise_ship_flag ships_in_port_count cruise_passenger_estimate major_sports_event_flag city_event_flag st_patricks_week_flag event_intensity tourism_pressure weekend_x_music rain_x_weekend aviva_event_flag croke_park_event_flag nearby_venue_event_flag event_impact_score bloomsday_flag bloomsday_week_flag summer_tourism_flag christmas_market_flag new_years_eve_flag new_years_day_flag college_term_flag days_from_payday failte_event_count failte_free_event_count failte_festival_count suffolk_footfall_lag_24h suffolk_footfall_lag_168h suffolk_footfall_roll_24h orders_count_same_slot_4w_avg food_tickets_count_same_slot_4w_avg orders_count_same_wd_hour_roll8 food_tickets_count_same_wd_hour_roll8 tv_sports_flag tv_sports_intensity match_kickoff_proximity is_ireland_match_window days_until_next_match is_match_tomorrow is_match_in_2_days post_lecture_window fresher_week_flag rag_week_flag exam_period_flag is_business_lunch_hour is_after_work_window budget_day_flag cheltenham_festival_flag sunny_afternoon late_night_x_fri_sat orders_count_trend_90d orders_count_yoy_ratio food_tickets_count_trend_90d food_tickets_count_yoy_ratio orders_count_trend_21d orders_count_trend_ratio_21_90 food_tickets_count_trend_21d food_tickets_count_trend_ratio_21_90 orders_count_ewma_168 food_tickets_count_ewma_168 event_impact_score_max_28d data_gap_recent_28d
feature_infos=[0:332] [0:332] [0:332] [0:332] [0:44.899999999999999] [0:44.899999999999999] [0:44.899999999999999] [0:44.899999999999999] [0:141.04166666666666] [16.029761904761905:73.571428571428569] [0:553.66183990863453] [0.22916666666666666:12.2125] [1.4982142857142857:6.6267857142857141] [17:20] [0:6] [1:12] [1:4] [0:1] [0:1] [1:52] [0:1] [0:1] [0:1] [-1:-0.8660254037844386] [-0.25881904510252063:0.50000000000000011] [-0.97492791218182362:0.97492791218182362] [-0.90096886790241903:1] [-1:1] [-1:1] none none none none none none none [-1.2:26.600000000000001] [0:5.0999999999999996] [0.5:50.799999999999997] [0:1] [-5.5999999999999996:27.199999999999999] [1.8:98.599999999999994] [0:60] none none [0:1] [0:2.3999999999999999] [0:1] [92076:106153] [92076:106153] [-1.4025495109404003:1.3141332182536836] [0:1] [0:2] [0:3592] [0:1] [0:1] [0:1] [0:3] [-1.4025495109404003:2.3141332182536836] none [0:5.0999999999999996] [0:1] none [0:1] [0:4] [0:1] [0:1] [0:1] [0:1] [0:1] [0:1] [0:1] [-4:19] none none none [41:5729] [41:5729] [61:3157.5999999999999] [7.5:208.25] [2:32.625] [7.5:165.25] [2.2124999999999999:27.724999999999998] [0:1] [0:3] [0:99] [0:1] [0:7] [0:1] [0:1] [0:1] [0:1] [0:1] [0:1] none [0:1] [0:1] [0:1] [0:1] none [552.44444444444446:985.56666666666672] [0.78467064901517591:1.72744513997161] [51.727777777777781:92.285555555555561] [0.78448275862068961:1.7267807436126854] [494.76190476190476:1358.7619047619048] [0.58689070313912151:1.4191041197263163] [46.323809523809523:127.25238095238095] [0.58688910965157481:1.4188795379683676] [15.886649637446896:76.991590150450449] [1.5120916398920403:7.4978102264959237] [0:4] none
tree_sizes=1698 1851 1832 1858 1811 1838 1855 1831 1800 1839 1851 1882 1846 1806 1859 1865 1833 1861 1856 1860 1856 1836 1844 1843 1826 1831 1809 1817 1813 1880 1891 1878 1895 1843 1878 1860 1856 1854 1805 1865 1837 1852 1871 1829 1839 1845 1826 1804 1821 1859 1896 1831 1852 1882 1841 1799 1879 1832 1840 1875 1837 1766 1819 1798 1861 1807 1861 1813 1817 1858 1856 1823 1882 1848 1800 1842 1854 1871 1832 1821 1831 1852 1842 1876 1823 1834 1900 1832 1822 1836 1823 1824 1847 1700 1854 1292 1883 1815 1854 1816 1657 1904 1845 1862 1686 1846 1844 1825 1805 1407 1666 1688 1493 1878 1580 1658 1125 1332 1862 1894 1492 1853 1497 1830 1498 1642 1416 1853 1512 1338 1587 1838 1823 1785 1383 1766 1499 1392 1427 1847 1795 1627 1845 1187 1494 1236 1344 1554 863 1787 1675 1328 1134 1655 1383 1127 1423 1309 1420 1876 1335 1497 1878 1341 762 1668 1199 1399 1110 1026 1494 1777 1858 1501 1500 1203 1463 1142 1243 1275 1118 1807 1414 1573 1425 1288 1236 1209 978 1328 1068 1052 745 1390 1232 887 1308 786 1692 1507 1250 1497 1275 859 1131 1311 1379 941 1041 972 1326 630 1316 691 1385 784 1058 1048 894 1656 596 1071 1520 862 856 1236 784 778 886 783 1059 969 954 603 1326 1315 998 983 859 763 1148 796 613 709 598 871 1061 796 703 788 1036 956 699 1045 877 702 873 598 616 792 812 1150 676 864 767 697 1252 690 859 854 929 1361 1035 426 600 428 804 703 891 426 985 814 610 949 882 611 918 965 979 691 1386 701 1257 1219 701 884 604 445 1282 785 610 933 629 936 870 1044 440 940 862 611 1115 697 533 858 577 706 600 512 524 614 531 705 523 551 1149 686 427 1068 785 803 966 870 868 529 715 703 1097 514 428 1602

Tree=0
num_leaves=19
num_cat=0
split_feature=11 26 26 11 11 11 109 76 104 8 78 81 81 104 11 101 82 5
split_gain=147.626 30.5623 13.8614 7.96584 6.70929 6.27265 3.95677 3.75055 3.56207 3.39296 2.86594 2.23092 3.08921 2.19766 3.53335 2.38424 2.36114 2.09566
threshold=3.8020833333333344 -0.22252093395631442 -0.56174490092936669 2.6854166666666677 4.3895833333333343 5.3729166666666677 2.8315591247243503 1350.5000000000002 1060.261904761905 43.145833333333336 1087.1500000000003 82.937500000000014 95.854166666666671 820.90476190476204 5.0937500000000009 0.9047639150503215 9.8062500000000039 6.9500000000000011
decision_type=2 2 2 2 2 2 2 2 2 2 2 2 2 2 2 2 2 2
left_child=2 4 3 -1 7 8 -5 -2 -3 -9 -7 17 -13 14 15 -6 -17 -8
right_child=1 5 -4 6 13 10 11 9 -10 -11 -12 12 -14 -15 -16 16 -18 -19
leaf_value=89.710777777947584 89.984777777786718 89.817333333440573 89.43677777810845 89.884311094484431 89.939111111146858 89.931499988245122 89.943677768919159 90.334888888692277 90.38816666190219 90.158311048957813 90.70022219459166 90.321188880897409 90.127866658970149 90.730666666237681 90.759588878099535 89.91779999859655 90.456666660954667 90.149177766076562
leaf_weight=162 22 119 947 47 6.9999999999999991 13.999999999999998 50 68 26 19 51 44 43 270 58 4.9999999999999991 31 17
leaf_count=162 22 119 947 47 7 14 50 68 26 19 51 44 43 270 58 5 31 17
internal_value=90 90.0057 89.997 89.9995 90.0078 90.0009 90.0016 90.0045 89.9991 90.0059 90.0048 90.0027 90.0044 90.0088 90.0069 90.0036 90.0052 90.0007
internal_weight=2000 690 1310 363 480 210 201 109 145 87 65 154 87 371 101 43 36 67
internal_count=2000 690 1310 363 480 210 201 109 145 87 65 154 87 371 101 43 36 67
is_linear=0
shrinkage=1


Tree=1
num_leaves=19
num_cat=0
split_feature=11 26 26 11 11 6 1 2 19 104 104 6 105 11 5 36 7 23
split_gain=144.574 25.099 22.5892 9.231 3.19847 2.8831 2.57654 2.54709 2.29947 2.15958 2.2376 2.08707 1.9771 1.97506 2.2742 1.56032 1.39376 1.73937
threshold=4.2020833333333343 -0.22252093395631442 -0.22252093395631442 3.027083333333334 5.3729166666666677 15.850000000000003 72.500000000000014 55.500000000000007 49.500000000000007 922.83333333333337 1080.6190476190479 12.950000000000001 1.3428370423821041 3.9812500000000002 5.8500000000000005 16.750000000000004 3.4500000000000006 -0.98296291314453399
decision_type=2 2 2 2 2 2 2 2 2 2 2 2 2 2 2 2 2 2
left_child=2 11 3 16 5 -3 -6 -5 15 -8 -11 -2 13 14 -9 -4 -1 -18
right_child=1 4 8 7 6 -7 9 12 -10 10 -12 -13 -14 -15 -16 -17 17 -19
leaf_value=0.28449148785072986 0.56579983392427924 -0.088552740690382631 -0.55464872807445342 -0.15502785038018987 -0.51299228721482759 0.34594021160336902 0.70232111200465597 0.020713091299348532 -0.0888487352435261 0.029384863307944827 1.2527854985993894 0.69391952272412605 0.56345391772007059 0.34927693096866219 0.22037880130025331 -0.25020428380875248 0.0017610037249472874 -0.24340713485858456
leaf_weight=8.9999999999999982 98 88 800 22 6.9999999999999991 4.9999999999999991 20 86 39 20.000000000000004 5.9999999999999991 315 10.999999999999998 35 68 161 51 158
leaf_count=9 98 88 800 22 7 5 20 86 39 20 6 315 11 35 68 161 51 158
internal_value=-8.14756e-05 0.00648858 -0.00263208 0.000242134 0.00106307 -0.000637953 0.00404568 0.00242675 -0.00389668 0.00535479 0.00245396 0.00840618 0.00296755 0.00260074 0.00185765 -0.00404373 -0.00198259 -0.00223542
internal_weight=1999 559 1440 440 146 93 53 222 1000 46 26 413 200 189 154 961 218 209
internal_count=1999 559 1440 440 146 93 53 222 1000 46 26 413 200 189 154 961 218 209
is_linear=0
shrinkage=0.0152222


Tree=2
num_leaves=19
num_cat=0
split_feature=11 26 26 11 11 11 5 1 71 11 108 8 8 4 3 11 78 76
split_gain=133.346 27.7549 17.7372 12.1892 4.65249 4.43697 2.64084 2.54548 2.47186 3.75067 2.5189 1.92571 1.79486 2.20886 1.75525 1.78962 1.725 1.61044
threshold=4.3895833333333343 -0.22252093395631442 -0.22252093395631442 3.7020833333333338 5.7479166666666677 2.5354166666666673 7.8500000000000005 197.50000000000003 1.0000000180025095e-35 2.9187500000000002 45.875372744780115 45.270833333333336 25.812500000000004 8.6500000000000004 71.500000000000014 4.616666666666668 1087.1500000000003 1407.5000000000002
decision_type=2 2 2 2 2 2 2 2 2 2 2 2 2 2 2 2 2 2
left_child=1 3 -2 5 7 -1 12 14 9 -3 -11 17 -7 -14 -4 -16 -6 -5
right_child=2 8 4 11 16 6 -8 -9 -10 10 -12 -13 13 -15 15 -17 -18 -19
leaf_value=-0.24262684168126789 0.70880519264160535 -0.44428450737460534 -0.18030467767110739 0.20430635995420002 -0.066382374225635865 0.26315355439336457 0.27398677115153086 0.8152578354735881 -0.56142796409867324 0.08233894829819266 -0.35387806867046662 -0.065575249130282481 -0.10519619958973078 0.14452553589816672 -0.067625189620804119 0.25225077889983055 0.82423751223828667 0.35169499209896232
leaf_weight=142 369 200 46 20 8.9999999999999982 31 35 4.9999999999999991 694 76 35 9.9999999999999982 123 17 7.9999999999999991 30 30 94
leaf_count=142 369 200 46 20 9 31 35 5 694 76 35 10 123 17 8 30 30 94
internal_value=3.70112e-05 -0.002258 0.00685694 0.000786817 0.00197331 -0.000673516 0.000753513 5.12332e-05 -0.00368798 -0.00255944 -0.000315231 0.00488378 -2.66729e-05 -0.000760801 -0.000579489 0.00184009 0.00635362 0.00544546
internal_weight=1974 1477 497 472 128 348 206 89 1005 311 111 124 171 140 84 38 39 114
internal_count=1974 1477 497 472 128 348 206 89 1005 311 111 124 171 140 84 38 39 114
is_linear=0
shrinkage=0.0152222


Tree=3
num_leaves=19
num_cat=0
split_feature=11 26 26 6 11 19 56 12 11 108 9 2 80 11 82 76 76 1
split_gain=132.712 28.0972 13.1018 7.24662 5.97899 4.7507 4.9198 2.26772 2.2564 2.24443 2.22572 2.09555 1.73661 1.76709 1.69027 1.6573 1.53775 2.09578
threshold=3.8020833333333344 -0.22252093395631442 -0.56174490092936669 13.050000000000002 2.8979166666666671 50.500000000000007 1.0000000180025095e-35 2.7062500000000007 4.5562500000000012 26.466893141593452 31.187500000000004 125.50000000000001 4.6125000000000016 1.9520833333333336 8.4937500000000021 2206.5000000000005 2814.5000000000005 55.500000000000007
decision_type=2 2 2 2 2 2 2 2 2 2 2 2 2 2 2 2 2 2
left_child=2 3 4 9 12 6 11 -5 15 -2 -6 -3 13 -1 -12 -9 17 -11
right_child=1 5 -4 7 10 -7 -8 8 -10 16 14 -13 -14 -15 -16 -17 -18 -19
leaf_value=-0.75692110962416326 -0.21248011435663786 -0.064271899035749064 -0.55034244165513724 0.30427924450455812 -0.13147274301276915 0.72150405626806824 2.3027145273532739 0.28719170236355918 0.69775144822314694 0.27014712761025245 -0.037796825079711847 0.13219195300591471 -0.26240670040244407 0.28994310161161546 0.18540421658101741 0.56624123015996919 0.5705329515455948 0.3617691708973908
leaf_weight=6.0000000000000027 5.9999999999999991 171 923 15.999999999999998 30 18 11.999999999999998 21 252 69 35 9.9999999999999982 185 11.999999999999998 86 27 26 49
leaf_count=6 6 171 923 16 30 18 12 21 252 69 35 10 185 12 86 27 26 49
internal_value=-0.000211888 0.00523631 -0.00310034 0.00732284 -0.000610508 0.000627473 -7.09437e-05 0.00863093 0.00892883 0.00456507 0.00168292 -0.000697814 -0.00231647 0.00219227 0.00260299 0.00589221 0.00494543 0.00420359
internal_weight=1954 677 1277 466 354 211 193 316 300 150 151 181 203 18 121 48 144 118
internal_count=1954 677 1277 466 354 211 193 316 300 150 151 181 203 18 121 48 144 118
is_linear=0
shrinkage=0.0152222


Tree=4
num_leaves=19
num_cat=0
split_feature=11 26 26 11 12 11 5 11 100 104 82 77 76 77 67 11 2 5
split_gain=121.033 30.3205 18.4324 9.67017 6.74678 5.69087 3.6268 2.82373 2.29612 2.25091 2.19706 2.05529 1.96214 1.85397 1.83511 2.15478 1.577 1.5478
threshold=3.9812500000000002 -0.22252093395631442 -0.56174490092936669 2.6708333333333338 5.2735119047619046 5.0812500000000007 7.8500000000000005 5.4208333333333352 761.52777777777794 849.2380952380953 11.068750000000003 2095.5000000000005 4339.5000000000009 2522.5000000000005 1.0000000180025095e-35 2.964583333333334 84.500000000000014 5.8500000000000005
decision_type=2 2 2 2 2 2 2 2 2 2 2 2 2 2 2 2 2 2
left_child=2 5 3 -1 7 8 10 -3 9 -2 17 -12 -10 -13 -4 -16 -9 -5
right_child=1 4 14 6 -6 -7 -8 16 12 -11 11 13 -14 -15 15 -17 -18 -19
leaf_value=-0.27342668682143662 0.036742768713798835 -0.086657779507674504 -0.57494879235870489 -0.079068649681942285 0.93012410208768792 0.79412593645750895 0.31858462129652104 0.31008432720591095 0.43421329347402149 0.48347693870370301 -0.010618335240013479 0.29300273858815284 -0.081597309187804626 0.13047797054020829 -0.29637924787934317 0.0023665112886030815 -0.09407740967549795 0.087599679002352951
leaf_weight=166 28 142 832 80 17 226 36 40 152 5.9999999999999991 25 18 5.9999999999999991 31 99 51 8.9999999999999982 45
leaf_count=166 28 142 832 80 17 226 36 40 152 6 25 18 6 31 99 51 9 45
internal_value=-0.00024776 0.00530545 -0.00276147 -1.13763e-05 0.000556038 0.00766842 0.0019752 -0.000262909 0.00573849 0.00214565 0.00117003 0.00324784 0.00651065 0.00505832 -0.0038844 -0.00233325 0.002886 -6.083e-05
internal_weight=2009 626 1383 401 208 418 235 191 192 34 199 74 158 49 982 150 49 125
internal_count=2009 626 1383 401 208 418 235 191 192 34 199 74 158 49 982 150 49 125
is_linear=0
shrinkage=0.0152222


Tree=5
num_leaves=19
num_cat=0
split_feature=11 18 81 19 19 11 6 11 77 11 105 11 82 2 5 19 105 105
split_gain=128.321 21.1677 17.297 6.73301 5.06841 4.70651 4.09179 2.97585 2.55075 2.40568 2.36677 2.303 2.0699 1.75356 1.86453 1.73924 1.68511 2.09871
threshold=3.9812500000000002 1.0000000180025095e-35 76.312500000000014 48.500000000000007 9.5000000000000018 5.2520833333333341 11.750000000000002 5.3729166666666677 1986.5000000000002 2.3104166666666672 1.1334836649614679 4.2312500000000011 10.068750000000003 88.500000000000014 24.850000000000005 27.500000000000004 1.0118870191064318 0.93306499198161219
decision_type=2 2 2 2 2 2 2 2 2 2 2 2 2 2 2 2 2 2
left_child=2 3 9 7 -4 8 10 -2 11 -1 -6 -3 -7 14 -5 -13 17 -8
right_child=1 5 4 13 6 12 16 -9 -10 -11 -12 15 -14 -15 -16 -17 -18 -19
leaf_value=-0.62815560532987458 -0.061237274533578225 -0.027103253018506069 -0.14857109772069629 -0.043093019192535685 -0.021194641549147374 0.44038575311571154 0.16105054969813656 0.39784814522353995 0.38771272423766118 -0.249605911802431 0.50110291805196916 0.34385017228915188 0.83683753902556612 0.84466203818471319 0.53329990602152877 0.4896424747352679 0.2982299666396856 -0.068156771959572121
leaf_weight=573 118 17 80 11.000000000000002 106 5.9999999999999991 11.999999999999998 49 116 499 6.9999999999999991 30 199 23 8.9999999999999982 38 59 25
leaf_count=573 118 17 80 11 106 6 12 49 116 499 7 30 199 23 9 38 59 25
internal_value=-0.000100861 0.00566337 -0.00270992 0.00173924 0.000595073 0.00769261 0.00184222 0.000355354 0.00603431 -0.0036009 -0.000121146 0.00402693 0.00931661 0.00710691 0.00379558 0.00527895 0.00415213 0.00160216
internal_weight=1977 616 1361 210 289 406 209 167 201 1072 113 85 205 43 20 68 96 37
internal_count=1977 616 1361 210 289 406 209 167 201 1072 113 85 205 43 20 68 96 37
is_linear=0
shrinkage=0.0152222


Tree=6
num_leaves=19
num_cat=0
split_feature=11 26 26 4 11 11 11 19 23 104 100 1 19 38 8 104 67 11
split_gain=126.485 24.9841 20.3481 7.49617 5.40072 4.62231 3.78973 3.59897 3.05213 2.7568 2.86369 2.51026 2.18884 2.11297 2.0303 1.86316 1.6279 1.49293
threshold=4.0062500000000014 -0.22252093395631442 -0.56174490092936669 7.8500000000000005 6.5333333333333341 5.3270833333333352 2.0729166666666674 49.500000000000007 -0.98296291314453399 838.7380952380953 796.53333333333342 59.500000000000007 11.500000000000002 30.850000000000005 19.104166666666668 1086.2380952380954 1.0000000180025095e-35 3.6062500000000006
decision_type=2 2 2 2 2 2 2 2 2 2 2 2 2 2 2 2 2 2
left_child=2 5 3 6 7 9 -1 13 12 10 -2 -5 -8 -3 -10 16 -4 -17
right_child=1 4 15 11 -6 -7 8 -9 14 -11 -12 -13 -14 -15 -16 17 -18 -19
leaf_value=-0.49585889421228058 0.051652732374902852 -0.06509433630797358 -0.54812108942782423 0.1025629816246139 1.9590938609539392 0.84236567943189444 -0.027636967301973514 0.50721654109294378 0.24561657349290572 0.48536188193453866 0.40344915471696463 0.30380399328991153 0.34067210305173234 0.21875890135022497 -0.05214039936191172 -0.52381824962647705 -0.21830977663572509 0.11533125158350974
leaf_weight=70 35 142 788 43 20 195 15.999999999999998 15.999999999999998 7.9999999999999991 151 55 32 28 5.9999999999999991 196 25 151 12.999999999999998
leaf_count=70 35 142 788 43 20 195 16 16 8 151 55 32 28 6 196 25 151 13
internal_value=-0.000107086 0.00559738 -0.00268879 0.000236232 0.000893205 0.00758228 -0.000784905 -1.85321e-05 9.81702e-05 0.00616967 0.00405689 0.00456348 0.00373191 -0.000760818 -0.000686299 -0.00386533 -0.00399905 -0.000559949
internal_weight=1990 620 1370 393 184 436 318 164 248 241 90 75 44 148 204 977 939 38
internal_count=1990 620 1370 393 184 436 318 164 248 241 90 75 44 148 204 977 939 38
is_linear=0
shrinkage=0.0152222


Tree=7
num_leaves=19
num_cat=0
split_feature=11 26 26 11 109 11 23 81 7 81 19 2 3 6 100 28 77 36
split_gain=121.516 24.7843 15.7043 7.87917 6.43346 4.81988 4.21064 2.98184 2.6394 2.52737 2.44491 2.26407 2.0498 1.86252 1.68388 1.60552 1.59183 1.52993
threshold=3.9500000000000006 -0.22252093395631442 -0.56174490092936669 2.5354166666666673 6.2389501660187792 4.3895833333333343 -0.98296291314453399 102.56250000000001 15.65 91.562500000000014 42.500000000000007 19.500000000000004 91.500000000000014 5.1500000000000012 751.58333333333348 0.25000000000000017 3137.5000000000005 22.150000000000002
decision_type=2 2 2 2 2 2 2 2 2 2 2 2 2 2 2 2 2 2
left_child=2 5 3 -1 11 9 7 16 13 -2 12 -3 -7 -8 -15 -11 -5 -4
right_child=1 4 17 6 -6 10 8 -9 -10 15 -12 -13 -14 14 -16 -17 -18 -19
leaf_value=-0.26467127563501558 0.42303483612688181 0.3778696019302239 -0.46595927129292092 0.26283336205221319 1.295340652161791 0.407744814207186 0.27955252330275632 -0.052764773068097848 0.28204661123878921 -0.055854403304186777 1.0300360958608896 -0.010714276789211868 0.56148261108567776 -0.23443117834717475 -0.0049788963609492644 0.29908014449890918 0.011953520419875227 0.15141512446773059
leaf_weight=138 32 6.9999999999999991 922 44 17 70 11.999999999999998 17 7.9999999999999991 25 81 178 223 22 141 29 8.9999999999999982 4.9999999999999991
leaf_count=138 32 7 922 44 17 70 12 17 8 25 81 178 223 22 141 29 9 5
internal_value=-9.22515e-05 0.00522849 -0.00276484 -0.000206299 0.000783498 0.00718011 0.00138956 0.00456325 0.000174609 0.00392706 0.00792748 -4.11069e-05 0.00727732 -0.000217372 -0.000644147 0.00191497 0.00634115 -0.00384393
internal_weight=1980 662 1318 391 202 460 253 70 183 86 374 185 293 175 163 54 53 927
internal_count=1980 662 1318 391 202 460 253 70 183 86 374 185 293 175 163 54 53 927
is_linear=0
shrinkage=0.0152222


Tree=8
num_leaves=19
num_cat=0
split_feature=18 8 10 26 109 26 19 12 76 12 8 5 4 109 6 78 58 9
split_gain=115.098 17.3959 10.8656 10.6358 7.97785 4.14165 4.09029 3.56369 3.21961 3.32947 3.26025 3.28985 2.87414 2.82992 2.67304 2.46801 2.2643 2.47962
threshold=1.0000000180025095e-35 40.520833333333336 32.493407886322863 -0.22252093395631442 5.9650830945018054 -0.22252093395631442 40.500000000000007 2.6321428571428576 1568.5000000000002 2.7842261904761911 61.000000000000007 5.1500000000000012 6.0500000000000007 3.9740843813817057 10.350000000000003 971.95000000000016 1.5348503553932937 29.383928571428573
decision_type=2 2 2 2 2 2 2 2 2 2 2 2 2 2 2 2 2 2
left_child=2 7 5 6 13 14 12 -2 10 -10 11 -3 -4 -5 -1 -15 17 -9
right_child=1 8 3 4 -6 -7 -8 16 9 -11 -12 -13 -14 15 -16 -17 -18 -19
leaf_value=-0.21806573495400944 -0.077164972105852381 0.41699023879198183 -0.14365036234799372 -0.32318414065734657 1.1850385825354115 -0.51651623640536493 0.80032744989946913 0.28367125432009382 0.36400814271733617 0.58813442502599922 0.85131351064571781 -0.008366199123814845 0.31193093905393682 -0.18124491205681831 0.18976058561093043 -0.0038079643359788017 -0.28167481541763539 0.17211935240356216
leaf_weight=175 37 22 23 206 28 695 18 9.9999999999999982 46 271 28 33 48 56 32 184 8.9999999999999982 117
leaf_count=175 37 22 23 206 28 695 18 10 46 271 28 33 48 56 32 184 9 117
internal_value=-7.02068e-05 0.00571379 -0.0023326 -0.00067317 -0.00157985 -0.00336827 0.00415373 0.00168008 0.00745792 0.0081572 0.00478373 0.00262676 0.00250658 -0.00207489 -0.00147771 -0.000951168 0.00281949 0.00334271
internal_weight=2038 573 1465 563 474 902 89 173 400 317 83 55 71 446 207 240 136 127
internal_count=2038 573 1465 563 474 902 89 173 400 317 83 55 71 446 207 240 136 127
is_linear=0
shrinkage=0.0152222


Tree=9
num_leaves=19
num_cat=0
split_feature=11 26 26 11 19 57 11 76 19 104 67 11 81 81 3 11 77 78
split_gain=112.602 24.7167 12.9878 7.20474 6.14264 4.76873 4.74641 3.29464 2.99779 2.74481 2.32278 1.97629 1.88045 2.62807 1.92254 1.72408 1.58915 1.4653
threshold=3.8020833333333344 -0.22252093395631442 -0.56174490092936669 2.6708333333333338 49.500000000000007 1.5000000000000002 5.1562500000000009 1373.0000000000002 45.500000000000007 719.9761904761906 1.0000000180025095e-35 2.964583333333334 86.812500000000014 93.937500000000014 84.500000000000014 4.7333333333333352 2066.5000000000005 971.95000000000016
decision_type=2 2 2 2 2 2 2 2 2 2 2 2 2 2 2 2 2 2
left_child=2 6 3 -1 5 17 7 15 12 -9 -4 -12 -5 14 -14 -2 -8 -3
right_child=1 4 10 8 -6 -7 16 9 -10 -11 11 -13 13 -15 -16 -17 -18 -19
leaf_value=-0.25759349828838363 -0.050192265883797889 -0.11468240977672546 -0.57248554445360944 -0.046241934572895847 0.5792090693881935 2.6378601829608526 0.62720291841321574 0.35811855254111963 0.36275237306864716 0.41457497506550012 -0.22980208780483058 0.047929962171102312 0.062536065563160728 0.10564953696936767 0.34790431579060815 0.33863113199945438 0.83069834317818703 -0.0094530943726030374
leaf_weight=168 21 27 779 101 21 8.9999999999999982 108 27 10.999999999999998 176 87 48 12.000000000000002 59 17 11.999999999999998 104 159
leaf_count=168 21 27 779 101 21 9 108 27 11 176 87 48 12 59 17 12 104 159
internal_value=-0.00020963 0.00487806 -0.00284485 -0.000430122 0.00064818 -0.000195084 0.00691715 0.00542978 0.00152181 0.0061548 -0.00381699 -0.00197247 0.00107088 0.00269686 0.00644475 0.000967051 0.00857117 -0.000719969
internal_weight=1946 664 1282 368 216 195 448 236 200 203 914 135 189 88 29 33 212 186
internal_count=1946 664 1282 368 216 195 448 236 200 203 914 135 189 88 29 33 212 186
is_linear=0
shrinkage=0.0152222


Tree=10
num_leaves=19
num_cat=0
split_feature=11 26 26 11 11 19 104 15 23 104 6 80 40 7 81 11 6 5
split_gain=120.218 21.3732 20.0863 8.99605 3.87663 3.31306 3.29295 2.57394 2.51519 2.322 2.03292 1.83214 1.77723 1.66084 1.60211 1.59972 1.58214 1.37415
threshold=4.2020833333333343 -0.22252093395631442 -0.22252093395631442 2.8020833333333344 7.1854166666666677 11.500000000000002 1151.1190476190479 10.500000000000002 -0.98296291314453399 874.26190476190493 13.450000000000001 13.637500000000005 4.9500000000000011 13.850000000000003 87.312500000000014 2.5645833333333341 8.1500000000000004 4.6500000000000012
decision_type=2 2 2 2 2 2 2 2 2 2 2 2 2 2 2 2 2 2
left_child=1 3 7 16 6 -5 -4 9 14 10 17 -11 -10 -14 -7 -3 -1 -2
right_child=2 15 4 5 -6 8 -8 -9 12 11 -12 -13 13 -15 -16 -17 -18 -19
leaf_value=-0.26563717662831249 0.40887090771763718 -0.55506573060596087 -0.0033944910440298183 -0.065079281811878831 2.0318798711982882 0.48604496131790148 0.62616689346418286 1.3889769218193455 0.57411813340122719 0.45186707234090001 0.52486456519389524 0.51322045871287014 0.069641760867439603 0.27392426016618371 0.27364885276440726 -0.31727254274704586 -0.036947654915366397 0.085111157211816349
leaf_weight=108 14.999999999999998 622 130 60 14.999999999999998 10.999999999999998 11.999999999999998 82 12.999999999999998 46 103 121 126 18 52 351 90 28
leaf_count=108 15 622 130 60 15 11 12 82 13 46 103 121 126 18 52 351 90 28
internal_value=-0.000189226 -0.00248939 0.00585669 0.000146465 0.00125031 0.00190241 0.000471474 0.00768717 0.00276701 0.00705552 0.00564897 0.00828305 0.00173493 0.0012469 0.00533544 -0.00378423 -0.00233652 0.00286392
internal_weight=2003 1451 552 478 157 280 142 395 220 313 146 167 157 144 63 973 198 43
internal_count=2003 1451 552 478 157 280 142 395 220 313 146 167 157 144 63 973 198 43
is_linear=0
shrinkage=0.0152222


Tree=11
num_leaves=19
num_cat=0
split_feature=11 26 26 11 106 11 57 81 36 23 76 8 108 4 76 76 76 4
split_gain=121.059 23.2285 18.8012 8.23589 3.59337 3.29877 2.76491 2.57413 2.29397 2.2749 2.26088 2.13836 1.77333 1.68685 1.68226 1.72036 2.08867 2.20105
threshold=4.2020833333333343 -0.22252093395631442 -0.22252093395631442 2.6708333333333338 101.6857142857143 5.3270833333333352 1.0000000180025095e-35 75.187500000000014 22.150000000000002 -0.98296291314453399 1373.0000000000002 24.645833333333339 39.225660308665752 12.250000000000002 3653.5000000000005 2862.5000000000005 2159.5000000000005 4.2500000000000009
decision_type=2 2 2 2 2 2 2 2 2 2 2 2 2 2 2 2 2 2
left_child=1 3 5 9 6 10 12 11 -3 -1 -2 -5 -4 14 15 16 17 -9
right_child=2 8 4 7 -6 -7 -8 13 -10 -11 -12 -13 -14 -15 -16 -17 -18 -19
leaf_value=0.10359152380477608 0.19127868241072737 -0.45477648394809272 0.14373304708816514 0.5018671638473402 0.64216164519583852 0.77793904849291373 2.064945524902861 0.29935929882034917 0.36819646907110126 -0.25450050395824581 0.39034393326528999 -0.068814197468643423 -0.024787638581202785 -0.19174927711611431 0.32602079847959797 -0.014771565129107789 0.28908677553487483 0.060797470305416046
leaf_weight=44 26 989 9.9999999999999982 5.9999999999999991 17 222 10.999999999999998 8.9999999999999982 5.9999999999999991 120 155 63 119 6.9999999999999991 15.999999999999998 31 66 82
leaf_count=44 26 989 10 6 17 222 11 9 6 120 155 63 119 7 16 31 66 82
internal_value=-0.000188082 -0.00252496 0.00581652 0.000370218 0.00134723 0.00755726 0.000543421 0.00195677 -0.00381683 -0.00233827 0.00602828 -0.000595147 -8.25355e-05 0.00279124 0.00304366 0.00263885 0.00328573 0.00178881
internal_weight=1999 1439 560 444 157 403 140 280 995 164 181 69 129 211 204 188 157 91
internal_count=1999 1439 560 444 157 403 140 280 995 164 181 69 129 211 204 188 157 91
is_linear=0
shrinkage=0.0152222


Tree=12
num_leaves=19
num_cat=0
split_feature=11 26 26 11 104 6 57 100 11 11 85 7 19 36 67 11 19 6
split_gain=112.347 26.4306 14.4829 7.77209 6.2712 4.92203 3.82418 3.52024 2.58743 2.41963 2.72173 2.26247 2.55682 1.98633 1.72307 1.97815 1.66662 1.61053
threshold=3.9812500000000002 -0.22252093395631442 -0.56174490092936669 2.787500000000001 1086.2380952380954 13.050000000000002 1.0000000180025095e-35 811.96666666666681 7.1229166666666677 5.7479166666666677 0.65000000000000013 14.850000000000003 32.500000000000007 17.950000000000003 1.0000000180025095e-35 3.214583333333334 14.500000000000002 9.7500000000000018
decision_type=2 2 2 2 2 2 2 2 2 2 2 2 2 2 2 2 2 2
left_child=2 5 3 17 6 7 -3 16 -8 10 -7 12 -5 -14 -4 -16 -2 -1
right_child=1 4 14 11 -6 9 8 -9 -10 -11 -12 -13 13 -15 15 -17 -18 -19
leaf_value=-0.29370314390871827 0.29405687765053867 -0.079581095545658231 -0.49559859605019368 -0.025907233319901982 0.59036089822385296 0.32022351834488283 -0.036658767448621066 0.48922925363748127 1.9801571205622899 0.97113981550342943 0.50297255409479669 0.18382888662772426 0.14241119299012095 0.23111000382512881 -0.28405266997460205 0.016322537210805704 -0.16751145572462295 0.0036512070268165573
leaf_weight=141 26 158 787 118 27 86 8.0000000000000018 86 10.999999999999998 113 122 34 52 7.9999999999999991 108 37 13.999999999999998 39
leaf_count=141 26 158 787 118 27 86 8 86 11 113 122 34 52 8 108 37 14 39
internal_value=-0.00020424 0.00497313 -0.00275001 -0.000295075 0.000432659 0.00704499 -0.000610408 0.00449231 0.00583253 0.00804608 0.00706778 0.00167976 0.000991699 0.00354874 -0.00378248 -0.00225626 0.000760028 -0.00262083
internal_weight=1975 651 1324 392 204 447 177 126 19 321 208 212 178 60 932 145 40 180
internal_count=1975 651 1324 392 204 447 177 126 19 321 208 212 178 60 932 145 40 180
is_linear=0
shrinkage=0.0152222


Tree=13
num_leaves=19
num_cat=0
split_feature=11 26 26 11 5 105 19 19 8 5 11 2 104 11 11 104 10 100
split_gain=124.117 19.2823 16.6428 7.38444 4.34765 3.50927 2.93994 2.93643 2.91461 2.69525 2.17917 1.9702 1.94006 1.89929 1.87596 1.58902 1.53433 1.50042
threshold=4.3187500000000005 -0.22252093395631442 -0.22252093395631442 3.339583333333334 4.9500000000000011 1.1148683053025656 37.500000000000007 45.500000000000007 43.541666666666679 5.8500000000000005 2.3687500000000008 126.50000000000001 857.14285714285722 2.5062500000000005 5.3729166666666677 1045.7380952380954 63.379778350600482 778.3944444444445
decision_type=2 2 2 2 2 2 2 2 2 2 2 2 2 2 2 2 2 2
left_child=1 3 6 9 7 14 11 -5 -6 -1 -3 12 -2 -11 16 -12 -4 -16
right_child=2 10 5 4 8 -7 -8 -9 -10 13 15 -13 -14 -15 17 -17 -18 -19
leaf_value=-0.20066412957610397 0.41561875282442595 -0.5930384649111351 0.16734509879539164 -0.1140248300380575 0.23609399344673235 0.41919895370418608 0.87883389443463433 0.24348760362849151 -0.105312760067568 -0.1657552899674444 -0.32829799389184589 0.58411796766995938 0.5095055534102837 0.13716378939682108 1.8305272756066233 -0.082755256547570974 -0.1722013643109826 0.1839700106468965
leaf_weight=179 73 542 31 51 106 41 112 8.9999999999999982 10.999999999999998 31 404 87 104 73 4.9999999999999991 61 29 32
leaf_count=179 73 542 31 51 106 41 112 9 11 31 404 87 104 73 5 61 29 32
internal_value=-0.000194401 -0.00244979 0.00624226 0.000132343 0.00257067 0.0017201 0.00790151 -0.000760389 0.00427852 -0.00139286 -0.00362926 0.0070216 0.00609569 0.000555881 0.000141118 -0.00286407 -0.00152085 0.00283468
internal_weight=1981 1467 514 460 177 138 376 60 117 283 1007 264 177 104 97 465 60 37
internal_count=1981 1467 514 460 177 138 376 60 117 283 1007 264 177 104 97 465 60 37
is_linear=0
shrinkage=0.0152222


Tree=14
num_leaves=19
num_cat=0
split_feature=11 26 26 11 11 5 11 8 7 6 11 5 11 7 11 11 10 104
split_gain=113.483 25.9469 16.7425 9.72909 4.47727 2.69867 2.56777 4.31833 2.41724 2.37839 2.30904 2.51369 2.2143 1.7453 1.64313 1.59243 1.54217 1.52847
threshold=4.3187500000000005 -0.22252093395631442 -0.22252093395631442 2.5354166666666673 7.3187500000000005 4.9500000000000011 2.9187500000000002 34.229166666666679 4.5500000000000007 13.050000000000002 4.3500000000000014 28.150000000000002 4.0062500000000014 16.250000000000004 3.1916666666666678 4.4229166666666675 67.118958436770868 1041.3571428571431
decision_type=2 2 2 2 2 2 2 2 2 2 2 2 2 2 2 2 2 2
left_child=1 3 9 -1 10 8 -3 -8 -5 -2 -4 16 13 -10 -7 -11 -12 -9
right_child=2 6 4 5 -6 14 7 17 12 15 11 -13 -14 -15 -16 -17 -18 -19
leaf_value=-0.2987184577353082 0.49737115046588021 -0.51516385868500048 0.1813231920887145 0.41390709582711799 2.1412363360105822 0.12952895799551697 0.34899256243698945 -0.30255622906901575 -0.086750807359846249 0.15092981082097084 0.16394820419165304 0.66308051111535882 0.14701944896252558 0.23837502340131056 0.2254128616829974 0.58749136768188936 -0.065197166586902625 -0.0099590489237396922
leaf_weight=139 94 760 4.9999999999999991 4.9999999999999991 13.999999999999998 80 30 165 97 5.9999999999999991 68 4.9999999999999991 18 6.9999999999999991 128 281 46 30
leaf_count=139 94 760 5 5 14 80 30 165 97 6 68 5 18 7 128 281 46 30
internal_value=-0.000180074 -0.00235472 0.00593284 0.000571565 0.00138931 0.0019763 -0.00376286 -0.00233352 0.000227608 0.00757811 0.00046626 3.83228e-05 -0.000199517 -0.00105328 0.00304367 0.0082673 -0.000427061 -0.00316068
internal_weight=1978 1459 519 474 138 335 985 225 127 381 124 119 122 104 208 287 114 195
internal_count=1978 1459 519 474 138 335 985 225 127 381 124 119 122 104 208 287 114 195
is_linear=0
shrinkage=0.0152222


Tree=15
num_leaves=19
num_cat=0
split_feature=81 6 109 10 6 12 26 15 8 8 19 10 14 26 81 100 100 107
split_gain=106.56 21.3741 8.52365 6.50417 6.48733 4.99781 2.67812 2.65847 4.0186 2.51148 2.68566 2.46909 2.41456 2.38221 2.35547 2.29669 2.45762 2.16367
threshold=80.062500000000014 13.050000000000002 6.4538368843241161 40.941788087676166 8.1500000000000004 2.2473214285714289 1.0000000180025095e-35 10.500000000000002 22.604166666666668 64.375000000000014 1.5000000000000002 32.493407886322863 5.5000000000000009 1.0000000180025095e-35 90.687500000000014 839.03888888888901 892.02777777777794 1.307175224126564
decision_type=2 2 2 2 2 2 2 2 2 2 2 2 2 2 2 2 2 2
left_child=2 5 4 14 11 -2 15 17 -9 10 -8 -1 -5 -13 -3 -6 -17 -7
right_child=1 3 -4 12 6 7 9 8 -10 -11 -12 13 -14 -15 -16 16 -18 -19
leaf_value=-0.45439138517779559 -0.34656121442163823 0.39144312884854371 1.6607553301899434 0.58386226287855836 -0.10287598160484068 0.12235655402617007 0.106567066842073 -0.17131353659323964 0.44112181826302982 0.28716904509807112 -0.28275291771864253 0.048832896567436196 0.094608703430965571 -0.27581080045121609 0.14409359608258229 0.22624235977491483 -0.059555634656980952 0.58598476701580493
leaf_weight=671 36 14.999999999999998 10.999999999999998 311 56 237 11.999999999999998 6.0000000000000027 24 17 162 52 15.999999999999998 214 70 35 38 11.999999999999998
leaf_count=671 36 15 11 311 56 237 12 6 24 17 162 52 16 214 70 35 38 12
internal_value=-4.1963e-05 0.00460402 -0.00270579 0.00688608 -0.00282271 0.00161859 -0.000951223 0.00230744 0.00658487 -0.00209546 -0.00264121 -0.00346176 0.00786124 -0.00221994 0.00313204 0.000743081 0.0025213 0.00179082
internal_weight=1995 727 1268 412 1257 315 320 279 30 191 174 937 327 266 85 129 73 249
internal_count=1995 727 1268 412 1257 315 320 279 30 191 174 937 327 266 85 129 73 249
is_linear=0
shrinkage=0.0152222


Tree=16
num_leaves=19
num_cat=0
split_feature=11 14 81 79 11 68 11 11 40 8 79 81 11 8 9 77 78 78
split_gain=116.17 20.4241 11.415 6.79955 3.84844 3.56673 3.3317 2.89317 2.65175 2.57491 2.41586 2.23057 2.18205 2.57269 1.84134 2.22307 1.61759 1.60156
threshold=3.8020833333333344 5.5000000000000009 76.312500000000014 104.37500000000001 6.9083333333333341 1.0000000180025095e-35 2.6708333333333338 5.3270833333333352 23.150000000000002 36.520833333333336 53.125000000000007 34.645833333333336 2.3104166666666672 23.437500000000004 35.752976190476197 2038.5000000000002 2341.7000000000003 1210.3500000000001
decision_type=2 2 2 2 2 2 2 2 2 2 2 2 2 2 2 2 2 2
left_child=2 3 8 5 17 10 -4 -5 12 14 11 -2 -1 -14 -8 -16 -12 -3
right_child=1 4 6 7 -6 -7 9 -9 -10 -11 16 -13 13 -15 15 -17 -18 -19
leaf_value=-0.53880787182052703 1.563580380881582 -0.093738497406241336 -0.23897826788934248 0.42028836132183151 0.55870261983794622 0.67117081464768358 0.018727077796331631 0.73212542675345871 0.48001821077003848 -0.036249700229418827 0.25362069896871831 -0.27205627186192943 0.035479284674360921 -0.25874504619653133 0.012105631480240889 0.28319939526193166 0.47590771252972053 0.081218041253390744
leaf_weight=540 9.0000000000000018 80 93 136 7.9999999999999991 31 55 167 4.9999999999999991 51 143 18 57 444 28 40 12.999999999999998 77
leaf_count=540 9 80 93 136 8 31 55 167 5 51 143 18 57 444 28 40 13 77
internal_value=-0.000110633 0.0049859 -0.00275797 0.00647394 0.000322769 0.00439487 5.12849e-05 0.00794132 -0.00347503 0.00129436 0.00358409 -0.000618829 -0.00352828 -0.00280412 0.00248646 0.00416052 0.00431151 -0.000203516
internal_weight=1995 682 1313 517 165 214 267 303 1046 174 183 27 1041 501 123 68 156 157
internal_count=1995 682 1313 517 165 214 267 303 1046 174 183 27 1041 501 123 68 156 157
is_linear=0
shrinkage=0.0152222


Tree=17
num_leaves=19
num_cat=0
split_feature=11 26 26 11 11 12 19 15 104 2 2 80 80 6 81 15 5 104
split_gain=110.679 16.6502 15.2338 7.25422 4.36226 3.94097 3.70825 3.33867 3.05031 3.00842 2.77624 2.27245 1.90527 1.73208 2.435 1.70209 1.58803 1.57843
threshold=4.1854166666666677 -0.22252093395631442 -0.22252093395631442 2.8979166666666671 5.3729166666666677 5.1017857142857155 24.500000000000004 11.500000000000002 790.40476190476204 18.500000000000004 139.50000000000003 7.1625000000000014 4.5625000000000009 10.550000000000002 106.31250000000001 6.5000000000000009 6.8500000000000005 958.357142857143
decision_type=2 2 2 2 2 2 2 2 2 2 2 2 2 2 2 2 2 2
left_child=2 4 3 12 8 9 16 -4 13 -3 17 -8 -1 -2 -15 -13 -5 -9
right_child=1 5 7 6 -6 -7 11 10 -10 -11 -12 15 -14 14 -16 -17 -18 -19
leaf_value=0.21597337162902014 -0.11655319792533742 1.5026757630830241 -0.442631236163265 -0.046486942388429278 0.67438353096421166 0.68032395437433424 -0.11184307924559625 -0.41591875274659107 0.37784316617823394 -0.0081062716887193124 0.13757822465432104 0.32195159146132807 -0.17447353592087289 0.60218944845400924 0.090024947467400321 0.22090509782308446 0.16136594211969141 0.016391546193486185
leaf_weight=10.999999999999998 9.9999999999999982 8.9999999999999982 912 111 192 20 7.9999999999999991 21 156 141 4.9999999999999991 7.9999999999999991 196 29 31 108 26 38
leaf_count=11 10 9 912 111 192 20 8 21 156 141 5 8 196 29 31 108 26 38
internal_value=-0.000296644 0.00527036 -0.00256365 -0.000305703 0.00690377 0.00125319 0.00138196 -0.00364627 0.00546796 0.000405758 -0.000285121 0.00328857 -0.00243346 0.00282485 0.00380223 0.00383007 -0.000344284 -0.00121149
internal_weight=2032 588 1444 468 418 170 261 976 226 150 64 124 207 70 60 116 137 59
internal_count=2032 588 1444 468 418 170 261 976 226 150 64 124 207 70 60 116 137 59
is_linear=0
shrinkage=0.0152222


Tree=18
num_leaves=19
num_cat=0
split_feature=11 26 26 11 11 19 106 106 67 41 7 3 11 71 11 81 2 2
split_gain=105.666 18.542 16.6539 8.39441 6.73337 4.00833 3.3283 3.06302 2.56134 2.30979 2.2664 2.24444 2.15198 2.14712 2.67376 1.88325 1.86983 1.65776
threshold=4.2020833333333343 -0.22252093395631442 -0.22252093395631442 2.8729166666666672 5.1562500000000009 45.500000000000007 101.16428571428573 74.021428571428586 1.0000000180025095e-35 13.850000000000001 5.8500000000000005 90.500000000000014 7.1229166666666677 1.0000000180025095e-35 3.1770833333333344 101.73214285714288 97.500000000000014 43.500000000000007
decision_type=2 2 2 2 2 2 2 2 2 2 2 2 2 2 2 2 2 2
left_child=1 3 4 16 7 8 9 -2 10 -4 -5 -6 -11 14 -3 -10 -1 -16
right_child=2 13 6 5 11 -7 -8 -9 15 12 -12 -13 -14 -15 17 -17 -18 -19
leaf_value=-0.25150968429543746 0.2041955275872703 -0.35638599853579822 0.3765941961563477 0.40614276752916401 0.54861123911496301 0.47254514227180128 0.54483073431170159 0.36711745770604998 0.20228779313368989 -0.013711612044498478 0.0022303655558859568 0.71373854920515678 1.9658237585301221 -0.49420739960893528 -0.50855256550787342 0.35066948056425074 0.073868563863903489 0.061769266896467272
leaf_weight=149 58 229 4.9999999999999991 4.9999999999999991 34 18 23 121 50 125 160 180 12.999999999999998 682 14.999999999999998 8.9999999999999982 45 59
leaf_count=149 58 229 5 5 34 18 23 121 50 125 160 180 13 682 15 9 45 59
internal_value=-0.000261383 -0.00246696 0.00534498 0.000146609 0.00705242 0.00203757 0.00130171 0.00487139 0.00148109 0.000436255 0.000507223 0.00887511 6.61279e-05 -0.00362378 -0.00255668 0.00420173 -0.00221211 -4.10553e-05
internal_weight=1980 1421 559 436 393 242 166 179 224 143 165 214 138 985 303 59 194 74
internal_count=1980 1421 559 436 393 242 166 179 224 143 165 214 138 985 303 59 194 74
is_linear=0
shrinkage=0.0152222


Tree=19
num_leaves=19
num_cat=0
split_feature=11 26 11 26 11 11 41 5 101 5 104 81 79 15 15 2 9 1
split_gain=102.994 20.4156 14.3213 11.2504 5.75991 4.4419 3.07289 3.04057 2.86371 2.78101 2.76523 2.68809 2.56433 2.17251 1.98671 1.92055 1.7032 1.60005
threshold=3.9812500000000002 -0.22252093395631442 2.6270833333333341 1.0000000180025095e-35 5.116666666666668 5.1562500000000009 39.400000000000013 11.450000000000001 0.88042293888703227 7.0500000000000007 1000.5714285714288 92.687500000000014 84.125000000000014 1.5000000000000002 10.500000000000002 42.500000000000007 33.752976190476197 115.50000000000001
decision_type=2 2 2 2 2 2 2 2 2 2 2 2 2 2 2 2 2 2
left_child=2 5 -1 9 10 8 7 -6 -2 14 -3 -7 -10 -13 -4 -11 -14 -12
right_child=1 4 3 -5 6 11 -8 -9 12 15 17 13 16 -15 -16 -17 -18 -19
leaf_value=-0.4408321390161038 -0.074102952622782492 -0.23268275427811708 -0.0068426833500998523 -0.28915670198883681 -0.22711406962554395 0.37108888472433049 0.056447707334817458 0.68876747511885139 0.40267164772552255 -0.33926201543736867 -0.0040835512837448422 -0.13167329700706401 0.21721127007067673 0.63778762532378919 0.30156843516727955 0.25702635980873645 0.33512025705632453 0.37439544962151361
leaf_weight=819 17 87 179 242 8.9999999999999982 12.999999999999998 31 33 30 5.9999999999999991 17.000000000000004 4.9999999999999991 50 225 23 80 116 9.9999999999999982
leaf_count=819 17 87 179 242 9 13 31 33 30 6 17 5 50 225 23 80 116 10
internal_value=-0.000134488 0.00487876 -0.00252415 -0.00057436 0.000642878 0.00661557 0.00397994 0.00666053 0.00500853 0.00145852 -0.00149481 0.00802284 0.00552823 0.00840342 0.000482144 0.00375016 0.00478524 0.00275714
internal_weight=1992 643 1349 530 187 456 73 42 213 288 114 243 196 230 202 86 166 27
internal_count=1992 643 1349 530 187 456 73 42 213 288 114 243 196 230 202 86 166 27
is_linear=0
shrinkage=0.0152222


Tree=20
num_leaves=19
num_cat=0
split_feature=11 26 26 11 4 14 67 11 9 11 100 85 10 56 78 10 77 12
split_gain=89.6905 22.9149 14.9487 8.42409 7.6884 3.4759 3.27157 3.9549 3.12104 2.75224 2.23828 2.09497 2.04903 1.93357 1.96513 1.77442 1.63076 1.79511
threshold=3.9812500000000002 -0.22252093395631442 -0.56174490092936669 5.3729166666666677 7.0500000000000007 3.5000000000000004 1.0000000180025095e-35 3.214583333333334 57.946428571428577 2.0354166666666673 623.4586466165415 1.2500000000000002 29.937554534356888 1.0000000180025095e-35 1216.1500000000003 39.728364548474495 2170.5000000000005 2.2473214285714289
decision_type=2 2 2 2 2 2 2 2 2 2 2 2 2 2 2 2 2 2
left_child=2 3 4 5 9 -2 -4 -8 13 -1 -5 16 -6 14 -3 -9 -7 -18
right_child=1 8 6 10 12 11 7 15 -10 -11 -12 -13 -14 -15 -16 -17 17 -19
leaf_value=-0.40079988785555376 0.62714573121624595 -0.1133321894090074 -0.4352882573361142 -0.10460320213422795 -0.11891458644469907 0.14936426807042102 -0.20341190892493671 0.36178524253082789 1.0481558331081418 -0.036227958378629049 0.67092706584506245 0.36979135795612716 0.23041174490924804 1.6399722429286265 0.072098403767856867 0.051126533856965105 -0.05889036129723297 0.34886356680057434
leaf_weight=60 19 98 803 4.9999999999999991 13.999999999999998 79 111 10.999999999999998 10.999999999999998 212 204 98 113 7.9999999999999991 73 29 6.9999999999999991 42
leaf_count=60 19 98 803 5 14 79 111 11 11 212 204 98 113 8 73 29 7 42
internal_value=-0.000237053 0.00443867 -0.00246269 0.00629605 1.1433e-05 0.00437934 -0.00349741 -0.00144106 0 -0.00143239 0.00854126 0.00385181 0.00310308 -0.000484567 -0.000827602 0.00266036 0.00256769 0.00474799
internal_weight=1997 644 1353 454 399 245 954 151 190 272 209 226 127 179 171 40 128 49
internal_count=1997 644 1353 454 399 245 954 151 190 272 209 226 127 179 171 40 128 49
is_linear=0
shrinkage=0.0152222


Tree=21
num_leaves=19
num_cat=0
split_feature=11 26 26 11 19 11 11 76 5 108 36 104 76 38 8 38 80 36
split_gain=103.292 20.8497 8.74007 7.63577 3.80857 3.76698 3.76462 3.47889 2.74784 2.7459 2.63461 2.66418 2.62597 2.59438 2.53036 2.52176 2.07264 2.44723
threshold=4.6437500000000007 -0.22252093395631442 -0.22252093395631442 3.027083333333334 34.500000000000007 7.3187500000000005 2.4645833333333336 1421.5000000000002 24.750000000000004 41.618947485006366 16.650000000000002 1086.2380952380954 3003.5000000000005 30.150000000000002 34.229166666666679 10.15 4.6125000000000016 13.350000000000003
decision_type=2 2 2 2 2 2 2 2 2 2 2 2 2 2 2 2 2 2
left_child=1 3 4 16 9 8 -3 -5 13 -2 11 -8 14 15 -9 -4 -1 -18
right_child=2 6 5 7 -6 -7 10 12 -10 -11 -12 -13 -14 -15 -16 -17 17 -19
leaf_value=0.29386604211870915 0.35889550866950648 -0.50230871890372042 0.31592571027231064 -0.07535393722078261 0.74145572477286759 1.8777143001786278 -0.31481484089083361 0.3206878432097171 0.45885311535670203 0.61974608192182412 -0.020126591775488954 0.036544453926262883 0.0073218843403265992 0.23891043920878957 0.19621576571168278 -0.071540576933391345 -0.20747535690584062 0.011934746156148202
leaf_weight=13.999999999999998 159 589 11.999999999999998 61 120 13.999999999999998 278 41 8.9999999999999982 63 113 36 57 4.9999999999999991 118 56 155 74
leaf_count=14 159 589 12 61 120 14 278 41 9 63 113 36 57 5 118 56 155 74
internal_value=-0.000209742 -0.0020692 0.00631056 0.00040978 0.00744974 0.00225037 -0.00333793 0.00213729 0.00100176 0.0062657 -0.00224919 -0.00296638 0.0030437 2.07792e-05 0.00404835 -0.000760474 -0.00155946 -0.00190732
internal_weight=1974 1536 438 520 342 96 1016 277 82 222 427 314 216 73 159 68 243 229
internal_count=1974 1536 438 520 342 96 1016 277 82 222 427 314 216 73 159 68 243 229
is_linear=0
shrinkage=0.0152222


Tree=22
num_leaves=19
num_cat=0
split_feature=11 26 26 15 11 11 11 1 76 76 76 5 76 38 8 15 67 5
split_gain=102.652 22.8525 12.8467 5.49543 4.33645 3.49298 3.31767 2.39652 2.30637 2.14414 2.02837 2.02759 1.99349 1.91294 1.69485 1.66708 1.7508 1.59993
threshold=3.9812500000000002 -0.22252093395631442 -0.22252093395631442 10.500000000000002 2.0187500000000012 5.647916666666668 4.616666666666668 78.500000000000014 1480.5000000000002 797.50000000000011 767.50000000000011 7.7500000000000009 3987.0000000000005 14.450000000000001 62.458333333333336 11.500000000000002 1.0000000180025095e-35 9.7500000000000018
decision_type=2 2 2 2 2 2 2 2 2 2 2 2 2 2 2 2 2 2
left_child=2 3 4 5 -1 7 -3 8 9 -2 -7 -6 13 -10 -9 16 -4 -8
right_child=1 6 15 -5 11 10 17 14 12 -11 -12 -13 -14 -15 -16 -17 -18 -19
leaf_value=-0.46383596841383212 0.47524873956322455 -0.1380042092990735 -0.49021324846525116 1.2244398620186956 -0.014488096681242927 -0.11038213357725671 -0.21385746285177915 0.37357665711334898 0.40652614585533065 -0.074628043855299378 0.614715601823698 0.25666819621218712 -0.010647972976708456 0.29549721642859789 -0.02529118160380097 -0.18792467124394452 -0.16587980149399517 0.20543445521029355
leaf_weight=63 6.9999999999999991 84 729 81 283 4.9999999999999991 7.9999999999999991 71 63 36 108 47 14.999999999999998 69 4.9999999999999991 52 153 101
leaf_count=63 7 84 729 81 283 5 8 71 63 36 108 47 15 69 5 52 153 101
internal_value=-0.000299822 0.00464089 -0.00273117 0.00648526 -0.000422128 0.00571458 0.000244415 0.0047603 0.00384455 0.000742424 0.0079577 0.000276711 0.00475137 0.00534873 0.00704547 -0.00370267 -0.00385883 0.00199606
internal_weight=1980 653 1327 460 393 379 193 266 190 43 113 330 147 132 76 934 882 109
internal_count=1980 653 1327 460 393 379 193 266 190 43 113 330 147 132 76 934 882 109
is_linear=0
shrinkage=0.0152222


Tree=23
num_leaves=19
num_cat=0
split_feature=11 14 11 81 11 79 25 15 11 4 28 0 2 78 8 104 28 36
split_gain=106.312 16.6561 11.3628 5.82398 5.12298 5.0798 4.73697 3.81774 2.76434 2.71971 2.56917 3.13196 2.68405 2.31783 2.20074 2.74858 2.56195 1.96682
threshold=3.9812500000000002 5.5000000000000009 2.5062500000000005 82.937500000000014 6.9083333333333341 114.87500000000001 1.0000000180025095e-35 9.5000000000000018 4.9770833333333346 8.7500000000000018 -0.68301270189221952 150.50000000000003 121.50000000000001 958.40000000000009 34.229166666666679 950.04761904761915 -0.9330127018922193 12.15
decision_type=2 2 2 2 2 2 2 2 2 2 2 2 2 2 2 2 2 2
left_child=2 5 -1 6 -3 7 -4 8 9 -2 12 -12 -10 -7 15 16 -5 -9
right_child=1 4 3 14 -6 13 -8 17 10 -11 11 -13 -14 -15 -16 -17 -18 -19
leaf_value=-0.43456196719850698 0.24614338086306392 -0.0010796870913242576 -0.27042479933727198 0.24456667067327859 1.0004903770304843 0.33529422952594629 -0.0041810459629562056 0.56451669365486701 -0.079777467672365737 0.03488372730274434 0.60462579880397371 -0.24428719513078898 0.76258380248919599 0.62851118892599001 -0.023939204337261901 0.32095267789987825 0.0018495950614792088 0.57066571462594384
leaf_weight=766 38 151 252 8.9999999999999982 10.999999999999998 24 172 52 21.000000000000004 68 72 4.9999999999999991 5.9999999999999991 174 69 23 66 13.999999999999998
leaf_count=766 38 151 252 9 11 24 172 52 21 68 72 5 6 174 69 23 66 14
internal_value=-0.000320015 0.00481519 -0.00272688 -0.00114092 0.000601154 0.0062552 -0.0020892 0.00491871 0.00391331 0.00218171 0.00567621 0.00709232 0.00163171 0.00811639 0.00126658 0.00273231 0.0013183 0.00811213
internal_weight=1993 636 1357 591 162 474 424 276 210 106 104 77 27 198 167 98 75 66
internal_count=1993 636 1357 591 162 474 424 276 210 106 104 77 27 198 167 98 75 66
is_linear=0
shrinkage=0.0152222


Tree=24
num_leaves=19
num_cat=0
split_feature=11 14 26 11 0 68 80 11 80 46 40 77 100 38 104 11 12 12
split_gain=103.98 19.9014 17.9301 5.61903 5.27028 3.63762 3.60216 3.57242 2.82747 2.3001 2.19395 2.16088 2.31791 2.1679 2.1303 2.24456 2.03636 1.96851
threshold=4.0062500000000014 5.5000000000000009 -0.22252093395631442 5.6125000000000016 48.500000000000007 1.0000000180025095e-35 11.287500000000003 7.1229166666666677 9.7375000000000025 0.27500000000000008 20.850000000000005 1000.5000000000001 718.85942028985517 28.850000000000005 1069.4761904761906 3.7020833333333338 2.535714285714286 3.1360119047619048
decision_type=2 2 2 2 2 2 2 2 2 2 2 2 2 2 2 2 2 2
left_child=2 3 4 5 16 6 8 -3 -2 17 14 -6 -13 -14 -4 -16 -1 -8
right_child=1 7 10 -5 11 -7 9 -9 -10 -11 -12 12 13 -15 15 -17 -18 -19
leaf_value=-0.30716835657829328 0.2797884019568036 -0.013078666215775631 -0.40802242561683233 0.77125449117093581 -0.10180175651617057 0.51373193641533521 0.30993921897910426 0.64297517888120359 -0.019022455620061624 0.21687268947603783 0.02002981379064488 -0.11761518195864068 0.11184116006744292 0.42064785047858505 -0.46610846741195944 0.13426911927070809 -0.067471616766533696 0.35613577269313229
leaf_weight=56 34 143 895 181 17 30 72 6.9999999999999991 30 28 17 15.999999999999998 187 15.999999999999998 32 7.9999999999999991 130 118
leaf_count=56 34 143 895 181 17 30 72 7 30 28 17 16 187 16 32 8 130 118
internal_value=-0.000196969 0.00485509 -0.00256131 0.00633215 5.04838e-05 0.00509274 0.00455502 0 0.00137834 0.00548707 -0.00371901 0.00156056 0.00196659 0.00240643 -0.00381755 -0.000379961 -0.00186541 0.00608722
internal_weight=2017 643 1374 493 422 312 282 150 64 218 952 236 219 203 935 40 186 190
internal_count=2017 643 1374 493 422 312 282 150 64 218 952 236 219 203 935 40 186 190
is_linear=0
shrinkage=0.0152222


Tree=25
num_leaves=19
num_cat=0
split_feature=11 26 14 11 11 11 77 79 15 104 67 11 28 36 11 40 0 12
split_gain=86.425 19.9592 16.1718 7.04471 6.47335 3.61274 3.00716 2.80641 2.50351 2.72123 2.48858 2.96207 2.1626 2.13683 2.12735 2.46793 1.9827 1.9151
threshold=4.2020833333333343 -0.22252093395631442 5.5000000000000009 2.2270833333333342 5.8312500000000016 7.1229166666666677 862.50000000000011 91.875000000000014 11.500000000000002 958.357142857143 1.0000000180025095e-35 3.214583333333334 1.0000000180025095e-35 6.6500000000000012 3.9812500000000002 17.450000000000003 22.500000000000004 3.8979166666666671
decision_type=2 2 2 2 2 2 2 2 2 2 2 2 2 2 2 2 2 2
left_child=1 3 4 -1 13 -4 -5 12 10 -10 -3 -12 -6 -2 15 16 -8 -15
right_child=2 8 5 6 7 -7 14 -9 9 -11 11 -13 -14 17 -16 -17 -18 -19
leaf_value=-0.35972114707412389 0.59912612187444703 -0.45288213105975039 -0.017309211983737645 -0.27163477983073703 -0.26150643298191262 1.1392548325220833 0.26818198826176048 0.81975422994842029 -0.40721949146648156 0.15633507005668032 -0.25667741886175066 0.069986887273280854 1.8412884745594247 0.3059883260045293 0.24506820043881619 0.16804824840455931 0.04633083319540543 0.32445776318188851
leaf_weight=83 34 752 120 24 5.9999999999999991 6.9999999999999991 13.999999999999998 131 22 33 106 48 8.9999999999999982 198 42 29 248 50
leaf_count=83 34 752 120 24 6 7 14 131 22 33 106 48 9 198 42 29 248 50
internal_value=-0.000325291 -0.0023392 0.00475821 0.000345909 0.0061735 -1.19478e-05 0.00127472 0.00877572 -0.00356855 -0.000414687 -0.00375997 -0.00199599 0.00252809 0.00482487 0.00164995 0.00118721 0.000720283 0.00433251
internal_weight=1956 1401 555 440 428 127 357 146 961 55 906 154 15 282 333 291 262 248
internal_count=1956 1401 555 440 428 127 357 146 961 55 906 154 15 282 333 291 262 248
is_linear=0
shrinkage=0.0152222


Tree=26
num_leaves=19
num_cat=0
split_feature=81 6 8 8 104 25 81 56 79 81 8 101 10 0 1 10 40 15
split_gain=83.8276 19.7579 8.81 5.41387 5.23276 3.89787 3.24345 3.19181 3.35428 2.73187 2.60903 2.43595 2.01468 2.34802 1.94113 2.63507 1.99841 1.73944
threshold=77.312500000000014 12.050000000000002 64.375000000000014 55.729166666666679 1086.2380952380954 -0.8783796973249266 97.250000000000014 1.0000000180025095e-35 54.375000000000007 63.937500000000007 40.020833333333336 1.163432169673934 38.574824378857436 118.50000000000001 64.500000000000014 43.37179082869141 15.350000000000003 3.5000000000000004
decision_type=2 2 2 2 2 2 2 2 2 2 2 2 2 2 2 2 2 2
left_child=2 5 4 12 9 10 -5 8 -4 -1 -2 14 -3 -14 15 -7 -16 -6
right_child=1 3 7 6 17 11 -8 -9 -10 -11 -12 -13 13 -15 16 -17 -18 -19
leaf_value=-0.36912520019035822 -0.19640497397224232 0.20130874145558356 -0.387964809288527 0.23217673575136685 -0.60555404221069398 0.054553599280270336 0.64243958166535498 1.912786137613951 0.2479636598372372 -0.13041314187286429 0.43151695851966493 -0.3925398784623983 0.36656786760313659 0.097676473078233114 -0.2054588061583035 0.33493102201798364 0.13430522657928354 0.19313907020160162
leaf_weight=891 4.9999999999999991 86 14.999999999999998 21 7.9999999999999991 127 174 13.999999999999998 23 239 28 30 140 25 60 24 24 39
leaf_count=891 5 86 15 21 8 127 174 14 23 239 28 30 140 25 60 24 24 39
internal_value=-0.00035412 0.00367844 -0.00279537 0.00570596 -0.00306629 0.000643499 0.00760908 0.0033338 0.00104 -0.0032733 0.00557267 2.86994e-05 0.00422616 0.00521081 0.000550452 0.00158214 -0.00130391 0.0019087
internal_weight=1973 744 1229 446 1177 298 195 52 38 1130 33 265 251 165 235 151 84 47
internal_count=1973 744 1229 446 1177 298 195 52 38 1130 33 265 251 165 235 151 84 47
is_linear=0
shrinkage=0.0152222


Tree=27
num_leaves=19
num_cat=0
split_feature=11 26 2 11 12 57 7 36 9 4 3 7 36 104 2 79 1 79
split_gain=93.9656 13.1286 10.9025 5.63601 4.51476 4.02832 3.73958 3.54369 3.05887 2.76157 2.5852 2.34712 2.21512 2.14284 2.91459 2.09331 2.00492 1.80711
threshold=4.1854166666666677 -0.22252093395631442 90.500000000000014 2.0729166666666674 3.4288690476190475 1.5000000000000002 15.250000000000002 22.050000000000004 36.431547619047628 16.050000000000004 98.500000000000014 4.9500000000000011 9.3500000000000032 1086.2380952380954 139.50000000000003 111.37500000000001 82.500000000000014 97.625000000000014
decision_type=2 2 2 2 2 2 2 2 2 2 2 2 2 2 2 2 2 2
left_child=1 3 5 -1 8 9 11 13 10 12 -4 -5 -2 -3 -15 -8 -13 -6
right_child=2 7 4 6 17 -7 15 -9 -10 -11 -12 16 -14 14 -16 -17 -18 -19
leaf_value=-0.38918439880130212 0.40357445078378174 -0.38611606356499251 0.19846884312796009 0.20947035201036726 0.36494344387090349 1.976034792306133 0.29130793187104959 0.36187232885922493 -0.16304343709311217 -0.019659530129828233 0.33911560485123604 -0.029798852481327128 0.18958627588675306 -0.19407331328612304 0.14335013095274926 0.18682528453573621 0.20342144114726249 0.59778643589567648
leaf_weight=76 23 927 42 17 29 11.999999999999998 19 5.9999999999999991 13.999999999999998 89 92 276 92 38 4.9999999999999991 31 19 174
leaf_count=76 23 927 42 17 29 12 19 6 14 89 92 276 92 38 5 31 19 174
internal_value=-0.00048639 -0.00258574 0.00474879 -0.000396139 0.00640453 0.00205731 0.000395205 -0.0035683 0.00437998 0.00155166 0.00508724 -0.00022438 0.0031092 -0.00364058 -0.000318125 0.00425776 -0.000541699 0.00787905
internal_weight=1981 1414 567 438 351 216 362 976 148 204 134 312 115 970 43 50 295 203
internal_count=1981 1414 567 438 351 216 362 976 148 204 134 312 115 970 43 50 295 203
is_linear=0
shrinkage=0.0152222


Tree=28
num_leaves=19
num_cat=0
split_feature=11 26 26 109 5 102 9 10 11 8 11 9 23 19 11 80 77 109
split_gain=87.7032 18.5563 15.3634 6.82588 4.8404 3.5209 3.4794 2.18426 2.17822 2.60143 2.14811 2.42422 2.09608 2.0608 1.77226 1.68999 1.6556 1.5397
threshold=3.9812500000000002 -0.22252093395631442 -0.56174490092936669 4.2702251627417729 3.9500000000000006 89.52555555555557 54.428571428571438 36.696599237637827 5.0812500000000007 51.479166666666679 3.5854166666666676 36.610119047619058 -0.98296291314453399 24.500000000000004 3.027083333333334 4.4125000000000014 2611.5000000000005 2.9841691676651361
decision_type=2 2 2 2 2 2 2 2 2 2 2 2 2 2 2 2 2 2
left_child=2 3 4 5 15 7 -3 -2 9 -9 -4 -12 13 -6 -14 -1 -10 -17
right_child=1 6 10 -5 12 -7 -8 8 16 -11 11 -13 14 -15 -16 17 -18 -19
leaf_value=0.23227402333241862 0.45820060149573111 -0.057935031467926251 -0.38658879869413909 0.78971518329426582 0.12053040687227626 -0.10426276258688692 0.57513415150758163 0.31309384450006372 0.37006818556721394 0.015048013157616369 -0.18340130543060579 0.053784705926318579 -0.097521202636160889 0.2302009678862352 0.10540990080372785 -0.29706037990789769 0.49929928353794067 0.29717950024822781
leaf_weight=12.999999999999998 25 163 899 102 43 8.9999999999999982 22 133 110 39 40 37 98 39 99 94 40 7.9999999999999991
leaf_count=13 25 163 899 102 43 9 22 133 110 39 40 37 98 39 99 94 40 8
internal_value=-0.000445386 0.00419228 -0.00262212 0.00583563 -8.49755e-05 0.00483961 0.000123366 0.00508354 0.00474554 0.00357436 -0.00364627 -0.00120506 0.000998247 0.00304248 0.000146753 -0.00271228 0.00608677 -0.00337103
internal_weight=2013 643 1370 458 394 356 185 347 322 172 976 77 279 82 197 115 150 102
internal_count=2013 643 1370 458 394 356 185 347 322 172 976 77 279 82 197 115 150 102
is_linear=0
shrinkage=0.0152222


Tree=29
num_leaves=19
num_cat=0
split_feature=11 26 26 15 11 11 5 108 23 13 11 15 38 80 11 6 40 2
split_gain=94.0267 19.7147 12.5856 5.7578 5.75757 4.34204 3.69817 3.62404 2.78649 2.67925 2.65528 2.52153 2.42856 2.41418 3.0798 2.05154 1.8996 1.78796
threshold=3.9354166666666672 -0.22252093395631442 -0.56174490092936669 10.500000000000002 7.3187500000000005 1.9520833333333336 28.150000000000002 41.233139279708048 -0.98296291314453399 18.500000000000004 2.4062500000000009 11.500000000000002 10.350000000000003 4.5625000000000009 3.027083333333334 13.350000000000003 9.7500000000000018 18.500000000000004
decision_type=2 2 2 2 2 2 2 2 2 2 2 2 2 2 2 2 2 2
left_child=2 3 5 7 6 -1 9 -2 12 -3 -4 -12 -7 -10 -15 -13 -14 -11
right_child=1 4 10 -5 -6 8 -8 -9 13 17 11 15 16 14 -16 -17 -18 -19
leaf_value=-0.44677637865199749 0.30126392045978395 -0.09821910484322588 -0.48549295432802175 1.1594437474358665 1.6220033625428831 -0.039989306967850274 0.46859864354130681 0.49676954439846444 0.39158153089805381 0.16192360781288373 -0.23479211846650888 -0.26371267534814352 0.13907507594278318 -0.14532063908145704 0.060248137737822983 0.17807435583278444 0.23242089031351623 0.066687244943581317
leaf_weight=55 284 119 573 88 11.999999999999998 15.999999999999998 6.9999999999999991 90 8.9999999999999982 4.9999999999999991 355 24.000000000000004 30 123 118 4.9999999999999991 40 59
leaf_count=55 284 119 573 88 12 16 7 90 9 5 355 24 30 123 118 5 40 59
internal_value=-0.000314724 0.00437375 -0.00262426 0.00610797 0.000406806 -0.000323078 -0.000240264 0.00528227 0.000326128 -0.000656927 -0.00356438 -0.00258425 0.00268878 -0.000486994 -0.000776719 0.00172897 0.00391135 0.00185365
internal_weight=2012 664 1348 462 202 391 190 374 336 183 957 384 86 250 241 29 70 64
internal_count=2012 664 1348 462 202 391 190 374 336 183 957 384 86 250 241 29 70 64
is_linear=0
shrinkage=0.0152222


Tree=30
num_leaves=19
num_cat=0
split_feature=11 14 26 19 11 81 11 108 2 11 5 8 105 2 8 19 77 82
split_gain=93.7712 15.5755 11.2225 6.01272 4.78916 4.09495 3.02955 2.88353 2.8111 2.59061 2.53619 3.31268 2.21877 2.20693 2.13887 1.93769 1.92788 1.8443
threshold=3.8812500000000005 5.5000000000000009 -0.22252093395631442 44.500000000000007 2.6708333333333338 101.73214285714288 6.9083333333333341 30.844987802481157 123.50000000000001 2.3562500000000006 7.7500000000000009 37.708333333333336 1.1133404319921694 171.50000000000003 23.208333333333339 49.500000000000007 1830.5000000000002 15.568750000000003
decision_type=2 2 2 2 2 2 2 2 2 2 2 2 2 2 2 2 2 2
left_child=2 3 4 5 -1 7 -3 16 17 -4 14 -12 13 -7 -6 -11 -2 -9
right_child=1 6 9 -5 10 12 -8 8 -10 15 11 -13 -14 -15 -16 -17 -18 -19
leaf_value=-0.18097616310326756 0.25953756427558677 -0.007111976741263972 -0.47385345603206108 0.97123804232241129 0.40948026546877753 0.35071845280993208 1.175208912047421 0.022968249313956232 0.25066094497839342 -0.26195984924400217 0.25761228972751465 -0.037233121422623174 0.36204729927991636 -0.033166398870326137 -0.0039178217169322776 0.065723581958920849 0.53807979639561221 0.3770555851514904
leaf_weight=165 6.0000000000000027 155 535 95 6.9999999999999991 214 8.9999999999999982 93 15.999999999999998 382 35 7.9999999999999991 43 4.9999999999999991 185 25 15.999999999999998 6.9999999999999991
leaf_count=165 6 155 535 95 7 214 9 93 16 382 35 8 43 5 185 25 16 7
internal_value=-0.000283743 0.00441848 -0.00259289 0.00576539 -0.000456598 0.00494658 0.000352573 0.00282275 0.00186255 -0.00349995 0.00093902 0.00427825 0.00606444 0.00544117 0.000190204 -0.00258407 0.00786929 0.000912821
internal_weight=2001 659 1342 495 400 400 164 138 116 942 235 43 262 219 192 407 22 100
internal_count=2001 659 1342 495 400 400 164 138 116 942 235 43 262 219 192 407 22 100
is_linear=0
shrinkage=0.0152222


Tree=31
num_leaves=19
num_cat=0
split_feature=11 81 26 11 19 19 57 36 26 23 8 19 106 11 11 8 9 80
split_gain=82.3669 13.8245 12.4007 5.00094 4.13676 3.16968 2.92912 2.84308 2.8089 2.61297 2.74671 2.32257 2.21559 2.31855 2.01956 1.91812 1.81156 1.62626
threshold=3.9812500000000002 101.73214285714288 -0.22252093395631442 2.443750000000001 49.500000000000007 9.5000000000000018 1.5000000000000002 22.050000000000004 -0.22252093395631442 -0.98296291314453399 38.604166666666679 47.500000000000007 96.59047619047621 3.5562500000000008 5.3270833333333352 37.708333333333336 39.050595238095248 15.237500000000002
decision_type=2 2 2 2 2 2 2 2 2 2 2 2 2 2 2 2 2 2
left_child=2 4 3 -1 6 -5 8 12 15 10 -7 17 -4 -14 -3 16 -2 -11
right_child=1 14 7 5 -6 9 -8 -9 -10 11 -12 -13 13 -15 -16 -17 -18 -19
leaf_value=-0.27740599890637113 0.40618669665114898 0.27700312587814907 -0.37530702014809769 -0.087825325768085272 0.51585078025154041 0.24773468880283392 2.304833511620918 0.24833780499236893 -0.0030507393089233645 0.0019987898782933815 -0.034491328859341579 0.46000342586361215 -0.24208029815998827 0.12759277496258167 0.55281941948097257 0.22619816040248319 0.012578097501554319 0.4423255650698325
leaf_weight=120 13.000000000000002 134 860 55 24 54 7.9999999999999991 6.9999999999999991 159 150 6.9999999999999991 7.9999999999999991 82 22 166 106 5.9999999999999991 5.9999999999999991
leaf_count=120 13 134 860 55 24 54 8 7 159 150 7 8 82 22 166 106 6 6
internal_value=-0.000368478 0.00425494 -0.0024459 -0.000190243 0.0020325 0.000924021 0.00153236 -0.00337504 0.00127542 0.00172477 0.00441315 0.000723731 -0.00344534 -0.00134588 0.00659515 0.00298229 0.00743055 0.00031212
internal_weight=1987 616 1371 400 316 280 292 971 284 225 61 164 964 104 300 125 19 156
internal_count=1987 616 1371 400 316 280 292 971 284 225 61 164 964 104 300 125 19 156
is_linear=0
shrinkage=0.0152222


Tree=32
num_leaves=19
num_cat=0
split_feature=11 26 26 11 104 109 57 19 93 11 77 80 104 1 19 40 15 28
split_gain=91.3972 13.0936 12.864 4.93848 4.00899 3.67785 3.57588 3.18107 2.81087 2.1776 2.05254 1.97457 1.95777 2.14543 1.88578 1.51833 1.4173 1.52654
threshold=4.0416666666666679 -0.22252093395631442 -0.22252093395631442 1.9520833333333336 1225.2380952380956 4.013909229827509 1.5000000000000002 47.500000000000007 1.0000000180025095e-35 2.3562500000000006 600.50000000000011 4.5625000000000009 1057.0000000000002 29.500000000000004 24.500000000000004 20.150000000000002 11.500000000000002 1.0000000180025095e-35
decision_type=2 2 2 2 2 2 2 2 2 2 2 2 2 2 2 2 2 2
left_child=2 5 3 -1 6 8 10 11 12 -4 -3 -5 13 -2 -13 -7 17 -11
right_child=1 4 9 7 -6 15 -8 -9 -10 16 -12 14 -14 -15 -16 -17 -18 -19
leaf_value=-0.42340799332051943 0.041519674671113067 0.14685893936829073 -0.45222271514022427 0.37587948651039083 0.58917832145567628 0.58959132136274495 1.776333223084805 0.44919968676511818 -0.025931277430089654 -0.13926197991098974 -0.009989184827396488 -0.036998266268996577 -0.017633787619991428 0.38770933995616075 0.06043845484238522 0.11665407783688374 0.023652278632949015 -0.362958384535495
leaf_weight=60 23 8.9999999999999982 552 10.999999999999998 12.999999999999998 156 7.9999999999999991 11.999999999999998 19 272 151 212 6.9999999999999991 196 146 5.9999999999999991 38 116
leaf_count=60 23 9 552 11 13 156 8 12 19 272 151 212 7 196 146 6 38 116
internal_value=-0.0003193 0.00472675 -0.00241036 -0.000251939 0.00131998 0.00624143 0.000688388 0.000387484 0.00506264 -0.00338357 0.00019019 0.000136103 0.0055353 0.00578863 -5.9508e-05 0.00802198 -0.0025653 -0.00284005
internal_weight=2007 588 1419 441 181 407 168 381 245 978 160 369 226 219 358 162 426 388
internal_count=2007 588 1419 441 181 407 168 381 245 978 160 369 226 219 358 162 426 388
is_linear=0
shrinkage=0.0152222


Tree=33
num_leaves=19
num_cat=0
split_feature=11 81 14 11 19 19 36 28 11 10 11 0 95 7 3 3 81 81
split_gain=83.3449 13.6574 10.5787 6.00382 4.11595 3.98671 3.21094 2.55009 2.46311 3.44315 2.32183 2.22666 2.02447 1.97749 2.07973 2.0594 1.9693 2.65192
threshold=4.0416666666666679 75.812500000000014 5.5000000000000009 5.1562500000000009 1.5000000000000002 7.5000000000000009 7.1500000000000012 0.93301270189221952 2.9187500000000002 41.112936491640291 7.1229166666666677 70.500000000000014 1.0000000180025095e-35 13.350000000000003 85.500000000000014 169.50000000000003 91.187500000000014 61.062500000000007
decision_type=2 2 2 2 2 2 2 2 2 2 2 2 2 2 2 2 2 2
left_child=1 4 3 6 -1 -3 -2 11 -6 -10 -4 -5 -7 16 -15 -16 17 -8
right_child=2 5 10 7 8 12 13 -9 9 -11 -12 -13 -14 14 15 -17 -18 -19
leaf_value=0.23154031216142984 0.53092650775214667 -0.25674787753480105 0.043891327107592408 0.19280955278589307 -0.34827179858903301 -0.15673506684798555 -0.12594826830565009 1.4903346019381392 0.052882703675516028 -0.2664379971767713 0.84936507809604966 0.46256662204637444 0.12858563967949843 -0.020057186552272548 0.2959150831743092 -0.16547392032617378 -0.019829021355373577 0.33148421342068768
leaf_weight=6.9999999999999991 34 68 138 25 852 54 9.9999999999999982 39 96 118 7.9999999999999991 186 183 13.999999999999998 94 4.9999999999999991 44 27
leaf_count=7 34 68 138 25 852 54 10 39 96 118 8 186 183 14 94 5 44 27
internal_value=-0.000278279 -0.0023683 0.00433699 0.00543228 -0.00317622 0.000474041 0.00364448 0.00706164 -0.00325277 -0.00179207 0.000750391 0.00639753 0.00140629 0.00288673 0.00418754 0.00496382 0.00107046 0.00365637
internal_weight=2002 1378 624 478 1073 305 228 250 1066 214 146 211 237 194 113 99 81 37
internal_count=2002 1378 624 478 1073 305 228 250 1066 214 146 211 237 194 113 99 81 37
is_linear=0
shrinkage=0.0152222


Tree=34
num_leaves=19
num_cat=0
split_feature=11 11 26 14 68 11 11 68 0 82 2 102 72 36 11 10 6 2
split_gain=69.0458 14.4805 10.5599 9.59001 4.69805 3.64677 2.86267 2.8565 2.53251 2.45212 2.10176 2.0582 2.0401 1.91743 1.82243 1.72582 1.44662 1.30286
threshold=4.1854166666666677 2.4645833333333336 1.0000000180025095e-35 5.5000000000000009 1.0000000180025095e-35 6.9083333333333341 5.1562500000000009 1.0000000180025095e-35 33.500000000000007 7.5937500000000009 53.500000000000007 67.312608695652187 18.500000000000004 7.1500000000000012 2.0187500000000012 43.138164504326632 6.1500000000000012 144.50000000000003
decision_type=2 2 2 2 2 2 2 2 2 2 2 2 2 2 2 2 2 2
left_child=1 14 7 4 6 -5 -2 8 -3 -10 -4 -11 -8 -12 -1 17 -6 -13
right_child=3 2 10 5 16 -7 12 -9 9 11 13 15 -14 -15 -16 -17 -18 -19
leaf_value=-0.49440870784026053 0.23456281364630671 0.21757689691203586 -0.28512572563309169 0.00050393915978719673 0.10964860458675145 0.83643585413706723 0.38178605676785743 0.46806391691010896 -0.043045581021172299 -0.16024618083870498 0.14943481842275516 0.12903065164361904 -0.040334184631632956 -0.14435869400949775 -0.2262614171372902 -0.31575275712321998 1.1730719704594215 -0.14471460391325419
leaf_weight=413 169 32 173 123 4.9999999999999991 7.9999999999999991 190 22 90 18 13.999999999999998 214 10.999999999999998 142 297 9.9999999999999982 54 6.9999999999999991
leaf_count=413 169 32 173 123 5 8 190 22 90 18 14 214 11 142 297 10 54 7
internal_value=-0.000264393 -0.00203664 -0.000518609 0.00426726 0.00536793 0.000662048 0.00473056 0.00116571 0.000849197 0.000462421 -0.00253046 0.00124074 0.0059586 -0.00124856 -0.00358017 0.00162728 0.00935731 0.00190748
internal_weight=1992 1432 722 560 429 131 370 393 371 339 329 249 201 156 710 231 59 221
internal_count=1992 1432 722 560 429 131 370 393 371 339 329 249 201 156 710 231 59 221
is_linear=0
shrinkage=0.0152222


Tree=35
num_leaves=19
num_cat=0
split_feature=11 26 26 15 11 109 11 23 11 78 100 15 19 58 100 77 100 36
split_gain=76.949 12.9973 12.252 6.2595 5.20693 3.46038 3.17241 3.008 2.39959 2.28915 2.11543 1.96752 1.9584 2.04054 1.86909 1.78748 1.71175 1.7076
threshold=4.0708333333333346 -0.56174490092936669 -0.22252093395631442 10.500000000000002 2.5354166666666673 6.4538368843241161 5.0937500000000009 -0.98296291314453399 1.9895833333333335 1062.3500000000001 780.38888888888903 6.5000000000000009 27.500000000000004 1.4091492936096699 786.12777777777785 3137.5000000000005 725.82222222222231 16.950000000000003
decision_type=2 2 2 2 2 2 2 2 2 2 2 2 2 2 2 2 2 2
left_child=1 4 3 6 -1 -4 14 15 -3 -5 -9 -10 17 -14 16 -6 -2 -13
right_child=2 8 5 9 7 -7 -8 10 11 -11 -12 12 13 -15 -16 -17 -18 -19
leaf_value=-0.16346944529222954 0.26357209411762894 -0.48688273310087249 0.0058399418573758652 0.099974052281099901 0.23151349032725255 0.86960498137008546 0.39799201895750858 -0.21304010196900816 -0.32314785967568294 1.0362922807179067 0.058051723081519756 0.035701486106058666 -0.18539646920766212 0.0068600812970280095 0.22208273091234476 -0.023475010285001728 -0.095617416420565968 0.38911484210095321
leaf_weight=138 18 361 165 14.999999999999998 59 12.999999999999998 196 30 304 77 169 13.000000000000002 241 41 116 15.999999999999998 26 4.9999999999999991
leaf_count=138 18 361 165 15 59 13 196 30 304 77 169 13 241 41 116 16 26 5
internal_value=-0.000310818 -0.00232249 0.00411403 0.00545626 -5.90979e-05 0.000735219 0.00454034 0.00115532 -0.00328877 0.00899589 0.000175868 -0.00270146 -0.00182634 -0.00213718 0.00294833 0.00375219 0.000276348 0.00303554
internal_weight=2003 1377 626 448 412 178 356 274 965 92 199 604 300 282 160 75 44 18
internal_count=2003 1377 626 448 412 178 356 274 965 92 199 604 300 282 160 75 44 18
is_linear=0
shrinkage=0.0152222


Tree=36
num_leaves=19
num_cat=0
split_feature=81 7 68 109 8 102 56 108 19 26 8 4 36 4 2 36 79 8
split_gain=68.9125 12.1317 6.14963 5.4304 3.83701 4.14236 3.81364 3.92053 3.73181 2.91078 2.54897 2.1325 2.08333 2.01141 1.95483 1.85014 1.80674 1.74328
threshold=75.187500000000014 9.5500000000000025 1.0000000180025095e-35 4.1610742126596785 40.812500000000007 89.52555555555557 1.0000000180025095e-35 44.312358363807647 6.5000000000000009 -0.22252093395631442 26.645833333333339 10.450000000000001 22.150000000000002 7.2500000000000009 178.00000000000003 5.4500000000000011 83.625000000000014 34.229166666666679
decision_type=2 2 2 2 2 2 2 2 2 2 2 2 2 2 2 2 2 2
left_child=3 10 4 9 8 14 7 -5 -3 17 -2 13 -11 -12 -6 -9 -10 -1
right_child=1 2 -4 6 5 -7 -8 15 16 12 11 -13 -14 -15 -16 -17 -18 -19
leaf_value=-0.11566255822396358 -0.14370531755924756 -0.10669652215242256 1.149933121603739 0.30902629645827717 0.30378607155753828 -0.0334011392705773 1.6054155392016012 0.23129148185852277 -0.055680095376316109 -0.32724904933740939 0.0078763278288036496 -0.084282364706976559 0.36256033382476449 0.3335240457169476 -0.043841913439986176 -0.10370559830546792 0.20352887251258409 0.21658098266230205
leaf_weight=125 62 33 56 14.999999999999998 322 29 13.999999999999998 4.9999999999999991 27 887 44 39 5.9999999999999991 26 9.9999999999999982 161 121 29
leaf_count=125 62 33 56 15 322 29 14 5 27 887 44 39 6 26 10 161 121 29
internal_value=-0.000388302 0.00319269 0.00421501 -0.00260556 0.00371813 0.00462503 -0.000273126 -0.000865968 0.00190852 -0.00303993 -0.000382641 0.00101895 -0.00337324 0.00260755 0.00510689 -0.00154006 0.00294054 -0.00110667
internal_weight=2011 769 598 1242 542 361 195 181 181 1047 171 109 893 70 332 166 148 154
internal_count=2011 769 598 1242 542 361 195 181 181 1047 171 109 893 70 332 166 148 154
is_linear=0
shrinkage=0.0152222


Tree=37
num_leaves=19
num_cat=0
split_feature=11 26 26 68 2 11 11 53 46 11 104 6 2 100 5 8 11 77
split_gain=74.6919 12.8072 8.92696 4.94233 4.83513 3.73624 3.0205 2.47151 2.39966 2.32245 2.1084 2.04773 1.94636 1.83706 1.78163 1.91011 1.76873 1.70169
threshold=4.0416666666666679 -0.22252093395631442 -0.22252093395631442 1.0000000180025095e-35 98.500000000000014 7.4875000000000016 5.1562500000000009 2006.0000000000002 0.041666666666666671 2.0187500000000012 1075.0714285714287 18.850000000000005 115.50000000000001 972.85000000000014 24.850000000000005 69.229166666666671 3.6062500000000006 2038.5000000000002
decision_type=2 2 2 2 2 2 2 2 2 2 2 2 2 2 2 2 2 2
left_child=1 4 3 6 9 14 8 10 -2 -1 13 12 17 -3 15 -4 -12 -6
right_child=2 7 5 -5 11 -7 -8 -9 -10 -11 16 -13 -14 -15 -16 -17 -18 -19
leaf_value=-0.3421281042681345 0.26843099341922144 -0.33748981380259413 0.047425767952646532 1.093475409395934 0.0048922490408865689 1.8222926881056709 0.39186241713426273 0.012728668623179229 0.08478706402600987 -0.02338094122120327 -0.33514410054243143 0.27336672992538424 -0.027958690158741202 0.095536097770474421 0.38289647819002726 -0.046367119854880082 0.14651433084015039 0.23909280334495603
leaf_weight=54 114 867 132 54 24 11.999999999999998 191 40 77 244 30 9.9999999999999982 45 6.9999999999999991 10.999999999999998 23 10.999999999999998 37
leaf_count=54 114 867 132 54 24 12 191 40 77 244 30 10 45 7 11 23 11 37
internal_value=-0.000375362 -0.00235385 0.00403578 0.00520845 -0.000117635 0.00116269 0.00459792 -0.0033232 0.00324279 -0.00114401 -0.00348511 0.00251839 0.00189464 -0.00364336 0.000568339 0.000147235 -0.000111139 0.00366515
internal_weight=1983 1369 614 436 414 178 382 955 191 298 915 116 106 874 166 155 41 61
internal_count=1983 1369 614 436 414 178 382 955 191 298 915 116 106 874 166 155 41 61
is_linear=0
shrinkage=0.0152222


Tree=38
num_leaves=19
num_cat=0
split_feature=11 14 11 26 11 10 19 5 8 95 13 100 3 81 25 40 40 3
split_gain=58.9715 12.8099 10.9768 8.15039 7.32907 3.84329 3.75005 3.20895 3.06052 2.89027 3.23242 2.28984 2.08049 1.82206 1.62052 1.41436 2.37177 1.38531
threshold=3.9354166666666672 5.5000000000000009 2.3562500000000006 1.0000000180025095e-35 5.7479166666666677 38.26064040768555 34.500000000000007 22.450000000000003 48.875000000000007 1.0000000180025095e-35 17.500000000000004 768.68333333333351 99.500000000000014 136.50000000000003 0.6078576107927941 16.650000000000002 13.750000000000002 32.500000000000007
decision_type=2 2 2 2 2 2 2 2 2 2 2 2 2 2 2 2 2 2
left_child=2 4 -1 9 5 -2 12 8 -3 -4 -11 -7 17 -13 -5 16 -12 -6
right_child=1 7 3 14 6 11 -8 -9 -10 10 15 13 -14 -15 -16 -17 -18 -19
leaf_value=-0.4066560302161189 0.43084990122828881 0.27316012444435184 -0.15672139214130004 -0.29273071882786933 1.7799060597148131 -0.023109211160132297 1.107242428889516 0.6025574970352755 -0.067116910520890319 -0.043542211822172015 0.1981083270121019 0.26931153645612704 0.48134218921954902 -0.0063098744001778796 -0.035681030603698857 0.24649121652758443 -0.064199406947965873 -0.0074338295334372495
leaf_weight=643 32 19 93 258 6.0000000000000027 42 67 5.9999999999999991 151 99 119 245 52 24 77 30 26 21
leaf_count=643 32 19 93 258 6 42 67 6 151 99 119 245 52 24 77 30 26 21
internal_value=-0.000514966 0.00319298 -0.00234832 -0.00103208 0.00446035 0.00324365 0.00731657 -0.000328542 -0.000716098 0.000534972 0.00132196 0.00272583 0.0050643 0.00324187 -0.00274865 0.00256525 0.00194143 0.00163171
internal_weight=2010 665 1345 702 489 343 146 176 170 367 274 311 79 269 335 175 145 27
internal_count=2010 665 1345 702 489 343 146 176 170 367 274 311 79 269 335 175 145 27
is_linear=0
shrinkage=0.0152222


Tree=39
num_leaves=19
num_cat=0
split_feature=11 11 11 8 6 8 11 80 7 36 19 108 7 36 104 8 1 0
split_gain=63.6345 10.6645 10.2147 5.55995 4.44604 3.4773 3.37278 3.56276 2.68123 2.64059 2.49232 3.82916 2.32088 2.26843 2.01201 2.43508 1.97743 1.85832
threshold=3.9354166666666672 5.3270833333333352 2.0854166666666671 50.937500000000007 9.1500000000000004 38.062500000000007 7.4875000000000016 13.712500000000002 8.4500000000000011 7.7500000000000009 49.500000000000007 46.895818950274666 12.450000000000001 22.050000000000004 1080.6190476190479 76.270833333333357 44.500000000000007 21.500000000000004
decision_type=2 2 2 2 2 2 2 2 2 2 2 2 2 2 2 2 2 2
left_child=2 3 -1 8 10 17 7 14 9 -2 13 -12 -5 16 15 -3 -4 -6
right_child=1 6 4 12 5 -7 -8 -9 -10 -11 11 -13 -14 -15 -16 -17 -18 -19
leaf_value=-0.43316919444085306 0.20534048536985136 0.30661348859616572 -0.056269370059747997 -0.17473314572940238 0.25960147456953148 -0.10309575402217223 1.5376659396033263 0.40311890641796194 0.27077998609844017 -0.12581810546715047 0.27788135809891917 -0.5703521607696117 0.18171735379832055 0.24107516694580244 0.57382543307513323 -0.08281579844646153 -0.20104775804385763 0.10729418524945893
leaf_weight=457 11.999999999999998 69 140 82 4.9999999999999991 86 36 139 166 23 15.000000000000002 13.999999999999998 92 6.9999999999999991 6.9999999999999991 10.999999999999998 409 180
leaf_count=457 12 69 140 82 5 86 36 139 166 23 15 14 92 7 7 11 409 180
internal_value=-0.000413719 0.00353404 -0.00232903 0.00188729 -0.00134786 0.000263936 0.00589018 0.0051986 0.00361149 -0.00021702 -0.00209449 0.00225295 -0.000104926 -0.00232144 0.0027803 0.00209166 -0.00243144 0.00143952
internal_weight=1950 637 1313 375 856 271 262 226 201 35 585 29 174 556 87 80 549 185
internal_count=1950 637 1313 375 856 271 262 226 201 35 585 29 174 556 87 80 549 185
is_linear=0
shrinkage=0.0152222


Tree=40
num_leaves=19
num_cat=0
split_feature=11 81 26 109 11 25 57 104 19 10 19 36 19 11 6 7 6 40
split_gain=61.4883 12.7329 10.5384 7.57442 4.48045 4.22626 3.51345 3.66369 2.92756 2.55625 2.2428 2.30068 2.0559 2.01405 2.01148 1.99047 1.94717 1.84885
threshold=3.9812500000000002 75.812500000000014 -0.22252093395631442 4.2829350870982692 2.2270833333333342 1.0000000180025095e-35 1.5000000000000002 1063.2857142857144 7.5000000000000009 36.344150755446826 42.500000000000007 21.650000000000002 1.5000000000000002 5.7479166666666677 11.050000000000002 9.5500000000000025 13.850000000000003 14.050000000000002
decision_type=2 2 2 2 2 2 2 2 2 2 2 2 2 2 2 2 2 2
left_child=1 4 3 9 -1 12 7 15 -3 -2 11 -7 -6 -11 -10 -4 -16 -15
right_child=2 8 6 -5 5 10 -8 -9 14 13 -12 -13 -14 17 16 -17 -18 -19
leaf_value=-0.39567957373854579 0.43360467041943673 -0.16325909133863389 -0.10735361351764024 0.78779613727032316 0.15491720222582214 -0.1019922593350826 1.633889374563763 0.38222810626692422 -0.0016099999671822674 0.2127638126270181 0.19540812868532603 0.17272498795750038 -0.30008464458610001 0.37074009320295132 0.18997806847086851 0.094433479763795694 0.14673760806825331 0.15225548387780916
leaf_weight=527 20 66 93 103 5.9999999999999991 225 7.9999999999999991 23 129 240 31 9.9999999999999982 271 52 63 74 55 11.999999999999998
leaf_count=527 20 66 93 103 6 225 8 23 129 240 31 10 271 52 63 74 55 12
internal_value=-0.000321415 -0.0021121 0.00364085 0.00498672 -0.00290204 -0.00193132 0.000737834 0.000320359 0.000588352 0.00384252 -0.000560695 -0.00106854 -0.00324716 0.0034945 0.00134936 -0.000464702 0.00278519 0.00589381
internal_weight=2008 1383 625 427 1070 543 198 190 313 324 266 235 277 304 247 167 118 64
internal_count=2008 1383 625 427 1070 543 198 190 313 324 266 235 277 304 247 167 118 64
is_linear=0
shrinkage=0.0152222


Tree=41
num_leaves=19
num_cat=0
split_feature=81 8 109 81 9 57 104 8 109 26 100 19 81 9 76 0 101 80
split_gain=48.4922 8.79825 7.12212 5.74028 4.35681 3.77914 3.37787 3.35067 3.25727 3.25242 3.18467 2.62652 2.38334 2.77397 2.21804 2.19556 2.04955 2.01316
threshold=82.937500000000014 39.770833333333336 4.1316238185891043 99.645833333333357 45.982142857142868 1.5000000000000002 1086.2380952380954 18.020833333333339 4.2702251627417729 1.0000000180025095e-35 934.01666666666677 20.500000000000004 127.06250000000001 37.979166666666671 2109.5000000000005 19.500000000000004 0.88493895548186241 9.3875000000000011
decision_type=2 2 2 2 2 2 2 2 2 2 2 2 2 2 2 2 2 2
left_child=2 11 7 4 -3 6 17 -1 12 15 -10 16 13 -5 -8 -9 -2 -4
right_child=1 3 5 8 -6 -7 14 9 10 -11 -12 -13 -14 -15 -16 -17 -18 -19
leaf_value=-0.45054534019497988 0.37717636515706865 0.07327791907065459 -0.1416862239978833 0.33615014633752699 0.44361392621410267 1.6633489248087399 0.12493084888075526 0.26501212617081205 1.0924257077813138 -0.25278017373197575 0.31165656694766364 0.13631221063292021 0.12750911007323096 0.13246667731375911 0.49920383423241227 -0.074786073914050719 -0.11508235687140192 0.089865622591604841
leaf_weight=310 8.9999999999999982 124 124 126 13.999999999999998 7.9999999999999991 24 5.9999999999999991 57 451 31 109 59 41 14.999999999999998 357 96 52
leaf_count=310 9 124 124 126 14 8 24 6 57 451 31 109 59 41 15 357 96 52
internal_value=-0.000475633 0.00288422 -0.0021369 0.00408797 0.00149957 0.000348032 -3.53724e-05 -0.00262991 0.0052251 -0.00211676 0.00771035 0.000341331 0.00425585 0.00518487 0.00401483 -0.00104401 -0.00137653 -0.000933794
internal_weight=2013 666 1347 452 138 223 215 1124 314 814 88 214 226 167 39 363 105 176
internal_count=2013 666 1347 452 138 223 215 1124 314 814 88 214 226 167 39 363 105 176
is_linear=0
shrinkage=0.0152222


Tree=42
num_leaves=19
num_cat=0
split_feature=11 26 14 11 19 36 104 82 8 11 100 36 7 11 77 1 28 11
split_gain=61.0647 15.0167 10.1352 5.40849 4.91897 3.36146 2.65318 2.52047 2.35355 2.86325 3.23035 2.17825 2.07459 2.02127 1.82251 1.77481 1.53385 1.90275
threshold=4.0708333333333346 -0.56174490092936669 5.5000000000000009 2.0729166666666674 46.500000000000007 16.850000000000005 880.57142857142867 14.631250000000003 18.937500000000004 3.1916666666666678 718.85942028985517 7.9500000000000011 9.1500000000000004 6.3687500000000012 1132.5000000000002 84.500000000000014 0.93301270189221952 3.8812500000000005
decision_type=2 2 2 2 2 2 2 2 2 2 2 2 2 2 2 2 2 2
left_child=1 3 4 -1 6 16 7 11 -5 -10 -11 -2 -4 -9 -12 -16 -3 -18
right_child=2 5 12 8 -6 -7 -8 13 9 10 14 -13 -14 -15 15 -17 17 -19
leaf_value=-0.29514635718927668 0.54287503642437263 -0.36080510358056667 -0.076746386522176677 0.30753015814093604 0.75032702843618282 -0.046887683502933854 0.34215458988072278 0.23354669104132134 -0.069811966658000685 -0.14610668070903637 -0.051375820334118381 -0.012008949654704478 0.089177013865467461 0.67426427280273471 0.16758346955056017 0.22904517228712809 -0.19770300644629701 0.12471832631239153
leaf_weight=75 26 791 73 10.999999999999998 73 135 182 99 193 14.999999999999998 13.999999999999998 69 80 10.999999999999998 127 10.999999999999998 51 6.9999999999999991
leaf_count=75 26 791 73 11 73 135 182 99 193 15 14 69 80 11 127 11 51 7
internal_value=-0.000416494 -0.00213955 0.00360286 0.000177449 0.00473159 -0.00318969 0.00404691 0.00285807 0.000931246 0.000718713 0.00217781 0.00104091 0.000208834 0.00442618 0.00284316 0.00337407 -0.00354446 -0.00115369
internal_weight=2043 1430 613 446 460 984 387 205 371 360 167 95 153 110 152 138 849 58
internal_count=2043 1430 613 446 460 984 387 205 371 360 167 95 153 110 152 138 849 58
is_linear=0
shrinkage=0.0152222


Tree=43
num_leaves=19
num_cat=0
split_feature=11 26 6 11 11 46 11 15 57 8 5 101 36 104 8 76 77 8
split_gain=57.5168 15.1945 8.25159 5.4841 4.1776 3.146 3.08475 3.03927 2.98628 2.90709 2.64969 2.46084 2.42325 2.34229 2.2903 2.24615 1.98427 1.75974
threshold=4.2020833333333343 -0.56174490092936669 11.15 2.5354166666666673 6.4312500000000012 0.47500000000000003 1.9895833333333335 11.500000000000002 1.5000000000000002 45.270833333333336 7.9500000000000011 1.1866434602207183 15.550000000000002 953.88095238095252 68.541666666666671 1031.0000000000002 1301.0000000000002 35.479166666666679
decision_type=2 2 2 2 2 2 2 2 2 2 2 2 2 2 2 2 2 2
left_child=1 3 8 -1 9 10 -3 12 -2 -4 16 14 -8 -9 -11 -6 -5 -12
right_child=2 6 4 5 15 -7 7 13 -10 11 17 -13 -14 -15 -16 -17 -18 -19
leaf_value=-0.15050363353437607 0.048712622022022853 -0.44816160495779006 0.4918989169199775 -0.14153311372814278 0.35199936258858555 -0.13295058972543922 -0.29949380955260946 -0.28138410258313606 1.6489792480481533 0.24161634238807342 0.26031465078477789 -0.10201146586201135 -0.074101710540102825 0.11329481077715504 -0.035080196552541638 0.98065263499791955 0.13317579853180075 0.18139315524595626
leaf_weight=137 149 361 31 36 9.9999999999999982 28 355 12.999999999999998 6.9999999999999991 255 24 7.9999999999999991 233 41 12.999999999999998 66 219 17
leaf_count=137 149 361 31 36 10 28 355 13 7 255 24 8 233 41 13 66 219 17
internal_value=-0.000402012 -0.00196717 0.00384895 0.000320249 0.00505086 0.00139983 -0.00301849 -0.00238509 0.000897398 0.00425852 0.0018613 0.00376072 -0.00270248 0.0010701 0.00400925 0.00824641 0.00128317 0.00545078
internal_weight=2003 1464 539 461 383 324 1003 642 156 307 296 276 588 54 268 76 255 41
internal_count=2003 1464 539 461 383 324 1003 642 156 307 296 276 588 54 268 76 255 41
is_linear=0
shrinkage=0.0152222


Tree=44
num_leaves=19
num_cat=0
split_feature=11 26 14 19 11 3 11 10 23 77 8 8 7 15 6 7 10 11
split_gain=59.5258 11.5304 9.95438 5.39141 4.12392 3.94036 3.0691 2.98156 2.23153 2.38495 2.5457 1.71088 1.70896 1.68491 1.56484 1.52334 1.48649 1.44874
threshold=3.9812500000000002 -0.22252093395631442 5.5000000000000009 48.500000000000007 2.0187500000000012 80.500000000000014 2.4062500000000009 99.719747437160038 -0.98296291314453399 2143.0000000000005 37.229166666666679 19.104166666666668 9.0500000000000025 6.5000000000000009 9.1500000000000004 14.050000000000002 32.886263205176206 5.7479166666666677
decision_type=2 2 2 2 2 2 2 2 2 2 2 2 2 2 2 2 2 2
left_child=1 4 3 5 -1 15 -3 12 9 -6 -11 -10 -4 -8 -13 -2 -15 -7
right_child=2 6 7 -5 8 17 13 -9 11 10 -12 14 -14 16 -16 -17 -18 -19
leaf_value=-0.38570621956063089 0.23436711461732584 -0.39143602440586373 -0.12957035048136639 0.97073686889456567 -0.095417756151669864 0.24024491088895725 -0.23622001600055137 1.2492204292090694 0.26794167109030365 0.25352209473644133 -0.035739529377074482 -0.10192092086601075 0.075203939647637719 0.0085120350748995269 0.061237866494821512 -0.14698418184129525 -0.14158406769583021 0.37117540097384355
leaf_weight=64 77 568 72 55 21 225 171 5.9999999999999991 9.9999999999999982 50 11.999999999999998 140 79 87 109 9.9999999999999982 136 113
leaf_count=64 77 568 72 55 21 225 171 6 10 50 12 140 79 87 109 10 136 113
internal_value=-0.000428942 -0.00221871 0.00341456 0.00450275 -6.74688e-05 0.00392148 -0.00312656 8.72053e-05 0.000596324 0.00276758 0.00426843 -9.98781e-05 -0.00033253 -0.00209374 -0.000348372 0.00103165 -0.00122157 0.00466502
internal_weight=2005 1368 637 480 406 425 962 157 342 83 62 259 151 394 249 87 223 338
internal_count=2005 1368 637 480 406 425 962 157 342 83 62 259 151 394 249 87 223 338
is_linear=0
shrinkage=0.0152222


Tree=45
num_leaves=19
num_cat=0
split_feature=11 11 26 14 28 77 82 19 2 12 23 4 81 11 19 0 0 19
split_gain=57.3606 11.3182 8.79146 6.46375 4.64852 3.77416 2.67083 2.02424 1.9824 1.97088 1.82859 1.78563 1.64084 1.58416 1.50006 1.38963 2.58472 1.31421
threshold=4.3187500000000005 2.2270833333333342 1.0000000180025095e-35 5.5000000000000009 0.93301270189221952 1132.5000000000002 21.125000000000004 47.500000000000007 143.50000000000003 4.7136904761904779 -0.98296291314453399 18.250000000000004 127.81250000000001 5.6125000000000016 3.5000000000000004 77.500000000000014 82.500000000000014 38.500000000000007
decision_type=2 2 2 2 2 2 2 2 2 2 2 2 2 2 2 2 2 2
left_child=1 -1 5 4 6 17 11 10 -4 -5 14 12 15 -6 -7 -2 -17 -3
right_child=3 2 8 9 13 7 -8 -9 -10 -11 -12 -13 -14 -15 -16 16 -18 -19
leaf_value=-0.38162787771069079 0.31097418601218313 -0.20682148488058399 -0.20886292824676669 -0.011820538047298348 0.42890594090557538 -0.17322615749113221 0.28074823451767972 0.33597942460344782 0.12536858864632583 0.29328624044100188 0.0022161681374127376 -0.053345143829465168 0.099279956836517885 1.3006050552798774 0.12448464946125154 0.36060700960963055 0.31979195710640035 0.219855131599728
leaf_weight=579 84 61 411 90 24 6.9999999999999991 35 23 7.9999999999999991 10.999999999999998 281 14.999999999999998 43 36 113 22 160 4.9999999999999991
leaf_count=579 84 61 411 90 24 7 35 23 8 11 281 15 43 36 113 22 160 5
internal_value=-0.000488188 -0.0020091 -0.000949447 0.00386371 0.00469687 0.000434866 0.00404029 0.000962032 -0.0025682 0.000406681 0.000709762 0.00360764 0.00385663 0.00861847 0.00228232 0.00430258 0.00505032 -0.00294983
internal_weight=2008 1488 909 520 419 490 359 424 419 101 401 324 309 60 120 266 182 66
internal_count=2008 1488 909 520 419 490 359 424 419 101 401 324 309 60 120 266 182 66
is_linear=0
shrinkage=0.0152222


Tree=46
num_leaves=19
num_cat=0
split_feature=11 11 26 26 12 104 11 104 11 25 13 13 19 11 4 11 1 78
split_gain=50.2478 10.6933 7.53566 5.64926 3.51522 3.16573 2.92687 2.54237 2.32429 3.71817 2.19169 2.46214 2.47999 2.00971 1.65322 1.96902 1.59799 1.53278
threshold=3.8020833333333344 6.5333333333333341 -0.22252093395631442 -0.22252093395631442 4.2836309523809524 1225.2380952380956 1.9520833333333336 744.90476190476204 2.1854166666666672 0.6078576107927941 19.500000000000004 17.500000000000004 46.500000000000007 4.9770833333333346 12.050000000000002 4.293750000000002 89.500000000000014 1106.95
decision_type=2 2 2 2 2 2 2 2 2 2 2 2 2 2 2 2 2 2
left_child=2 3 6 4 13 14 -1 -3 -4 -10 11 -8 16 -2 -5 -16 -13 -9
right_child=1 7 8 5 -6 -7 10 17 9 -11 -12 12 -14 -15 15 -17 -18 -19
leaf_value=-0.33688113029823757 0.10781087247954177 -0.050693213724830793 -0.39217099828914093 0.2704167097576991 0.41926423256315332 0.25216497464799725 -0.10183032775446818 0.48281542231480679 -0.3172841521514379 -0.065235272577743766 -0.14525052926900461 0.05022556309576727 0.37097206337340632 0.24739922320278965 -0.14751100103021617 0.011468788661201807 0.22166243834147781 1.1495512698626966
leaf_weight=58 205 5.9999999999999991 463 10.999999999999998 32 21 91 20 267 201 71 145 6.9999999999999991 168 69 125 6.9999999999999991 62
leaf_count=58 205 6 463 11 32 21 91 20 267 201 71 145 7 168 69 125 7 62
internal_value=-0.000665438 0.0025679 -0.0024401 0.00187427 0.00295009 -5.38531e-05 -0.000630481 0.00753747 -0.0031767 -0.00241967 -6.16247e-05 0.000608746 0.0017514 0.00253396 -0.000630986 -0.000956998 0.00134148 0.00823706
internal_weight=2029 719 1310 631 405 226 379 88 931 468 321 250 159 373 205 194 152 82
internal_count=2029 719 1310 631 405 226 379 88 931 468 321 250 159 373 205 194 152 82
is_linear=0
shrinkage=0.0152222


Tree=47
num_leaves=19
num_cat=0
split_feature=11 11 26 26 4 1 15 23 19 80 80 15 77 81 104 77 49 4
split_gain=48.2011 9.82092 9.06074 8.37495 5.2585 2.68732 2.75754 2.66139 2.56487 2.46831 2.32288 2.25652 1.93489 1.96215 1.87591 1.85044 1.69325 2.882
threshold=4.0708333333333346 2.0854166666666671 -0.22252093395631442 1.0000000180025095e-35 17.350000000000005 25.500000000000004 11.500000000000002 -0.98296291314453399 50.500000000000007 9.4625000000000039 9.6125000000000025 6.5000000000000009 2109.5000000000005 117.31250000000001 1031.5952380952383 1538.0000000000002 95552.000000000015 8.4500000000000011
decision_type=2 2 2 2 2 2 2 2 2 2 2 2 2 2 2 2 2 2
left_child=1 -1 4 7 5 -2 12 11 9 -4 -11 -3 15 -14 -5 -7 -9 -18
right_child=2 3 8 14 -6 6 -8 16 -10 10 -12 -13 13 -15 -16 -17 17 -19
leaf_value=-0.41435121706234829 -0.023978517070679065 0.027650125818755259 -0.12635475699413853 -0.23639728809077468 0.99737360745494275 0.28844492197409122 0.6593871709621586 -0.099119884960203714 0.53717602485107541 0.43092058536293487 0.051984050866890882 0.19853848599999613 0.3554553533219495 0.20349250417159592 -0.01469116452764979 0.12522793174928859 -0.023006118692065182 0.19315301174246621
leaf_weight=466 18 68 81 386 36 80 32 144 11.999999999999998 5.9999999999999991 69 59 75 86 65 95 197 25
leaf_count=466 18 68 81 386 36 80 32 144 12 6 69 59 75 86 65 95 197 25
internal_value=-0.000608871 -0.00213751 0.00304417 -0.0012448 0.00423428 0.00371435 0.00399526 0.000126573 5.43229e-05 -0.000468195 0.00152112 0.00202478 0.00358753 0.00479202 -0.00274373 0.00247829 -0.000532276 0.000301612
internal_weight=2000 1410 590 944 422 386 368 493 168 156 75 127 336 161 451 175 366 222
internal_count=2000 1410 590 944 422 386 368 493 168 156 75 127 336 161 451 175 366 222
is_linear=0
shrinkage=0.0152222


Tree=48
num_leaves=19
num_cat=0
split_feature=11 14 11 25 11 6 78 77 0 82 76 76 41 3 11 0 82 105
split_gain=49.7952 11.3715 6.76967 6.95287 6.49456 4.09482 3.40861 2.16638 2.00908 1.99518 1.94664 5.53919 2.48138 2.62314 1.88142 1.69979 2.96157 2.08238
threshold=3.6562500000000004 5.5000000000000009 2.2270833333333342 1.0000000180025095e-35 5.7479166666666677 9.7500000000000018 1066.8500000000001 1407.5000000000002 76.500000000000014 11.743750000000002 1407.5000000000002 867.50000000000011 23.600000000000005 134.50000000000003 6.2250000000000014 50.500000000000007 13.856250000000001 0.86981630510462538
decision_type=2 2 2 2 2 2 2 2 2 2 2 2 2 2 2 2 2 2
left_child=2 4 -1 9 10 7 -6 -5 -3 -4 11 -2 13 -12 -8 -14 -17 -18
right_child=1 8 3 5 6 -7 14 -9 -10 -11 12 -13 15 -15 -16 16 17 -19
leaf_value=-0.37688351259716252 0.30639051584517263 0.18409425655212899 -0.25416235351193989 -0.18302821837741484 0.19740419807572307 0.10929245739360077 0.24760826943955574 -0.0052388847680873438 -0.058260528437771179 -0.046063083608782529 0.37281955591936561 -0.1120401286619204 0.20774044808500169 -0.070986608992952158 0.94572174371079643 -0.005126577819633645 -0.041189040226565735 0.25181886593954145
leaf_weight=551 27 5.9999999999999991 252 70 31 59 50 258 189 67 67 39 22 7.9999999999999991 74 99 15.999999999999998 128
leaf_count=551 27 6 252 70 31 59 50 258 189 67 67 39 22 8 74 99 16 128
internal_value=-0.00050588 0.00258115 -0.00236255 -0.0013755 0.00368175 -3.92205e-06 0.00633228 -0.000668175 -0.000585294 -0.00303917 0.00266916 0.000276488 0.0031335 0.0055776 0.00746067 0.00244081 0.00207302 0.00346602
internal_weight=2013 756 1257 706 561 387 155 328 195 319 406 66 340 75 124 265 243 144
internal_count=2013 756 1257 706 561 387 155 328 195 319 406 66 340 75 124 265 243 144
is_linear=0
shrinkage=0.0152222


Tree=49
num_leaves=19
num_cat=0
split_feature=11 11 26 11 26 77 71 46 23 11 79 11 5 4 11 19 40 11
split_gain=56.1544 14.6558 9.77636 5.61559 3.88795 3.69585 2.68443 2.62333 2.52835 3.03841 2.46783 2.45436 2.13139 2.60353 1.97362 1.87307 2.34483 1.72472
threshold=4.6437500000000007 2.1854166666666672 1.0000000180025095e-35 7.4875000000000016 -0.22252093395631442 1132.5000000000002 1.0000000180025095e-35 0.6083333333333335 -0.98296291314453399 3.5750000000000006 46.375000000000007 3.1770833333333344 3.9500000000000006 10.250000000000002 4.5562500000000012 47.500000000000007 6.4500000000000011 5.668750000000002
decision_type=2 2 2 2 2 2 2 2 2 2 2 2 2 2 2 2 2 2
left_child=1 -1 5 4 17 10 11 8 -7 15 -3 -4 -11 14 -14 -10 -17 -2
right_child=3 2 6 -5 -6 7 -8 -9 9 12 -12 -13 13 -15 -16 16 -18 -19
leaf_value=-0.37114650801988514 0.2153778945973398 0.075233908194268728 -0.23565480342345985 1.4139628665263253 0.071189448625712165 0.21216792753003177 -0.20066071556807666 -0.14684380154243187 -0.054515893892606859 -0.023229357957270907 -0.15192462902672332 0.063360359785419235 0.23710400105428051 -0.094551518873569912 -0.18257906779854535 0.43688158576629538 -0.13897276538068826 0.37186376701022317
leaf_weight=545 167 4.9999999999999991 112 43 88 123 285 35 171 24 60 84 77 13.999999999999998 4.9999999999999991 10.000000000000002 6.9999999999999991 142
leaf_count=545 167 5 112 43 88 123 285 35 171 24 60 84 77 14 5 10 7 142
internal_value=-0.000442857 -0.00179982 -0.000715946 0.00435857 0.00379163 0.000708 -0.00228783 0.00118236 0.0015079 0.000770853 -0.00269097 -0.000916178 0.00266271 0.00367669 0.00471217 -0.000437092 0.0043741 0.00459545
internal_weight=1997 1557 1012 440 397 531 481 466 431 308 65 196 120 96 82 188 17 309
internal_count=1997 1557 1012 440 397 531 481 466 431 308 65 196 120 96 82 188 17 309
is_linear=0
shrinkage=0.0152222


Tree=50
num_leaves=19
num_cat=0
split_feature=11 26 11 26 11 11 104 8 77 24 7 79 100 19 81 81 38 76
split_gain=39.9172 11.4665 10.3817 6.36766 6.10373 3.5732 3.45639 3.0713 3.29859 2.55777 2.50807 2.38572 2.28394 1.86928 1.71428 1.83642 1.67907 1.76307
threshold=3.9812500000000002 -0.22252093395631442 2.0187500000000012 1.0000000180025095e-35 5.8583333333333352 7.3187500000000005 787.54761904761915 17.854166666666668 1621.0000000000002 -0.12940952255126037 16.550000000000004 84.125000000000014 953.41666666666686 42.500000000000007 121.81250000000001 112.56250000000001 4.8500000000000005 697.00000000000011
decision_type=2 2 2 2 2 2 2 2 2 2 2 2 2 2 2 2 2 2
left_child=2 4 -1 7 6 13 11 -4 -9 -10 12 -2 -8 -3 15 -12 -6 -18
right_child=1 5 3 -5 16 -7 10 8 9 -11 14 -13 -14 -15 -16 -17 17 -19
leaf_value=-0.38887427407618314 0.47027564084952389 -0.080640118715291018 0.31548845062085834 -0.19585898713589159 0.040275490015104255 1.1757768760330349 0.30651260977532252 -0.12287555307490446 -0.055636963308067021 0.099986368514992152 -0.014740473960749803 -0.028783288570644643 -0.0050861970150016212 0.18785501852917308 -0.019482003140068302 0.27667325499611595 -0.13147918393816932 0.56880844110116213
leaf_weight=452 14.999999999999998 143 8.9999999999999982 437 8.9999999999999982 8.9999999999999982 122 118 135 221 14.999999999999998 63 14.999999999999998 39 36 27 4.9999999999999991 114
leaf_count=452 15 143 9 437 9 9 122 118 135 221 15 63 15 39 36 27 5 114
internal_value=-0.00056161 0.00267112 -0.00200366 -0.00107542 0.00407442 -0.000422261 0.00286209 0.000129193 -3.85243e-05 0.000692584 0.00385771 0.000116962 0.00509806 -0.000886295 0.00167719 0.0037646 0.00684722 0.00732649
internal_weight=1984 612 1372 920 421 191 293 483 474 356 215 78 137 182 78 42 128 119
internal_count=1984 612 1372 920 421 191 293 483 474 356 215 78 137 182 78 42 128 119
is_linear=0
shrinkage=0.0152222


Tree=51
num_leaves=19
num_cat=0
split_feature=11 11 26 11 15 19 81 77 10 67 5 2 101 100 81 41 19 11
split_gain=46.3761 11.6232 7.28585 6.80067 4.01505 3.41941 3.0988 2.76298 2.60093 2.2221 1.88666 2.03274 1.83035 1.73535 1.64202 1.56906 1.41541 1.35266
threshold=4.3395833333333345 2.3937500000000012 1.0000000180025095e-35 5.0937500000000009 11.500000000000002 47.500000000000007 62.062500000000007 833.50000000000011 48.537431349507941 1.0000000180025095e-35 4.9500000000000011 118.50000000000001 0.94974166447506347 769.65043290043297 127.81250000000001 19.250000000000004 50.500000000000007 1.8437500000000002
decision_type=2 2 2 2 2 2 2 2 2 2 2 2 2 2 2 2 2 2
left_child=1 17 5 8 6 7 13 -3 -2 16 -9 -12 -8 -5 -14 -10 -4 -1
right_child=3 2 9 4 -6 -7 12 10 15 -11 11 -13 14 -15 -16 -17 -18 -19
leaf_value=-0.44520927679012257 0.1921163821189614 -0.19171580211930148 -0.21404764344448143 1.1412230341310881 1.1415909537584861 0.41524078339964293 0.066671516284017004 -0.038569062592841874 0.25252481043295855 -0.043744447815757655 0.088966749072003165 -0.051251762470048992 0.36417066435068507 -0.18275379318373788 0.11649033900267435 -0.058140991467232457 0.056184140842704337 -0.22330590046270016
leaf_weight=349 105 31 251 8.0000000000000018 47 24 19 108 8.9999999999999982 97 239 29 161 17 34 88 14.999999999999998 331
leaf_count=349 105 31 251 8 47 24 19 108 9 97 239 29 161 17 34 88 15 331
internal_value=-0.00061756 -0.00196415 -0.000713131 0.00344958 0.00495962 0.000625051 0.00415813 0.00029542 0.00131087 -0.00230187 0.00065575 0.00134019 0.00475045 -0.000911289 0.00518978 -0.000486182 -0.00302095 -0.00342473
internal_weight=1962 1474 794 488 286 431 239 407 202 363 376 268 214 25 195 97 266 680
internal_count=1962 1474 794 488 286 431 239 407 202 363 376 268 214 25 195 97 266 680
is_linear=0
shrinkage=0.0152222


Tree=52
num_leaves=19
num_cat=0
split_feature=81 6 109 79 68 8 109 5 108 0 5 28 101 40 56 81 82 38
split_gain=47.4518 9.77643 7.07738 3.95903 3.90204 3.53139 3.41171 3.81492 2.99941 2.5088 2.33934 2.32779 2.65999 2.25569 2.0186 2.26886 1.99494 1.93929
threshold=76.687500000000014 12.050000000000002 4.1807122504294076 43.625000000000007 1.0000000180025095e-35 22.604166666666668 6.4538368843241161 13.850000000000003 46.895818950274666 105.50000000000001 12.350000000000003 0.25000000000000017 0.99607737682359165 22.350000000000005 1.0000000180025095e-35 71.062500000000014 8.9062500000000018 29.550000000000004
decision_type=2 2 2 2 2 2 2 2 2 2 2 2 2 2 2 2 2 2
left_child=2 5 3 -1 11 -2 7 8 -4 16 -10 12 -3 17 15 -9 -7 -5
right_child=1 4 6 13 -6 9 -8 14 10 -11 -12 -13 -14 -15 -16 -17 -18 -19
leaf_value=-0.35280022824538876 -0.23658998036432399 0.14068572987322656 0.24005749547803387 -0.17229965577587181 0.9659022952761771 0.19546983932214446 0.84444705127955566 -0.20580521508920571 -0.2159553128361561 -0.15838938691764085 0.26475903544460216 0.16397236822430833 0.26590612795652274 0.18275960866752383 1.3726844690984394 0.26160087811383181 0.07737209091236262 0.038643253897992141
leaf_weight=401 44 68 35 603 51 40 9.9999999999999982 92 29 51 9.9999999999999982 135 203 8.9999999999999982 4.9999999999999991 9.9999999999999982 165 40
leaf_count=401 44 68 35 603 51 40 10 92 29 51 10 135 203 9 5 10 165 40
internal_value=-0.000413064 0.00259182 -0.00224163 -0.00273061 0.00399329 0.000456574 0.000454131 -2.51997e-05 0.00263115 0.00114142 -0.000272751 0.00349391 0.00430745 -0.00199834 -0.00186272 -0.00232689 0.001893 -0.00210442
internal_weight=2001 757 1244 1053 457 300 191 181 74 256 39 406 271 652 107 102 205 643
internal_count=2001 757 1244 1053 457 300 191 181 74 256 39 406 271 652 107 102 205 643
is_linear=0
shrinkage=0.0152222


Tree=53
num_leaves=19
num_cat=0
split_feature=11 26 11 11 41 36 46 10 23 40 7 19 76 2 100 81 19 11
split_gain=43.6502 17.0478 6.55227 5.01623 3.49545 3.49306 3.39168 2.76186 2.35259 2.73289 2.72197 2.11023 3.58912 1.91876 1.83851 1.82519 2.64982 2.50862
threshold=4.6437500000000007 -0.22252093395631442 6.7020833333333343 1.8291666666666668 16.000000000000004 16.650000000000002 0.47500000000000003 67.871914780126289 -0.98296291314453399 16.350000000000005 4.2500000000000009 49.500000000000007 2221.0000000000005 178.00000000000003 829.58888888888907 119.31250000000001 35.500000000000007 4.1312500000000014
decision_type=2 2 2 2 2 2 2 2 2 2 2 2 2 2 2 2 2 2
left_child=1 3 7 -1 -4 11 8 13 9 15 -10 -3 -13 14 -2 16 17 -5
right_child=2 5 4 6 -6 -7 -8 -9 10 -11 -12 12 -14 -15 -16 -17 -18 -19
leaf_value=-0.41784197172919757 0.14933284264529476 -0.29620996682500733 -0.80502457617642398 0.098101521458347427 1.0147316342393293 -0.086991549665726892 -0.14437691294439353 -0.058465907524763286 0.41619692754542575 0.38305855678377398 0.014886192322382542 -0.28079118200075909 0.17331296073695648 -0.073576637868868922 0.2308678882067908 -0.13655274654964289 0.28722415161775322 0.42118325034842868
leaf_weight=41 100 806 4.9999999999999991 55 74 170 38 30 8.9999999999999982 13.999999999999998 298 35 13.999999999999998 6.9999999999999991 196 14.999999999999998 19 11.999999999999998
leaf_count=41 100 806 5 55 74 170 38 30 9 14 298 35 14 7 196 15 19 12
internal_value=-0.000576511 -0.00176356 0.00381985 0.000537727 0.00776016 -0.00288836 0.000992633 0.00288399 0.00138497 0.00324151 0.000689085 -0.00328459 -0.000217146 0.00332018 0.00350666 0.00236498 0.00321947 0.00179342
internal_weight=1938 1526 412 501 79 1025 460 333 422 115 307 855 49 303 296 101 86 67
internal_count=1938 1526 412 501 79 1025 460 333 422 115 307 855 49 303 296 101 86 67
is_linear=0
shrinkage=0.0152222


Tree=54
num_leaves=19
num_cat=0
split_feature=6 8 6 81 80 15 77 81 19 12 101 9 104 58 81 9 5 2
split_gain=41.431 9.5417 5.94197 4.79156 3.81476 3.5509 2.42815 2.87197 2.93365 2.27147 2.25342 2.23749 2.22248 2.06678 1.81894 1.80706 1.64703 1.46125
threshold=9.6500000000000004 55.729166666666679 5.9500000000000011 80.062500000000014 14.362500000000002 11.500000000000002 1324.5000000000002 55.312500000000007 50.500000000000007 3.4526785714285722 1.113992128384669 34.651785714285722 1269.3571428571431 1.0000000180025095e-35 56.812500000000007 46.669642857142868 5.9500000000000011 80.500000000000014
decision_type=2 2 2 2 2 2 2 2 2 2 2 2 2 2 2 2 2 2
left_child=2 3 -1 5 15 14 -4 8 17 11 -9 -6 -10 -5 -2 -3 -15 -8
right_child=1 4 6 13 9 -7 7 10 12 -11 -12 -13 -14 16 -16 -17 -18 -19
leaf_value=-0.32769862862405474 -0.33734493408086941 0.19924689009911423 -0.17804226769506604 0.20439923828734669 0.18739422877382572 0.40449745375704677 -0.18346303150566057 0.020721212317454996 0.40143657511930803 0.73711214324629015 -0.1640345815606071 -0.020741611861536891 -0.54929247106749701 -0.023435865903141409 -0.04406728198688261 0.59417377883609079 0.18991144786467637 0.21422400331679264
leaf_weight=586 46 66 125 129 50 13.999999999999998 172 267 6.9999999999999982 85 37 15.999999999999998 6 73 99 10.999999999999998 156 6.9999999999999991
leaf_count=586 46 66 125 129 50 14 172 267 7 85 37 16 6 73 99 11 156 7
internal_value=-0.000503753 0.00231892 -0.00224603 0.00117467 0.00491271 -0.00102403 -0.00120836 -0.000730337 -0.00218759 0.00631857 0.000190231 0.00419431 0.00478162 0.0021512 -0.00173154 0.00215334 0.00128261 -0.00269498
internal_weight=1952 745 1207 517 228 159 621 496 192 151 304 66 13 358 145 77 229 179
internal_count=1952 745 1207 517 228 159 621 496 192 151 304 66 13 358 145 77 229 179
is_linear=0
shrinkage=0.0152222


Tree=55
num_leaves=19
num_cat=0
split_feature=11 11 11 25 79 14 82 19 79 11 10 10 0 2 2 2 8 4
split_gain=43.4635 10.3995 9.395 7.22582 4.6655 3.61154 3.27409 2.36851 2.06088 2.02789 3.83027 2.45972 1.88592 1.72167 1.62175 3.80817 1.58024 1.50976
threshold=3.9500000000000006 6.6291666666666673 2.0187500000000012 1.0000000180025095e-35 88.125000000000014 5.5000000000000009 7.3062500000000012 47.500000000000007 89.125000000000014 5.0812500000000007 37.79185741780865 47.429390605856646 19.500000000000004 98.500000000000014 115.50000000000001 103.50000000000001 49.687500000000007 4.8500000000000005
decision_type=2 2 2 2 2 2 2 2 2 2 2 2 2 2 2 2 2 2
left_child=2 5 -1 4 -4 9 7 12 -6 10 -2 -11 -5 -10 15 -8 -12 -14
right_child=1 -3 3 6 8 -7 14 -9 13 11 16 -13 17 -15 -16 -17 -18 -19
leaf_value=-0.34651642361811891 0.31803355692618013 1.0658156568456127 -0.24197941306294282 0.16015424928735153 0.37670553904021203 0.0047292967796587612 0.025089653826086619 0.18164819408535615 -0.089563629295730349 0.26614911869477115 0.18449065535222905 0.22575825046426862 0.025397813909374307 0.068399054483332625 -0.085931498137348405 0.28469315398009559 -0.029824672265971693 -0.14501229852317907
leaf_weight=427 34 69 355 6.9999999999999991 6.9999999999999991 156 183 30 45 30 105 154 50 41 18 22 74 181
leaf_count=427 34 69 355 7 7 156 183 30 45 30 105 154 50 41 18 22 74 181
internal_value=-0.000462472 0.00287289 -0.00198126 -0.00112985 -0.00252768 0.00217715 0.000145688 -0.000988103 0.000507081 0.00294819 0.00193624 0.00411875 -0.0014963 -0.000141468 0.0015082 0.001893 0.00104567 -0.00173269
internal_weight=1988 622 1366 939 448 553 491 268 93 397 213 184 238 86 223 205 179 231
internal_count=1988 622 1366 939 448 553 491 268 93 397 213 184 238 86 223 205 179 231
is_linear=0
shrinkage=0.0152222


Tree=56
num_leaves=19
num_cat=0
split_feature=11 11 26 14 11 101 11 76 7 6 79 104 7 6 58 2 76 76
split_gain=50.2327 11.2958 10.7673 7.75439 4.89941 3.17725 3.00576 2.86034 2.81685 2.38334 1.97567 1.96756 1.764 1.65918 1.39322 1.38038 1.37783 1.33924
threshold=4.3187500000000005 2.006250000000001 1.0000000180025095e-35 5.5000000000000009 5.5833333333333339 0.98708015494768575 7.4875000000000016 1593.5000000000002 16.750000000000004 10.750000000000002 66.375000000000014 1031.5952380952383 3.9500000000000006 22.050000000000004 0.78997961361554114 135.50000000000003 867.50000000000011 1714.0000000000002
decision_type=2 2 2 2 2 2 2 2 2 2 2 2 2 2 2 2 2 2
left_child=1 -1 9 4 7 8 10 16 -6 12 -5 -4 -3 17 -11 -13 -2 -9
right_child=3 2 11 6 5 -7 -8 13 -10 14 -12 15 -14 -15 -16 -17 -18 -19
leaf_value=-0.34985606098004352 0.2794312927010984 0.14220029968979603 -0.19772223819576376 -0.12713748546123915 -0.063805444968153505 0.51528713550246796 1.1080303353432388 0.31719230863663433 0.54297885518519273 0.066126765189648579 0.072476037836203114 -0.076360872135734198 -0.039854390710546 0.24168612677849946 0.22213067442538609 0.12495722522551307 -0.031319874894666193 0.17518241215135161
leaf_weight=444 13.999999999999998 19 453 57 19.000000000000004 145 5.9999999999999991 15.999999999999998 5.9999999999999991 141 54 54 350 15.999999999999998 39 6.9999999999999991 39 150
leaf_count=444 14 19 453 57 19 145 6 16 6 141 54 54 350 16 39 7 39 150
internal_value=-0.000500391 -0.00191003 -0.0010582 0.00356899 0.00456608 0.0065346 0.000117006 0.0031409 0.00151893 0.000424178 -0.000452305 -0.00264141 -0.000276343 0.00404694 0.00185994 -7.47308e-05 2.86129e-05 0.00359351
internal_weight=2029 1507 1063 522 405 170 117 235 25 549 111 514 369 182 180 61 53 166
internal_count=2029 1507 1063 522 405 170 117 235 25 549 111 514 369 182 180 61 53 166
is_linear=0
shrinkage=0.0152222


Tree=57
num_leaves=19
num_cat=0
split_feature=11 11 26 11 26 38 23 100 6 2 5 8 2 104 76 100 80 101
split_gain=47.7251 8.55442 8.84079 8.51882 5.60722 3.58337 3.39782 3.20649 2.61047 3.61594 2.5505 2.7795 2.35034 2.28821 1.98282 2.97951 2.32183 1.8669
threshold=3.7020833333333338 2.0187500000000012 1.0000000180025095e-35 7.3187500000000005 -0.22252093395631442 16.750000000000004 -0.98296291314453399 654.98135146994309 7.2500000000000009 84.500000000000014 28.150000000000002 48.875000000000007 67.500000000000014 787.54761904761915 2814.5000000000005 778.3944444444445 8.3875000000000028 0.99146347634665755
decision_type=2 2 2 2 2 2 2 2 2 2 2 2 2 2 2 2 2 2
left_child=1 -1 6 4 5 7 8 -2 -3 -10 11 12 -6 -5 16 -16 -7 -9
right_child=3 2 -4 13 10 14 -8 17 9 -11 -12 -13 -14 -15 15 -17 -18 -19
leaf_value=-0.36390214964587236 -0.28919619830339771 -0.073514320924413623 -0.25018123195690795 -0.039871655710551852 -0.0044483152994391267 0.58868354035868209 -0.043561220037416762 0.14712889451840169 0.28638555381407421 0.12416583214260438 0.26251545893048067 -0.055174334999765956 0.17922254238739518 1.2052510641370637 -0.045340698155581949 0.32666812204192452 0.013574605247069537 0.3392630288882541
leaf_weight=441 8.9999999999999982 17 388 5.9999999999999991 29 7.9999999999999991 314 56 32 52 7.9999999999999991 166 23 37 21 31 138 199
leaf_count=441 9 17 388 6 29 8 314 56 32 52 8 166 23 37 21 31 138 199
internal_value=-0.000427751 -0.00224163 -0.00130603 0.00265901 0.00224776 0.00320882 0.00023838 0.00436976 0.00266626 0.00376696 0.000282807 -2.79048e-05 0.00304136 0.0092284 0.00166015 0.00421114 0.000750391 0.0046851
internal_weight=1975 1244 803 731 688 462 415 264 101 84 226 218 52 43 198 52 146 255
internal_count=1975 1244 803 731 688 462 415 264 101 84 226 218 52 43 198 52 146 255
is_linear=0
shrinkage=0.0152222


Tree=58
num_leaves=19
num_cat=0
split_feature=11 11 11 26 4 11 8 8 104 105 2 104 1 3 76 76 25 100
split_gain=48.7206 12.2552 6.55472 6.64918 6.28627 3.85347 3.24833 2.75781 2.5741 2.03664 1.87855 1.74837 1.66196 1.59873 1.52732 1.89728 1.46474 1.3529
threshold=3.5562500000000008 5.3729166666666677 1.9812500000000004 1.0000000180025095e-35 15.550000000000002 6.7020833333333343 34.500000000000007 70.145833333333357 525.40476190476204 0.79884167858256483 66.500000000000014 754.14285714285722 136.50000000000003 109.50000000000001 1373.0000000000002 867.50000000000011 0.6078576107927941 769.65043290043297
decision_type=2 2 2 2 2 2 2 2 2 2 2 2 2 2 2 2 2 2
left_child=2 4 -1 8 6 7 10 -3 -4 -8 -2 -7 14 -6 15 -11 -5 -10
right_child=1 5 3 16 13 11 9 -9 17 12 -12 -13 -14 -15 -16 -17 -18 -19
leaf_value=-0.36745948004371881 -0.028628024526657452 0.32536460141385598 0.26669525608274119 -0.30215111079336998 -0.14894555019092914 0.018159204073080432 -0.093781152427534889 -0.018998620643449513 -0.09574727892639863 0.18588189084178716 0.39601639331151395 0.99998899514505546 -0.21153099631344208 0.086422948764645388 0.17682000524192812 -0.1836504432260426 -0.12189158643271322 -0.0095232931349063243
leaf_weight=415 5.0000000000000027 158 4.9999999999999991 263 118 5.9999999999999991 20 24 40 22 24 60 12.999999999999998 20 292 28 149 350
leaf_count=415 5 158 5 263 118 6 20 24 40 22 24 60 13 20 292 28 149 350
internal_value=-0.000556821 0.00238915 -0.00246136 -0.0016617 0.00110645 0.00519165 0.00206452 0.00404694 -0.000250449 0.00168435 0.00696872 0.00834259 0.00195072 -0.00169805 0.00215392 -0.000304047 -0.0030145 -0.000390251
internal_weight=2012 790 1222 807 542 248 404 182 395 375 29 66 355 138 342 50 412 390
internal_count=2012 790 1222 807 542 248 404 182 395 375 29 66 355 138 342 50 412 390
is_linear=0
shrinkage=0.0152222


Tree=59
num_leaves=19
num_cat=0
split_feature=11 26 11 5 7 19 2 102 100 100 6 6 9 19 80 82 82 11
split_gain=33.7494 11.5269 5.12408 4.70989 3.01868 2.9286 2.43574 2.58894 2.33461 2.20925 2.40011 2.15892 2.09723 1.96712 1.92259 1.87668 1.92093 1.86533
threshold=4.2020833333333343 -0.22252093395631442 7.4875000000000016 4.8500000000000005 9.4500000000000011 20.500000000000004 171.50000000000003 89.52555555555557 961.3277777777779 776.43745318352069 8.6500000000000004 19.450000000000003 41.500000000000007 47.500000000000007 4.5625000000000009 15.268750000000002 16.325000000000003 2.443750000000001
decision_type=2 2 2 2 2 2 2 2 2 2 2 2 2 2 2 2 2 2
left_child=1 3 4 13 8 -3 7 9 -2 11 -11 -6 -7 14 -1 -16 -17 -5
right_child=2 5 -4 17 6 12 -8 -9 -10 10 -12 -13 -14 -15 15 16 -18 -19
leaf_value=0.34438110370625447 -0.028194780897336024 -0.32467877820116903 1.2355020326228656 -0.1492972648770764 -0.010266757864804368 -0.19288857351211558 -0.10873660546469152 -0.097849842292842604 0.42488764559970249 -0.070201138607762045 0.24857379117784134 0.14704214674173011 -0.019774099198140004 0.27042848092467547 -0.13558971605331041 0.24305607387563843 -0.14395645403597354 0.091324138945558381
leaf_weight=9.9999999999999982 87 446 31 37 58 380 9.9999999999999982 23 8.9999999999999982 19 298 13.999999999999998 113 6.9999999999999991 161 4.9999999999999991 8.9999999999999982 232
leaf_count=10 87 446 31 37 58 380 10 23 9 19 298 14 113 7 161 5 9 232
internal_value=-0.00052874 -0.00178311 0.00266987 0.000188184 0.00230954 -0.00275087 0.00286373 0.00304405 -0.00012674 0.00333748 0.00388414 0.000929524 -0.00194193 -0.00163276 -0.00193307 -0.00230438 0.003033 0.00148797
internal_weight=1949 1400 549 461 518 939 422 412 96 389 317 72 493 192 185 175 14 269
internal_count=1949 1400 549 461 518 939 422 412 96 389 317 72 493 192 185 175 14 269
is_linear=0
shrinkage=0.0152222


Tree=60
num_leaves=19
num_cat=0
split_feature=11 11 11 26 26 36 2 2 11 1 23 8 8 81 81 6 10 81
split_gain=39.7023 12.1125 8.44466 8.52586 4.90851 2.34118 2.30751 2.20828 2.37159 2.04597 1.92594 1.90248 1.87344 1.77607 1.72548 1.67509 1.63311 1.46473
threshold=3.7020833333333338 6.3687500000000012 2.006250000000001 1.0000000180025095e-35 1.0000000180025095e-35 6.1500000000000012 125.50000000000001 98.500000000000014 7.3187500000000005 169.50000000000003 -0.98296291314453399 33.770833333333336 20.520833333333339 127.81250000000001 99.645833333333357 19.150000000000002 59.613774386142701 94.937500000000014
decision_type=2 2 2 2 2 2 2 2 2 2 2 2 2 2 2 2 2 2
left_child=2 4 -1 10 5 16 9 8 -3 -6 15 -7 -12 14 17 -4 -2 -13
right_child=1 7 3 -5 6 11 -8 -9 -10 -11 12 13 -14 -15 -16 -17 -18 -19
leaf_value=-0.33027966085363941 0.41265665231069459 -0.039020105182076895 0.089892619123361578 -0.22259531491150922 -0.054087223527041893 0.2496937411516299 0.19130503606854427 0.6678008254424439 1.2308301510288358 0.27758482128452233 0.055477941226523213 0.18869838475166625 -0.055578772381114555 -0.040034612494562791 0.18068552983421751 0.22114208353124948 -0.15975822343564069 -0.076451935669064261
leaf_weight=397 28 17 121 412 178 14.999999999999998 12.999999999999998 75 17 17 39 103 273 50 193 4.9999999999999991 4.9999999999999991 35
leaf_count=397 28 17 121 412 178 15 13 75 17 17 39 103 273 50 193 5 5 35
internal_value=-0.00030474 0.00247292 -0.00196648 -0.00111025 0.00167024 0.00260058 -0.000248743 0.0071608 0.0039338 -0.000663336 0.000368339 0.00227534 -0.000273161 0.0020653 0.00246919 0.00195631 0.00649379 0.00116878
internal_weight=1993 746 1247 850 637 429 208 109 34 195 438 396 312 381 331 126 33 138
internal_count=1993 746 1247 850 637 429 208 109 34 195 438 396 312 381 331 126 33 138
is_linear=0
shrinkage=0.0152222


Tree=61
num_leaves=18
num_cat=0
split_feature=11 11 26 11 14 13 84 11 2 8 11 36 7 7 105 7 7
split_gain=42.5974 14.0806 5.98099 4.83374 4.11467 3.75848 2.97656 2.59696 2.29123 2.26171 1.59178 1.3773 1.478 1.27529 1.26182 1.25931 1.20829
threshold=4.9770833333333346 2.2645833333333338 1.0000000180025095e-35 7.4875000000000016 5.5000000000000009 19.500000000000004 2.5000000000000004 3.8437500000000004 143.50000000000003 18.937500000000004 1.4583333333333337 6.1500000000000012 14.550000000000002 18.350000000000005 1.0619487652331128 14.350000000000003 20.050000000000004
decision_type=2 2 2 2 2 2 2 2 2 2 2 2 2 2 2 2 2
left_child=1 10 5 4 11 9 7 -4 -9 -3 -1 -2 15 -14 -5 -13 -15
right_child=3 2 6 14 -6 -7 -8 8 -10 -11 -12 12 13 16 -16 -17 -18
leaf_value=-0.47306314346498923 0.50204768999550053 0.43336798898453449 -0.18157097331567243 0.31806912138863902 -0.014265627552735296 -0.093653841260328219 0.22378706643613236 -0.040136540769134636 0.14390630853808309 0.055245713258829418 -0.23315219478380927 0.24031666681319055 0.43110468838222932 0.070710091537507708 1.2134978191274473 -0.14429760894532084 0.25299697366808055
leaf_weight=183 12.999999999999998 5.9999999999999991 328 5.9999999999999991 56 126 13.999999999999998 113 6.9999999999999991 423 399 89 68 24 33 4.9999999999999991 46
leaf_count=183 13 6 328 6 56 126 14 113 7 423 399 89 68 24 33 5 46
internal_value=-0.000460813 -0.00150123 -0.000420569 0.00443167 0.00377708 0.000644477 -0.00169995 -0.00191614 0 0.00132335 -0.00338938 0.00462781 0.00435572 0.00535884 0.00947202 0.00288088 0.00391135
internal_weight=1939 1599 1017 340 301 555 462 448 120 429 582 245 232 138 39 94 70
internal_count=1939 1599 1017 340 301 555 462 448 120 429 582 245 232 138 39 94 70
is_linear=0
shrinkage=0.0152222


Tree=62
num_leaves=19
num_cat=0
split_feature=11 11 26 11 10 7 13 10 13 40 25 11 8 19 19 81 15 105
split_gain=45.3169 13.2184 11.411 6.2973 2.45526 3.09541 2.34995 2.95796 2.01935 2.98862 1.93716 1.88808 1.74097 1.88974 1.71497 1.656 1.55219 1.69079
threshold=4.6437500000000007 2.0479166666666671 1.0000000180025095e-35 7.4875000000000016 67.871914780126289 9.5500000000000025 19.500000000000004 27.95204871391962 17.500000000000004 2.1500000000000008 0.6078576107927941 2.7270833333333337 20.687500000000004 29.500000000000004 47.500000000000007 45.812500000000007 5.5000000000000009 0.99548207657051624
decision_type=2 2 2 2 2 2 2 2 2 2 2 2 2 2 2 2 2 2
left_child=1 -1 6 4 16 -6 7 -3 -9 -10 -4 -11 -8 -14 -7 -12 17 -2
right_child=3 2 10 -5 5 14 12 8 9 11 15 -13 13 -15 -16 -17 -18 -19
leaf_value=-0.32249062091089831 0.28810134510560814 -0.079813798575884845 -0.21533156610022813 1.2178859893265923 -0.11351868443369179 -0.10273804477987067 0.2372902308174781 0.0051980598760414613 -0.12795021588358466 0.024132925561882339 -0.1671565836904832 0.2418094069381666 -0.15448351361818227 0.10051171585893226 0.31018819552785748 0.022994397260933445 0.24153732076812409 0.083053526225781313
leaf_weight=460 57 117 389 39 19 8.0000000000000018 8.9999999999999982 107 31 46 45 161 80 57 8.9999999999999982 70 224 76
leaf_count=460 57 117 389 39 19 8 9 107 31 46 45 161 80 57 9 70 224 76
internal_value=-0.000335729 -0.00153573 -0.000637877 0.00403058 0.00345068 -0.000337671 0.000766046 0.00129802 0.00200726 0.00278799 -0.00233141 0.00344802 -0.000917152 -0.00134391 0.0043741 -0.000595349 0.00383271 0.0025284
internal_weight=2004 1572 1112 432 393 36 608 462 345 238 504 207 146 137 17 115 357 133
internal_count=2004 1572 1112 432 393 36 608 462 345 238 504 207 146 137 17 115 357 133
is_linear=0
shrinkage=0.0152222


Tree=63
num_leaves=19
num_cat=0
split_feature=11 11 11 82 3 2 10 15 5 81 2 53 11 11 5 77 12 106
split_gain=41.3663 9.15812 6.61304 4.41465 4.32292 2.91303 2.76269 3.69826 2.3078 2.90813 2.29543 2.26006 2.23839 1.79237 2.16774 1.62265 1.56841 1.42331
threshold=4.3187500000000005 2.3937500000000012 7.3187500000000005 13.856250000000001 41.500000000000007 43.500000000000007 52.745732014089008 11.500000000000002 14.450000000000001 116.06250000000001 138.50000000000003 1289.5000000000002 4.9062500000000009 1.7250000000000003 10.950000000000001 1390.5000000000002 5.1017857142857155 73.661904761904779
decision_type=2 2 2 2 2 2 2 2 2 2 2 2 2 2 2 2 2 2
left_child=1 13 3 16 -3 -6 7 11 9 12 -11 -7 -5 -1 -15 -13 -2 -4
right_child=2 4 17 8 5 6 -8 -9 -10 10 -12 15 -14 14 -16 -17 -18 -19
leaf_value=-0.3768777586788033 0.059687698072365049 -0.24504284602535098 -0.027341231510867394 0.13265819314527746 -0.17558768104234287 -0.018720136670316238 -0.16792020091888524 0.28043532997668802 -0.17848631395115 0.24928901137477344 0.025491456770898643 -0.11068798127176104 0.38491396843815623 -0.11093317165530527 -0.3788142687298664 0.10963510915281517 0.31659404963474619 1.1728472807090935
leaf_weight=262 224 159 4.9999999999999991 30 111 352 41 27 9.9999999999999982 95 47 23 65 283 110 81 20 35
leaf_count=262 224 159 5 30 111 352 41 27 10 95 47 23 65 283 110 81 20 35
internal_value=-0.000461266 -0.00179319 0.00317313 0.00268763 -0.000693961 -0.000131829 0.000342749 0.000664908 0.00412207 0.00442439 0.00304331 0.000340449 0.00648592 -0.00312553 -0.00247473 0.00231142 0.00123497 0.0091215
internal_weight=1980 1449 531 491 794 635 524 483 247 237 142 456 95 655 393 104 244 40
internal_count=1980 1449 531 491 794 635 524 483 247 237 142 456 95 655 393 104 244 40
is_linear=0
shrinkage=0.0152222


Tree=64
num_leaves=19
num_cat=0
split_feature=11 81 11 25 57 19 11 2 78 81 41 100 0 19 7 40 7 7
split_gain=38.329 8.71238 6.5714 5.34354 4.33115 3.80043 3.68582 3.50884 2.56677 2.52871 2.47817 2.48844 2.27346 2.20836 1.99524 1.87343 1.66941 2.37255
threshold=3.5562500000000008 101.73214285714288 1.9687500000000002 1.0000000180025095e-35 1.5000000000000002 48.500000000000007 7.4875000000000016 137.50000000000003 1404.3500000000001 75.812500000000014 80.65000000000002 776.43745318352069 18.500000000000004 49.500000000000007 9.5500000000000025 20.850000000000005 9.1500000000000004 11.250000000000002
decision_type=2 2 2 2 2 2 2 2 2 2 2 2 2 2 2 2 2 2
left_child=2 4 -1 15 5 8 7 10 -2 12 11 -3 -5 -14 -7 -4 -10 -18
right_child=1 6 3 9 -6 14 -8 -9 16 -11 -12 -13 13 -15 -16 -17 17 -19
leaf_value=-0.35639681397563244 -0.034790194811465461 0.062592234418123283 -0.23765394002923437 0.15299652059387789 1.369098932727679 0.33077025084349487 1.1232832011262608 0.063695871495643236 -0.023450431416057179 0.056856170202997575 -0.0989369360125682 0.21665233283721574 -0.099229209610767269 0.25966554056235985 0.39210733758524535 0.21189214007767249 0.44310107558367345 0.13527021989064872
leaf_weight=393 289 34 334 11.999999999999998 9.9999999999999982 28 22 76 46 104 6.9999999999999991 211 356 14.999999999999998 13.999999999999998 5.9999999999999991 21 47
leaf_count=393 289 34 334 12 10 28 22 76 46 104 7 211 356 15 14 6 21 47
internal_value=-0.000469808 0.00210828 -0.00217094 -0.00140065 0.000719201 0.000495938 0.0039137 0.00350797 4.15334e-05 -0.000378163 0.00437246 0.00462781 -0.00094976 -0.00116098 0.00485057 -0.00286491 0.00197529 0.00348946
internal_weight=2025 805 1220 827 455 445 350 328 403 487 252 245 383 371 42 340 114 68
internal_count=2025 805 1220 827 455 445 350 328 403 487 252 245 383 371 42 340 114 68
is_linear=0
shrinkage=0.0152222


Tree=65
num_leaves=19
num_cat=0
split_feature=11 11 26 11 68 25 109 41 41 38 11 38 100 77 77 6 10 2
split_gain=42.9846 15.6479 9.47487 3.87901 3.17686 2.59586 2.51609 2.41664 2.3071 2.25029 2.18284 2.30044 1.96229 1.80341 2.06448 1.78946 1.70347 1.68691
threshold=2.7437500000000008 6.4312500000000012 1.0000000180025095e-35 1.810416666666667 1.0000000180025095e-35 1.0000000180025095e-35 2.8433381773191648 15.650000000000002 25.750000000000004 16.050000000000004 4.6979166666666679 17.850000000000005 890.72222222222229 2304.5000000000005 1514.5000000000002 9.7500000000000018 40.33399423748812 78.500000000000014
decision_type=2 2 2 2 2 2 2 2 2 2 2 2 2 2 2 2 2 2
left_child=3 2 4 -1 6 -5 -2 -3 16 -6 11 -4 -12 14 -13 -7 -8 -9
right_child=1 7 10 5 9 15 8 17 -10 -11 12 13 -14 -15 -16 -17 -18 -19
leaf_value=-0.36440970565207464 -0.039544627585084494 -0.040769432740612309 -0.17636602853232958 -0.32603194386018886 0.50566805373421098 -0.10118156573695258 0.14790703143470596 1.13638904622984 0.12640973900516012 0.13966050724463488 -0.033196807553604352 -0.090124050492654983 0.16911468047857742 -0.31829291132505166 0.12145134933439668 0.058850482487861649 0.24282206863818565 0.72029318263029996
leaf_weight=298 69 9.9999999999999982 190 175 17 383 60 17 381 14.999999999999998 43 46 43 20 40 43 100 81
leaf_count=298 69 10 190 175 17 383 60 17 381 15 43 46 43 20 40 43 100 81
internal_value=-0.0003545 0.00161896 0.00103755 -0.0028394 0.00216697 -0.00213497 0.00192132 0.00712846 0.00227045 0.00683888 -0.000860606 -0.00148081 0.00127361 0.000315739 0.00127361 -0.00149345 0.00380431 0.00785547
internal_weight=2031 1132 1024 899 642 601 610 108 541 32 382 296 86 106 86 426 160 98
internal_count=2031 1132 1024 899 642 601 610 108 541 32 382 296 86 106 86 426 160 98
is_linear=0
shrinkage=0.0152222


Tree=66
num_leaves=19
num_cat=0
split_feature=11 11 11 1 19 105 2 26 82 38 100 38 36 81 81 80 104 80
split_gain=36.7933 9.6248 5.33041 5.07356 6.02643 3.01232 2.98557 2.71537 1.88768 1.83185 1.69125 1.6836 1.60078 1.902 2.47936 1.77668 1.54402 1.4916
threshold=4.2312500000000011 2.0187500000000012 6.2250000000000014 116.50000000000001 49.500000000000007 1.1524280061398093 46.500000000000007 -0.56174490092936669 4.1812500000000012 5.7500000000000009 718.85942028985517 8.6500000000000004 5.6500000000000012 107.31250000000001 82.062500000000014 14.587500000000004 557.52380952380963 12.987500000000002
decision_type=2 2 2 2 2 2 2 2 2 2 2 2 2 2 2 2 2 2
left_child=1 -1 7 4 6 9 16 12 -6 -4 -8 -9 -2 14 -14 -16 -3 -13
right_child=2 3 5 -5 8 -7 10 11 -10 -11 -12 17 13 -15 15 -17 -18 -19
leaf_value=-0.31630781963226323 0.39617797009904721 0.030359253811511888 -0.12941735356895567 -0.29271905942871074 -0.19696467517004199 1.0969259929572217 -0.15679817282380515 0.34587418658604929 0.21623165258661314 0.50354895088149065 -0.0012851146490243399 -0.040141861624493916 0.71096802332322828 0.19577097121517817 -0.013240591241073199 0.24794595807309486 -0.20170104887863916 0.13055302935440263
leaf_weight=432 7.9999999999999991 8.9999999999999982 12.999999999999998 159 5.9999999999999991 32 38 42 28 72 569 112 12.999999999999998 31 54 8.9999999999999982 219 155
leaf_count=432 8 9 13 159 6 32 38 42 28 72 569 112 13 31 54 9 219 155
internal_value=-0.000557599 -0.00181409 0.00283314 -0.00101279 -0.000555249 0.00570904 -0.000811189 0.00203895 0.00572194 0.0042059 -0.000253257 0.00129538 0.00403536 0.00354063 0.0022417 0.000989777 -0.00229615 0.0008493
internal_weight=2001 1460 541 1028 869 117 835 424 34 85 607 309 115 107 76 63 228 267
internal_count=2001 1460 541 1028 869 117 835 424 34 85 607 309 115 107 76 63 228 267
is_linear=0
shrinkage=0.0152222


Tree=67
num_leaves=19
num_cat=0
split_feature=11 14 11 11 25 11 76 11 76 76 41 7 82 2 38 13 82 12
split_gain=33.1422 8.5115 5.68329 5.14705 5.02393 2.93912 2.78485 2.40443 2.3157 2.36586 2.35276 2.26303 2.2611 2.23545 2.17741 2.13363 1.80522 1.63198
threshold=3.1770833333333344 5.5000000000000009 1.9187500000000004 7.3187500000000005 1.0000000180025095e-35 4.2312500000000011 885.00000000000011 4.616666666666668 1525.5000000000002 916.50000000000011 23.200000000000003 19.450000000000003 11.943750000000001 38.500000000000007 8.6500000000000004 19.500000000000004 20.575000000000006 3.3842261904761908
decision_type=2 2 2 2 2 2 2 2 2 2 2 2 2 2 2 2 2 2
left_child=2 3 -1 5 -4 13 -6 -3 9 -7 -10 -12 -8 -2 -9 17 -13 -15
right_child=1 7 4 -5 6 8 12 14 10 -11 11 16 -14 15 -16 -17 -18 -19
leaf_value=-0.3582455080466716 -0.26105647684096311 -0.1191013843769245 -0.29238404798310785 0.96874925994750483 -0.2631514560755891 0.22871065130632853 -0.035124700628707491 0.34407452082339246 0.35602001173658743 -0.022580700031590108 0.15592301688996801 0.22428654919222868 0.18276015972236051 0.041377223209593791 0.04101223740095445 -0.034466895836428292 0.13024372198247394 0.21030828578833299
leaf_weight=371 15.999999999999998 167 225 36 56 25 394 12.999999999999998 75 53 179 24 6.9999999999999991 86 60 59 28 101
leaf_count=371 16 167 225 36 56 25 394 13 75 53 179 24 7 86 60 59 28 101
internal_value=-0.000466287 0.001641 -0.00231141 0.00250857 -0.00148639 0.00219597 -0.000569511 -0.000824343 0.00304403 0.000702047 0.00364077 0.00287904 -0.000125244 0.000952638 0.00147942 0.00131154 0.00567337 0.00210772
internal_weight=1975 922 1053 682 682 646 457 240 384 78 306 231 401 262 73 246 52 187
internal_count=1975 922 1053 682 682 646 457 240 384 78 306 231 401 262 73 246 52 187
is_linear=0
shrinkage=0.0152222


Tree=68
num_leaves=19
num_cat=0
split_feature=11 11 11 25 11 8 8 23 104 8 104 27 5 82 108 3 5 14
split_gain=35.1409 8.39772 5.87688 5.35846 3.53793 5.0281 2.75383 2.46 2.06377 1.9964 1.93842 1.92225 1.91072 1.85705 1.80296 1.78169 2.43601 1.68819
threshold=3.3729166666666672 6.6291666666666673 1.9312500000000001 1.0000000180025095e-35 4.6687500000000011 33.437500000000007 54.312500000000007 -0.98296291314453399 754.14285714285722 70.145833333333357 977.59523809523819 -0.5 4.8500000000000005 9.8062500000000039 32.374479843584119 83.500000000000014 5.4500000000000011 5.5000000000000009
decision_type=2 2 2 2 2 2 2 2 2 2 2 2 2 2 2 2 2 2
left_child=2 4 -1 13 5 15 12 -5 -3 10 -6 -10 -7 -4 -9 16 -2 -12
right_child=1 8 3 7 9 6 -8 14 11 -11 17 -13 -14 -15 -16 -17 -18 -19
leaf_value=-0.30983396067195013 -0.11307840583659405 -0.11129366616497684 -0.2934543677131709 0.078695849323764222 0.16019431909086471 -0.046018639272315497 -0.16692695416472955 0.015461123188952815 0.285148275165652 -0.19297814007807662 0.25200878247462677 0.94035721809531159 0.074844009156667515 -0.072863175647773185 -0.14377734783598178 0.42554621870569154 0.39292566861884737 0.0069947598156102431
leaf_weight=373 10.000000000000002 5.9999999999999991 203 118 238 66 54 136 24 22 61 52 286 66 230 22 9.9999999999999982 12.999999999999998
leaf_count=373 10 6 203 118 238 66 54 136 24 22 61 52 286 66 230 22 10 13
internal_value=-0.000374807 0.00193437 -0.00214669 -0.00137253 0.00144815 0.000563963 4.49754e-05 -0.000415099 0.00656737 0.00263385 0.00294637 0.00724563 0.000536147 -0.00309477 -0.00103129 0.00557456 0.00227727 0.0050979
internal_weight=1990 864 1126 753 782 448 406 484 82 334 312 76 352 269 366 42 20 74
internal_count=1990 864 1126 753 782 448 406 484 82 334 312 76 352 269 366 42 20 74
is_linear=0
shrinkage=0.0152222


Tree=69
num_leaves=19
num_cat=0
split_feature=11 26 11 15 11 77 76 11 84 8 11 76 76 3 9 28 104 76
split_gain=42.7377 12.8893 5.11642 4.12161 3.78612 3.40712 2.41214 2.90505 2.71428 2.35415 2.30364 2.22248 2.19979 2.05707 2.18499 1.92956 2.13124 1.81941
threshold=4.6687500000000011 -0.22252093395631442 6.7020833333333343 5.5000000000000009 2.2270833333333342 1132.5000000000002 3340.5000000000005 3.1770833333333344 2.5000000000000004 25.812500000000004 2.6708333333333338 3561.5000000000005 797.50000000000011 68.500000000000014 50.041666666666679 -0.24999999999999997 1007.1190476190478 1031.0000000000002
decision_type=2 2 2 2 2 2 2 2 2 2 2 2 2 2 2 2 2 2
left_child=1 4 12 -3 -1 -6 7 17 -9 10 -7 -8 -2 -14 -15 16 -4 -5
right_child=2 3 15 6 5 9 11 8 -10 -11 -12 -13 13 14 -16 -17 -18 -19
leaf_value=-0.20411451963521479 0.33528406634601532 -0.27881930779228425 0.26068673677068843 -0.3016110844955408 -0.15445724703493685 0.048771532636949187 0.15470777232151331 -0.013971056785430426 0.23942241333423056 0.057288439043261481 0.26252234413732933 -0.0024521787802173167 -0.0016379051575334913 0.18671796469721019 0.33297813672630244 0.82963355740273381 -0.46688578570581701 -0.11290831202408842
leaf_weight=88 11.999999999999998 523 14.000000000000002 80 49 56 6.9999999999999982 118 7.9999999999999991 327 29 6 51 272 8.9999999999999982 63 5.9999999999999991 287
leaf_count=88 12 523 14 80 49 56 7 118 8 327 29 6 51 272 9 63 6 287
internal_value=-0.00049727 -0.00165336 0.00377479 -0.0026582 0.000230106 0.000782477 -0.00167848 -0.00184931 0.00014488 0.00123387 0.00349 0.00478162 0.00295549 0.00272306 0.00323344 0.00716646 0.00303643 -0.00253391
internal_weight=2005 1578 427 1029 549 461 506 493 126 412 85 13 344 332 281 83 20 367
internal_count=2005 1578 427 1029 549 461 506 493 126 412 85 13 344 332 281 83 20 367
is_linear=0
shrinkage=0.0152222


Tree=70
num_leaves=19
num_cat=0
split_feature=6 68 82 57 10 84 25 10 8 12 26 78 15 38 36 38 26 7
split_gain=30.8151 8.9538 7.18004 4.28929 3.30875 2.13021 2.12644 3.14943 2.7644 2.04098 2.6705 1.91531 1.90871 2.97495 1.97419 3.06157 1.96801 1.68324
threshold=8.4500000000000011 1.0000000180025095e-35 10.806250000000002 1.5000000000000002 20.808302639491448 2.5000000000000004 1.0000000180025095e-35 23.373359198090871 20.520833333333339 3.959226190476191 1.0000000180025095e-35 1098.9000000000003 11.500000000000002 15.850000000000003 16.150000000000002 28.250000000000004 -0.22252093395631442 9.6500000000000004
decision_type=2 2 2 2 2 2 2 2 2 2 2 2 2 2 2 2 2 2
left_child=3 2 6 4 -1 17 -2 -8 -9 -3 -11 -7 14 -14 16 -16 -6 -4
right_child=1 9 5 -5 12 11 7 8 -10 10 -12 -13 13 -15 15 -17 -18 -19
leaf_value=-0.2963897291890466 -0.14421536648318622 0.20187742604969156 -0.059373888664148125 1.5329203690292039 -0.038253484215345371 0.051259999964961132 -0.18179177816292194 0.28671680817052841 0.037003341071564173 0.87213182509016474 0.053027750598085802 0.43168132304497792 0.31933473031251841 -0.10966687705599464 -0.088561000471448104 0.38741644606071696 -0.22061861423616327 0.12543334259664002
leaf_weight=299 173 28 39 5.9999999999999991 129 9.0000000000000018 35 7.9999999999999991 96 42 11.999999999999998 19 19 36 170 9.9999999999999982 413 447
leaf_count=299 173 28 39 6 129 9 35 8 96 42 12 19 19 36 170 10 413 447
internal_value=-0.000481895 0.00158583 0.00110934 -0.0022171 -0.00228888 0.00221499 -0.000712191 0.000689642 0.00201883 0.00638185 0.00811072 0.00629464 -0.00176503 0.000967705 -0.00197326 -0.000591783 -0.00243195 0.0019793
internal_weight=1990 908 826 1082 1076 514 312 139 104 82 54 28 777 55 722 180 542 486
internal_count=1990 908 826 1082 1076 514 312 139 104 82 54 28 777 55 722 180 542 486
is_linear=0
shrinkage=0.0152222


Tree=71
num_leaves=19
num_cat=0
split_feature=81 57 8 15 6 81 15 81 36 2 3 8 104 36 40 8 3 0
split_gain=28.8861 7.46525 6.26923 5.1632 3.88397 3.48876 2.84264 2.83418 2.18259 1.97631 2.12322 2.08632 1.85895 1.81111 1.74469 1.7148 1.53416 1.53019
threshold=71.062500000000014 1.5000000000000002 27.479166666666668 11.500000000000002 4.7500000000000009 142.31250000000003 11.500000000000002 99.645833333333357 11.250000000000002 138.50000000000003 78.500000000000014 31.687500000000004 953.88095238095252 10.550000000000002 22.350000000000005 32.229166666666679 106.50000000000001 58.500000000000007
decision_type=2 2 2 2 2 2 2 2 2 2 2 2 2 2 2 2 2 2
left_child=1 4 17 7 -1 -5 8 15 -6 10 -9 -12 -8 -14 -10 -4 -17 -2
right_child=2 -3 3 5 6 -7 12 9 14 -11 11 -13 13 -15 -16 16 -18 -19
leaf_value=-0.31337937128775228 -0.10858515286448113 1.2655941821145174 0.26012430417059018 0.87008024491479119 -0.20563079029141793 -0.058226408012317543 -0.1288774887164075 -0.0256196763049975 -0.10601081659269318 0.063351078248708767 -0.13414783376060763 0.1910838313955999 0.15237395781482421 -0.10365593607929827 0.28232117120886224 0.062440900336033646 -0.1006974124499837 0.045923331577764091
leaf_weight=333 114 12.999999999999998 45 47 246 9.9999999999999982 22 25 476 67 12.999999999999998 255 36 18 6.9999999999999991 211 53 25
leaf_count=333 114 13 45 47 246 10 22 25 476 67 13 255 36 18 7 211 53 25
internal_value=-0.000421317 -0.00200088 0.0016805 0.00224752 -0.00213208 0.00664364 -0.00155994 0.00187248 -0.00185201 0.00279033 0.00332959 0.00372531 0.00124092 0.00275984 -0.00125735 0.000802837 0.000334346 -0.00128079
internal_weight=2016 1151 865 726 1138 57 805 669 729 360 293 268 76 54 483 309 264 139
internal_count=2016 1151 865 726 1138 57 805 669 729 360 293 268 76 54 483 309 264 139
is_linear=0
shrinkage=0.0152222


Tree=72
num_leaves=19
num_cat=0
split_feature=11 11 26 26 57 68 77 19 36 38 37 25 11 104 79 109 10 1
split_gain=33.3331 10.3679 6.50968 5.93308 4.78523 4.16736 2.89324 2.72751 2.55857 2.30941 2.64449 2.15998 2.85445 2.05179 2.02841 2.08605 1.91759 1.81909
threshold=3.9104166666666673 1.9187500000000004 1.0000000180025095e-35 -0.22252093395631442 1.5000000000000002 1.0000000180025095e-35 1611.5000000000002 45.500000000000007 6.4500000000000011 29.550000000000004 0.75000000000000011 0.6078576107927941 3.3875000000000006 1124.7380952380954 68.375000000000014 6.4538368843241161 48.321593644960686 29.500000000000004
decision_type=2 2 2 2 2 2 2 2 2 2 2 2 2 2 2 2 2 2
left_child=1 -1 6 5 8 7 -3 17 -5 10 -8 12 -4 -14 15 -10 -16 -2
right_child=3 2 11 4 -6 -7 9 -9 14 -11 -12 -13 13 -15 16 -17 -18 -19
leaf_value=-0.30119591913960048 -0.038370713122176214 -0.12801725002125267 -0.2779455955410533 0.10118982771441802 1.410300788540797 0.65387895538946772 0.01259979737232382 -0.066730696179271159 -0.13448311593988355 0.3655430121355896 0.23048447743737069 -0.041468478346913473 -0.073194638837575487 0.32304716059426042 0.28568741802037351 0.34233209482120258 0.017299160070213645 0.21434283474464569
leaf_weight=360 25 114 221 4.9999999999999991 9.9999999999999982 63 331 14.999999999999998 107 24 22 158 76 5.9999999999999991 9.9999999999999982 6.9999999999999991 78 376
leaf_count=360 25 114 221 5 10 63 331 15 107 24 22 158 76 6 10 7 78 376
internal_value=-0.00026077 -0.00168923 -0.000856999 0.00243187 0.000343626 0.00337775 0.000362682 0.00282453 -0.00015437 0.00100524 0.000694158 -0.00215596 -0.00290829 -0.000482302 -0.000421874 -0.00176174 0.00131383 0.00306302
internal_weight=2008 1312 952 696 217 479 491 416 207 377 353 461 303 82 202 114 88 401
internal_count=2008 1312 952 696 217 479 491 416 207 377 353 461 303 82 202 114 88 401
is_linear=0
shrinkage=0.0152222


Tree=73
num_leaves=19
num_cat=0
split_feature=11 11 4 23 11 105 14 49 0 19 76 6 2 77 101 8 76 36
split_gain=37.6838 11.6676 4.9308 4.50259 4.14893 3.53671 3.17424 2.68862 2.66097 2.28109 1.95873 1.89123 1.77704 1.91461 1.52559 1.36132 1.35007 1.34415
threshold=4.3187500000000005 2.3687500000000008 11.350000000000003 -0.98296291314453399 7.4875000000000016 1.0619487652331128 5.5000000000000009 102115.00000000001 16.500000000000004 14.500000000000002 1132.5000000000002 9.3500000000000032 75.500000000000014 1933.5000000000002 1.0347380064645708 21.020833333333339 916.50000000000011 16.650000000000002
decision_type=2 2 2 2 2 2 2 2 2 2 2 2 2 2 2 2 2 2
left_child=1 -1 3 12 6 -6 7 10 -5 -9 16 15 13 -3 -8 -10 -2 -4
right_child=4 2 17 8 5 -7 14 9 11 -11 -12 -13 -14 -15 -16 -17 -18 -19
leaf_value=-0.25222724900149884 0.15745785264132267 -0.044075795689280467 -0.19967158053235501 0.28050105562243238 -0.45884748080782267 1.0132316212350492 0.061569680522454311 0.16898506202702734 0.20245048845242777 -0.028386184808727514 0.21774239224297012 0.046708619451382202 0.074856689365515844 0.26127091342408382 -0.13236931852790101 -0.073604991582370466 -0.14315198983265459 -0.014781470979695314
leaf_weight=636 29 10.999999999999998 171 4.9999999999999991 6.9999999999999991 37 91 53 7.9999999999999991 41 239 156 79 36 22 296 11.999999999999998 44
leaf_count=636 29 11 171 5 7 37 91 53 8 41 239 156 79 36 22 296 12 44
internal_value=-0.000408125 -0.00168473 -0.000468341 0.000249811 0.00305847 0.00753302 0.00265344 0.00332888 -0.000441878 0.00110053 0.00407662 -0.000562488 0.00280164 0.00514393 0.000417373 -0.00126161 0.00100108 -0.00244203
internal_weight=1973 1442 806 591 531 44 487 374 465 94 280 460 126 47 113 304 41 215
internal_count=1973 1442 806 591 531 44 487 374 465 94 280 460 126 47 113 304 41 215
is_linear=0
shrinkage=0.0152222


Tree=74
num_leaves=19
num_cat=0
split_feature=11 14 68 11 25 76 1 11 12 101 11 13 8 78 2 38 41 13
split_gain=32.6803 8.66555 6.24925 5.5974 4.58 3.07113 2.23968 2.14852 2.08729 2.0045 1.9145 2.85056 2.30528 2.12381 1.71061 1.63314 1.41085 1.31785
threshold=3.1770833333333344 5.5000000000000009 1.0000000180025095e-35 2.006250000000001 1.0000000180025095e-35 1031.0000000000002 137.50000000000003 6.9083333333333341 3.959226190476191 1.1318516207306681 5.1562500000000009 17.500000000000004 30.187500000000004 1399.0500000000004 139.50000000000003 28.850000000000005 17.100000000000005 19.500000000000004
decision_type=2 2 2 2 2 2 2 2 2 2 2 2 2 2 2 2 2 2
left_child=3 2 6 -1 -5 -6 10 14 -4 -7 11 -2 -13 -12 15 16 -3 -14
right_child=1 7 8 4 5 9 -8 -9 -10 -11 13 12 17 -15 -16 -17 -18 -19
leaf_value=-0.29185611846642301 -0.0313801488324741 0.19449408492711481 0.11377710632703529 -0.23879030024416284 -0.2179660499733832 0.011204635824101951 -0.044936895455712215 0.74490750428120012 0.78023208699925362 -0.1715951422985631 0.14784974925074565 0.29669967109256584 0.12967305481799601 0.48625268622064738 0.26283894534039165 0.065618155385197663 -0.13629351657700167 0.033101096042499965
leaf_weight=432 95 21 27 226 62 327 27 9.9999999999999982 46 26 136 19 189 48 6.9999999999999991 24 187 91
leaf_count=432 95 21 27 226 62 327 27 10 46 26 136 19 189 48 7 24 187 91
internal_value=-0.000502318 0.0015911 0.00248296 -0.00231088 -0.00140811 -0.000458434 0.00197494 -0.000837338 0.00668884 9.05317e-05 0.00217515 0.00157609 0.00230583 0.0034571 -0.00112708 -0.00135131 -0.00178522 0.00195677
internal_weight=2000 927 678 1073 641 415 605 249 73 353 578 394 299 184 239 232 208 280
internal_count=2000 927 678 1073 641 415 605 249 73 353 578 394 299 184 239 232 208 280
is_linear=0
shrinkage=0.0152222


Tree=75
num_leaves=19
num_cat=0
split_feature=11 11 11 2 25 23 3 3 10 101 1 38 79 79 76 11 11 77
split_gain=41.0237 6.74186 6.44017 5.22745 3.71162 3.17084 2.74188 3.46599 2.57743 2.04777 2.17151 2.10799 1.72775 1.62565 1.58328 1.51054 1.92934 1.50713
threshold=3.7479166666666672 1.9687500000000002 7.4875000000000016 73.500000000000014 1.0000000180025095e-35 -0.98296291314453399 53.500000000000007 91.500000000000014 22.593099017248377 0.90000647649483256 22.500000000000004 21.250000000000004 173.37500000000003 101.12500000000001 1132.5000000000002 5.3729166666666677 5.8583333333333352 2503.0000000000005
decision_type=2 2 2 2 2 2 2 2 2 2 2 2 2 2 2 2 2 2
left_child=1 -1 3 -2 12 8 -5 15 -6 -9 -11 -12 -3 17 -7 -8 -17 -10
right_child=2 4 -4 6 5 14 7 9 13 10 11 -13 -14 -15 -16 16 -18 -19
leaf_value=-0.28687846092726565 -0.0019395922852334195 -0.16075070807229361 0.99197585430966806 0.18206918024529406 -0.073576422179576981 -0.22151546680751907 -0.0096586085511123233 -0.029609204859539006 0.16235752174181328 -0.080799662095339966 0.2279840335349933 0.14641851876106499 0.13893315256725458 -0.15871434515316243 -0.048398129236849115 0.41789914156479552 0.098195994408363463 0.047593236048972747
leaf_weight=378 195 377 37 26 18 77 111 24 52 12.999999999999998 214 71 5.9999999999999991 6.9999999999999991 302 9.9999999999999982 24 44
leaf_count=378 195 377 37 26 18 77 111 24 52 13 214 71 6 7 302 10 24 44
internal_value=-0.000481333 -0.0021402 0.00240388 0.00207077 -0.0014118 -0.000547935 0.00290519 0.0026367 0.00159699 0.00351661 0.00386106 0.00413861 -0.00253933 0.00252588 -0.00123286 0.000682104 0.00348676 0.00304277
internal_weight=1986 1261 725 688 883 500 493 467 121 322 298 285 383 103 379 145 34 96
internal_count=1986 1261 725 688 883 500 493 467 121 322 298 285 383 103 379 145 34 96
is_linear=0
shrinkage=0.0152222


Tree=76
num_leaves=19
num_cat=0
split_feature=11 11 11 26 14 8 28 68 38 1 38 11 23 8 11 11 11 11
split_gain=34.6311 7.99323 7.32428 5.29853 3.05567 4.18347 2.71838 2.16851 2.00649 1.71376 1.49557 1.4812 1.41845 1.51202 1.26374 1.56858 1.26027 1.30575
threshold=3.822916666666667 2.006250000000001 6.4312500000000012 1.0000000180025095e-35 5.5000000000000009 48.604166666666679 -0.9330127018922193 1.0000000180025095e-35 7.8500000000000005 118.50000000000001 28.450000000000003 4.2312500000000011 -0.98296291314453399 20.312500000000004 7.4875000000000016 7.1229166666666677 5.1895833333333341 3.8437500000000004
decision_type=2 2 2 2 2 2 2 2 2 2 2 2 2 2 2 2 2 2
left_child=1 -1 4 12 7 -6 -4 8 11 -5 -9 -2 -3 -14 15 -8 17 -10
right_child=2 3 6 9 5 -7 14 10 16 -11 -12 -13 13 -15 -16 -17 -18 -19
leaf_value=-0.26240584490661373 -0.19941751176698516 0.093773498393963428 -0.044166156939512549 -0.1111829017699696 0.20896208137038219 -0.062714519900291865 0.3893619763752153 0.33211604697813352 0.61677593240968021 -0.28524671418384767 -0.042621210537562806 0.24698822361955478 0.084307394357626145 -0.032072841829709875 0.97569274349716728 0.17350197863932329 0.17031589380714779 0.088843785069760123
leaf_weight=393 5.9999999999999991 112 4.9999999999999991 317 14.999999999999998 136 40 29 5.9999999999999991 143 4.9999999999999991 43 33 312 34 17 136 218
leaf_count=393 6 112 5 317 15 136 40 29 6 143 5 43 33 312 34 17 136 218
internal_value=-0.000289213 -0.00174293 0.00247066 -0.000964403 0.00183983 -3.02045e-05 0.00637085 0.00247718 0.00216953 -0.00211763 0.00616898 0.00505832 0.000196492 -0.000286741 0.00697147 0.00557638 0.00177566 0.00107344
internal_weight=2000 1310 690 917 594 151 96 443 409 460 34 49 457 345 91 57 360 224
internal_count=2000 1310 690 917 594 151 96 443 409 460 34 49 457 345 91 57 360 224
is_linear=0
shrinkage=0.0152222


Tree=77
num_leaves=19
num_cat=0
split_feature=11 11 26 11 23 76 1 100 76 11 76 104 84 19 11 11 9 12
split_gain=31.5012 10.5896 7.34096 7.24587 2.52998 2.10651 2.0804 2.23679 1.7909 1.7217 1.44199 1.50151 1.32602 1.3257 1.59205 1.41124 1.19781 1.83446
threshold=4.6437500000000007 1.9187500000000004 1.0000000180025095e-35 7.4875000000000016 -0.98296291314453399 3515.5000000000005 38.500000000000007 823.19444444444457 2814.5000000000005 3.1062500000000006 2714.5000000000005 525.40476190476204 2.5000000000000004 49.500000000000007 3.9812500000000002 4.5562500000000012 30.038690476190478 3.1738095238095241
decision_type=2 2 2 2 2 2 2 2 2 2 2 2 2 2 2 2 2 2
left_child=1 -1 4 5 13 8 7 -4 16 -8 11 -6 -11 14 -3 -16 -2 -18
right_child=3 2 6 -5 10 -7 9 -9 -10 12 -12 -13 -14 -15 15 -17 17 -19
leaf_value=-0.28813065364969487 0.24279839070871947 0.045638722850119912 -0.12495635343732964 1.0013164044684777 0.063150336485608916 -0.077763048578674748 -0.2323896092894078 0.15124230195378577 0.34222051157232386 -0.086602364381373115 0.05006341235363243 -0.036433506563759682 0.24163923932900502 0.21296958801515095 0.36101110410227788 -0.060199101292897954 -0.043287422126226875 0.14238340918820791
leaf_weight=364 25 128 6.0000000000000027 39 4.9999999999999991 37 323 11.999999999999998 37 201 115 346 7.9999999999999991 6.9999999999999991 27 5.9999999999999991 37 249
leaf_count=364 25 128 6 39 5 37 323 12 37 201 115 346 8 7 27 6 37 249
internal_value=-0.00045233 -0.00145924 -0.000761075 0.00322355 0.00035531 0.0025894 -0.00204788 0.00303554 0.00295651 -0.00222016 -0.000222093 -0.000706785 -0.00114319 0.00195652 0.00167294 0.00465155 0.00257902 0.00229887
internal_weight=1972 1548 1184 424 634 385 550 18 348 532 466 351 209 168 161 33 311 286
internal_count=1972 1548 1184 424 634 385 550 18 348 532 466 351 209 168 161 33 311 286
is_linear=0
shrinkage=0.0152222


Tree=78
num_leaves=19
num_cat=0
split_feature=11 11 4 11 25 19 10 82 0 68 4 57 104 1 12 46 104 12
split_gain=30.1913 9.11878 5.34129 4.5138 4.71675 3.58654 4.27947 3.27376 2.68988 2.89616 2.43095 2.41283 2.39562 2.29873 2.26079 2.53725 2.49937 2.01133
threshold=2.8354166666666676 4.6437500000000007 12.250000000000002 1.9187500000000004 1.0000000180025095e-35 49.500000000000007 47.600155670003851 7.3437500000000009 34.500000000000007 1.0000000180025095e-35 8.5500000000000025 1.5000000000000002 733.66666666666686 44.500000000000007 3.1455357142857148 0.47500000000000003 963.95238095238108 3.199702380952381
decision_type=2 2 2 2 2 2 2 2 2 2 2 2 2 2 2 2 2 2
left_child=3 2 8 -1 -5 6 10 13 -2 14 -3 -8 -9 -6 -10 16 17 -16
right_child=1 5 -4 4 7 -7 11 12 9 -11 -12 -13 -14 -15 15 -17 -18 -19
leaf_value=-0.28462771461135966 0.16059291683780641 0.29662602552647699 -0.11160832506836288 -0.26593801587715177 -0.0040516580176866712 0.55719468470420264 0.088929690538802703 0.28603992178633864 -0.045222475139404167 0.37060012254506236 0.20244760481468488 0.99598723700649894 0.0083220928379676758 -0.17622256494153107 0.15936440223563536 -0.11800629439379327 0.0021296905114578787 0.1591204286055779
leaf_weight=357 34 18 222 181 108 41 296 5.9999999999999991 102 21 62 9.9999999999999982 134 138 7.9999999999999991 25 103 115
leaf_count=357 34 18 222 181 108 41 296 6 102 21 62 10 134 138 8 25 103 115
internal_value=-0.00044797 0.00130901 0.000144955 -0.00245782 -0.00161335 0.00302625 0.00257086 -0.000662423 0.00117882 0.00080576 0.00570461 0.00175074 0.00119556 -0.00171986 0.000478577 0.0012551 0.00176428 0.0032287
internal_weight=1981 1057 630 924 567 427 386 386 408 374 80 306 140 246 353 251 226 123
internal_count=1981 1057 630 924 567 427 386 386 408 374 80 306 140 246 353 251 226 123
is_linear=0
shrinkage=0.0152222


Tree=79
num_leaves=19
num_cat=0
split_feature=11 11 11 26 26 38 38 3 19 10 38 109 13 38 27 3 76 109
split_gain=33.1935 8.24693 6.68323 5.46948 4.62618 2.74052 2.71137 2.7054 2.58263 2.52584 2.34464 2.23311 2.21001 2.14403 2.03853 1.67261 2.193 1.53924
threshold=3.5750000000000006 7.7666666666666684 1.8437500000000002 1.0000000180025095e-35 1.0000000180025095e-35 14.550000000000002 9.7500000000000018 85.500000000000014 47.500000000000007 41.112936491640291 12.550000000000002 3.0954100647155194 19.500000000000004 28.050000000000004 -0.6830127018922193 140.50000000000003 2703.5000000000005 3.1913325825757917
decision_type=2 2 2 2 2 2 2 2 2 2 2 2 2 2 2 2 2 2
left_child=2 4 -1 8 5 7 -6 10 12 -8 -2 -7 -4 -11 -5 16 -9 -13
right_child=1 -3 3 14 6 11 9 15 -10 13 -12 17 -14 -15 -16 -17 -18 -19
leaf_value=-0.30930716036060429 -0.08571234691472096 0.92714864034063826 0.0097111988768072942 -0.025395212459607023 0.17888365830533709 -0.056444738443307621 0.49941391650002531 0.29899940983671291 0.31029595904547591 -0.080510481502856071 0.17363435785918069 0.24437622584491189 -0.12202783593744757 0.1002563681437314 -0.21877444210733196 0.051669841851366721 0.075592363220632203 0.13358283570305879
leaf_weight=327 32 32 331 111 43 35 8.9999999999999982 115 20 173 19 7.9999999999999991 112 23 342 30 29 246
leaf_count=327 32 32 331 111 43 35 9 115 20 173 19 8 112 23 342 30 29 246
internal_value=-0.000307125 0.00212407 -0.00186014 -0.00119311 0.00180576 0.00262956 9.81702e-05 0.00388922 -2.95773e-05 -0.000630986 0.000804987 0.00164833 -0.000271416 -0.000993822 -0.00238218 0.00479268 0.00547379 0.00214504
internal_weight=2037 794 1243 916 762 514 248 225 463 205 51 289 443 196 453 174 144 254
internal_count=2037 794 1243 916 762 514 248 225 463 205 51 289 443 196 453 174 144 254
is_linear=0
shrinkage=0.0152222


Tree=80
num_leaves=19
num_cat=0
split_feature=11 11 14 68 23 6 4 9 19 36 8 11 57 6 6 11 6 0
split_gain=35.9571 8.61173 5.6979 4.94033 3.76317 2.9534 2.88899 2.49981 2.41063 2.34211 2.03057 1.96604 1.9515 2.01085 1.92682 1.76707 1.61599 1.57476
threshold=3.5562500000000008 1.9187500000000004 5.5000000000000009 1.0000000180025095e-35 -0.98296291314453399 7.4500000000000011 6.7500000000000009 41.967261904761912 46.500000000000007 16.850000000000005 46.645833333333336 5.3729166666666677 1.5000000000000002 12.850000000000003 14.350000000000003 4.0937500000000009 18.750000000000004 72.500000000000014
decision_type=2 2 2 2 2 2 2 2 2 2 2 2 2 2 2 2 2 2
left_child=1 -1 3 12 5 -3 17 -5 9 -7 15 -12 13 -2 -15 -4 -16 -6
right_child=2 4 10 7 6 8 -8 -9 -10 -11 11 -13 -14 14 16 -17 -18 -19
leaf_value=-0.2904201473689092 0.046389963884791253 -0.082827934202161377 0.2196302094858541 0.15219210319436421 -0.03636606710802421 -0.0027933846042328776 -0.20876717952786752 0.66865873940368237 0.17996064531547126 0.11258689251457447 -0.1062410218016584 0.28629239137155688 0.78889876256753977 0.19254506996652165 0.11310508132779645 -0.075491023790195136 0.14907108874324851 -0.18337781485629417
leaf_weight=398 198 74 12.000000000000002 26 310 79 293 51 6.9999999999999991 43 161 39 14.999999999999998 70 154 5.9999999999999991 100 25
leaf_count=398 198 74 12 26 310 79 293 51 7 43 161 39 15 70 154 6 100 25
internal_value=-0.000497053 -0.00215133 0.00194656 0.00269712 -0.00126935 0.000532247 -0.00185172 0.00630209 0.00192263 0.00142177 -0.000167525 -0.000608711 0.00217965 0.00202359 0.0027621 0.00472208 0.00214504 -0.000885921
internal_weight=2061 1229 832 614 831 203 628 77 129 122 218 200 537 522 324 18 254 335
internal_count=2061 1229 832 614 831 203 628 77 129 122 218 200 537 522 324 18 254 335
is_linear=0
shrinkage=0.0152222


Tree=81
num_leaves=19
num_cat=0
split_feature=11 11 4 104 13 11 25 11 108 26 10 3 76 77 82 13 41 81
split_gain=26.7297 8.36598 5.69594 4.27836 4.53097 4.25136 3.6525 3.41658 3.16378 3.09604 2.4731 2.84608 2.27999 2.20713 1.98885 1.9171 2.27776 2.24144
threshold=2.8979166666666671 5.668750000000002 15.550000000000002 874.50000000000011 17.500000000000004 2.1604166666666678 1.0000000180025095e-35 8.4250000000000025 47.955897620487342 -0.56174490092936669 24.75501328692393 85.500000000000014 1147.0000000000002 1301.0000000000002 15.381250000000003 19.500000000000004 40.500000000000007 149.43750000000003
decision_type=2 2 2 2 2 2 2 2 2 2 2 2 2 2 2 2 2 2
left_child=5 2 3 -2 -5 -1 14 8 -3 -10 11 13 -12 -8 -7 17 -17 -6
right_child=1 7 -4 4 15 6 10 -9 9 -11 12 -13 -14 -15 -16 16 -18 -19
leaf_value=-0.22575300152472047 -0.0039486658497039579 0.27564213964767242 -0.1081153080936431 -0.032403060856869483 0.23005090513132642 -0.25177395521893331 0.14386847328390148 1.0724211989241568 1.0189039588664857 -0.053429571604456071 -0.26867673750411442 0.22440968062048119 -0.0074972577747185855 -0.043347138641845875 0.10527549922273069 0.17566260395971106 -0.10162800136812519 -0.089644555020928787
leaf_weight=502 283 117 192 100 149 154 4.9999999999999991 21 5.9999999999999991 47 40 8.9999999999999982 210 35 8.9999999999999982 67 22 5.9999999999999991
leaf_count=502 283 117 192 100 149 154 5 21 6 47 40 9 210 35 9 67 22 6
internal_value=-0.000479632 0.00125087 0.000581711 0.00128419 0.00242456 -0.00229268 -0.00123872 0.00411923 0.00340156 0.000315546 -0.000239224 0.002886 -0.000852252 0.00114009 -0.00307147 0.00354277 0.00176061 0.00456512
internal_weight=1974 1010 819 627 344 964 462 191 170 53 299 49 250 40 163 244 89 155
internal_count=1974 1010 819 627 344 964 462 191 170 53 299 49 250 40 163 244 89 155
is_linear=0
shrinkage=0.0152222


Tree=82
num_leaves=19
num_cat=0
split_feature=11 11 6 26 57 12 19 71 100 25 4 4 11 5 13 13 3 82
split_gain=30.8002 5.90869 5.67563 4.47355 4.31642 4.15502 3.94506 2.61245 2.50723 2.31503 2.2456 2.18838 2.15186 1.98299 1.85636 1.79785 2.15158 1.72178
threshold=3.5750000000000006 1.5979166666666667 13.050000000000002 1.0000000180025095e-35 1.5000000000000002 4.8351190476190489 48.500000000000007 1.0000000180025095e-35 856.41111111111115 0.6078576107927941 11.450000000000001 13.350000000000003 2.5354166666666673 3.6500000000000008 19.500000000000004 19.500000000000004 82.500000000000014 22.456250000000004
decision_type=2 2 2 2 2 2 2 2 2 2 2 2 2 2 2 2 2 2
left_child=1 -1 4 12 6 13 7 8 -2 -5 -10 -12 -3 -4 -14 16 -15 -18
right_child=2 3 5 9 -6 -7 -8 -9 10 -11 11 -13 14 15 -16 -17 17 -19
leaf_value=-0.33975991930855248 -0.17078175582606603 -0.10770691027563309 -0.23931464259290319 -0.24585352260899315 1.2679249329014342 0.67754733871441342 0.31015152426404941 -0.041190324231743715 0.23637125678922424 -0.061513258770789739 -0.275669659389084 0.1325189955800555 0.050614598264486929 0.10806436926705394 -0.077855417891368642 0.01075501492331026 0.20735520308957503 -0.15401090437587142
leaf_weight=219 20 266 7.9999999999999991 298 9.9999999999999982 21 29 267 54 206 13.999999999999998 39 197 43 53 37 230 10.999999999999998
leaf_count=219 20 266 8 298 10 21 29 267 54 206 14 39 197 43 53 37 230 11
internal_value=-0.000456201 -0.00194969 0.00190702 -0.00146245 0.000741678 0.00334838 0.000507335 0.000108153 0.00190497 -0.00248241 0.00282965 0.00060248 -0.000466052 0.0029283 0.00054787 0.00311506 0.00352619 0.00408574
internal_weight=2022 1239 783 1020 433 350 423 394 127 504 107 53 516 329 250 321 284 241
internal_count=2022 1239 783 1020 433 350 423 394 127 504 107 53 516 329 250 321 284 241
is_linear=0
shrinkage=0.0152222


Tree=83
num_leaves=19
num_cat=0
split_feature=81 11 11 57 19 4 76 19 108 2 1 11 1 19 1 4 79 81
split_gain=33.4599 8.75771 7.42972 5.01629 3.22998 3.2213 2.63455 2.56398 2.5298 2.2249 1.94114 1.90439 2.93812 1.79828 2.00126 1.86877 1.71825 1.71702
threshold=87.312500000000014 2.4520833333333338 5.9625000000000004 1.5000000000000002 7.5000000000000009 10.050000000000002 837.00000000000011 46.500000000000007 50.685382547724181 58.500000000000007 171.50000000000003 1.4583333333333337 59.500000000000007 45.500000000000007 135.50000000000003 8.9500000000000011 59.875000000000007 125.43750000000001
decision_type=2 2 2 2 2 2 2 2 2 2 2 2 2 2 2 2 2 2
left_child=1 11 4 5 16 6 -3 8 17 -6 -7 -1 -13 15 -15 -8 -2 -4
right_child=2 3 7 -5 9 10 13 -9 -10 -11 -12 12 -14 14 -16 -17 -18 -19
leaf_value=-0.35885346469325941 0.19645650576174276 -0.091082393266057562 0.25957549275193165 0.87235028461130582 -0.12430442251721233 -0.1293694565216286 -0.0059069402865426987 0.7579628178907728 -0.21993097249383398 0.11852881426543831 0.024724348873696098 -0.090368149330114736 -0.23384419491070457 0.24965824087025379 -0.26173807484964307 0.10872460738599732 -0.060867859637393343 0.48049665994617297
leaf_weight=166 6.9999999999999991 49 58 8.9999999999999982 10.999999999999998 353 224 42 6.9999999999999991 381 24 281 255 26.000000000000004 4.9999999999999991 40 86 14.999999999999998
leaf_count=166 7 49 58 9 11 353 224 42 7 381 24 281 255 26 5 40 86 15
internal_value=-0.000565125 -0.00183468 0.00242983 -0.000667223 0.00158482 -0.000808551 0.000256603 0.00578696 0.00418337 0.00218984 -0.00178038 -0.00304855 -0.00260683 0.000799658 0.00426483 0.000391995 -0.000965132 0.00502182
internal_weight=2039 1432 607 730 485 721 344 122 80 392 377 702 536 295 31 264 93 73
internal_count=2039 1432 607 730 485 721 344 122 80 392 377 702 536 295 31 264 93 73
is_linear=0
shrinkage=0.0152222


Tree=84
num_leaves=19
num_cat=0
split_feature=11 11 11 14 14 77 13 7 82 82 11 13 82 11 8 82 12 82
split_gain=25.2476 8.03936 4.30269 4.21625 3.75448 3.49149 2.96013 2.34187 2.30153 2.5015 2.23905 2.14659 2.22155 2.05325 4.34872 1.93645 2.17954 2.55358
threshold=3.1479166666666676 6.5333333333333341 1.4583333333333337 5.5000000000000009 1.0000000180025095e-35 911.00000000000011 17.500000000000004 12.450000000000001 11.868750000000002 13.225000000000003 4.9062500000000009 19.500000000000004 23.500000000000004 7.7666666666666684 70.895833333333357 6.3187500000000014 3.3627976190476194 12.756250000000001
decision_type=2 2 2 2 2 2 2 2 2 2 2 2 2 2 2 2 2 2
left_child=2 3 -1 6 -4 -6 10 -5 -7 -10 -2 12 15 14 -3 -8 17 -17
right_child=1 13 4 7 5 8 11 -9 9 -11 -12 -13 -14 -15 -16 16 -18 -19
leaf_value=-0.34797431887321134 -0.044245014323485946 0.51000348735750967 -0.21436679645665391 -0.091770099601613961 -0.2730959599905346 -0.054801163322169263 -0.18467847852709349 0.15077711008650177 0.22401292958415345 0.0046017289560933115 0.24975320974586396 0.03734060258174126 -0.10266075633130137 0.81658483378277313 0.0032435123522910484 0.48567002831887385 0.18479165059145522 0.099842695726844885
leaf_weight=191 107 25 205 194 86 551 13.999999999999998 48 8.0000000000000018 23 51 157 8.9999999999999982 31 38 20 145 98
leaf_count=191 107 25 205 194 86 551 14 48 8 23 51 157 9 31 38 20 145 98
internal_value=-0.000572814 0.00124922 -0.00217736 0.000778213 -0.00172438 -0.00117119 0.0014613 -0.000918153 -0.00074796 0.00328438 -0.000327433 0.00209924 0.00288424 0.00547048 0.00388688 0.00312628 0.00341997 0.00188257
internal_weight=2001 937 1064 843 873 668 601 242 582 31 158 443 286 94 63 277 263 118
internal_count=2001 937 1064 843 873 668 601 242 582 31 158 443 286 94 63 277 263 118
is_linear=0
shrinkage=0.0152222


Tree=85
num_leaves=19
num_cat=0
split_feature=11 2 11 11 14 57 8 3 3 8 81 15 79 79 82 81 8 76
split_gain=26.5654 6.23569 5.26011 4.32491 3.5978 3.43243 2.82109 2.10614 2.76571 2.57876 2.0874 1.88916 1.77434 1.90832 1.69816 1.50282 1.87887 1.38575
threshold=2.8979166666666671 85.500000000000014 1.622916666666667 6.5333333333333341 1.0000000180025095e-35 1.5000000000000002 29.020833333333339 87.500000000000014 48.500000000000007 30.895833333333339 60.062500000000007 5.5000000000000009 93.125000000000014 129.37500000000003 5.2812500000000009 127.06250000000001 62.770833333333336 952.50000000000011
decision_type=2 2 2 2 2 2 2 2 2 2 2 2 2 2 2 2 2 2
left_child=2 5 -1 7 -4 10 14 8 -3 -10 11 -2 -12 -14 -6 16 -9 -16
right_child=1 3 4 -5 6 -7 -8 15 9 -11 12 -13 13 -15 17 -17 -18 -19
leaf_value=-0.34514503854918571 -0.18983009877313428 0.11243586467551739 -0.23545357566833094 0.50511609386767897 -0.17887219232307916 1.0584375952377514 -0.24805476403098331 0.17514103023889224 0.27321636741430905 -0.046520178923262309 0.066810390023204977 -0.0064817728830486214 -0.053298852983936398 0.15184170070956915 -0.20427182749237513 0.0013321301145490605 -0.0071337584392611496 0.00079444263644538285
leaf_weight=230 78 32 181 64 131 6.9999999999999991 62 220 10.999999999999998 114 228 101 64 4.9999999999999991 27 58 37 349
leaf_count=230 78 32 181 64 131 7 62 220 11 114 228 101 64 5 27 58 37 349
internal_value=-0.000431753 0.00128911 -0.00222108 0.00241941 -0.00160329 3.46549e-05 -0.00100847 0.00191546 0.000474906 -0.000547741 -0.0001215 -0.00141974 0.000661038 -0.00147694 -0.000633436 0.00263324 0.00313265 -0.00011333
internal_weight=1999 1019 980 536 750 483 569 472 157 125 476 179 297 69 507 315 257 376
internal_count=1999 1019 980 536 750 483 569 472 157 125 476 179 297 69 507 315 257 376
is_linear=0
shrinkage=0.0152222


Tree=86
num_leaves=19
num_cat=0
split_feature=81 57 6 8 15 81 19 108 5 4 100 105 108 77 8 104 101 6
split_gain=22.7779 7.24992 5.07757 4.0012 3.60352 3.33561 2.51161 2.87542 2.66169 2.14945 2.07922 1.98489 1.97853 1.80684 1.59917 1.49396 1.4751 1.2781
threshold=73.062500000000014 1.5000000000000002 12.050000000000002 17.854166666666668 11.500000000000002 152.18750000000003 49.500000000000007 44.840653080053016 24.850000000000005 4.8500000000000005 922.3611111111112 0.70803092395093314 18.60521409435982 747.50000000000011 76.979166666666671 608.28571428571433 1.0076887709535896 25.600000000000005
decision_type=2 2 2 2 2 2 2 2 2 2 2 2 2 2 2 2 2 2
left_child=1 3 12 -1 11 -6 9 -8 -9 -5 -10 -4 -2 -13 15 -15 -14 -17
right_child=2 -3 4 6 5 -7 7 8 10 -11 -12 13 16 14 -16 17 -18 -19
leaf_value=-0.23693810562912346 -0.36449079558234065 1.0311061226110194 -0.099810605710733344 0.019610595492301149 0.55472772068161891 -0.084898890100334398 0.27719176317919714 -0.26470077448726631 -0.026490898311308103 -0.10710326770685476 0.33230169808146287 0.40250217779325737 -0.014402970164223743 0.36860183646148753 -0.37447364201401123 0.13052142162186198 0.099513290311119232 0.21140784743227245
leaf_weight=287 19 10.999999999999998 9.9999999999999982 96 52 5.9999999999999991 14.999999999999998 21 7.9999999999999982 752 7 5.9999999999999991 229 4.9999999999999991 7.9999999999999991 383 99 9.9999999999999982
leaf_count=287 19 11 10 96 52 6 15 21 8 752 7 6 229 5 8 383 99 10
internal_value=-0.000324891 -0.00166712 0.00161783 -0.00178141 0.00263188 0.00618831 -0.0012817 0.00199768 -0.000337671 -0.00147905 0.00455078 0.00214238 0.000214909 0.0023052 0.00218181 0.00231745 0.000491847 0.00221138
internal_weight=2024 1197 827 1186 480 58 899 51 36 848 15 422 347 412 406 398 328 393
internal_count=2024 1197 827 1186 480 58 899 51 36 848 15 422 347 412 406 398 328 393
is_linear=0
shrinkage=0.0152222


Tree=87
num_leaves=19
num_cat=0
split_feature=11 11 11 25 14 81 10 5 38 6 5 8 2 14 8 82 38 8
split_gain=24.0836 11.8228 4.85016 6.01897 4.02519 2.96499 2.69071 2.57449 2.80225 2.15793 2.03928 1.85534 1.7551 1.60704 2.10829 1.44632 1.39294 1.66035
threshold=3.339583333333334 6.6291666666666673 2.006250000000001 1.0000000180025095e-35 5.5000000000000009 127.06250000000001 46.6740741709011 4.8500000000000005 18.750000000000004 16.350000000000005 3.5500000000000003 64.895833333333357 28.500000000000004 3.5000000000000004 42.854166666666679 6.6187500000000012 28.650000000000002 40.520833333333336
decision_type=2 2 2 2 2 2 2 2 2 2 2 2 2 2 2 2 2 2
left_child=2 4 -1 -4 5 7 10 13 11 -3 -7 -9 -5 -2 -15 -14 17 -10
right_child=1 9 3 12 -6 6 -8 8 16 -11 -12 -13 15 14 -16 -17 -18 -19
leaf_value=-0.24242893361599227 0.30747172362426678 0.56291690862237775 -0.20346716741065723 -0.16875523486545216 -0.064055766706961392 0.20402622708368731 -0.057492725594028064 0.17791068361728482 0.18280040221749755 0.76296930829592469 0.0052897672826639243 -0.11769149171733977 -0.067410992492837329 -0.073836116990972894 0.17512475277280207 0.04711910169299461 0.18507650382496069 -0.080496855791570759
leaf_weight=424 12.999999999999998 41 256 36 211 6.0000000000000027 50 260 26 43 15.999999999999998 15.999999999999998 165 61 31 233 28 73
leaf_count=424 13 41 256 36 211 6 50 260 26 43 16 16 165 61 31 233 28 73
internal_value=-0.000472189 0.00141775 -0.00195666 -0.00116915 0.000840915 0.00149584 -0.00139432 0.00190557 0.00245865 0.00684576 0.00303715 0.00331958 -7.71446e-05 -0.000217314 -0.000926006 0.000214143 0.000587043 -0.000261213
internal_weight=1989 875 1114 690 791 580 72 508 403 84 22 276 434 105 92 398 127 99
internal_count=1989 875 1114 690 791 580 72 508 403 84 22 276 434 105 92 398 127 99
is_linear=0
shrinkage=0.0152222


Tree=88
num_leaves=19
num_cat=0
split_feature=26 8 12 57 109 38 40 12 6 108 104 7 40 108 2 2 40 104
split_gain=28.4985 8.36464 5.98132 4.14656 3.34237 2.91409 2.68184 2.51428 2.37963 2.0084 1.85867 1.77942 1.65969 1.51147 1.4768 2.11755 1.45221 1.19944
threshold=-0.22252093395631442 64.020833333333357 3.1455357142857148 1.5000000000000002 3.2831646050722472 7.1500000000000012 20.650000000000002 3.2383928571428577 4.8500000000000005 33.727831318977415 1086.2380952380954 9.8500000000000032 1.0500000000000003 31.159540503398762 83.500000000000014 93.500000000000014 16.050000000000004 790.40476190476204
decision_type=2 2 2 2 2 2 2 2 2 2 2 2 2 2 2 2 2 2
left_child=1 4 14 8 11 16 7 -3 -4 -7 -10 -1 -11 -13 -2 -16 -6 -14
right_child=2 6 3 -5 5 9 -8 -9 10 12 -12 13 17 -15 15 -17 -18 -19
leaf_value=-0.035767904794898678 -0.22979690639477399 0.048018576935156397 -0.22918163443635731 1.018061250169618 0.30232955651512072 0.20922706396447902 -0.031945980336608761 0.61101609299349868 -0.071413315775954028 -0.1104339895834249 0.096051168719365906 0.11618542016063831 -0.093858627912212181 -0.082113426379519461 0.23675097856527652 -0.26173818918521224 -0.0032579169126123386 0.10518983803988032
leaf_weight=208 426 22 123 6.9999999999999991 33 36 9.9999999999999982 65 556 23 39 132 25 41 6.0000000000000027 24 6.9999999999999991 268
leaf_count=208 426 22 123 7 33 36 10 65 556 23 39 132 25 41 6 24 7 268
internal_value=-0.000358465 0.00173208 -0.0018985 -0.00103923 0.00120312 0.00218984 0.00594446 0.00680219 -0.00115324 0.00174683 -0.000754643 0.000187744 0.0013582 0.00132823 -0.00326439 0 0.00608097 0.00166738
internal_weight=2051 870 1181 725 773 392 97 87 718 352 595 381 316 173 456 30 40 293
internal_count=2051 870 1181 725 773 392 97 87 718 352 595 381 316 173 456 30 40 293
is_linear=0
shrinkage=0.0152222


Tree=89
num_leaves=19
num_cat=0
split_feature=11 11 26 11 68 11 25 84 40 76 15 8 8 104 13 81 81 81
split_gain=25.6057 9.94492 4.7288 4.21962 3.75591 3.28502 2.98842 2.94253 2.93619 2.21376 2.01293 1.99598 1.92964 1.96475 1.78835 1.47719 1.36074 1.31888
threshold=2.5645833333333341 5.0812500000000007 1.0000000180025095e-35 7.4875000000000016 1.0000000180025095e-35 1.560416666666667 1.0000000180025095e-35 2.5000000000000004 9.1500000000000004 1514.5000000000002 9.5000000000000018 47.687500000000007 73.541666666666671 1013.4523809523811 17.500000000000004 45.437500000000007 55.062500000000007 58.645833333333336
decision_type=2 2 2 2 2 2 2 2 2 2 2 2 2 2 2 2 2 2
left_child=5 2 4 12 9 -1 -7 15 -5 10 -2 -11 13 -3 -6 -4 -8 -17
right_child=1 3 7 8 14 6 16 -9 -10 11 -12 -13 -14 -15 -16 17 -18 -19
leaf_value=-0.31768400805388924 -0.078307836393702299 0.14134700220656643 -0.22049826380137755 0.80959539560744964 0.01115665031936052 -0.24851123059964317 -0.13938074984426341 0.22770907840431168 -0.041405811897319365 0.11463703735440678 0.15924192894554756 -0.015672555867819273 -0.017928085260802803 0.25067681871378705 0.29837231841615769 0.0078326872547365527 -0.010245008701040904 -0.1122758516677258
leaf_weight=210 92 218 80 37 9.0000000000000018 174 238 12.999999999999998 7.9999999999999991 310 22 78 33 28 22 122 192 155
leaf_count=210 92 218 80 37 9 174 238 13 8 310 22 78 33 28 22 122 192 155
internal_value=-0.000397511 0.000991198 0.000170245 0.00327882 0.001088 -0.00249075 -0.00192025 -0.00115178 0.00760233 0.000770121 -0.0010944 0.00131803 0.00258019 0.00304379 0.00622574 -0.00141115 -0.00123886 -0.000884578
internal_weight=2041 1227 903 324 533 814 604 370 45 502 114 388 279 246 31 357 430 277
internal_count=2041 1227 903 324 533 814 604 370 45 502 114 388 279 246 31 357 430 277
is_linear=0
shrinkage=0.0152222


Tree=90
num_leaves=19
num_cat=0
split_feature=11 11 25 11 4 76 2 8 79 79 82 40 80 11 40 58 2 4
split_gain=25.9053 6.16949 5.50294 5.39952 3.88984 3.52762 2.2573 1.96852 1.92653 2.08734 1.98836 1.5099 2.221 1.91537 1.46078 1.35047 1.34507 1.31105
threshold=3.5562500000000008 1.8291666666666668 1.0000000180025095e-35 7.4875000000000016 13.950000000000001 1047.5000000000002 98.500000000000014 35.104166666666679 43.125000000000007 101.12500000000001 11.943750000000001 11.15 21.162500000000005 4.9229166666666675 13.950000000000001 -1.1544642904829876 157.50000000000003 5.2500000000000009
decision_type=2 2 2 2 2 2 2 2 2 2 2 2 2 2 2 2 2 2
left_child=1 -1 17 4 6 -4 15 -8 -7 10 -10 13 14 -6 -13 -2 -9 -3
right_child=3 2 5 -5 11 8 7 16 9 -11 -12 12 -14 -15 -16 -17 -18 -19
leaf_value=-0.28173343464539125 0.15226067074877661 0.010988089711529486 -0.19690700349482643 0.68950141952686805 -0.11097229822060158 -0.1851679595885885 0.45004209303604581 0.16407557216558152 0.029765910505983418 -0.16302638967674893 0.23452219479155734 0.21845659568750761 0.30233610896237728 0.011349658433323997 -0.029931908604009856 0.038598591727824344 -0.13076739562879838 -0.18339902142103223
leaf_weight=319 32 27 83 32 91 78 14.999999999999998 208 330 15.999999999999998 4.9999999999999991 35 10.999999999999998 82 75 177 28 318
leaf_count=319 32 27 83 32 91 78 15 208 330 16 5 35 11 82 75 177 28 318
internal_value=-0.000470152 -0.0019001 -0.00122729 0.00166929 0.00140906 -0.000225924 0.00228307 0.00325602 0.000329943 0.000810853 0.00106765 4.13991e-05 0.00134549 -0.000870815 0.000691557 0.00111406 0.00291479 -0.00271311
internal_weight=1962 1176 857 786 754 512 460 251 429 351 335 294 121 173 110 209 236 345
internal_count=1962 1176 857 786 754 512 460 251 429 351 335 294 121 173 110 209 236 345
is_linear=0
shrinkage=0.0152222


Tree=91
num_leaves=19
num_cat=0
split_feature=11 11 11 25 6 76 81 82 42 13 77 11 8 8 40 3 5 11
split_gain=26.4485 6.222 5.78448 3.86215 2.69479 2.40388 2.27991 1.77907 1.68167 1.68263 1.66063 1.65101 2.82371 2.56974 1.65518 1.59124 1.53257 2.19116
threshold=3.5562500000000008 8.0250000000000021 2.2270833333333342 1.0000000180025095e-35 13.050000000000002 1132.5000000000002 142.31250000000003 11.443750000000003 55.999750000000006 17.500000000000004 2091.5000000000005 6.6291666666666673 71.854166666666671 56.270833333333336 2.3500000000000001 108.50000000000001 11.750000000000002 1.560416666666667
decision_type=2 2 2 2 2 2 2 2 2 2 2 2 2 2 2 2 2 2
left_child=2 4 16 7 10 -5 11 -4 -7 -10 -2 13 -13 14 -6 -11 17 -1
right_child=1 -3 3 5 6 8 -8 -9 9 15 -12 12 -14 -15 -16 -17 -18 -19
leaf_value=-0.30228175964169984 0.059861750832226709 0.90056045818482711 -0.191822150835675 -0.13079787048182626 0.28195158567950085 -0.011918310257710681 -0.099465203811252276 -0.0034256950394539131 -0.061123505798628484 0.19710893262800835 -0.034841183418285508 0.6614428813963783 0.23825961851149233 0.012232298392745842 0.15441688084061844 -0.041759051849426555 -0.30491621624116483 -0.10220689077383931
leaf_weight=176 241 29 227 58 19 166 14.999999999999998 59 39 77 146 14.999999999999998 30 118 186 11.999999999999998 126 254
leaf_count=176 241 29 227 58 19 166 15 59 39 77 146 15 30 118 186 12 126 254
internal_value=-0.000518594 0.00162499 -0.00195305 -0.000963831 0.00136397 0.00010376 0.00226911 -0.00227759 0.000662606 0.00197331 0.000468 0.00250634 0.00523713 0.0021251 0.00315501 0.00312811 -0.00308796 -0.00265471
internal_weight=1993 799 1194 638 770 352 383 286 294 128 387 368 45 323 205 89 556 430
internal_count=1993 799 1194 638 770 352 383 286 294 128 387 368 45 323 205 89 556 430
is_linear=0
shrinkage=0.0152222


Tree=92
num_leaves=19
num_cat=0
split_feature=11 11 3 11 5 2 0 76 0 8 0 77 8 15 38 2 6 81
split_gain=23.6192 10.1519 5.67422 4.41152 5.50438 3.53446 3.03793 2.20143 2.16244 2.20101 2.11579 2.00499 2.01581 1.91251 1.83025 1.70584 1.58264 1.57109
threshold=2.7270833333333337 7.4875000000000016 84.500000000000014 1.560416666666667 11.750000000000002 52.500000000000007 61.500000000000007 885.00000000000011 174.00000000000003 34.500000000000007 116.50000000000001 2095.5000000000005 31.687500000000004 6.5000000000000009 14.65 105.50000000000001 9.0500000000000025 127.81250000000001
decision_type=2 2 2 2 2 2 2 2 2 2 2 2 2 2 2 2 2 2
left_child=3 2 6 -1 7 -4 -2 -5 9 11 -3 12 -7 -8 17 -9 -17 -11
right_child=1 10 5 4 -6 8 13 15 -10 14 -12 -13 -14 -15 -16 16 -18 -19
leaf_value=-0.28454221813193509 0.10302552857331586 0.39937546702871135 -0.10875270653572894 -0.23031266387056884 -0.20848745595632026 -0.076398602353949546 -0.14673574198545833 -0.032482965910519593 0.54507678465830034 0.18683571130426277 0.75353750102973827 0.27068127563984212 0.25215764022406228 0.0057397990362583811 0.032199574509761561 -0.20060878265562607 0.19822826831561269 -0.014636984173095719
leaf_weight=216 140 7.9999999999999991 31 59 197 18.000000000000004 224 405 6.9999999999999991 181 36 35 6.9999999999999991 190 221 9.0000000000000018 12.999999999999998 30
leaf_count=216 140 8 31 59 197 18 224 405 7 181 36 35 7 190 221 9 13 30
internal_value=-0.000406264 0.00106065 0.000769496 -0.0022468 -0.0016469 0.00189541 -0.000307706 -0.000776681 0.00220531 0.00208509 0.00822413 0.00481617 0.00151893 -0.000963209 0.00170524 -0.000395649 0.00372746 0.00271912
internal_weight=2027 1128 1084 899 683 530 554 486 499 492 44 60 25 414 432 427 22 211
internal_count=2027 1128 1084 899 683 530 554 486 499 492 44 60 25 414 432 427 22 211
is_linear=0
shrinkage=0.0152222


Tree=93
num_leaves=17
num_cat=0
split_feature=81 11 11 11 7 11 14 14 76 57 8 4 82 12 81 4
split_gain=23.0729 9.21004 5.37493 3.42013 2.69374 2.68345 2.51735 2.20722 2.19249 2.13984 2.15296 1.85339 2.12734 1.74896 1.49337 1.23793
threshold=75.187500000000014 5.8937499999999998 1.5979166666666667 4.8479166666666682 20.550000000000004 2.0187500000000012 1.0000000180025095e-35 4.5000000000000009 1013.0000000000001 1.5000000000000002 59.604166666666679 10.350000000000003 5.1562500000000009 2.8154761904761911 155.31250000000003 19.750000000000004
decision_type=2 2 2 2 2 2 2 2 2 2 2 2 2 2 2 2
left_child=2 5 -1 6 7 -2 15 -3 -8 10 -5 12 -10 -9 -7 -4
right_child=1 4 3 9 -6 14 8 13 11 -11 -12 -13 -14 -15 -16 -17
leaf_value=-0.29381597873581911 -0.31749097819896138 0.7259187216816172 -0.20417231563848401 0.31630080667106858 0.55449228035627629 0.058675467990283121 -0.18845222426041855 0.39529692992363274 -0.13200888973256561 0.97139501363196545 -0.013102303212803505 -0.13620317690573625 0.0050501876381958211 0.2210208976635322 -0.12440831271913326 0.019743758170983314
leaf_weight=199 31 14.999999999999998 239 15.999999999999998 23 634 108 6.9999999999999991 113 5.9999999999999991 46 152 350 82 10.999999999999998 4.9999999999999991
leaf_count=199 31 15 239 16 23 634 108 7 113 6 46 152 350 82 11 5
internal_value=-0.000508887 0.00149937 -0.00181573 -0.00137508 0.00525969 0.00079257 -0.00160714 0.00421326 -0.00115579 0.00192365 0.00107932 -0.000804352 -0.000325441 0.00329904 0.00100293 -0.00294399
internal_weight=2037 803 1234 1035 127 676 967 104 723 68 62 615 463 89 645 244
internal_count=2037 803 1234 1035 127 676 967 104 723 68 62 615 463 89 645 244
is_linear=0
shrinkage=0.0152222


Tree=94
num_leaves=19
num_cat=0
split_feature=81 10 12 14 0 76 19 9 9 8 108 9 41 100 100 15 0 0
split_gain=21.7453 4.36385 4.1437 2.73764 2.90003 2.39719 2.96479 2.10918 2.00231 2.10717 1.9943 1.91818 1.76372 1.71497 1.57592 1.31885 1.26583 1.35838
threshold=75.812500000000014 20.315402347810416 3.0342261904761911 5.5000000000000009 127.50000000000001 1602.5000000000002 49.500000000000007 47.491071428571438 32.723214285714292 22.312500000000004 30.095892616715943 44.502976190476197 26.100000000000005 842.91666666666686 970.12222222222238 6.5000000000000009 120.50000000000001 78.500000000000014
decision_type=2 2 2 2 2 2 2 2 2 2 2 2 2 2 2 2 2 2
left_child=2 -2 -1 4 12 14 8 11 13 -10 -11 -6 16 -7 -4 -5 17 -3
right_child=1 3 5 15 7 6 -8 -9 9 10 -12 -13 -14 -15 -16 -17 -18 -19
leaf_value=-0.18672407773225261 -0.38437325415633794 0.11279295876049088 -0.14469457427942831 -0.19794666954571519 0.18907303472264292 -0.037460317126614594 0.15522140776845481 0.84385166933334554 -0.14627374052205017 0.24666091866758186 -0.01993200297307279 -0.37080819347416266 0.063090317121311898 0.14735448025450346 0.17196977427270044 0.021107378704829954 -0.15437012335097405 0.21945844203768777
leaf_weight=416 26 107 278 29 43 8.0000000000000018 39 17 120 15.999999999999998 305 5.9999999999999991 431 8.9999999999999982 5.9999999999999991 47 4.9999999999999991 73
leaf_count=416 26 107 278 29 43 8 39 17 120 16 305 6 431 9 6 47 5 73
internal_value=-0.000401867 0.00156871 -0.00169255 0.00177915 0.00208452 -0.00103878 -0.00040118 0.00511615 -0.0007444 -0.000942209 -0.000298693 0.00350666 0.0017593 0.0043741 -0.00215429 -0.000960698 0.00300245 0.00321264
internal_weight=1981 784 1197 758 682 781 497 66 458 441 321 49 616 17 284 76 185 180
internal_count=1981 784 1197 758 682 781 497 66 458 441 321 49 616 17 284 76 185 180
is_linear=0
shrinkage=0.0152222


Tree=95
num_leaves=13
num_cat=0
split_feature=11 11 11 25 82 76 14 82 8 11 41 82
split_gain=22.3053 9.78957 4.81523 6.29863 3.77615 3.33941 2.82612 1.71496 1.62594 2.87088 1.42955 1.19581
threshold=3.1770833333333344 7.7666666666666684 1.560416666666667 1.0000000180025095e-35 11.943750000000001 1147.0000000000002 5.5000000000000009 4.6562500000000009 34.895833333333336 5.0812500000000007 25.750000000000004 10.106250000000003
decision_type=2 2 2 2 2 2 2 2 2 2 2 2
left_child=2 6 -1 -4 5 -5 8 -7 -2 10 -10 -9
right_child=1 -3 3 4 -6 7 -8 11 9 -11 -12 -13
leaf_value=-0.28847915467482116 0.22240577244583182 0.71720898726875648 -0.22665780469785041 -0.15608715143395582 0.22122064364480834 -0.14158551793605864 -0.018768236202369636 0.019891010097521446 0.092898219536405743 0.14423054678857533 -0.016590283268235549 -0.056722489617391354
leaf_weight=202 80 40 266 99 6.9999999999999991 60 248 404 99 232 225 36
leaf_count=202 80 40 266 99 7 60 248 404 99 232 225 36
internal_value=-0.000353498 0.00138046 -0.00184528 -0.00135455 -0.000497311 -0.000627634 0.00104689 -0.000121757 0.00158432 0.00129212 0.000366389 0.000207542
internal_weight=1998 924 1074 872 606 599 884 500 636 556 324 440
internal_count=1998 924 1074 872 606 599 884 500 636 556 324 440
is_linear=0
shrinkage=0.0152222


Tree=96
num_leaves=19
num_cat=0
split_feature=11 2 11 25 68 57 82 76 12 3 3 80 76 81 81 2 81 81
split_gain=20.8685 5.82447 5.27721 5.34983 4.30946 3.9981 2.73033 2.7024 1.88896 1.84452 2.73128 1.78504 1.63693 1.52466 1.42097 1.33258 1.27803 1.24006
threshold=3.5562500000000008 91.500000000000014 1.4583333333333337 1.0000000180025095e-35 1.0000000180025095e-35 1.5000000000000002 5.5187500000000016 786.50000000000011 4.0011904761904775 82.500000000000014 54.500000000000007 14.587500000000004 952.50000000000011 129.18750000000003 127.81250000000001 120.50000000000001 139.31250000000003 78.312500000000014
decision_type=2 2 2 2 2 2 2 2 2 2 2 2 2 2 2 2 2 2
left_child=2 5 -1 13 9 7 -5 -2 -6 10 -3 -9 -8 -4 17 -10 -15 -11
right_child=1 4 3 6 8 -7 12 11 15 14 -12 -13 -14 16 -16 -17 -18 -19
leaf_value=-0.29950191295652895 0.28497917529998462 0.1625207558541879 -0.19230712990345444 -0.12945556093024577 0.16912668433204753 1.2482520445840697 -0.17762814354774828 -0.063663213568334459 0.29640518198683047 -0.21685367690247065 -0.076798580956085535 0.11231186260346915 0.015206801557849522 0.11215451595101186 0.0037836133041246937 0.69587552626786264 -0.15991567603545753 0.14689810349761367
leaf_weight=174 13.999999999999998 12.999999999999998 375 198 29 7.9999999999999991 51 293 7.9999999999999991 4.9999999999999991 55 50 422 9.0000000000000018 54 28 11.999999999999998 242
leaf_count=174 14 13 375 198 29 8 51 293 8 5 55 50 422 9 54 28 12 242
internal_value=-0.000522316 0.00139639 -0.00175766 -0.00135666 0.00258816 -2.08379e-05 -0.000528534 -0.00026005 0.00620101 0.00195097 -0.0003131 -0.000528027 9.97451e-05 -0.00275962 0.00246243 0.00852906 0.00122906 0.00295137
internal_weight=2040 799 1241 1067 434 365 671 357 65 369 68 343 473 396 301 36 21 247
internal_count=2040 799 1241 1067 434 365 671 357 65 369 68 343 473 396 301 36 21 247
is_linear=0
shrinkage=0.0152222


Tree=97
num_leaves=19
num_cat=0
split_feature=11 11 11 25 6 76 81 108 5 8 5 40 1 11 8 11 11 82
split_gain=23.3487 7.89817 5.6466 6.04531 3.53813 3.39515 2.84145 2.81548 2.65204 2.31359 2.16212 2.09304 1.98242 3.1298 1.91262 1.81113 1.86395 1.61364
threshold=3.5750000000000006 7.4875000000000016 2.3937500000000012 1.0000000180025095e-35 11.550000000000002 1132.5000000000002 124.18750000000001 37.37373625361284 5.0500000000000007 25.812500000000004 8.3500000000000032 9.1500000000000004 79.500000000000014 1.4416666666666671 18.500000000000004 5.1562500000000009 6.0020833333333341 11.868750000000002
decision_type=2 2 2 2 2 2 2 2 2 2 2 2 2 2 2 2 2 2
left_child=2 4 12 -4 15 -5 7 8 -6 -7 -8 -3 13 -1 -15 -2 -17 -11
right_child=1 11 3 5 6 9 10 -9 -10 17 -12 -13 -14 14 -16 16 -18 -19
leaf_value=-0.28232629186413971 -0.020695603430030903 0.69605498629469686 -0.13514311442433444 -0.13201447602679731 0.053063730300281879 0.15499444330112561 -0.059977924612604212 0.081007596476145236 0.24356920435657392 -0.0049443382123041633 0.062141957195996834 0.0047293920440544604 -0.26239595665954157 0.0038542263405876159 -0.16335010251904458 0.23575856802340983 -0.081112839433893552 0.21998415666560389
leaf_weight=155 249 41 271 46 33 95 51 206 108 133 43 6.9999999999999991 180 126 218 40 26 5.9999999999999991
leaf_count=155 249 41 271 46 33 95 51 206 108 133 43 7 180 126 218 40 26 6
internal_value=-0.000525354 0.00149183 -0.00184391 -0.000698879 0.00111138 0.000869666 0.00199142 0.0026273 0.00428438 0.00161292 -0.000356025 0.00747616 -0.00277296 -0.00227851 -0.00146889 -0.000120778 0.00212017 0.000361226
internal_weight=2034 804 1230 551 756 280 441 347 141 234 94 48 679 499 344 315 66 139
internal_count=2034 804 1230 551 756 280 441 347 141 234 94 48 679 499 344 315 66 139
is_linear=0
shrinkage=0.0152222


Tree=98
num_leaves=19
num_cat=0
split_feature=11 11 11 19 8 1 10 82 57 9 100 82 76 4 8 82 76 76
split_gain=20.456 7.53654 4.80376 3.76332 3.73197 3.09376 2.42773 2.12046 2.06572 3.8057 2.38138 1.84261 1.67394 2.01097 1.63295 1.62103 1.48588 1.4732
threshold=2.8520833333333337 5.0020833333333341 1.560416666666667 49.500000000000007 34.229166666666679 44.500000000000007 27.5444140477621 10.756250000000003 1.5000000000000002 43.595238095238102 745.3277777777779 4.8812500000000014 1505.5000000000002 4.1500000000000012 50.354166666666679 5.9267857142857157 952.50000000000011 1714.0000000000002
decision_type=2 2 2 2 2 2 2 2 2 2 2 2 2 2 2 2 2 2
left_child=2 4 -1 8 6 15 -2 -6 9 10 -3 -8 -7 -14 -12 -4 -17 -18
right_child=1 3 5 -5 7 12 11 -9 -10 -11 14 -13 13 -15 -16 16 17 -19
leaf_value=-0.28800831732319154 -0.12198339919768116 -0.013589663312478996 -0.12363194373691885 0.47445600670175164 -0.08021539141004963 -0.1719981104931029 -0.25847017195385708 0.036362377494713057 0.76968636205636087 -0.060810130660906105 0.32447213399274055 0.17577514330628091 0.082959185485639575 -0.091051617813351846 0.19719875020107816 -0.28692137479496199 0.14414057941969502 0.017682799520927987
leaf_weight=202 25 33 111 38 284 168 6.9999999999999991 252 12.999999999999998 52 10.999999999999998 125 8.9999999999999982 332 190 9.9999999999999982 22 100
leaf_count=202 25 33 111 38 284 168 7 252 13 52 11 125 9 332 190 10 22 100
internal_value=-0.000423509 0.00106402 -0.00202952 0.00293106 0.000155938 -0.00146949 0.00221956 -0.000448664 0.00235673 0.00208601 0.00291368 0.00304323 -0.00214405 -0.00153091 0.00353578 -5.63493e-05 0.00108355 0.00154649
internal_weight=1984 1030 954 337 693 752 157 536 299 286 234 132 509 341 201 243 132 122
internal_count=1984 1030 954 337 693 752 157 536 299 286 234 132 509 341 201 243 132 122
is_linear=0
shrinkage=0.0152222


Tree=99
num_leaves=19
num_cat=0
split_feature=11 11 11 81 25 0 40 76 40 82 11 0 19 81 81 0 0 0
split_gain=25.7389 6.73945 6.00649 3.00618 2.97086 2.62159 2.61954 3.18054 2.29551 2.28061 2.4649 2.04903 2.1131 1.9809 1.9057 1.7507 1.69538 1.87757
threshold=3.5562500000000008 7.3187500000000005 1.8437500000000002 99.645833333333357 1.0000000180025095e-35 114.50000000000001 11.750000000000002 867.50000000000011 18.650000000000002 18.925000000000001 5.3270833333333352 64.500000000000014 49.500000000000007 81.500000000000014 124.68750000000001 37.500000000000007 77.500000000000014 105.50000000000001
decision_type=2 2 2 2 2 2 2 2 2 2 2 2 2 2 2 2 2 2
left_child=2 3 -1 8 14 -3 7 -5 11 10 -9 -2 16 -6 -4 -15 -13 -18
right_child=1 5 4 6 13 -7 -8 9 -10 -11 -12 12 -14 15 -16 -17 17 -19
leaf_value=-0.20632555885009751 0.25923219848434176 0.014431821284010365 -0.16127167357495836 0.17572282064106556 -0.023519703138001703 0.64821006828271888 0.26355448711256763 0.022565842085617654 -0.11403803595313104 -0.067788029975414971 0.27029267944081803 -0.12004404141403369 0.26234868404982908 -0.12091886079999825 0.02449157631824532 0.13859705945356626 0.12665601330277859 -0.014440764501977526
leaf_weight=326 61 8.9999999999999982 325 11.999999999999998 469 34 105 74 32 53 68 44 26 11.999999999999998 19 64 101 160
leaf_count=326 61 9 325 12 469 34 105 74 32 53 68 44 26 12 19 64 101 160
internal_value=-0.000200004 0.0019598 -0.00158479 0.00161724 -0.000936562 0.00781407 0.00275124 0.00175708 0.000782547 0.00128767 0.00229319 0.00110268 0.000629933 -0.000237381 -0.00204406 0.00204155 0.000274439 0.000740536
internal_weight=1994 779 1215 736 889 43 312 207 424 195 142 392 331 545 344 76 305 261
internal_count=1994 779 1215 736 889 43 312 207 424 195 142 392 331 545 344 76 305 261
is_linear=0
shrinkage=0.0152222


Tree=100
num_leaves=17
num_cat=0
split_feature=11 11 26 11 5 8 6 11 8 100 8 4 80 80 80 12
split_gain=25.3112 9.35116 4.68935 3.59181 3.75806 2.08614 2.74239 1.66326 2.23826 3.12626 1.54757 1.51135 1.3779 1.62693 1.52098 1.24424
threshold=2.8520833333333337 7.4875000000000016 1.0000000180025095e-35 1.8291666666666668 10.250000000000002 26.312500000000004 7.5500000000000007 5.8937499999999998 34.229166666666679 767.39658119658122 61.625000000000007 11.350000000000003 11.287500000000003 11.587500000000004 10.187500000000002 3.8758928571428579
decision_type=2 2 2 2 2 2 2 2 2 2 2 2 2 2 2 2
left_child=3 2 7 -1 5 6 -5 8 9 -2 -9 -4 14 -14 -10 -3
right_child=1 15 11 4 -6 -7 -8 10 12 -11 -12 -13 13 -15 -16 -17
leaf_value=-0.23409603104069471 -0.12425977667817732 0.46271514802684449 0.079707811283295418 -0.05155407783585355 -0.19279938234531291 -0.14982916177557518 0.057427514805198074 0.36430622128356732 0.055060376240853325 0.17689279667680705 0.20953467987774835 -0.040335041889822426 0.17771884834318624 0.077666825605678572 -0.10563227045205578 0.8431102532703022
leaf_weight=334 14.999999999999998 4.9999999999999991 41 231 235 79 106 26 74 114 76 307 13.999999999999998 299 41 32
leaf_count=334 15 5 41 231 235 79 106 26 74 114 76 307 14 299 41 32
internal_value=-0.000575412 0.001076 0.000799613 -0.00232571 -0.00166706 -0.000797594 -0.000275481 0.00155443 0.00122695 0.00298422 0.00334119 -0.00062978 0.000696999 0.00122048 -0.000727657 0.00858645
internal_weight=2029 1044 1007 985 651 416 337 659 557 129 102 348 428 313 115 37
internal_count=2029 1044 1007 985 651 416 337 659 557 129 102 348 428 313 115 37
is_linear=0
shrinkage=0.0152222


Tree=101
num_leaves=19
num_cat=0
split_feature=11 11 11 26 19 4 19 25 8 1 4 1 8 8 8 78 8 19
split_gain=18.5789 6.10439 5.51031 5.36341 4.03443 2.71698 2.38926 2.01356 2.00583 1.96114 1.91392 1.79894 1.76104 1.74477 1.76302 1.68649 1.52653 1.50643
threshold=4.2312500000000011 1.810416666666667 7.4875000000000016 1.0000000180025095e-35 49.500000000000007 23.450000000000003 26.500000000000004 0.6078576107927941 34.500000000000007 74.500000000000014 11.250000000000002 44.500000000000007 41.145833333333336 39.354166666666679 37.229166666666679 769.90000000000009 18.020833333333339 27.500000000000004
decision_type=2 2 2 2 2 2 2 2 2 2 2 2 2 2 2 2 2 2
left_child=1 -1 5 4 15 12 -5 17 -6 11 -4 -9 13 14 -2 -3 -17 -8
right_child=2 3 10 6 8 -7 7 9 -10 -11 -12 -13 -14 -15 -16 16 -18 -19
leaf_value=-0.22514105984482347 0.23968136617899122 0.29903727678471587 -0.30751643656122707 -0.16792346804194896 0.24926228172182394 -0.090000732044377002 0.23746876552749319 0.07323440107320725 -0.47922430827293405 0.081217317928637997 0.65360145253552193 -0.1902938144786091 0.10408198495869903 0.46919365660965728 -0.046563677725731396 0.10031865010464042 -0.016243681218808613 -0.14381127473535252
leaf_weight=315 7.0000000000000062 7.9999999999999991 4.9999999999999991 287 15.000000000000002 33 5.9999999999999991 7.9999999999999991 4.9999999999999991 48 36 32 427 9.9999999999999982 9.9999999999999982 27 546 149
leaf_count=315 7 8 5 287 15 33 6 8 5 48 36 32 427 10 10 27 546 149
internal_value=-0.000495054 -0.00138742 0.00194871 -0.000865376 0.000119025 0.00149705 -0.00198156 -0.000870535 0.00683222 0.000968073 0.00730483 -0.00152016 0.00180365 0.00557072 0.00258865 -0.000112643 -0.000209844 -0.00191439
internal_weight=1974 1446 528 1131 601 487 530 243 20 88 41 40 454 27 17 581 573 155
internal_count=1974 1446 528 1131 601 487 530 243 20 88 41 40 454 27 17 581 573 155
is_linear=0
shrinkage=0.0152222


Tree=102
num_leaves=19
num_cat=0
split_feature=11 11 11 25 5 23 81 1 6 8 11 76 19 2 10 2 2 6
split_gain=19.0272 5.77866 5.64657 6.28909 4.15842 3.56669 2.97851 2.57588 2.46202 2.01121 2.22735 1.97022 1.86258 1.75216 1.39704 1.34934 1.29307 1.21223
threshold=3.7020833333333338 7.4875000000000016 1.9187500000000004 1.0000000180025095e-35 9.1500000000000004 -0.98296291314453399 91.187500000000014 15.500000000000002 7.4500000000000011 34.895833333333336 6.0479166666666684 885.00000000000011 20.500000000000004 135.50000000000003 67.871914780126289 36.500000000000007 29.500000000000004 19.650000000000002
decision_type=2 2 2 2 2 2 2 2 2 2 2 2 2 2 2 2 2 2
left_child=2 4 -1 6 9 8 -4 -7 -5 -2 -11 -9 13 15 -14 16 -6 -8
right_child=1 -3 3 5 12 7 17 11 -10 10 -12 -13 14 -15 -16 -17 -18 -19
leaf_value=-0.21664980155034019 0.30463172084942991 0.65114926766926806 -0.18741636481299923 -0.0026800893094357488 -0.10262099939147114 0.081106035902838269 -0.017386136384588614 -0.12188741959353969 0.13240477886465646 0.090446954550338701 0.3100135631525095 -0.035298322443110548 0.068231415393081016 0.11371620713100236 -0.051179157516476344 -0.14806107126671936 0.1550310648614448 0.14437608312186029
leaf_weight=362 20 34 322 54 18.000000000000004 10.999999999999998 63 65 97 308 58 313 170 7.9999999999999991 33 72 4.9999999999999991 4.9999999999999991
leaf_count=362 20 34 322 54 18 11 63 65 97 308 58 313 170 8 33 72 5 5
internal_value=-0.000583829 0.00138793 -0.00169181 -0.00106386 0.00108659 0 -0.00253669 -0.000770781 0.00198524 0.00213712 0.00187963 -0.000982454 -0.000238726 -0.00190548 0.000607214 -0.00248224 0.000726211 0.000357837
internal_weight=2018 726 1292 930 692 540 390 389 151 386 366 378 306 103 203 95 23 68
internal_count=2018 726 1292 930 692 540 390 389 151 386 366 378 306 103 203 95 23 68
is_linear=0
shrinkage=0.0152222


Tree=103
num_leaves=19
num_cat=0
split_feature=81 68 10 57 76 109 4 58 19 9 40 84 6 81 40 3 2 2
split_gain=19.2397 6.10464 4.46944 3.82913 3.63784 3.50898 3.51222 3.15425 2.93788 2.88448 2.84643 2.70244 2.30472 2.21354 1.9706 1.59896 1.92187 2.47762
threshold=75.187500000000014 1.0000000180025095e-35 22.593099017248377 1.5000000000000002 1373.0000000000002 3.1519722554017107 16.950000000000003 1.5348503553932937 49.500000000000007 29.026785714285719 1.0500000000000003 2.5000000000000004 10.250000000000002 52.535714285714292 17.450000000000003 67.500000000000014 149.50000000000003 104.50000000000001
decision_type=2 2 2 2 2 2 2 2 2 2 2 2 2 2 2 2 2 2
left_child=2 5 -1 4 -4 14 7 9 11 -7 -11 13 -3 -6 -2 -12 17 -17
right_child=1 12 3 -5 8 6 -8 -9 -10 10 15 -13 -14 -15 -16 16 -18 -19
leaf_value=-0.18517576651368528 -0.046353491276635905 -0.10990479064167935 -0.15073045052294742 0.78976014663500471 -0.12699704207098925 0.38511334877771286 -0.035946943577077145 -0.22144544509421452 0.18020112083557244 -0.11231909526249514 -0.084402544770468546 0.14875367278761412 0.38211941235216623 -0.00054195582430134994 0.19835701487057367 0.11421667399539015 0.019639730318968436 0.24627664774115479
leaf_weight=373 212 8.9999999999999982 247 8.9999999999999982 232 9.9999999999999982 71 14.999999999999998 44 21 23 17 56 302 5.9999999999999991 158 54 158
leaf_count=373 212 9 247 9 232 10 71 15 44 21 23 17 56 302 6 158 54 158
internal_value=-0.000347904 0.00149908 -0.00154454 -0.000935452 -0.00104126 0.00109976 0.00179066 0.00229866 -0.000396504 0.00254151 0.00234554 -0.000698879 0.00596701 -0.000889295 -0.000516576 0.00263739 0.00287947 0.00333292
internal_weight=2017 793 1224 851 842 728 510 439 595 424 414 551 65 534 218 393 370 316
internal_count=2017 793 1224 851 842 728 510 439 595 424 414 551 65 534 218 393 370 316
is_linear=0
shrinkage=0.0152222


Tree=104
num_leaves=17
num_cat=0
split_feature=11 11 14 11 25 68 8 11 79 104 104 76 78 104 78 28
split_gain=19.2652 6.53225 4.5185 3.94176 4.20628 2.73975 2.63512 1.87894 1.77538 2.10496 1.80029 1.74407 1.6118 2.23621 1.60519 1.33717
threshold=2.9187500000000002 7.7666666666666684 5.5000000000000009 1.560416666666667 1.0000000180025095e-35 1.0000000180025095e-35 26.645833333333339 4.9770833333333346 43.875000000000007 860.47619047619048 864.88095238095252 601.50000000000011 1263.5500000000002 888.66666666666686 1133.4500000000003 -0.24999999999999997
decision_type=2 2 2 2 2 2 2 2 2 2 2 2 2 2 2 2
left_child=3 2 5 -1 -5 7 11 8 -2 -10 -11 -6 14 -14 -7 -4
right_child=1 -3 15 4 6 12 -8 -9 9 10 -12 -13 13 -15 -16 -17
leaf_value=-0.26568502362651603 -0.20372746047890081 0.62042557431188916 0.016661773931103695 -0.20407119816224381 -0.30193531818408398 0.21887423472393649 -0.13983533669369178 0.14111435367283268 -0.02437686771092409 0.21378118844384922 0.065842401179700763 -0.00074104843174244075 0.0070863606133118959 0.48055046840649246 -0.05854128089970053 -0.093647703074798735
leaf_weight=209 21 34 100 224 21 14.000000000000002 82 223 170 4.9999999999999991 259 402 10.999999999999998 23 12.999999999999998 147
leaf_count=209 21 34 100 224 21 14 82 223 170 5 259 402 11 23 13 147
internal_value=-0.00049288 0.000955067 0.000728648 -0.00206738 -0.00153881 0.00132438 -0.00076856 0.00104616 0.000485039 0.000694378 0.00154497 -0.000284248 0.00441315 0.00661601 0.00163171 -0.00105361
internal_weight=1958 1020 986 938 729 739 505 678 455 434 264 423 61 34 27 247
internal_count=1958 1020 986 938 729 739 505 678 455 434 264 423 61 34 27 247
is_linear=0
shrinkage=0.0152222


Tree=105
num_leaves=19
num_cat=0
split_feature=11 11 11 25 13 80 57 76 14 11 7 82 8 81 9 11 0 0
split_gain=18.688 7.31816 3.48974 3.70795 3.18309 2.45081 3.12501 2.35158 1.9808 3.27579 2.01609 1.7572 1.74204 1.65106 1.61638 1.56742 1.42863 1.41736
threshold=2.7541666666666678 6.4312500000000012 1.8812500000000003 1.0000000180025095e-35 17.500000000000004 13.912500000000003 1.5000000000000002 952.50000000000011 5.5000000000000009 3.7020833333333338 9.0500000000000025 10.993750000000002 28.437500000000004 75.812500000000014 40.205357142857146 6.9083333333333341 15.500000000000002 77.500000000000014
decision_type=2 2 2 2 2 2 2 2 2 2 2 2 2 2 2 2 2 2
left_child=2 4 17 -4 11 6 15 -5 -6 -10 -11 -2 13 16 -15 -3 -9 -1
right_child=1 5 3 7 8 -7 -8 12 9 10 -12 -13 -14 14 -16 -17 -18 -19
leaf_value=-0.21541185743462452 -0.10450486823298163 0.33271401076544227 -0.2231746068930304 -0.21635314826798466 0.076730596183604866 0.43634873960581144 0.95033331768508711 0.13234513406330217 -0.28038654493710929 -0.14361630926113103 0.15147919695639758 0.0061113644231380413 -0.18895779497547044 0.019400512697348379 0.19920077917117063 -0.14426529454298676 -0.03174251650059573 0.08033800375240531
leaf_weight=335 137 8.0000000000000018 171 47 560 60 6.9999999999999991 4.9999999999999991 68 45 70 111 27 49 7.9999999999999991 20 256 4.9999999999999991
leaf_count=335 137 8 171 47 560 60 7 5 68 45 70 111 27 49 8 20 256 5
internal_value=-0.000655861 0.000689589 -0.00227393 -0.0015383 0.000302581 0.0047243 0.00151987 -0.000722174 0.000801 -0.000573768 0.000992273 -0.00119051 -0.000286741 2.8703e-05 0.00237459 -0.000759564 -0.000483967 -0.00349162
internal_weight=1989 1086 903 563 991 95 35 392 743 183 115 248 345 318 57 28 261 340
internal_count=1989 1086 903 563 991 95 35 392 743 183 115 248 345 318 57 28 261 340
is_linear=0
shrinkage=0.0152222


Tree=106
num_leaves=19
num_cat=0
split_feature=11 11 11 25 4 11 8 9 106 11 8 10 10 79 10 10 0 77
split_gain=14.4913 5.76321 4.54027 4.44217 3.69153 2.9852 2.94261 2.3894 2.32994 2.25233 2.02722 1.92883 1.90303 1.66873 2.01578 1.73038 1.44792 1.37773
threshold=2.6854166666666677 7.7666666666666684 1.622916666666667 1.0000000180025095e-35 17.150000000000002 5.054166666666668 27.020833333333339 33.119047619047628 80.221428571428589 3.8437500000000004 22.854166666666668 22.208774464739829 53.498162706287403 51.125000000000007 34.823745481586684 28.872029753914621 156.50000000000003 3602.5000000000005
decision_type=2 2 2 2 2 2 2 2 2 2 2 2 2 2 2 2 2 2
left_child=2 4 11 -4 5 6 -2 10 12 -6 -5 -1 -7 -8 15 -15 17 -10
right_child=1 -3 3 7 9 8 13 -9 16 -11 -12 -13 -14 14 -16 -17 -18 -19
leaf_value=-0.2454411468088363 0.15175930431716103 0.56892496706089879 -0.20166870457592495 0.062514603712891428 -0.24017467435385445 0.21682692643515997 -0.065463731741300962 -0.052131634927014357 0.1568922125498769 -0.0033490689368069941 -0.18494173059735805 0.027446855927549935 -0.037971201119780591 -0.15897025373416696 0.0013365951943862795 0.09992498653301625 0.56549764250624379 0.2513133032207524
leaf_weight=214 47 29 174 105 47 42 90 315 117 130 20 6.9999999999999991 48 7.9999999999999991 391 112 6.9999999999999991 5.9999999999999991
leaf_count=214 47 29 174 105 47 42 90 315 117 130 20 7 48 8 391 112 7 6
internal_value=-0.000364396 0.000805006 -0.00186848 -0.00119486 0.000619051 0.00102761 0.00050736 -0.000380502 0.00255948 -0.00138419 0.00139983 -0.00373923 0.000676109 0.000220329 0.000556991 0.00228232 0.00386254 0.00347611
internal_weight=1909 1074 835 614 1045 868 648 440 220 177 125 221 90 601 511 120 130 123
internal_count=1909 1074 835 614 1045 868 648 440 220 177 125 221 90 601 511 120 130 123
is_linear=0
shrinkage=0.0152222


Tree=107
num_leaves=19
num_cat=0
split_feature=11 11 11 25 4 79 79 8 76 109 100 100 8 109 100 2 82 82
split_gain=18.8886 7.1117 5.12611 4.02625 3.36373 3.19138 3.18997 2.68735 2.26867 2.18765 1.94829 1.93165 1.7856 1.63641 1.60451 1.58273 1.44864 1.39276
threshold=3.1770833333333344 6.4312500000000012 1.7875000000000005 1.0000000180025095e-35 17.750000000000004 98.875000000000014 45.625000000000007 30.187500000000004 885.00000000000011 2.7454886321153933 953.41666666666686 848.43333333333351 14.895833333333334 3.7259410966104496 844.76111111111118 34.500000000000007 4.606250000000002 12.375000000000002
decision_type=2 2 2 2 2 2 2 2 2 2 2 2 2 2 2 2 2 2
left_child=2 4 -1 17 6 -3 -2 -8 -5 -9 11 -7 -10 15 -6 -11 -14 -4
right_child=1 5 3 8 14 10 7 9 12 13 -12 -13 16 -15 -16 -17 -18 -19
leaf_value=-0.19944793966670843 -0.15369981386515558 -0.041103349355130624 -0.19663563043261523 -0.18555139669034909 -0.15452387051900321 0.31451144387605923 0.2590897216908799 -0.08179140343039018 0.43014875530248387 0.1378618901366582 -0.17913575588242253 0.43789401155920127 -0.23641245432222188 0.046878290586068273 -0.0068241515769782105 0.11310458422766374 -0.0003567803009649189 0.0071552890127464658
leaf_weight=313 37 17 224 66 46 23 22 37 5.9999999999999991 4.9999999999999991 5.9999999999999991 48 40 278 96 292 421 28
leaf_count=313 37 17 224 66 46 23 22 37 6 5 6 48 40 278 96 292 421 28
internal_value=-0.000603557 0.00102202 -0.00194635 -0.00128944 0.000563537 0.00498493 0.00101397 0.00126761 -0.000539715 0.00107939 0.00630209 0.00700566 -0.000166211 0.00131031 -0.00156451 0.00209588 -0.000274026 -0.00287471
internal_weight=2005 907 1098 785 813 94 671 634 533 612 77 71 467 575 142 297 461 252
internal_count=2005 907 1098 785 813 94 671 634 533 612 77 71 467 575 142 297 461 252
is_linear=0
shrinkage=0.0152222


Tree=108
num_leaves=19
num_cat=0
split_feature=11 11 11 5 4 68 23 10 4 100 5 11 40 13 13 76 19 76
split_gain=17.5373 6.52328 3.85866 4.35422 3.61358 2.78801 2.38361 2.61674 2.36183 2.13808 2.1259 1.95333 2.55295 1.73442 2.37478 1.52246 1.42599 1.25566
threshold=2.8979166666666671 7.7666666666666684 1.560416666666667 12.250000000000002 11.65 1.0000000180025095e-35 -0.98296291314453399 31.205025537891355 14.65 715.21666666666681 3.9500000000000006 4.293750000000002 13.050000000000002 17.500000000000004 19.500000000000004 651.50000000000011 25.500000000000004 2132.0000000000005
decision_type=2 2 2 2 2 2 2 2 2 2 2 2 2 2 2 2 2 2
left_child=2 4 -1 6 5 9 17 15 -3 -2 -7 12 -6 -11 -15 -8 -14 -4
right_child=1 8 3 -5 11 10 7 -9 -10 13 -12 -13 16 14 -16 -17 -18 -19
leaf_value=-0.25654177676000428 -0.090315614999934943 0.056624028189779983 0.099401039843956152 -0.19800003725608761 -0.12320045193110071 -0.091008819434585136 -0.22523115368812979 -0.25965941778632429 0.75591685067038072 0.0042762728930307217 0.26626000932009308 0.036842196268292562 -0.16661967588038443 0.14050049627288277 0.029275506993489537 -0.034976228366963666 0.10883452161340927 0.0084843963282184489
leaf_weight=205 45 8.9999999999999982 24 208 133 6.0000000000000027 29 71 27 121 24 303 15.999999999999998 160 144 306 42 92
leaf_count=205 45 9 24 208 133 6 29 71 27 121 24 303 16 160 144 306 42 92
internal_value=-0.00046866 0.000901461 -0.00197796 -0.00145956 0.000670719 0.00158294 -0.00071729 -0.0012671 0.00726235 0.00129536 0.00607833 -0.000252642 -0.00145805 0.00162947 0.00224288 -0.000704191 0.00120614 0.00120671
internal_weight=1965 1030 935 730 994 500 522 406 36 470 30 494 191 425 304 335 58 116
internal_count=1965 1030 935 730 994 500 522 406 36 470 30 494 191 425 304 335 58 116
is_linear=0
shrinkage=0.0152222


Tree=109
num_leaves=14
num_cat=0
split_feature=82 11 11 1 19 57 82 26 109 11 76 12 11
split_gain=17.6864 7.30608 5.17066 4.09801 3.06106 2.81572 2.68586 2.45075 2.16819 2.02597 1.57093 1.42742 1.32043
threshold=8.6437500000000025 7.7666666666666684 1.5979166666666667 74.500000000000014 4.5000000000000009 1.5000000000000002 8.8187500000000014 1.0000000180025095e-35 2.2022918970160239 3.5020833333333337 1568.5000000000002 4.8351190476190489 1.9812500000000004
decision_type=2 2 2 2 2 2 2 2 2 2 2 2 2
left_child=2 4 -1 8 -2 12 -6 -8 -4 10 -10 -9 -5
right_child=1 -3 3 5 6 -7 7 11 9 -11 -12 -13 -14
leaf_value=-0.25395578854484169 -0.10422278554367378 0.5306463560114304 0.13698812693770029 -0.29994493428908642 0.073362333620421744 0.67971089756272152 0.096706580188996763 -0.042163093062258121 -0.1523125801133596 0.19738826323821185 -0.0028466602396098298 0.2533506247714265 -0.1234167620682913
leaf_weight=207 72 30 10.999999999999998 57 22 5.9999999999999991 574 176 142 49 271 4.9999999999999991 353
leaf_count=207 72 30 11 57 22 6 574 176 142 49 271 5 353
internal_value=-0.0003738 0.00123467 -0.00166381 -0.00115915 0.000973513 -0.00226109 0.00125178 0.00109874 -0.000189846 -0.000349207 -0.000696513 -0.000445584 -0.00241297
internal_weight=1975 879 1096 889 849 416 777 755 473 462 413 181 410
internal_count=1975 879 1096 889 849 416 777 755 473 462 413 181 410
is_linear=0
shrinkage=0.0152222


Tree=110
num_leaves=17
num_cat=0
split_feature=11 11 26 11 0 10 104 12 77 77 10 8 100 4 9 80
split_gain=15.0544 6.75239 5.61967 5.30672 3.31901 2.59762 2.56238 2.0165 3.04669 1.91523 1.68894 1.6847 1.77874 1.54341 1.42613 1.39879
threshold=4.3395833333333345 1.8437500000000002 1.0000000180025095e-35 7.7666666666666684 54.500000000000007 78.261331154567287 989.61904761904771 3.7312500000000006 1945.5000000000002 2050.5000000000005 108.7562435086701 17.020833333333339 701.19487179487191 5.4500000000000011 38.964285714285722 15.162500000000003
decision_type=2 2 2 2 2 2 2 2 2 2 2 2 2 2 2 2
left_child=1 -1 7 4 13 15 -4 11 -9 -10 -5 -3 -13 -2 -14 -6
right_child=3 2 6 10 5 -7 -8 8 9 -11 -12 12 14 -15 -16 -17
leaf_value=-0.1926554956062736 -0.1302510279460575 0.28081493482159553 -0.13392999845727407 0.53842790174970123 0.062663499614554696 -0.095376459702435065 0.0071948711004973234 -0.019054455228293399 0.31146596239152774 0.10852653214581087 0.12813963072580264 -0.1496201685068704 0.0051365491578098318 0.3251694722676487 -0.080808691571678901 0.16352485058659044
leaf_weight=337 5.0000000000000027 11.999999999999998 464 26 264 23 111 66 9.9999999999999982 52 5.9999999999999991 27 398 26 36 192
leaf_count=337 5 12 464 26 264 23 111 66 10 52 6 27 398 26 36 192
internal_value=-0.000396284 -0.00117608 -0.000631639 0.00178043 0.00140268 0.0010899 -0.00170738 0.000397611 0.00209218 0.00451375 0.00778874 -6.11309e-05 -0.000207994 0.00622574 2.80461e-05 0.0013418
internal_weight=2055 1513 1176 542 510 479 575 601 128 62 32 473 461 31 434 456
internal_count=2055 1513 1176 542 510 479 575 601 128 62 32 473 461 31 434 456
is_linear=0
shrinkage=0.0152222


Tree=111
num_leaves=17
num_cat=0
split_feature=6 57 81 109 36 68 19 76 14 4 101 10 76 40 105 76
split_gain=13.2331 4.26399 4.25033 4.53187 3.39077 2.9321 2.42906 2.33012 1.85601 1.74067 1.60843 1.58755 1.38345 1.26987 1.25696 1.20564
threshold=5.8500000000000005 1.5000000000000002 75.187500000000014 4.3658972948121102 15.050000000000002 1.0000000180025095e-35 49.500000000000007 2038.5000000000002 2.5000000000000004 17.850000000000005 1.0813335356747846 36.142368785932014 2751.0000000000005 -1.3499999999999999 0.91249910048395921 1777.5000000000002
decision_type=2 2 2 2 2 2 2 2 2 2 2 2 2 2 2 2
left_child=1 8 5 4 13 10 -7 -8 14 -6 15 -5 -12 -4 -1 -2
right_child=2 -3 3 11 9 6 7 -9 -10 -11 12 -13 -14 -15 -16 -17
leaf_value=-0.25943944882744469 -0.080950584310675783 0.81225085965316579 -0.18258362211286838 -0.39205978327024082 0.13528153988811342 -0.014462815187377603 -0.064485604981055614 0.25245372421298001 -0.027890685392788588 -0.054019327375818396 -0.19131481539862885 0.33843441422495618 -0.010709837593678058 0.0058919232940265655 -0.16081231528655793 0.002668401611153439
leaf_weight=177 215 7.9999999999999991 20 4.9999999999999991 178 23 8.0000000000000018 19 104 7.9999999999999991 59 118 40 435 304 291
leaf_count=177 215 8 20 5 178 23 8 19 104 8 59 118 40 435 304 291
internal_value=-0.000397945 -0.00230751 0.000400115 0.00117147 0.000657749 -0.000499615 0.00304123 0.00613343 -0.00245875 0.00238904 -0.000792488 0.00384723 -0.00256641 -5.01683e-05 -0.00285741 -0.000445181
internal_weight=2012 593 1419 764 641 655 50 27 585 186 605 123 99 455 481 506
internal_count=2012 593 1419 764 641 655 50 27 585 186 605 123 99 455 481 506
is_linear=0
shrinkage=0.0152222


Tree=112
num_leaves=15
num_cat=0
split_feature=11 11 81 11 5 6 25 5 9 76 76 11 11 7
split_gain=13.5744 6.50257 3.78505 2.01237 2.85637 1.90249 1.86944 1.86965 1.7139 1.38035 1.25841 1.25394 2.2954 1.20252
threshold=2.0479166666666671 7.4875000000000016 76.312500000000014 1.4583333333333337 11.950000000000001 13.050000000000002 1.0000000180025095e-35 28.150000000000002 41.967261904761912 1525.5000000000002 1799.0000000000002 6.1437500000000007 5.3270833333333352 12.15
decision_type=2 2 2 2 2 2 2 2 2 2 2 2 2 2
left_child=3 2 6 -1 -5 11 7 -2 -3 -8 -11 12 -4 -10
right_child=1 8 5 4 -6 -7 9 -9 13 10 -12 -13 -14 -15
leaf_value=-0.25531099092648307 -0.1045985877869381 -0.039686421930247497 -0.0050305781138427902 -0.061642737806664051 -0.25843899463357561 0.12002293253053629 -0.037247788367193516 0.23780606963258089 0.67883144898140968 0.17787284128214195 0.0053025600161103591 -0.14913952629568297 0.17557800393100831 0.56629920928845978
leaf_weight=197 424 4.9999999999999991 302 199 76 380 114 8.9999999999999982 8.0000000000000018 41 221 12.999999999999998 29 22
leaf_count=197 424 5 302 199 76 380 114 9 8 41 221 13 29 22
internal_value=-0.000432776 0.000248515 0.000100284 -0.00269584 -0.00185398 0.000899807 -0.000615242 -0.00129706 0.00673126 0.000170001 0.000778372 7.96267e-05 0.000262081 0.00810449
internal_weight=2040 1568 1533 472 275 724 809 433 35 376 262 344 331 30
internal_count=2040 1568 1533 472 275 724 809 433 35 376 262 344 331 30
is_linear=0
shrinkage=0.0152222


Tree=113
num_leaves=19
num_cat=0
split_feature=11 11 11 25 14 23 81 5 77 5 0 78 11 81 76 81 81 81
split_gain=17.1202 4.52771 4.49371 3.61903 3.52141 2.66322 2.54156 2.95431 2.52906 2.1784 2.00206 1.99776 1.94415 1.74288 1.55087 1.40211 1.34348 1.74274
threshold=2.9187500000000002 1.560416666666667 7.7666666666666684 1.0000000180025095e-35 5.5000000000000009 -0.98296291314453399 45.437500000000007 4.7500000000000009 4038.0000000000005 28.150000000000002 28.500000000000004 1230.6000000000001 3.7479166666666672 121.31250000000001 2656.5000000000005 46.812500000000007 119.06250000000001 117.93750000000001
decision_type=2 2 2 2 2 2 2 2 2 2 2 2 2 2 2 2 2 2
left_child=1 -1 4 -3 6 14 9 10 -7 -2 -8 -4 -6 15 -5 -9 17 -17
right_child=2 3 11 5 12 8 7 13 -10 -11 -12 -13 -14 -15 -16 16 -18 -19
leaf_value=-0.23645802111856096 -0.19390429103828868 -0.18762506577196345 -0.60549669228478709 0.086291856005996856 -0.22900828410217225 -0.069172331717030855 0.22196870018335188 0.21027251693069091 0.17886444739679749 0.24865361672386191 -0.03244886169194227 0.50945934073669141 -0.0023614005992109886 0.031707453201013806 -0.014723245761029019 0.12480156553178307 0.21577507814328747 -0.15404300036394072
leaf_weight=208 48 248 5.0000000000000027 88 59 395 5.9999999999999991 7.9999999999999991 11.999999999999998 4.9999999999999991 133 21 184 121 51 404 27 8.9999999999999982
leaf_count=208 48 248 5 88 59 395 6 8 12 5 133 21 184 121 51 404 27 9
internal_value=-0.000491412 -0.00190799 0.000886683 -0.00138409 0.000724682 -0.00069134 0.00123409 0.00147481 -0.0013126 -0.00197976 -0.000514487 0.00712847 -0.000870535 0.00196078 0.00112753 0.00239857 0.00228306 0.00206745
internal_weight=2032 1002 1030 794 1004 546 761 708 407 53 139 26 243 569 139 448 440 413
internal_count=2032 1002 1030 794 1004 546 761 708 407 53 139 26 243 569 139 448 440 413
is_linear=0
shrinkage=0.0152222


Tree=114
num_leaves=16
num_cat=0
split_feature=11 11 26 10 11 11 8 9 1 79 100 76 38 76 27
split_gain=14.5743 9.08279 4.24579 2.65104 2.72123 2.64798 2.51621 2.05176 1.69857 1.96603 1.56438 1.97422 1.94511 2.1619 1.23289
threshold=2.3937500000000012 7.4875000000000016 1.0000000180025095e-35 28.988847158937109 3.760416666666667 1.8437500000000002 23.208333333333339 41.681547619047628 17.500000000000004 68.875000000000014 763.95000000000016 2814.5000000000005 16.550000000000004 4242.5000000000009 0.93301270189221952
decision_type=2 2 2 2 2 2 2 2 2 2 2 2 2 2 2
left_child=5 2 10 -4 -5 -1 8 -3 -7 -10 -2 -12 13 -13 -6
right_child=1 7 3 4 14 6 -8 -9 9 -11 11 12 -14 -15 -16
leaf_value=-0.20858244861812708 -0.048291994259015154 -0.1217587181589002 0.057874018617700494 -0.14031124298968076 0.010470959890799261 0.12088098006903279 -0.20022205673098517 0.53846440667330242 -0.022515845512884689 -0.08862560081793236 0.043915391694139438 0.29218842776591353 0.053695549056303409 -0.03074641479567607 -0.083498520246175031
leaf_weight=333 102 4.9999999999999991 44 225 201 12.999999999999998 96 35 210 36 556 65 67 10.999999999999998 24
leaf_count=333 102 5 44 225 201 13 96 35 210 36 556 65 67 11 24
internal_value=-0.000465758 0.000461777 0.000240957 -0.000868862 -0.00121763 -0.00226546 -0.0013505 0.00760123 -0.000569969 -0.000853734 0.000925431 0.00118241 0.00277729 0.00444343 -3.38007e-05
internal_weight=2023 1335 1295 494 450 688 355 40 259 246 801 699 143 76 225
internal_count=2023 1335 1295 494 450 688 355 40 259 246 801 699 143 76 225
is_linear=0
shrinkage=0.0152222


Tree=115
num_leaves=17
num_cat=0
split_feature=11 11 14 11 25 7 82 5 82 2 10 109 102 102 10 4
split_gain=13.1331 6.89501 5.16943 4.24586 5.28383 3.11765 2.57931 2.17871 2.17139 2.06353 1.77401 1.72274 1.68341 2.25189 1.49282 1.3135
threshold=2.8520833333333337 7.7666666666666684 5.5000000000000009 1.560416666666667 1.0000000180025095e-35 8.9500000000000011 12.043750000000003 3.9500000000000006 8.4437500000000032 27.500000000000004 22.208774464739829 2.9758582136639098 72.887777777777799 73.597777777777793 31.023074626045624 14.65
decision_type=2 2 2 2 2 2 2 2 2 2 2 2 2 2 2 2
left_child=3 2 7 10 -5 -4 14 11 -7 -9 -1 -2 -11 -14 -6 -3
right_child=1 15 5 4 6 8 -8 9 -10 12 -12 -13 13 -15 -16 -17
leaf_value=-0.25677167465881201 -0.11128450594549473 0.28080758355692687 -0.12772296176762551 -0.18300897306285702 -0.0035421297512823226 -0.21732995371297836 0.18544704952043109 -0.11921771384885883 0.062631397686871246 -0.033089406591539729 0.037978108111804749 0.092434263848272927 0.14819199690077081 0.10424047010099188 -0.15011328760583612 0.75006626797924703
leaf_weight=193 39 6.9999999999999991 129 236 462 22 4.9999999999999991 17 102 88 10.999999999999998 37 6.9999999999999991 526 62 25
leaf_count=193 39 7 129 236 462 22 5 17 102 88 11 37 7 526 62 25
internal_value=-0.000382091 0.000842584 0.000612315 -0.00164466 -0.00112417 -0.00125722 -0.000279087 0.00127482 0.00046626 0.00156504 -0.0035957 -0.00116085 0.00170837 0.00203038 -0.000383415 0.00778874
internal_weight=1968 999 967 969 765 253 529 714 124 638 204 76 621 533 524 32
internal_count=1968 999 967 969 765 253 529 714 124 638 204 76 621 533 524 32
is_linear=0
shrinkage=0.0152222


Tree=116
num_leaves=11
num_cat=0
split_feature=11 11 11 25 28 14 11 10 6 8
split_gain=12.8022 8.00766 3.41873 3.97254 3.09359 2.94599 2.09666 1.51375 1.71586 1.41889
threshold=2.7270833333333337 7.1854166666666677 1.4187500000000004 1.0000000180025095e-35 -0.24999999999999997 5.5000000000000009 3.7229166666666673 31.023074626045624 7.8500000000000005 25.937500000000004
decision_type=2 2 2 2 2 2 2 2 2 2
left_child=2 5 -1 -4 -3 9 -7 8 -5 -2
right_child=1 4 3 7 -6 6 -8 -9 -10 -11
leaf_value=-0.27077586398542441 0.16124091722849981 -0.71607838951194924 -0.19801573247640758 -0.065782827330337523 0.64659676237134223 -0.19865107449644318 -0.031994305081216055 -0.1995295909898912 0.031705458877593566 0.051351426302362446
leaf_weight=150 30 4.9999999999999991 204 356 42 82 175 42 111 743
leaf_count=150 30 5 204 356 42 82 175 42 111 743
internal_value=-0.000486468 0.000620445 -0.00186783 -0.00142818 0.00676154 0.000339892 -0.00107184 -0.000708696 -0.000459541 0.000809298
internal_weight=1940 1077 863 713 47 1030 257 509 467 773
internal_count=1940 1077 863 713 47 1030 257 509 467 773
is_linear=0
shrinkage=0.0152222


Tree=117
num_leaves=13
num_cat=0
split_feature=11 11 11 1 108 13 13 100 77 40 9 109
split_gain=13.3694 7.83568 3.37345 2.89633 2.7609 2.42501 2.44026 2.40005 2.2785 1.45386 1.272 1.21388
threshold=4.8479166666666682 1.4187500000000004 8.0250000000000021 116.50000000000001 34.282947845399342 19.500000000000004 17.500000000000004 864.31666666666672 2117.0000000000005 19.150000000000002 28.294642857142861 5.7466590193943148
decision_type=2 2 2 2 2 2 2 2 2 2 2 2
left_child=1 -1 4 5 10 6 -3 -6 -7 -9 -2 -4
right_child=2 3 11 -5 7 8 -8 9 -10 -11 -12 -13
leaf_value=-0.2660535241714026 0.15009873752315159 -0.06140957073084282 0.28110893074980958 -0.15050674339669656 8.1236419153566056e-05 -0.11729737694924887 0.019161411288727063 0.12843890863323032 0.037348564194079059 0.26072059788938107 0.52708467152220095 0.73550860132125007
leaf_weight=162 14.000000000000002 337 10.000000000000002 195 164 261 601 181 31 10.999999999999998 13.999999999999998 17
leaf_count=162 14 337 10 195 164 261 601 181 31 11 14 17
internal_value=-0.000383972 -0.00101766 0.00206269 -0.000656933 0.00169641 -0.00038363 -6.48664e-06 0.00133388 -0.00159491 0.00248878 0.00629464 0.00725886
internal_weight=1998 1587 411 1425 384 1230 938 356 292 192 28 27
internal_count=1998 1587 411 1425 384 1230 938 356 292 192 28 27
is_linear=0
shrinkage=0.0152222


Tree=118
num_leaves=19
num_cat=0
split_feature=11 11 11 4 4 77 100 4 77 79 77 4 79 81 100 100 81 100
split_gain=15.9261 6.31426 5.88824 4.52753 3.48197 2.03058 2.40896 2.32099 2.1986 1.88467 1.52981 1.51623 1.49253 1.48573 1.86237 1.73926 1.50399 1.64199
threshold=4.2020833333333343 7.4875000000000016 1.9312500000000001 16.250000000000004 10.050000000000002 833.50000000000011 718.85942028985517 4.8500000000000005 1031.0000000000002 85.875000000000014 1621.0000000000002 4.7500000000000009 107.62500000000001 127.81250000000001 778.3944444444445 623.4586466165415 63.937500000000007 956.15000000000009
decision_type=2 2 2 2 2 2 2 2 2 2 2 2 2 2 2 2 2 2
left_child=2 3 -1 13 5 -4 -7 11 9 -9 -10 -8 -12 14 15 -2 -16 -18
right_child=1 -3 4 -5 -6 6 7 8 10 -11 12 -13 -14 -15 16 -17 17 -19
leaf_value=-0.1706676342952424 0.19676073866133487 0.47862808908378368 -0.16882384118148705 -0.046898982949772489 -0.11409435906044335 -0.081275866475458272 0.080112293785459338 0.19317370739122636 -0.09803697967971757 -0.40627188387750374 0.008080475602262235 0.30025432001917185 -0.096193585978433499 -0.048567539955434211 -0.04145181848071932 -0.017539291336397554 0.18342454817868703 -0.094696118310594296
leaf_weight=366 7.9999999999999991 40 79 141 289 41 102 13.000000000000002 86 5.9999999999999991 413 4.9999999999999991 31 47 18 56 244 14.999999999999998
leaf_count=366 8 40 79 141 289 41 102 13 86 6 413 5 31 47 18 56 244 15
internal_value=-0.000380544 0.00177353 -0.00123709 0.00133217 -0.000664596 -0.000133376 0.000128838 0.000352676 -4.71242e-05 0.00503352 -0.000229739 0.00240306 0.000130255 0.00218103 0.00253069 0.000190058 0.00307134 0.00336701
internal_weight=2000 569 1431 529 1065 776 697 656 549 19 530 107 444 388 341 64 277 259
internal_count=2000 569 1431 529 1065 776 697 656 549 19 530 107 444 388 341 64 277 259
is_linear=0
shrinkage=0.0152222


Tree=119
num_leaves=19
num_cat=0
split_feature=11 11 11 4 25 13 8 8 8 76 5 0 0 0 80 80 5 5
split_gain=11.3148 6.59833 4.55377 4.5348 3.80262 2.96017 2.01549 2.00582 1.98261 1.86158 1.74979 1.5811 1.75046 1.6307 1.70353 2.01522 1.51299 1.43781
threshold=3.1770833333333344 7.4875000000000016 1.560416666666667 18.250000000000004 1.0000000180025095e-35 17.500000000000004 24.937500000000004 34.229166666666679 64.895833333333357 639.00000000000011 8.2500000000000018 17.500000000000004 37.500000000000007 47.500000000000007 7.8375000000000012 10.887500000000001 8.7500000000000018 21.050000000000004
decision_type=2 2 2 2 2 2 2 2 2 2 2 2 2 2 2 2 2 2
left_child=2 3 -1 5 -4 8 9 10 -2 -6 -7 -11 -13 -14 -15 -16 -10 -9
right_child=1 -3 4 -5 6 7 -8 17 16 11 -12 12 13 14 15 -17 -18 -19
leaf_value=-0.21176149933175198 -0.030391811015823254 0.64315441247356753 -0.1731712813752205 -0.10065244337820421 -0.34448835432957897 0.13546742529847022 -0.064728974705077449 0.090009148188867058 -0.10016821575192966 0.15800648355803631 0.35868437825810212 -0.029207406306464945 0.083322491812418797 -0.07159675240752085 0.14294360791101193 -0.24420729096370522 0.25318764410365852 0.28379243328382753
leaf_weight=190 194 32 276 137 15.999999999999998 52 196 469 4.9999999999999991 12.999999999999998 8.9999999999999982 137 101 81 23.000000000000004 5.9999999999999991 8.9999999999999982 13.999999999999998
leaf_count=190 194 32 276 137 16 52 196 469 5 13 9 137 101 81 23 6 9 14
internal_value=-0.000225219 0.00100318 -0.00131411 0.000758494 -0.000837256 0.00122255 -0.000130154 0.00181306 -0.000321909 0.000520784 0.00441315 0.000746234 0.000551056 0.00142086 0.00013828 0.0033009 0.00519965 0.00148424
internal_weight=1960 921 1039 889 849 752 573 544 208 377 61 361 348 211 110 29 14 483
internal_count=1960 921 1039 889 849 752 573 544 208 377 61 361 348 211 110 29 14 483
is_linear=0
shrinkage=0.0152222


Tree=120
num_leaves=15
num_cat=0
split_feature=26 11 11 10 11 8 8 4 23 0 84 47 8 103
split_gain=12.9277 6.24797 4.64536 2.64278 2.35446 2.43482 2.28875 1.86948 3.08984 1.53838 1.36677 1.33287 1.26727 1.51703
threshold=-0.22252093395631442 7.4875000000000016 1.497916666666667 29.937554534356888 5.3729166666666677 63.145833333333336 13.562500000000002 11.550000000000002 -0.98296291314453399 159.50000000000003 1.5000000000000002 1.0000000180025095e-35 27.020833333333339 1.1232514999976584
decision_type=2 2 2 2 2 2 2 2 2 2 2 2 2 2
left_child=1 3 -2 12 6 -6 -4 8 -8 11 -10 -5 13 -1
right_child=2 -3 4 9 5 -7 7 -9 10 -11 -12 -13 -14 -15
leaf_value=0.020557308307183705 -0.23220496199595053 0.4852301008436366 0.25897005479980473 0.080605765983194147 0.4576593198886571 0.018044027502443685 0.01163462149776308 -0.12760791401474894 -0.10148319240263759 0.41315710559296603 -0.0064041538601924452 0.28237396474368703 -0.10147294012558955 -0.15273244335562999
leaf_weight=137 173 24 9.9999999999999982 584 11.999999999999998 46 146 300 348 6.9999999999999991 123 37 30 32
leaf_count=137 173 24 10 584 12 46 146 300 348 7 123 37 30 32
internal_value=-0.000338682 0.0010857 -0.00138545 0.000863209 -0.000981276 0.0019928 -0.00116746 -0.00124659 -0.000767208 0.00134758 -0.00136693 0.00126718 -0.000665301 -0.000153051
internal_weight=2009 851 1158 827 985 58 927 917 617 628 471 621 199 169
internal_count=2009 851 1158 827 985 58 927 917 617 628 471 621 199 169
is_linear=0
shrinkage=0.0152222


Tree=121
num_leaves=19
num_cat=0
split_feature=11 11 4 4 11 11 1 15 38 77 76 107 5 10 5 107 12 107
split_gain=15.4088 3.33032 4.21998 3.94884 3.22198 3.07195 2.52722 2.14284 2.46483 2.05408 1.83132 1.92416 1.8128 1.64005 1.62208 1.42117 2.69221 2.42203
threshold=3.0854166666666676 7.1854166666666677 11.450000000000001 12.450000000000001 4.9062500000000009 1.560416666666667 96.500000000000014 6.5000000000000009 17.550000000000004 1854.5000000000002 733.00000000000011 1.0461407984700115 8.6500000000000004 18.502705685845317 5.2500000000000009 1.0156067052637803 2.2473214285714289 1.219257883907898
decision_type=2 2 2 2 2 2 2 2 2 2 2 2 2 2 2 2 2 2
left_child=5 2 7 -3 -4 -1 9 15 -9 13 -10 -12 -8 -7 -6 16 -2 -17
right_child=1 3 4 -5 14 6 12 8 10 -11 11 -13 -14 -15 -16 17 -18 -19
leaf_value=-0.20478854462232063 -0.078345504267613233 -0.27013454125556174 -0.062645786259357947 0.45776322579851164 0.30338794537931513 0.13889816951902811 0.027540168882225876 0.20786573482138807 0.20947094546070935 -0.0038287264390139391 0.075032265901312831 -0.13155509062064541 -0.17672546286487678 -0.11673294245852646 0.063219499599367943 -0.1093604334060624 0.10641895571870529 0.096501975665793244
leaf_weight=213 17 7.9999999999999991 261 36 6.9999999999999991 7.9999999999999991 5.9999999999999991 122 6.9999999999999991 389 44 31 204 238 200 68 111 35
leaf_count=213 17 8 261 36 7 8 6 122 7 389 44 31 204 238 200 68 111 35
internal_value=-0.000383391 0.00102708 0.000827646 0.00511413 -0.000175613 -0.00164587 -0.00123391 0.00190692 0.00304366 -0.00075505 0.00100176 0.000304179 -0.00268133 -0.00184359 0.00124245 0.00090257 0.00197331 -0.000428332
internal_weight=2005 947 903 44 468 1058 845 435 204 635 82 75 210 246 207 231 128 103
internal_count=2005 947 903 44 468 1058 845 435 204 635 82 75 210 246 207 231 128 103
is_linear=0
shrinkage=0.0152222


Tree=122
num_leaves=15
num_cat=0
split_feature=11 11 2 76 26 1 68 19 82 19 10 10 10 82
split_gain=15.0748 6.88293 4.82723 3.56263 2.15466 2.11482 2.23746 2.20637 2.00047 1.88345 1.74507 1.61994 1.50265 1.41512
threshold=4.9229166666666675 1.560416666666667 187.50000000000003 996.00000000000011 -0.56174490092936669 74.500000000000014 1.0000000180025095e-35 23.500000000000004 5.0937500000000009 30.500000000000004 50.372228548586385 46.501042125525373 22.208774464739829 5.2812500000000009
decision_type=2 2 2 2 2 2 2 2 2 2 2 2 2 2
left_child=1 12 4 -3 -2 6 13 -7 -8 -9 11 -11 -1 -5
right_child=2 3 -4 5 -6 7 8 9 -10 10 -12 -13 -14 -15
leaf_value=-0.19419992602680533 0.34925134703291116 -0.1303373939705513 0.67704594837488685 -0.072420874321122597 0.10436809723078047 -0.13874649290175547 -0.10674367689063137 0.15116871984088603 0.18371060897427807 -0.019288406740464951 -0.17467871481968358 0.22055326251047577 0.045999701821436534 0.010449767668180995
leaf_weight=209 53 211 15.999999999999998 75 295 230 8.9999999999999982 57 36 128 53 19 11.999999999999998 605
leaf_count=209 53 211 16 75 295 230 9 57 36 128 53 19 12 605
internal_value=-0.000344157 -0.000964782 0.00245862 -0.000576559 0.0020818 -0.000258713 0.000262427 -0.00103449 0.0035477 -6.51241e-05 -0.000760894 9.31356e-05 -0.00346378 4.47614e-05
internal_weight=2008 1644 364 1423 348 1212 725 487 45 257 200 147 221 680
internal_count=2008 1644 364 1423 348 1212 725 487 45 257 200 147 221 680
is_linear=0
shrinkage=0.0152222


Tree=123
num_leaves=19
num_cat=0
split_feature=11 81 11 19 40 104 13 4 13 40 8 10 15 5 7 76 76 10
split_gain=12.2266 5.58277 3.93595 2.87878 2.66058 2.56646 2.46206 2.65806 2.47833 2.1575 2.00326 1.95556 1.86816 1.8815 1.86078 1.64872 1.94917 1.5056
threshold=5.0229166666666671 56.187500000000007 7.1854166666666677 7.5000000000000009 20.250000000000004 787.54761904761915 19.500000000000004 16.550000000000004 17.500000000000004 1.7500000000000002 56.270833333333336 28.608091185222698 2.5000000000000004 13.15 23.850000000000005 2132.0000000000005 2272.5000000000005 27.097079281560188
decision_type=2 2 2 2 2 2 2 2 2 2 2 2 2 2 2 2 2 2
left_child=1 4 10 -3 12 -4 7 8 15 -7 -2 17 -1 -14 -12 -5 -17 -10
right_child=2 3 5 6 -6 9 -8 -9 11 -11 14 -13 13 -15 -16 16 -18 -19
leaf_value=-0.19020150036056147 0.16895639977051169 -0.10641431864694195 -0.21656270921012616 -0.16530013322437137 0.22796266427832437 0.031459594472298798 -0.096974586442800104 -0.092592842734361178 0.0061266644276556752 0.48203396988243546 0.038229253638147283 0.10218817215619005 -0.043357806923193562 -0.1527669483330136 0.3232813870584057 0.3910769211261686 -0.0017345393564368375 -0.10938288193946173
leaf_weight=195 78 151 6.9999999999999991 41 18 6.9999999999999991 134 73 97 37 188 239 372 179 6.9999999999999991 14.999999999999998 133 19
leaf_count=195 78 151 7 41 18 7 134 73 97 37 188 239 372 179 7 15 133 19
internal_value=-0.000413053 -0.000939251 0.00229235 -0.000128246 -0.00189667 0.00617213 0.000257396 0.000663597 0.00102963 0.00753302 0.00156652 0.00177923 -0.00203629 -0.00158285 0.000741378 -0.000378417 0.000370113 0.000157365
internal_weight=1990 1666 324 902 764 51 751 617 544 44 273 355 746 551 195 189 148 116
internal_count=1990 1666 324 902 764 51 751 617 544 44 273 355 746 551 195 189 148 116
is_linear=0
shrinkage=0.0152222


Tree=124
num_leaves=15
num_cat=0
split_feature=11 11 11 5 14 10 81 68 0 11 79 76 76 81
split_gain=11.1192 8.37427 3.58118 3.76764 3.43006 2.46454 2.43631 2.73868 1.87063 1.85561 1.75539 1.39098 1.33973 1.23286
threshold=2.3937500000000012 7.3187500000000005 1.560416666666667 12.250000000000002 5.5000000000000009 25.68778471855931 44.937500000000007 1.0000000180025095e-35 17.500000000000004 3.7479166666666672 113.37500000000001 1835.5000000000002 1714.0000000000002 105.81250000000001
decision_type=2 2 2 2 2 2 2 2 2 2 2 2 2 2
left_child=2 4 -1 5 6 -4 -2 8 -8 -6 13 12 -10 -9
right_child=1 -3 3 -5 9 -7 7 10 11 -11 -12 -13 -14 -15
leaf_value=-0.18459554723696675 -0.10791008012468126 0.51658325554772366 0.0060900125453359089 -0.18288505822908674 -0.16911886282375499 -0.17576218578175862 0.30707753116414022 0.26256146815836701 0.0074479914185865241 -0.028253234144337867 -0.069070206129468084 0.055836485947184662 -0.07175707224793948 -0.069838996484790028
leaf_weight=216 119 40 257 123 78 93 6.9999999999999991 37 267 171 9.9999999999999982 508 47 4.9999999999999991
leaf_count=216 119 40 257 123 78 93 7 37 267 171 10 508 47 5
internal_value=-0.00046481 0.000369614 -0.00202579 -0.00128392 0.000149897 -0.00047833 0.000547967 0.000824124 0.000611416 -0.00144855 0.00421114 0.000544405 -0.000252033 0.00557456
internal_weight=1978 1289 689 473 1249 350 1000 881 829 249 52 822 314 42
internal_count=1978 1289 689 473 1249 350 1000 881 829 249 52 822 314 42
is_linear=0
shrinkage=0.0152222


Tree=125
num_leaves=17
num_cat=0
split_feature=11 11 26 5 11 0 8 6 38 8 38 0 0 8 38 0
split_gain=13.6339 4.34495 3.20499 2.39966 3.07599 1.69597 1.61589 1.56209 1.92971 1.56847 1.41165 1.5738 1.48764 1.29662 1.33021 1.2895
threshold=2.5645833333333341 7.4875000000000016 1.0000000180025095e-35 12.250000000000002 1.4416666666666671 82.500000000000014 26.145833333333339 13.050000000000002 28.650000000000002 47.687500000000007 28.850000000000005 121.50000000000001 164.50000000000003 25.937500000000004 18.950000000000003 163.50000000000003
decision_type=2 2 2 2 2 2 2 2 2 2 2 2 2 2 2 2
left_child=3 2 7 4 -1 -3 -6 8 13 -9 11 -4 -13 -2 -15 -12
right_child=1 5 10 -5 6 -7 -8 9 -10 -11 15 12 -14 14 -16 -17
leaf_value=-0.18831560831117769 0.14075198084031471 -0.61379179551471608 -0.01074740201882389 -0.18079657839061175 -0.03803040572999343 0.43020299330700967 -0.18824616226746582 0.15483095861415405 0.16137277874440467 0.080898730374109787 0.11514140547781612 -0.13919955331815334 0.019454394619054575 0.010258929477078236 -0.073965196986799486 -0.14534195878594275
leaf_weight=148 43 5.9999999999999991 284 177 420 35 47 111 30 256 38 103 28 233 78 5.9999999999999991
leaf_count=148 43 6 284 177 420 35 47 111 30 256 38 103 28 233 78 6
internal_value=-0.000409043 0.000580388 0.00041513 -0.00197184 -0.00152209 0.00545078 -0.000915831 0.00102758 0.000348785 0.00173765 -0.000586926 -0.000861864 -0.00224175 3.43833e-05 -0.000308296 0.00200413
internal_weight=2043 1251 1210 792 615 41 467 751 384 367 459 415 131 354 311 44
internal_count=2043 1251 1210 792 615 41 467 751 384 367 459 415 131 354 311 44
is_linear=0
shrinkage=0.0152222


Tree=126
num_leaves=14
num_cat=0
split_feature=11 11 11 5 4 11 46 23 76 2 6 10 6
split_gain=10.8816 7.09635 2.8741 3.77961 2.57237 4.07169 2.35376 2.22415 1.89873 1.6367 1.55636 1.38676 1.2587
threshold=2.4520833333333338 7.4875000000000016 1.560416666666667 12.550000000000002 11.050000000000002 3.5750000000000006 0.058333333333333341 -0.98296291314453399 3731.5000000000005 134.50000000000003 20.350000000000005 26.199882997181525 6.9500000000000011
decision_type=2 2 2 2 2 2 2 2 2 2 2 2 2
left_child=2 4 -1 11 7 -6 -3 8 12 -7 -9 -4 -2
right_child=1 6 3 -5 5 9 -8 10 -10 -11 -12 -13 -14
leaf_value=-0.19338644176110115 0.21740381024479952 0.62938520809422727 -0.0042336647093593228 -0.1486373635166629 -0.2272727255108119 -0.022713281979974926 -0.38085989976559592 0.020431962550942023 -0.31690747359877108 0.11754097551256806 0.13734571886965277 -0.15491695849026241 0.11977332594412143
leaf_weight=218 4.9999999999999991 33 267 121 117 381 5.9999999999999991 552 7.9999999999999991 67 5.9999999999999991 104 112
leaf_count=218 5 33 267 121 117 381 6 552 8 67 6 104 112
internal_value=-0.000480968 0.00035363 -0.00199375 -0.00134881 0.000153676 -0.000606132 0.00674342 0.000782219 0.00261711 5.43492e-05 0.000370966 -0.00058664 0.00310809
internal_weight=1997 1287 710 492 1248 565 39 683 125 448 558 371 117
internal_count=1997 1287 710 492 1248 565 39 683 125 448 558 371 117
is_linear=0
shrinkage=0.0152222


Tree=127
num_leaves=19
num_cat=0
split_feature=11 11 11 5 81 10 48 0 100 38 1 14 11 38 38 38 1 14
split_gain=10.1667 4.48571 3.60724 4.30362 3.43005 3.04698 2.71909 2.37408 1.81563 1.78732 1.72861 1.703 1.72127 1.64178 2.12468 1.77849 1.50605 1.45685
threshold=2.3937500000000012 7.7666666666666684 1.4187500000000004 12.450000000000001 45.437500000000007 25.821274469245846 92449.000000000015 19.500000000000004 718.85942028985517 11.550000000000002 22.500000000000004 5.5000000000000009 6.6291666666666673 28.650000000000002 41.20000000000001 26.550000000000004 26.500000000000004 2.5000000000000004
decision_type=2 2 2 2 2 2 2 2 2 2 2 2 2 2 2 2 2 2
left_child=2 4 -1 5 -2 10 11 -8 -9 -3 -4 12 -6 15 17 -10 -12 -15
right_child=1 9 3 -5 6 -7 7 8 13 -11 16 -13 -14 14 -16 -17 -18 -19
leaf_value=-0.2079961853588522 -0.14467529922148886 -0.2160067776121114 0.071573660884638624 -0.18437100768623246 0.13875482530685671 -0.19155114910631912 0.37249527586000991 -0.084680384585265611 0.022218135031033485 0.56292608612080697 -0.1708666661265526 -0.018751947802650562 0.57177249740451364 0.24471500393122084 -0.20238279531556677 -0.16457887651724226 0.0028402963400654536 0.13730393218687187
leaf_weight=140 154 5.0000000000000027 56 121 86 104 7.9999999999999991 78 848 22 23 29 7.9999999999999991 9.9999999999999982 7.9999999999999991 22 224 52
leaf_count=140 154 5 56 121 86 104 8 78 848 22 23 29 8 10 8 22 224 52
internal_value=-0.000208746 0.000560794 -0.00174084 -0.00116461 0.000433398 -0.000415089 0.000719343 0.00046287 0.000397727 0.00669614 0.000356618 0.00285758 0.00385198 0.000582942 0.00282485 0.000402398 -0.000190991 0.0037778
internal_weight=1998 1330 668 528 1303 407 1149 1026 1018 27 303 123 94 940 70 870 247 62
internal_count=1998 1330 668 528 1303 407 1149 1026 1018 27 303 123 94 940 70 870 247 62
is_linear=0
shrinkage=0.0152222


Tree=128
num_leaves=15
num_cat=0
split_feature=11 11 14 11 0 19 24 15 81 81 81 26 104 46
split_gain=12.999 8.11034 3.50783 2.61514 2.25357 2.09913 1.99949 2.52642 2.181 1.8026 1.42841 1.38163 1.88837 1.37273
threshold=2.3562500000000006 7.7666666666666684 5.5000000000000009 1.497916666666667 16.500000000000004 14.500000000000002 -0.12940952255126037 6.5000000000000009 93.473214285714292 127.81250000000001 57.937500000000007 0.81174490092936691 1032.7380952380954 0.058333333333333341
decision_type=2 2 2 2 2 2 2 2 2 2 2 2 2 2
left_child=3 2 4 -1 -2 -4 8 -8 -6 -10 -7 12 -5 -3
right_child=1 13 5 11 6 10 7 -9 9 -11 -12 -13 -14 -15
leaf_value=-0.20827122402198933 0.25899209041447513 0.47290721684842069 -0.21292244878746888 -0.058827803495118264 -0.095085563143848556 -0.11530239660383995 0.0040899837073560064 0.08469667184019318 0.17894976403519436 -0.14014352272222966 0.012675978032424283 -0.17227988724375642 0.023136699090407449 -0.16488933342900561
leaf_weight=196 7.9999999999999991 34 83 340 168 48 374 388 81 14.999999999999998 145 83 10.999999999999998 5.9999999999999991
leaf_count=196 8 34 83 340 168 48 374 388 81 15 145 83 11 6
internal_value=-0.000369012 0.000473559 0.000267246 -0.00217442 0.000674215 -0.00125724 0.000611228 0.00100675 -0.000530352 0.00129949 -0.000386346 -0.00151502 -0.00109704 0.00722117
internal_weight=1980 1350 1310 630 1034 276 1026 762 264 96 193 434 351 40
internal_count=1980 1350 1310 630 1034 276 1026 762 264 96 193 434 351 40
is_linear=0
shrinkage=0.0152222


Tree=129
num_leaves=13
num_cat=0
split_feature=11 11 14 79 60 10 25 36 5 28 8 5
split_gain=12.5271 6.20944 4.76167 2.602 2.4831 2.31248 2.70622 2.00932 1.87505 1.82623 1.35684 1.28315
threshold=2.4520833333333338 7.7666666666666684 5.5000000000000009 43.125000000000007 0.8500000000000002 16.921089935993901 1.0000000180025095e-35 4.8500000000000005 14.050000000000002 1.0000000180025095e-35 27.020833333333339 13.250000000000002
decision_type=2 2 2 2 2 2 2 2 2 2 2 2
left_child=3 2 7 -1 -4 -5 -7 -2 11 -3 -8 -9
right_child=1 9 4 5 -6 6 10 8 -10 -11 -12 -13
leaf_value=-0.17051869641138367 -0.11215907293478737 -0.43130630055710822 -0.090343944168271087 -0.19054109508508893 0.22502569308410628 -0.18478857454504163 0.0054010411891016828 0.059845128077449794 -0.025098491029987437 0.45719941742604497 -0.18308395057261825 0.10109072751648351
leaf_weight=313 35 4.9999999999999991 262 85 7.9999999999999991 66 240 812 133 28 13.999999999999998 14.999999999999998
leaf_count=313 35 5 262 85 8 66 240 812 133 28 14 15
internal_value=-0.000451519 0.000440931 0.000270736 -0.00206481 -0.00152192 -0.00125895 -0.000665852 0.000757243 0.000887911 0.00695436 4.79174e-05 0.0011577
internal_weight=2016 1298 1265 718 270 405 320 995 960 33 254 827
internal_count=2016 1298 1265 718 270 405 320 995 960 33 254 827
is_linear=0
shrinkage=0.0152222


Tree=130
num_leaves=16
num_cat=0
split_feature=11 11 1 8 40 109 109 11 8 4 109 109 40 8 8
split_gain=12.1232 5.10159 2.52115 2.58939 2.49304 2.26245 2.13532 1.89122 2.49562 2.28812 1.86322 1.72908 1.48873 1.21713 1.20478
threshold=4.2020833333333343 1.560416666666667 110.50000000000001 36.062500000000007 17.850000000000005 4.1496746455398847 4.2317854983759515 7.3187500000000005 48.604166666666679 12.350000000000003 4.4560319969087656 4.2390978300669255 11.15 49.437500000000007 70.895833333333357
decision_type=2 2 2 2 2 2 2 2 2 2 2 2 2 2 2
left_child=1 -1 3 6 7 -5 -3 8 -2 -9 -8 -7 -4 -10 -15
right_child=4 2 12 5 -6 11 10 9 13 -11 -12 -13 -14 14 -16
leaf_value=-0.18256303758746578 0.1885968205326739 -0.0073406498807147289 -0.19616570244450324 -0.10235793156619374 -0.078079764000835078 0.16834777300657322 0.18739742193305778 -0.42474086020803797 -0.13350201497048755 0.47603456556537971 -0.026513634902237602 -0.041910221129561928 -0.0198638208444318 0.080305788013661908 -0.077824907449346836
leaf_weight=222 98 736 139 197 53 12.999999999999998 8.0000000000000018 4.9999999999999991 13.999999999999998 33 8.9999999999999982 28 77 317 32
leaf_count=222 98 736 139 197 53 13 8 5 14 33 9 28 77 317 32
internal_value=-0.000471022 -0.00121113 -0.000820978 -0.000496113 0.00144487 -0.00187997 -5.86153e-05 0.00177828 0.00150884 0.00504044 0.00526683 0.00137189 -0.00231095 0.000926609 0.00110333
internal_weight=1981 1429 1207 991 552 238 753 499 461 38 17 41 216 363 349
internal_count=1981 1429 1207 991 552 238 753 499 461 38 17 41 216 363 349
is_linear=0
shrinkage=0.0152222


Tree=131
num_leaves=19
num_cat=0
split_feature=11 11 11 26 25 76 104 81 9 104 82 4 12 82 42 8 4 101
split_gain=13.0263 5.19754 3.89516 3.07372 2.97615 3.07327 2.88637 1.65606 1.71321 1.6383 1.74374 1.59392 1.58268 1.50987 1.7344 1.46066 2.07673 1.40642
threshold=3.027083333333334 7.4875000000000016 1.5979166666666667 1.0000000180025095e-35 1.0000000180025095e-35 719.00000000000011 787.54761904761915 120.06250000000001 35.937500000000007 712.92857142857156 5.3437500000000009 16.250000000000004 4.2660714285714301 15.381250000000003 42.602000000000011 31.895833333333339 6.1500000000000012 1.1455008278391798
decision_type=2 2 2 2 2 2 2 2 2 2 2 2 2 2 2 2 2 2
left_child=2 3 -1 7 13 -6 -3 11 -9 -7 -11 15 -10 14 -4 -2 -17 -5
right_child=1 6 4 17 5 9 -8 8 12 10 -12 -13 -14 -15 -16 16 -18 -19
leaf_value=-0.1799774529626936 0.26044417536617287 -1.0390259346328841 -0.17705019827449903 -0.0069506399724161318 -0.19564468263129547 0.07630308070297967 0.51902043355382521 -0.054508425132759698 0.12141401867181435 -0.12767284954166153 0.0054429939183913388 -0.081075495700026354 -0.13582645556370992 0.042615272261394846 -0.073772555537646486 -0.057464370837338935 0.12179115040322462 -0.16720784439071909
leaf_weight=227 54 4.9999999999999991 148 284 48 45 37 76 58 119 328 30 11.999999999999998 11.999999999999998 101 52 339 18
leaf_count=227 54 5 148 284 48 45 37 76 58 119 328 30 12 12 101 52 339 18
internal_value=-0.000205451 0.00106471 -0.00139776 0.000826204 -0.000898827 -0.000253672 0.00629854 0.00143875 2.08157e-05 0.000105174 -0.000173647 0.00187452 0.00173834 -0.0022333 -0.0024876 0.00210349 0.00177893 -0.000433393
internal_weight=1993 965 1028 923 801 540 42 621 146 492 447 475 70 261 249 445 391 302
internal_count=1993 965 1028 923 801 540 42 621 146 492 447 475 70 261 249 445 391 302
is_linear=0
shrinkage=0.0152222


Tree=132
num_leaves=19
num_cat=0
split_feature=11 11 2 25 0 14 77 11 0 0 38 8 38 38 19 3 3 100
split_gain=12.1495 6.03552 3.70295 3.6261 3.78677 3.0478 2.09522 2.03322 2.01843 1.93435 1.92313 1.80623 1.76651 1.75094 2.55547 2.38305 2.13798 1.58388
threshold=2.4520833333333338 6.6291666666666673 133.50000000000003 1.0000000180025095e-35 36.500000000000007 5.5000000000000009 2689.5000000000005 3.7020833333333338 81.500000000000014 47.500000000000007 29.250000000000004 11.72916666666667 31.650000000000002 11.750000000000002 44.500000000000007 46.500000000000007 116.50000000000001 623.4586466165415
decision_type=2 2 2 2 2 2 2 2 2 2 2 2 2 2 2 2 2 2
left_child=3 5 8 -1 11 13 9 -7 -3 -6 -9 -5 -12 14 15 -2 17 -15
right_child=1 2 -4 4 6 7 -8 10 -10 -11 12 -13 -14 16 -16 -17 -18 -19
leaf_value=-0.21202793149719826 -0.18981840070757852 -0.27862411630962919 0.37255315568249231 -0.22941745239335273 0.070481439436025445 -0.21900632058162853 -0.12422636971836108 -0.03499159055846731 0.36306245287298677 -0.053193154634915071 0.21387899512408107 -0.069533480515926852 -0.075098633258025141 0.37859267257731971 0.22452138773309038 -0.005508794536431369 -0.02126811808798568 0.056413147042575038
leaf_weight=159 33 8.9999999999999982 31 89 96 95 65 164 40 107 6.9999999999999982 203 7 9.9999999999999982 19 222 140 477
leaf_count=159 33 9 31 89 96 95 65 164 40 107 7 203 7 10 19 222 140 477
internal_value=-0.00038498 0.000519521 0.00456368 -0.00196244 -0.00138617 0.000243749 -7.94881e-05 -0.00116513 0.001955 0.000682182 -0.00020516 -0.00258522 0.00519965 0.000670681 -0.000344364 -0.00074602 0.00111426 0.00159081
internal_weight=1973 1254 80 719 560 1174 268 273 49 203 178 292 14 901 274 255 627 487
internal_count=1973 1254 80 719 560 1174 268 273 49 203 178 292 14 901 274 255 627 487
is_linear=0
shrinkage=0.0152222


Tree=133
num_leaves=18
num_cat=0
split_feature=81 11 57 11 10 8 6 11 19 40 9 40 40 9 11 40 26
split_gain=9.16334 4.87553 3.22197 2.87681 2.29116 2.34856 2.27483 1.95646 1.78078 2.09255 1.70072 1.52199 2.05809 1.3476 1.26445 1.22642 1.21244
threshold=55.062500000000007 7.4875000000000016 1.5000000000000002 1.622916666666667 16.778065429171516 14.562500000000002 8.5500000000000025 1.6791666666666669 23.500000000000004 19.750000000000004 56.574404761904766 0.55000000000000016 9.4500000000000011 45.089285714285722 2.3562500000000006 9.2500000000000018 1.0000000180025095e-35
decision_type=2 2 2 2 2 2 2 2 2 2 2 2 2 2 2 2 2
left_child=2 4 3 -1 -2 -6 16 -5 11 -10 13 -8 15 -3 -9 -13 -7
right_child=1 10 -4 7 5 6 8 14 9 -11 -12 12 -14 -15 -16 -17 -18
leaf_value=-0.17670618260353049 -0.20241155814305573 0.096025861894178818 0.64451560473330993 0.066556834428700959 0.18055254209455179 0.003897632742621962 -0.095534956625096784 -0.10649798504717803 0.089081039383099359 -0.076646123091208718 -0.047386803168377734 0.048268716925376313 -0.070371132313763851 0.50815986273755787 -0.031410688576720851 0.46996435709382106 -0.069553044095816641
leaf_weight=170 42 8.0000000000000053 4.9999999999999991 21 7.9999999999999991 207 36 256 410 39 4.9999999999999991 207 107 17 331 5.9999999999999991 157
leaf_count=170 42 8 5 21 8 207 36 256 410 39 5 207 107 17 331 6 157
internal_value=-0.000281662 0.000527695 -0.00157266 -0.00165124 0.000378351 0.000503071 0.000446617 -0.00116159 0.000898143 0.0015356 0.00658487 9.40442e-05 0.000428043 0.00820296 -0.00132501 0.0012932 -0.000551925
internal_weight=2032 1249 783 778 1219 1177 1169 608 805 449 30 356 320 25 587 213 364
internal_count=2032 1249 783 778 1219 1177 1169 608 805 449 30 356 320 25 587 213 364
is_linear=0
shrinkage=0.0152222


Tree=134
num_leaves=14
num_cat=0
split_feature=11 11 11 4 14 100 76 12 38 10 12 14 80
split_gain=10.549 5.80861 4.05191 2.62098 2.38065 1.98352 1.85325 1.97595 1.76463 1.73488 2.21838 1.4068 1.25689
threshold=4.2020833333333343 1.622916666666667 7.4875000000000016 11.350000000000003 1.0000000180025095e-35 767.39658119658122 1870.0000000000002 4.1422619047619067 28.450000000000003 67.871914780126289 5.0071428571428589 3.5000000000000004 6.6875000000000018
decision_type=2 2 2 2 2 2 2 2 2 2 2 2 2
left_child=1 -1 9 4 8 -6 11 -8 -3 10 -2 -7 -5
right_child=2 3 -4 12 5 6 7 -9 -10 -11 -12 -13 -14
leaf_value=-0.16971786214359863 0.08729369982456954 -0.12868440587623201 0.39138003224573481 -0.26300719121060934 -0.077678154755861373 -0.003442654051407167 0.031175959054192064 0.2353455012132003 0.13371140274923338 -0.085211618910002687 0.21301477833234053 -0.15111234020638983 -0.079627569628226411
leaf_weight=213 441 173 34 55 129 250 373 35 12.999999999999998 43 21 51 187
leaf_count=213 441 173 34 55 129 250 373 35 13 43 21 51 187
internal_value=-0.00028965 -0.000954055 0.00153336 -0.000562691 -0.00022594 0.000119876 0.000435803 0.00110421 -0.00178359 0.00119052 0.00146274 -0.000470227 -0.00198726
internal_weight=2018 1479 539 1266 1024 838 709 408 186 505 462 301 242
internal_count=2018 1479 539 1266 1024 838 709 408 186 505 462 301 242
is_linear=0
shrinkage=0.0152222


Tree=135
num_leaves=18
num_cat=0
split_feature=11 11 11 10 104 6 6 104 19 36 25 82 102 102 79 79 79
split_gain=13.8586 4.53397 4.35859 3.39075 2.745 1.99584 2.78162 2.03344 2.11044 1.5825 1.5118 1.49393 1.91473 2.04805 1.30881 1.7084 2.55039
threshold=3.5562500000000008 7.3187500000000005 1.9020833333333333 38.26064040768555 787.54761904761915 10.850000000000003 11.850000000000003 550.80952380952397 49.500000000000007 21.650000000000002 1.0000000180025095e-35 5.7062500000000016 89.52555555555557 89.416666666666671 138.87500000000003 107.37500000000001 108.62500000000001
decision_type=2 2 2 2 2 2 2 2 2 2 2 2 2 2 2 2 2
left_child=2 11 -1 5 -3 7 10 -4 9 -9 -7 -2 13 14 15 -13 -17
right_child=1 4 3 -5 -6 6 -8 8 -10 -11 -12 12 -14 -15 -16 16 -18
leaf_value=-0.15539396666932268 0.20629187635379839 -0.40569931240888896 0.15733147997632529 -0.20446363906044324 0.41109012871423278 0.12655753842507289 0.0043606654493099405 -0.053418850449175957 0.18988461412999877 0.15953197673110828 0.25666161299589468 0.033883605878797622 -0.026921267665133041 0.32298537615372686 -0.062753997186462046 0.30032398090031742 0.094193618657974931
leaf_weight=372 29 4.9999999999999991 11.999999999999998 112 38 9 57 605 19 6.9999999999999991 11 393 60 7.9999999999999991 27 13.999999999999998 212
leaf_count=372 29 5 12 112 38 9 57 605 19 7 11 393 60 8 27 14 212
internal_value=-0.000328912 0.00124325 -0.00135527 -0.000742764 0.00604616 -0.000359382 0.00195578 -0.000636767 -0.000755012 -0.000910265 0.00683222 0.000964889 0.000827136 0.00106593 0.000970745 0.0011139 0.00216832
internal_weight=1990 786 1204 832 43 720 77 643 631 612 20 743 714 654 646 619 226
internal_count=1990 786 1204 832 43 720 77 643 631 612 20 743 714 654 646 619 226
is_linear=0
shrinkage=0.0152222


Tree=136
num_leaves=15
num_cat=0
split_feature=11 11 11 45 5 27 8 12 46 8 80 101 80 2
split_gain=10.2611 6.19982 4.19295 4.11542 2.44049 1.94205 1.92264 2.17974 1.5879 1.94399 1.85915 1.51463 1.46003 1.22157
threshold=3.822916666666667 7.7666666666666684 1.560416666666667 1.0000000180025095e-35 12.850000000000003 0.25000000000000011 34.500000000000007 3.9098214285714294 0.54166666666666685 48.875000000000007 21.062500000000004 0.97858873596600027 22.512500000000003 187.50000000000003
decision_type=2 2 2 2 2 2 2 2 2 2 2 2 2 2
left_child=2 8 -1 -3 6 -6 7 -4 9 -2 13 -8 -12 -11
right_child=1 3 4 -5 5 -7 11 -9 -10 10 12 -13 -14 -15
leaf_value=-0.15441140810084028 0.10358866343332616 0.49182765839180909 -0.023574093335598973 -0.44235521832405961 -0.053438509837688622 -0.15261093433662556 0.039070297278023372 0.098207561419009104 -0.063650716642195224 -0.00033986972684168826 0.25671357801686595 -0.12533782110313044 -0.0013360635896147396 0.49813515674984399
leaf_weight=198 173 30 594 7.9999999999999991 160 126 30 83 47 400 21 114 15.999999999999998 4.9999999999999991
leaf_count=198 173 30 594 8 160 126 30 83 47 400 21 114 16 5
internal_value=-0.000421351 0.00106547 -0.00121889 0.00704065 -0.000853886 -0.00206473 -0.000431975 -9.21746e-05 0.000721958 0.0009281 0.000392554 -0.00202888 0.00365637 9.39417e-05
internal_weight=2005 700 1305 38 1107 286 821 677 662 615 442 144 37 405
internal_count=2005 700 1305 38 1107 286 821 677 662 615 442 144 37 405
is_linear=0
shrinkage=0.0152222


Tree=137
num_leaves=14
num_cat=0
split_feature=11 11 11 82 10 6 6 82 76 82 76 82 6
split_gain=11.7958 4.22872 3.72102 2.41627 2.18403 1.97913 1.62127 1.60151 1.59008 1.56666 1.65637 1.46429 1.19267
threshold=4.9062500000000009 1.560416666666667 8.0250000000000021 4.7562500000000005 21.532310535813412 8.6500000000000004 7.0500000000000007 20.887500000000003 1916.5000000000002 5.5562500000000012 2213.5000000000005 7.3062500000000012 5.6500000000000012
decision_type=2 2 2 2 2 2 2 2 2 2 2 2 2
left_child=1 -1 5 -3 8 6 12 -7 -5 10 -6 -11 -2
right_child=2 3 -4 4 9 7 -8 -9 -10 11 -12 -13 -14
leaf_value=-0.16765949611964245 -0.040588333833757449 -0.15743487943042886 0.37387315787470604 0.064810224110391834 -0.036821831074358394 0.12285914974863194 -0.17835996070949431 -0.075463982016119438 0.00088751876760324768 -0.11000978394341115 0.081752208443868768 -0.023301947718550448 0.1269684136367496
leaf_weight=214 5.0000000000000027 152 27 35 87 291 22 27 68 303 38 746 11.999999999999998
leaf_count=214 5 152 27 35 87 291 22 27 68 303 38 746 12
internal_value=-0.000586493 -0.00114788 0.00181531 -0.00084896 -0.000632939 0.00140262 -0.00183195 0.00179956 0.00149188 -0.000819419 0.000791196 -0.00101138 0.00169593
internal_weight=2027 1643 384 1429 1277 357 39 318 103 1174 125 1049 17
internal_count=2027 1643 384 1429 1277 357 39 318 103 1174 125 1049 17
is_linear=0
shrinkage=0.0152222


Tree=138
num_leaves=14
num_cat=0
split_feature=81 57 10 105 68 26 12 76 0 105 76 76 2
split_gain=8.60403 5.20344 4.14632 2.39309 2.15359 2.90492 2.39804 1.7684 1.39889 1.82189 1.259 1.40485 1.24611
threshold=55.562500000000007 1.5000000000000002 16.778065429171516 1.0049947838753994 1.0000000180025095e-35 -0.22252093395631442 4.0092261904761912 1514.5000000000002 37.500000000000007 1.0092331580887932 3047.5000000000005 4953.5000000000009 106.50000000000001
decision_type=2 2 2 2 2 2 2 2 2 2 2 2 2
left_child=1 3 -2 -1 7 6 12 -4 -5 -10 -9 -12 -6
right_child=2 -3 4 8 5 -7 -8 10 9 -11 11 -13 -14
leaf_value=-0.14617634441183419 -0.19262153612215172 0.99449493643461251 -0.030487807640174412 -0.10634164669646196 0.1623293067597954 -0.049516661012693607 0.54255736719017555 0.046709417127354956 0.21691324120788819 -0.020071331043051244 -0.014641977623681874 0.13497073541533164 -0.024161475158159459
leaf_weight=410 43 7.9999999999999991 236 104 15.999999999999998 26 35 644 9.9999999999999982 276 195 8.9999999999999982 23
leaf_count=410 43 8 236 104 16 26 35 644 10 276 195 9 23
internal_value=-0.000370259 -0.00158994 0.000432949 -0.00171238 0.000601659 0.00273855 0.00427565 0.000404405 -0.000858566 -0.000308632 0.00072875 -0.000313299 0.00167603
internal_weight=2035 808 1227 800 1184 100 74 1084 390 286 848 204 39
internal_count=2035 808 1227 800 1184 100 74 1084 390 286 848 204 39
is_linear=0
shrinkage=0.0152222


Tree=139
num_leaves=19
num_cat=0
split_feature=11 11 0 38 38 38 5 11 5 6 11 6 76 25 11 76 0 11
split_gain=12.8016 3.8711 1.99769 1.96158 2.29632 2.63212 1.99825 2.09479 1.97016 2.64245 1.94482 1.88246 1.84389 1.83809 2.42217 1.5986 1.39154 1.33523
threshold=2.3937500000000012 8.0250000000000021 16.500000000000004 40.000000000000007 28.650000000000002 16.650000000000002 28.150000000000002 2.5145833333333338 14.550000000000002 5.4500000000000011 3.5562500000000008 9.0500000000000025 1830.5000000000002 1.0000000180025095e-35 1.5979166666666667 4242.5000000000009 135.50000000000003 1.6479166666666667
decision_type=2 2 2 2 2 2 2 2 2 2 2 2 2 2 2 2 2 2
left_child=13 2 -2 4 5 8 7 -7 9 -4 -9 -6 -11 -1 -15 -14 -3 -16
right_child=1 16 3 -5 11 6 -8 10 -10 12 -12 -13 15 14 17 -17 -18 -19
leaf_value=-0.19648896589012008 0.28665950631694948 0.11978057569666295 -0.10202464856886893 -0.11377107885480503 0.18272857389821051 0.076526319652599775 0.21822062716004154 -0.10508576481652056 -0.032677811279927353 0.019351367708561287 -0.021470588239661737 0.034819676809439516 0.092587884737164214 -0.14777899158908747 0.13667411403155669 -0.1538053541691167 0.59355893453568298 -0.05201694047408071
leaf_weight=149 6.9999999999999991 8.0000000000000018 62 19 45 30 7.9999999999999991 144 110 195 280 50 322 180 9.9999999999999982 19 17 307
leaf_count=149 7 8 62 19 45 30 8 144 110 195 280 50 322 180 10 19 17 307
internal_value=-0.000408086 0.000453407 0.000338386 0.000293996 0.000367 0.000182134 -0.0007116 -0.000844829 0.000765349 0.00110974 -0.00111998 0.00264238 0.00145392 -0.00216298 -0.00171806 0.00212899 0.00638004 -0.000917013
internal_weight=1962 1316 1291 1284 1265 1170 462 454 708 598 424 95 536 646 497 341 25 317
internal_count=1962 1316 1291 1284 1265 1170 462 454 708 598 424 95 536 646 497 341 25 317
is_linear=0
shrinkage=0.0152222


Tree=140
num_leaves=18
num_cat=0
split_feature=11 11 5 104 76 7 41 15 12 76 41 41 14 1 1 1 1
split_gain=9.21352 4.07374 2.92067 2.06105 2.09592 1.96949 1.73745 1.7004 1.91478 1.4374 1.48245 1.47066 1.40219 1.38437 1.43981 1.87526 1.90138
threshold=1.8291666666666668 4.9229166666666675 14.050000000000002 535.28571428571433 1790.5000000000002 16.050000000000004 39.050000000000004 11.500000000000002 2.7062500000000007 2491.5000000000005 38.70000000000001 13.150000000000002 4.5000000000000009 84.500000000000014 29.500000000000004 40.500000000000007 60.500000000000007
decision_type=2 2 2 2 2 2 2 2 2 2 2 2 2 2 2 2 2
left_child=-1 2 3 -2 12 6 9 8 -3 10 -6 -11 -5 14 -10 -16 -17
right_child=1 7 -4 4 5 -7 -8 -9 13 11 -12 -13 -14 -15 15 16 -18
leaf_value=-0.13222878419866466 0.14483268622063125 0.24936244084073805 -0.085175873902634647 -0.030193439801113213 0.068747551200589424 -0.081742662300387015 -0.019256844736591627 0.31875051637351409 -0.23627178544387992 0.23830219315146497 0.16960101318640089 0.0022154334259419008 -0.18198894587307668 -0.0085664192678662175 0.42316089364630322 -0.037582114618194253 0.16533457731096385
leaf_weight=324 14.999999999999998 9.9999999999999982 283 319 169 67 222 47 7.9999999999999991 7.9999999999999991 7.9999999999999991 193 73 115 13.999999999999998 52 83
leaf_count=324 15 10 283 319 169 67 222 47 8 8 8 193 73 115 14 52 83
internal_value=-0.0004771 -2.5277e-05 -0.000393718 -3.11762e-05 -0.000110672 0.000408474 0.000684934 0.00149421 0.001047 0.00131263 0.00231274 0.000431543 -0.000993963 0.000805714 0.00173493 0.00207316 0.00152161
internal_weight=2010 1686 1357 1074 1059 667 600 329 282 378 177 201 392 272 157 149 135
internal_count=2010 1686 1357 1074 1059 667 600 329 282 378 177 201 392 272 157 149 135
is_linear=0
shrinkage=0.0152222


Tree=141
num_leaves=16
num_cat=0
split_feature=26 12 8 40 7 57 12 71 40 76 81 38 40 53 76
split_gain=8.18444 5.40849 4.06201 2.02761 2.34242 1.98716 2.01144 2.71395 2.05903 1.76256 1.47414 1.46274 1.45393 1.44027 1.40822
threshold=-0.22252093395631442 2.9598214285714293 82.125000000000014 -0.94999999999999984 4.5500000000000007 1.5000000000000002 3.0616071428571434 1.0000000180025095e-35 4.6500000000000012 4953.5000000000009 64.312500000000014 9.5500000000000025 2.7500000000000004 3576.0000000000005 2918.5000000000005
decision_type=2 2 2 2 2 2 2 2 2 2 2 2 2 2 2
left_child=2 -2 3 -1 14 6 8 10 -3 -6 -8 -10 -4 -9 -5
right_child=1 5 12 4 9 -7 7 13 11 -11 -12 -13 -14 -15 -16
leaf_value=-0.18540255114411289 -0.15626383304271979 -0.28036061513025246 0.1604677682148152 0.33458697132463427 0.028729818003804683 0.595370531160482 -0.023998919268718052 -0.10067727867214879 0.12644042760877436 0.11891161343856761 0.054104241656861667 0.055673160982469133 0.41724788783515965 0.21570608201977262 0.15121786351013233
leaf_weight=29 299 11.999999999999998 8.0000000000000018 11.000000000000002 780 7.9999999999999991 265 430 17 10.999999999999998 85 64 18 5.9999999999999991 13.999999999999998
leaf_count=29 299 12 8 11 780 8 265 430 17 11 85 64 18 6 14
internal_value=-0.000496539 -0.00131937 0.000623877 0.000441322 0.000581984 -0.000722451 -0.000791366 -0.00104185 0.00132503 0.000436811 -4.34737e-05 0.00219732 0.00654416 -0.0018432 0.00516476
internal_weight=2057 1186 871 845 816 887 879 786 93 791 350 81 26 436 25
internal_count=2057 1186 871 845 816 887 879 786 93 791 350 81 26 436 25
is_linear=0
shrinkage=0.0152222


Tree=142
num_leaves=19
num_cat=0
split_feature=11 11 4 25 11 76 9 8 79 11 11 79 76 8 10 0 11 28
split_gain=9.0996 3.72449 3.19237 2.94494 2.94158 2.69568 2.62873 2.07996 2.41702 1.76852 1.51308 1.47542 1.47154 1.3975 1.38217 1.37531 1.30261 1.2734
threshold=2.3937500000000012 4.3770833333333341 12.250000000000002 1.0000000180025095e-35 1.4416666666666671 1905.5000000000002 54.172619047619058 45.270833333333336 101.12500000000001 8.9145833333333346 4.4729166666666673 91.375000000000014 2610.0000000000005 23.812500000000004 17.753315266867784 27.500000000000004 4.8833333333333346 1.0000000180025095e-35
decision_type=2 2 2 2 2 2 2 2 2 2 2 2 2 2 2 2 2 2
left_child=3 2 5 -1 14 15 7 -3 11 10 -10 -9 -7 -6 -5 -2 -12 -4
right_child=1 6 17 4 13 12 -8 8 9 -11 16 -13 -14 -15 -16 -17 -18 -19
leaf_value=-0.17112748909164818 0.053993675875270562 0.1523365806909204 -0.033554380175697972 -0.16545813959398248 -0.0079060340043401144 0.092670414204949259 0.29713617010456506 0.02124596564070343 0.44975176146727586 0.18704060518124152 -0.028283034738826519 -0.10101773338780433 0.0045093967103237995 -0.17176914368050622 0.031058223325566261 -0.056979053876094823 0.11620083516881517 -0.20831032198334576
leaf_weight=158 20 45 104 127 325 173 35 109 6.9999999999999991 4.9999999999999991 41 43 166 42 15.999999999999998 255 230 113
leaf_count=158 20 45 104 127 325 173 35 109 7 5 41 43 166 42 16 255 230 113
internal_value=-0.000334062 0.000386758 -0.000243609 -0.00178642 -0.00122362 0.000317303 0.00140384 0.00110983 0.000787253 0.00161873 0.00145623 -0.000760826 0.00122566 -0.000501795 -0.00307524 -0.000802461 0.00127481 -0.00183042
internal_weight=2014 1346 831 668 510 614 515 480 435 283 278 152 339 367 143 275 271 217
internal_count=2014 1346 831 668 510 614 515 480 435 283 278 152 339 367 143 275 271 217
is_linear=0
shrinkage=0.0152222


Tree=143
num_leaves=11
num_cat=0
split_feature=81 19 11 11 58 40 40 38 19 40
split_gain=8.80633 2.67592 2.40463 2.24061 1.6277 1.89403 1.67342 1.50458 1.41724 1.40398
threshold=55.562500000000007 4.5000000000000009 8.9145833333333346 1.3312500000000005 1.5348503553932937 8.9500000000000011 19.550000000000004 41.20000000000001 1.5000000000000002 -0.94999999999999984
decision_type=2 2 2 2 2 2 2 2 2 2
left_child=3 -2 4 -1 6 -6 7 9 -5 -3
right_child=1 2 -4 8 5 -7 -8 -9 -10 -11
leaf_value=-0.20796092006449063 -0.12446446319504118 -0.14217400368262484 0.21263630232458211 0.13103256129708846 0.033836081438861472 -0.11141644995713508 -0.078388743607109582 -0.23895570775526251 -0.080512734491356389 0.043164745700679234
leaf_weight=91 100 15.999999999999998 12.999999999999998 12.999999999999998 7.9999999999999991 50 45 11.999999999999998 674 1010
leaf_count=91 100 16 13 13 8 50 45 12 674 1010
internal_value=-0.000379046 0.000410276 0.0006173 -0.00165124 0.000542955 -0.00194035 0.000676038 0.000800663 -0.00135372 0.000863435
internal_weight=2032 1254 1154 778 1141 58 1083 1038 687 1026
internal_count=2032 1254 1154 778 1141 58 1083 1038 687 1026
is_linear=0
shrinkage=0.0152222


Tree=144
num_leaves=15
num_cat=0
split_feature=26 15 57 23 0 100 76 1 76 1 76 76 101 85
split_gain=8.54351 4.2847 3.86587 2.51752 2.50304 2.29994 2.10179 2.47799 2.16873 1.99455 1.73599 1.32682 1.28876 1.26986
threshold=-0.22252093395631442 2.5000000000000004 1.5000000000000002 -0.98296291314453399 127.50000000000001 914.47222222222229 1373.0000000000002 28.500000000000004 1390.5000000000002 17.500000000000004 900.00000000000011 1977.5000000000002 0.86530532737705179 0.65000000000000013
decision_type=2 2 2 2 2 2 2 2 2 2 2 2 2 2
left_child=4 12 3 11 6 13 9 -8 -9 -1 -11 -3 -2 -5
right_child=1 2 -4 5 -6 -7 7 8 -10 10 -12 -13 -14 -15
leaf_value=0.10996773108899659 0.14331093385849442 -0.057296220864094076 0.68483765199196645 -0.0146659958454916 0.24151738496957678 0.011022696001255973 -0.1016697469327057 0.17849953160980972 0.065955130329387823 0.028842521454595916 -0.13294970702025208 0.042961731336108713 -0.16249341661290082 -0.11546880763018581
leaf_weight=18 4.9999999999999991 61 6.9999999999999991 108 70 215 91 5.9999999999999991 508 61 78 177 200 369
leaf_count=18 5 61 7 108 70 215 91 6 508 61 78 177 200 369
internal_value=-0.000232875 -0.00108763 -0.000651413 -0.000736514 0.000940348 -0.00120096 0.000687145 0.00109439 0.00150429 -0.000881991 -0.00149973 0.000613855 -0.00308078 -0.00179008
internal_weight=1974 1142 937 930 832 692 762 605 514 157 139 238 205 477
internal_count=1974 1142 937 930 832 692 762 605 514 157 139 238 205 477
is_linear=0
shrinkage=0.0152222


Tree=145
num_leaves=12
num_cat=0
split_feature=81 68 102 36 1 12 10 11 36 0 0
split_gain=7.32019 5.11173 2.87353 2.64838 1.99558 2.26338 1.77395 1.68303 1.63923 1.59529 1.49818
threshold=55.062500000000007 1.0000000180025095e-35 80.78111111111113 4.8500000000000005 122.50000000000001 2.6321428571428576 16.778065429171516 7.3187500000000005 13.250000000000002 158.50000000000003 17.500000000000004
decision_type=2 2 2 2 2 2 2 2 2 2 2
left_child=4 3 8 -2 5 -1 -5 -7 -3 10 -8
right_child=1 2 -4 6 -6 7 9 -9 -10 -11 -12
leaf_value=-0.17454687308898706 -0.11088250415153214 0.32377513879164294 0.073526666103949867 -0.13572615549997694 -0.16770506044514497 -0.053143636493675622 0.1071394103343698 0.32516527152932295 -0.098884721291473521 0.13527355384071676 0.0084544887871511876
leaf_weight=110 56 37 54 39 150 520 11.999999999999998 10.999999999999998 4.9999999999999991 20 1050
leaf_count=110 56 37 54 39 150 520 12 11 5 20 1050
internal_value=-0.000414469 0.000300124 0.00367669 2.4568e-05 -0.00156445 -0.0011944 0.000186022 -0.000782528 0.00666053 0.00030105 0.000220722
internal_weight=2064 1273 96 1177 791 641 1121 531 42 1082 1062
internal_count=2064 1273 96 1177 791 641 1121 531 42 1082 1062
is_linear=0
shrinkage=0.0152222


Tree=146
num_leaves=13
num_cat=0
split_feature=11 14 11 25 0 0 11 76 38 38 38 38
split_gain=8.49979 3.50487 2.81898 3.13542 2.09814 1.86188 1.67151 1.53275 1.31622 1.21438 1.33862 1.33025
threshold=2.3937500000000012 5.5000000000000009 1.2500000000000002 1.0000000180025095e-35 17.500000000000004 26.500000000000004 3.5187500000000007 4953.5000000000009 41.20000000000001 28.650000000000002 20.650000000000002 20.350000000000005
decision_type=2 2 2 2 2 2 2 2 2 2 2 2
left_child=2 4 -1 -4 -2 -6 -3 8 9 10 11 -7
right_child=1 6 3 -5 5 7 -8 -9 -10 -11 -12 -13
leaf_value=-0.19171598257268577 0.35834629421932046 -0.25989696155634406 -0.14999342617102679 -0.023679042214041303 -0.14123544411216551 0.041834822120008629 -0.003055423344212293 0.25522536681916019 -0.16844739805016795 0.1525575183707765 -0.0040338982399170959 0.37464374570287201
leaf_weight=99 7.9999999999999991 69 127 413 24 719 210 8.9999999999999982 9.9999999999999982 76 183 12.999999999999998
leaf_count=99 8 69 127 413 24 719 210 9 10 76 183 13
internal_value=-0.000147556 0.000549635 -0.00158879 -0.00115564 0.000955355 0.00089503 -0.000965518 0.000994664 0.00093822 0.000993766 0.000840082 0.00113118
internal_weight=1960 1321 639 540 1042 1034 279 1010 1001 991 915 732
internal_count=1960 1321 639 540 1042 1034 279 1010 1001 991 915 732
is_linear=0
shrinkage=0.0152222


Tree=147
num_leaves=16
num_cat=0
split_feature=11 26 19 11 8 1 25 11 76 4 76 36 76 36 36
split_gain=9.31534 4.92677 3.13099 3.03503 2.68014 2.18051 2.01298 2.08828 1.60572 1.5871 1.57212 2.22053 1.72388 1.47885 1.20285
threshold=2.2270833333333342 -0.22252093395631442 14.500000000000002 6.5333333333333341 18.937500000000004 32.500000000000007 1.0000000180025095e-35 1.1270833333333337 2189.5000000000005 21.050000000000004 1132.5000000000002 6.4500000000000011 719.00000000000011 4.5500000000000007 8.4500000000000011
decision_type=2 2 2 2 2 2 2 2 2 2 2 2 2 2 2
left_child=6 3 -3 4 -2 -4 -1 -8 -5 -7 12 13 -6 -12 -13
right_child=1 2 5 8 10 9 7 -9 -10 -11 11 14 -14 -15 -16
leaf_value=-0.22945884573799091 0.26525573208962006 -0.094340198627204538 0.16679980331728808 0.16676869990648302 0.1092753595611016 -0.001050501461751974 -0.19842866873489728 -0.059861839418612055 0.3469513586984746 -0.13521360222007425 0.028781219171795016 -0.040920218668321684 -0.09530611911927514 0.20621972054323998 0.04490743524767362
leaf_weight=109 8.9999999999999982 149 10.999999999999998 50 29 431 60 357 30 58 19 84 60 38 492
leaf_count=109 9 149 11 50 29 431 60 357 30 58 19 84 60 38 492
internal_value=-0.000427681 0.000198087 -0.000790361 0.000989095 0.000680885 -0.000213081 -0.00216446 -0.00168262 0.00380306 -0.000364166 0.000577638 0.000844 -0.00131617 0.00370867 0.000560205
internal_weight=1986 1460 649 811 731 500 526 417 80 489 722 633 89 57 576
internal_count=1986 1460 649 811 731 500 526 417 80 489 722 633 89 57 576
is_linear=0
shrinkage=0.0152222


Tree=148
num_leaves=8
num_cat=0
split_feature=6 68 10 12 0 8 10
split_gain=5.77031 3.15465 2.71602 1.9786 1.99254 1.33578 1.19855
threshold=5.6500000000000012 1.0000000180025095e-35 17.207780204903003 3.959226190476191 43.500000000000007 10.35416666666667 17.753315266867784
decision_type=2 2 2 2 2 2 2
left_child=5 2 -2 4 -3 -1 -4
right_child=1 3 6 -5 -6 -7 -8
leaf_value=-0.2326824559555801 -0.13224883702498255 0.080377348321185163 0.061590760990026472 0.29785161543190347 -0.079609405214671108 -0.077365350580657702 0.0026980862214002685
leaf_weight=43 47 5.9999999999999991 4.9999999999999991 69 34 502 1281
leaf_count=43 47 6 5 69 34 502 1281
internal_value=-0.000299532 0.000204782 1.13853e-06 0.002694 0 -0.00163378 0.000132564
internal_weight=1987 1442 1333 109 40 545 1286
internal_count=1987 1442 1333 109 40 545 1286
is_linear=0
shrinkage=0.0152222


Tree=149
num_leaves=18
num_cat=0
split_feature=11 26 0 11 7 11 8 8 11 1 1 1 1 1 7 76 101
split_gain=6.91871 3.38406 3.33753 3.14419 2.39851 1.96769 1.83892 1.80685 1.63223 1.69506 2.18419 1.78884 1.66566 1.64394 1.30019 1.29517 1.21688
threshold=2.3562500000000006 0.81174490092936691 36.500000000000007 7.7666666666666684 16.050000000000004 1.2833333333333334 22.312500000000004 20.687500000000004 4.9770833333333346 86.500000000000014 59.500000000000007 229.50000000000003 51.500000000000007 31.500000000000004 5.1500000000000012 1451.5000000000002 0.86332168915702812
decision_type=2 2 2 2 2 2 2 2 2 2 2 2 2 2 2 2 2
left_child=1 2 5 7 14 -1 -4 -2 15 10 12 -11 13 -10 -5 -9 -7
right_child=3 -3 6 4 -6 16 -8 8 9 11 -12 -13 -14 -15 -16 -17 -18
leaf_value=-0.20434931559662248 0.19501829798665385 -0.18050844461379595 0.043247524698950705 0.92154874407024467 0.52507914272842326 0.047979165176616802 -0.14117765561901985 -0.079440306101610042 -0.23432252442611695 -0.014826801758141618 0.19644156286709949 0.38816624241450309 -0.097654097650581362 0.20686394231420369 -0.012937788122994226 0.011054292640584433 -0.051064449604850154
leaf_weight=82 17 144 186 5.0000000000000062 14.999999999999998 10.999999999999998 62 232 7.9999999999999991 132 97 5.9999999999999991 26 49 10.999999999999998 738 178
leaf_count=82 17 144 186 5 15 11 62 232 8 132 97 6 26 49 11 738 178
internal_value=-0.000172852 -0.00144404 -0.000871004 0.000458013 0.00524528 -0.00203859 0.000405006 0.000344087 0.000278902 0.00122523 0.00219811 -4.40753e-05 0.000384851 0.00184095 0.00113774 -3.13802e-05 -0.00118361
internal_weight=1999 663 519 1336 31 271 248 1305 1288 318 180 138 83 57 16 970 189
internal_count=1999 663 519 1336 31 271 248 1305 1288 318 180 138 83 57 16 970 189
is_linear=0
shrinkage=0.0152222


Tree=150
num_leaves=17
num_cat=0
split_feature=11 11 26 15 58 79 1 19 81 1 11 1 11 81 36 36
split_gain=7.3544 4.73967 4.43352 2.42248 2.4188 2.32605 2.03345 1.65751 1.8547 1.50024 1.70579 1.40371 1.36726 1.32949 1.2921 1.44721
threshold=1.8437500000000002 7.7666666666666684 1.0000000180025095e-35 5.5000000000000009 1.5348503553932937 42.875000000000007 126.50000000000001 49.500000000000007 152.18750000000003 27.500000000000004 2.1270833333333345 171.50000000000003 1.0437500000000004 49.812500000000007 8.9500000000000011 2.5500000000000003
decision_type=2 2 2 2 2 2 2 2 2 2 2 2 2 2 2 2
left_child=12 2 4 -4 6 -5 7 9 -9 10 -2 -3 -1 -7 15 -11
right_child=1 11 3 5 -6 13 -8 8 -10 14 -12 -13 -14 -15 -16 -17
leaf_value=-0.23304025794151575 0.16525322215424951 0.49411165710592359 -0.10251560132671086 -0.12579735740395695 -0.090801438709737864 0.06682219348519601 -0.13941562082769443 0.30545184969790573 -0.29492888688002933 -0.26168976791080256 -0.065187551114361794 -0.019177273772783724 -0.10650458369804906 -0.0052878689187040575 0.031883890058989652 0.082661463842321106
leaf_weight=55 22 27 278 86 44 72 15.999999999999998 32 4.9999999999999991 6.9999999999999991 99 4.9999999999999991 284 258 573 159
leaf_count=55 22 27 278 86 44 72 16 32 5 7 99 5 284 258 573 159
internal_value=-0.000320695 9.13459e-05 -2.12029e-05 -0.000947474 0.000650524 -0.000212197 0.000818581 0.000914634 0.00406721 0.00077876 -0.00079219 0.00588902 -0.00236603 0.000368953 0.00103602 0.00221843
internal_weight=2022 1683 1651 694 957 416 913 897 37 860 121 32 339 330 739 166
internal_count=2022 1683 1651 694 957 416 913 897 37 860 121 32 339 330 739 166
is_linear=0
shrinkage=0.0152222


Tree=151
num_leaves=13
num_cat=0
split_feature=11 14 25 0 11 41 12 0 41 11 82 41
split_gain=10.6394 3.57037 3.0046 2.59638 2.58453 2.47803 2.29416 2.21249 1.91658 1.40721 1.31262 1.33156
threshold=2.4354166666666677 5.5000000000000009 1.0000000180025095e-35 36.500000000000007 6.4312500000000012 15.650000000000002 3.3366071428571433 47.500000000000007 11.350000000000001 1.1812500000000006 4.9312500000000012 80.65000000000002
decision_type=2 2 2 2 2 2 2 2 2 2 2 2
left_child=2 4 -1 9 8 -6 -3 -5 -2 -4 -10 -12
right_child=1 6 3 7 5 -7 -8 -9 10 -11 11 -13
leaf_value=-0.16934948723228735 0.23379731547308091 -0.16531664617616024 -0.24349366417621168 0.040666115692830462 -0.27947405599741698 0.34639053287753968 0.011909875611182171 -0.064826229981729655 -0.11435885675245457 -0.096189939131360591 0.023827216280543087 -0.14257820204618984
leaf_weight=164 15.999999999999998 133 63 129 10.999999999999998 68 145 141 50 215 904 10.999999999999998
leaf_count=164 16 133 63 129 11 68 145 141 50 215 904 11
internal_value=-0.000326711 0.000473255 -0.00182995 -0.00128876 0.000875949 0.00352381 -0.00106206 -0.000225456 0.000662539 -0.00232122 0.000575728 0.000706999
internal_weight=2050 1338 712 548 1060 79 278 270 981 278 965 915
internal_count=2050 1338 712 548 1060 79 278 270 981 278 965 915
is_linear=0
shrinkage=0.0152222


Tree=152
num_leaves=11
num_cat=0
split_feature=11 1 11 14 79 80 11 80 4 79
split_gain=9.96319 2.98843 2.55132 2.28507 2.13271 1.96877 1.82092 1.91406 1.7417 1.24778
threshold=3.5562500000000008 120.50000000000001 1.1270833333333337 5.5000000000000009 41.125000000000007 12.287500000000003 6.6291666666666673 12.362500000000002 23.450000000000003 41.875000000000007
decision_type=2 2 2 2 2 2 2 2 2 2
left_child=1 2 -1 4 -4 8 7 -7 -2 -6
right_child=5 -3 3 -5 9 6 -8 -9 -10 -11
leaf_value=-0.17743970255998831 0.021704429312740657 -0.15284589529633569 -0.070876354563607386 -0.25119507114341211 0.12235432109635541 0.22443702807798044 0.30248139896120502 0.056165202461375775 -0.08513656509866678 -0.003600867070321102
leaf_weight=64 322 160 255 67 8.9999999999999982 4.9999999999999991 72 362 33 657
leaf_count=64 322 160 255 67 9 5 72 362 33 657
internal_value=-0.000332359 -0.00120064 -0.000905761 -0.000714848 -0.000517291 0.000993017 0.00167459 0.00123999 0.000150044 -6.39862e-05
internal_weight=2006 1212 1052 988 921 794 439 367 355 666
internal_count=2006 1212 1052 988 921 794 439 367 355 666
is_linear=0
shrinkage=0.0152222


Tree=153
num_leaves=17
num_cat=0
split_feature=11 11 25 40 82 4 11 82 40 40 68 3 3 3 9 1
split_gain=10.1486 3.30118 4.00896 2.41746 2.30126 2.13978 2.7217 2.43019 2.24028 1.99533 2.04118 1.72996 1.48684 1.69433 1.43122 1.42446
threshold=3.3729166666666672 1.810416666666667 1.0000000180025095e-35 17.850000000000005 5.2312500000000011 17.750000000000004 7.7666666666666684 20.743750000000006 15.65 17.550000000000004 1.0000000180025095e-35 95.500000000000014 224.50000000000003 135.50000000000003 42.282738095238102 16.500000000000004
decision_type=2 2 2 2 2 2 2 2 2 2 2 2 2 2 2 2
left_child=1 -1 -3 5 15 7 -7 9 -9 10 12 -6 13 -2 -12 -4
right_child=3 2 4 -5 11 6 -8 8 -10 -11 14 -13 -14 -15 -16 -17
leaf_value=-0.12259264499416632 0.086067965232016319 -0.11329858409711864 0.13106100920057848 -0.051801975547670076 0.035130987418727153 -0.05215572525397813 0.26930333816365082 -0.11215108138751509 0.47876385513087638 0.43444664244809583 0.053912173939440582 -0.10374969171464007 0.093204852623021986 -0.032864416491753569 0.34389056203804719 -0.12745329758835089
leaf_weight=312 455 296 5.9999999999999991 77 345 127 17 36 4.9999999999999991 5.9999999999999991 26 56 6.9999999999999991 57 31 126
leaf_count=312 455 296 6 77 345 127 17 36 5 6 26 56 7 57 31 126
internal_value=-0.000295232 -0.00123133 -0.000728927 0.000970262 5.9961e-05 0.00122841 -0.000443794 0.00161493 -0.00196518 0.0018673 0.00177576 0.000633851 0.00147514 0.00137937 0.00450911 -0.00168298
internal_weight=1985 1141 829 844 533 767 144 623 41 582 576 401 519 512 57 132
internal_count=1985 1141 829 844 533 767 144 623 41 582 576 401 519 512 57 132
is_linear=0
shrinkage=0.0152222


Tree=154
num_leaves=14
num_cat=0
split_feature=11 11 25 11 8 8 77 107 105 77 11 77 38
split_gain=6.5497 2.78486 3.10766 1.95787 3.45165 2.75077 2.23599 1.75124 1.99036 1.76939 1.646 1.41021 1.40916
threshold=2.4520833333333338 1.0854166666666671 1.0000000180025095e-35 4.2312500000000011 26.854166666666668 45.270833333333336 1324.5000000000002 1.0620007903598589 1.2035159137627505 3249.5000000000005 7.7666666666666684 3936.0000000000005 18.050000000000004
decision_type=2 2 2 2 2 2 2 2 2 2 2 2 2
left_child=1 -1 -3 4 6 -5 -2 9 -9 -6 -7 -8 -4
right_child=3 2 12 5 7 10 11 8 -10 -11 -12 -13 -14
leaf_value=-0.22298066011630005 -0.12696387002355852 -0.15809841380972148 0.0018422829146158952 0.10457995404567767 0.013431862947382956 0.020965859040826838 0.11053279792966492 -0.073412477410952581 0.0016618408402598714 -0.2105012350262945 0.25253094421483119 -0.14282162009594832 -0.06111341970222163
leaf_weight=69 18 161 302 57 304 448 103 139 104 34 34 8.9999999999999982 183
leaf_count=69 18 161 302 57 304 448 103 139 104 34 34 9 183
internal_value=-0.000274998 -0.00143695 -0.00112625 0.000389669 -0.000134865 0.00108154 0.00210683 -0.000636597 -0.00162209 7.20341e-05 0.000707338 0.00290716 -0.000517806
internal_weight=1965 715 646 1250 711 539 130 581 243 338 482 112 485
internal_count=1965 715 646 1250 711 539 130 581 243 338 482 112 485
is_linear=0
shrinkage=0.0152222


Tree=155
num_leaves=11
num_cat=0
split_feature=11 42 11 0 0 0 85 77 4 4
split_gain=8.52065 2.59923 2.10842 2.49464 2.22591 1.84103 1.69787 1.46255 1.39408 2.66298
threshold=2.3937500000000012 50.085250000000009 5.0937500000000009 51.500000000000007 47.500000000000007 16.500000000000004 1.2500000000000002 3875.0000000000005 13.950000000000001 13.65
decision_type=2 2 2 2 2 2 2 2 2 2
left_child=1 6 3 4 5 -2 -1 -3 9 -5
right_child=2 7 -4 8 -6 -7 -8 -9 -10 -11
leaf_value=-0.068737439158220809 0.27094787180424251 -0.0098892606065815788 0.066773356813815132 -0.0022908528533098029 0.073216884528727197 0.012597561032886243 -0.13563577532230814 -0.18959620858687221 -0.063878164071085292 0.27439570639517419
leaf_weight=148 6.9999999999999991 221 315 575 33 166 277 19 218 7.9999999999999991
leaf_count=148 7 221 315 575 33 166 277 19 218 8
internal_value=-0.000368478 -0.00177388 0.000338511 -1.50752e-06 0.00149227 0.000800444 -0.00248897 -0.000507281 -0.000385752 2.6033e-06
internal_weight=1987 665 1322 1007 206 173 425 240 801 583
internal_count=1987 665 1322 1007 206 173 425 240 801 583
is_linear=0
shrinkage=0.0152222


Tree=156
num_leaves=14
num_cat=0
split_feature=79 10 0 36 15 101 11 12 109 109 36 102 11
split_gain=7.535 3.4546 2.10673 1.93167 2.30769 1.84552 1.81603 1.75028 1.58778 2.14556 1.9988 1.48975 1.47372
threshold=43.625000000000007 17.207780204903003 14.500000000000002 17.250000000000004 11.500000000000002 0.88180608807480287 4.1312500000000014 2.9562500000000003 3.0954100647155194 3.4744429559320973 18.950000000000003 89.576111111111132 2.964583333333334
decision_type=2 2 2 2 2 2 2 2 2 2 2 2 2
left_child=5 -2 -3 4 6 -1 7 -4 -5 -10 -11 -7 -6
right_child=1 2 3 8 12 11 -8 -9 9 10 -12 -13 -14
leaf_value=0.036814528925396363 -0.1173497236267695 0.13178083593386844 0.034608342210550355 0.079045472258013991 0.21110942202227859 -0.12494543354350403 0.044635698285252823 -0.047691113313202423 -0.02299356894611073 0.097032067524865012 0.052479155006754492 0.050049345954975531 0.11426567496264185
leaf_weight=47 87 11.999999999999998 165 9.9999999999999982 7.9999999999999991 401 385 530 58 100 82 11.999999999999998 85
leaf_count=47 87 12 165 10 8 401 385 530 58 100 82 12 85
internal_value=-0.000211967 0.000304031 0.000482635 0.000428942 0.00016999 -0.0019191 -2.81842e-05 -0.000492763 0.00164364 0.00139505 0.00220741 -0.00224434 0.00247015
internal_weight=1982 1522 1435 1423 1173 460 1080 695 250 240 182 413 93
internal_count=1982 1522 1435 1423 1173 460 1080 695 250 240 182 413 93
is_linear=0
shrinkage=0.0152222


Tree=157
num_leaves=13
num_cat=0
split_feature=11 11 11 14 101 82 38 1 104 104 1 36
split_gain=7.80156 2.78588 2.52828 2.48731 2.17333 2.08249 1.41054 1.39952 1.34787 1.82748 1.33061 1.20944
threshold=2.3937500000000012 7.1229166666666677 1.0854166666666671 5.5000000000000009 0.86332168915702812 4.7562500000000005 41.20000000000001 94.500000000000014 1026.4047619047622 787.54761904761915 21.500000000000004 13.15
decision_type=2 2 2 2 2 2 2 2 2 2 2 2
left_child=2 3 -1 5 -4 -2 7 10 9 -3 -7 -5
right_child=1 8 4 11 -6 6 -8 -9 -10 -11 -12 -13
leaf_value=-0.22368938953540954 -0.1359370938269622 -0.20255388758042189 0.071147800203769165 -0.09394542624826914 -0.073023202844177307 -0.08324331449724659 -0.1903281258960445 -0.015656970072915045 0.0078894125852532991 0.47037603722716098 0.059361774805161471 -0.00088002157712401658
leaf_weight=67 56 5.9999999999999991 24 157 576 38 11.999999999999998 218 15.999999999999998 27 696 109
leaf_count=67 56 6 24 157 576 38 12 218 16 27 696 109
internal_value=-0.000415139 0.000256541 -0.00175943 0.000120728 -0.00144598 0.000462608 0.000628431 0.000693912 0.003817 0.00557267 0.00101197 -0.00119006
internal_weight=2002 1335 667 1286 600 1020 964 952 49 33 734 266
internal_count=2002 1335 667 1286 600 1020 964 952 49 33 734 266
is_linear=0
shrinkage=0.0152222


Tree=158
num_leaves=14
num_cat=0
split_feature=11 8 14 19 5 8 8 6 57 38 103 6 79
split_gain=8.30164 2.50819 3.09669 2.38417 4.07589 2.09804 1.91235 1.57856 1.39201 1.38639 1.29972 1.29415 1.22828
threshold=2.4520833333333338 10.35416666666667 1.0000000180025095e-35 40.500000000000007 10.750000000000002 22.312500000000004 21.645833333333339 6.6500000000000012 1.5000000000000002 41.20000000000001 1.1232514999976584 6.6500000000000012 52.625000000000007
decision_type=2 2 2 2 2 2 2 2 2 2 2 2 2
left_child=1 -1 -3 8 9 6 7 -4 -2 12 -9 -8 -5
right_child=3 2 5 4 -6 -7 11 10 -10 -11 -12 -13 -14
leaf_value=-0.18330524888993913 -0.0022701314294482603 -0.14258585366929355 -0.055908535736203122 -0.14604969098810061 -0.021513109047792762 -0.16589419082399201 0.22413180185625858 0.048947729240693447 0.53889025213022634 -0.20269186516923568 -0.090693184440255384 0.010486070614511137 0.18663870611888789
leaf_weight=77 1032 152 270 9.9999999999999982 96 109 8.0000000000000018 78 14.999999999999998 4.9999999999999991 17 18 124
leaf_count=77 1032 152 270 10 96 109 8 78 15 5 17 18 124
internal_value=-0.000471565 -0.00176849 -0.0014614 0.000265959 0.00165139 -0.00088279 -0.000362005 -0.000646321 -4.50645e-05 0.00331697 0.00104091 0.00362259 0.00361102
internal_weight=2011 729 652 1282 235 500 391 365 1047 139 95 26 134
internal_count=2011 729 652 1282 235 500 391 365 1047 139 95 26 134
is_linear=0
shrinkage=0.0152222


Tree=159
num_leaves=19
num_cat=0
split_feature=11 8 5 11 10 77 19 77 81 5 76 11 77 11 1 10 11 11
split_gain=8.39439 3.40188 2.08763 2.13002 2.8457 2.25787 1.96241 1.76363 1.70982 2.04226 1.56431 1.69213 1.91129 1.5358 1.49187 1.94893 1.37976 1.3348
threshold=4.9062500000000009 10.35416666666667 11.050000000000002 2.6854166666666677 47.429390605856646 879.00000000000011 49.500000000000007 2968.0000000000005 30.687500000000004 19.050000000000004 1132.5000000000002 4.5562500000000012 2545.5000000000005 4.4729166666666673 29.500000000000004 47.600155670003851 4.3770833333333341 3.4687500000000004
decision_type=2 2 2 2 2 2 2 2 2 2 2 2 2 2 2 2 2 2
left_child=1 -1 6 -4 7 -6 10 -5 -2 14 -3 12 16 17 -10 -16 -12 -8
right_child=8 2 3 4 5 -7 13 -9 9 -11 11 -13 -14 -15 15 -17 -18 -19
leaf_value=-0.18000881272548547 0.40860734344758676 -0.088874573517090688 -0.12450391054940575 0.051305213998925292 0.051878673464669796 -0.15271007327848585 0.09976216278870513 -0.16255843699842096 -0.10723043350210321 -0.024926090082987389 0.013426291054958269 -0.08998709746109422 -0.024664562507956494 -0.13680026211676366 0.23081329599733186 0.08251077376653107 0.16981125402157246 0.2593128864311699
leaf_weight=76 4.9999999999999991 176 233 110 29 110 20.000000000000004 15.999999999999998 7.9999999999999991 24 450 42 340 4.9999999999999991 52 270 20 9.9999999999999982
leaf_count=76 5 176 233 110 29 110 20 16 8 24 450 42 340 5 52 270 20 10
internal_value=-0.000356903 -0.000819201 -0.000666009 -0.00147927 -0.000545581 -0.00204709 -0.000284952 0.00111098 0.00175093 0.00162518 -0.000405704 -0.000135772 1.87862e-05 0.003257 0.00193706 0.00209862 0.000647674 0.00455871
internal_weight=1996 1637 1561 498 265 139 1063 126 359 354 1028 852 810 35 330 322 470 30
internal_count=1996 1637 1561 498 265 139 1063 126 359 354 1028 852 810 35 330 322 470 30
is_linear=0
shrinkage=0.0152222


Tree=160
num_leaves=13
num_cat=0
split_feature=81 19 57 8 1 7 40 40 40 4 4 1
split_gain=4.99607 2.85452 2.26072 2.01721 2.24831 1.85131 1.91609 2.1902 1.50064 1.48245 2.74996 1.48154
threshold=55.562500000000007 2.5000000000000004 1.5000000000000002 10.35416666666667 120.50000000000001 9.3500000000000032 19.750000000000004 19.050000000000004 -0.44999999999999996 10.550000000000002 6.6500000000000012 9.5000000000000018
decision_type=2 2 2 2 2 2 2 2 2 2 2 2
left_child=2 -2 3 -1 11 9 7 8 -7 10 -3 -5
right_child=1 5 -4 4 -6 6 -8 -9 -10 -11 -12 -13
leaf_value=-0.16186287217853751 -0.18842264114331841 -0.031929618307437693 0.51630630824325718 0.095322349059301897 -0.16019586721450391 -0.18572067515977969 -0.14493460270460681 0.30458971289059605 0.059472667343684699 -0.060356462501371069 0.085661348536392373 -0.035269989761069549
leaf_weight=50 48 240 7.9999999999999991 4.9999999999999991 140 10.999999999999998 28 10.999999999999998 673 98 122 570
leaf_count=50 48 240 8 5 140 11 28 11 673 98 122 570
internal_value=-0.000259772 0.000342513 -0.00121887 -0.00130325 -0.00109634 0.000490226 0.000970526 0.00112789 0.00101918 -0.000264696 0.000184983 -0.000675005
internal_weight=2004 1231 773 765 715 1183 723 695 684 460 362 575
internal_count=2004 1231 773 765 715 1183 723 695 684 460 362 575
is_linear=0
shrinkage=0.0152222


Tree=161
num_leaves=15
num_cat=0
split_feature=11 11 10 81 10 26 10 8 15 38 38 101 38 38
split_gain=5.86117 3.05747 2.58723 2.53534 2.23512 2.21899 2.52098 3.20533 1.78047 1.73973 4.47126 1.64566 1.50793 1.98313
threshold=2.2645833333333338 6.6291666666666673 21.199791490430353 36.437500000000007 67.871914780126289 0.81174490092936691 17.753315266867784 14.562500000000002 3.5000000000000004 29.750000000000004 41.20000000000001 1.0173491838942026 16.650000000000002 13.550000000000002
decision_type=2 2 2 2 2 2 2 2 2 2 2 2 2 2
left_child=5 2 -2 -4 8 6 -1 -8 -5 12 -11 -3 13 -10
right_child=1 11 3 4 -6 -7 7 -9 9 10 -12 -13 -14 -15
leaf_value=-0.12730407214910619 0.18248237457417812 0.17038725601639912 -0.14614847247019258 -0.031062374649515431 -0.15331044300465518 -0.16156401925439587 0.095459368550657134 -0.035669764474168322 0.013540536081162844 0.12893987722903091 -0.13819407184418786 0.37279886100878018 -0.011854510374827053 0.1031471916974645
leaf_weight=170 7.9999999999999991 56 69 280 39 99 12.999999999999998 273 404 50 13.999999999999998 25 324 171
leaf_count=170 8 56 69 280 39 99 13 273 404 50 14 25 324 171
internal_value=-0.000247973 0.000264262 9.29619e-05 4.16844e-05 0.000194719 -0.00157692 -0.00112818 -0.000255417 0.000307367 0.000618019 0.00304193 0.00313637 0.000445292 0.000913244
internal_weight=1995 1440 1359 1351 1282 555 456 286 1243 963 64 81 899 575
internal_count=1995 1440 1359 1351 1282 555 456 286 1243 963 64 81 899 575
is_linear=0
shrinkage=0.0152222


Tree=162
num_leaves=19
num_cat=0
split_feature=11 14 68 76 11 103 76 81 76 12 0 76 81 12 0 10 10 10
split_gain=8.1708 4.37191 3.01277 2.86252 2.30824 1.83162 1.79029 2.44105 1.92516 1.6968 1.45544 1.42414 1.41987 1.40376 1.22926 1.22583 1.53528 1.22029
threshold=2.8520833333333337 5.5000000000000009 1.0000000180025095e-35 1274.5000000000002 1.8437500000000002 0.82582840853709982 1690.0000000000002 57.187500000000007 4953.5000000000009 4.0244047619047629 93.500000000000014 2038.5000000000002 47.437500000000007 3.1455357142857148 74.500000000000014 29.535872206301455 28.697510229627081 67.871914780126289
decision_type=2 2 2 2 2 2 2 2 2 2 2 2 2 2 2 2 2 2
left_child=3 2 6 15 14 -6 7 12 11 13 -7 -8 -2 -4 -5 16 -1 -3
right_child=1 17 9 4 5 10 8 -9 -10 -11 -12 -13 -14 -15 -16 -17 -18 -19
leaf_value=-0.13922246943201169 0.064724730698345459 -0.04826360653032389 0.18995927762243578 -0.085705761533907868 0.09516347420478885 -0.0020329524642260519 -0.059351646084532882 0.058399800816458035 0.12274908542474221 0.24440801794170786 -0.25066483216510965 0.04522499439068195 0.18488884941917577 -0.042392778319710445 0.13167151297687846 -0.18750814856424342 0.077052675054496464 -0.10775106472872777
leaf_weight=173 27 211 7.9999999999999991 214 5.9999999999999991 444 117 193 8.9999999999999982 49 25 358 12.999999999999998 26 6.9999999999999991 65 14.999999999999998 37
leaf_count=173 27 211 8 214 6 444 117 193 9 49 25 358 13 26 7 65 15 37
internal_value=-0.000351388 0.000575158 0.00112256 -0.00137457 -0.000870396 -0.000272359 0.00080457 0.00190071 0.000276729 0.0038673 -0.000379694 0.000144186 0.00532083 0.00125158 -0.00215539 -0.00276108 -0.00213698 -0.00119051
internal_weight=1997 1048 800 949 696 475 717 233 484 83 469 475 40 34 221 253 188 248
internal_count=1997 1048 800 949 696 475 717 233 484 83 469 475 40 34 221 253 188 248
is_linear=0
shrinkage=0.0152222


Tree=163
num_leaves=13
num_cat=0
split_feature=82 8 57 40 46 80 8 81 19 19 2 12
split_gain=5.42941 4.20714 2.78339 2.40802 2.75186 2.36886 2.12791 1.74258 1.73444 1.41935 1.25266 1.19476
threshold=12.375000000000002 11.72916666666667 1.5000000000000002 6.8500000000000005 0.075000000000000011 10.387500000000001 82.125000000000014 55.062500000000007 3.5000000000000004 48.500000000000007 78.500000000000014 5.1693452380952385
decision_type=2 2 2 2 2 2 2 2 2 2 2 2
left_child=1 -1 7 5 -5 -2 11 10 -9 -10 -3 -7
right_child=3 2 -4 4 -6 6 -8 8 9 -11 -12 -13
leaf_value=-0.14544923756574707 0.34470792902803093 -0.055141044059372167 0.44974890617649493 0.12723670795513176 -0.036826478028351484 -0.046624836190890556 0.39137770122904825 -0.24642484552506103 -0.0033417789070521275 0.1598376454340267 0.056920741144720365 0.16316358124565844
leaf_weight=108 6.9999999999999991 644 11.999999999999998 190 89 143 11.999999999999998 25 671 46 53 5.9999999999999991
leaf_count=108 7 644 12 190 89 143 12 25 671 46 53 6
internal_value=-0.000256478 -0.000680532 -0.000464725 0.0012224 0.00208925 -0.000217369 -0.000595436 -0.000525722 -1.23027e-05 0.000125244 -0.00107224 -0.00109273
internal_weight=2006 1559 1451 447 279 168 161 1439 742 717 697 149
internal_count=2006 1559 1451 447 279 168 161 1439 742 717 697 149
is_linear=0
shrinkage=0.0152222


Tree=164
num_leaves=7
num_cat=0
split_feature=82 11 11 85 82 1
split_gain=6.24019 2.73191 2.45375 1.59422 1.25502 1.20507
threshold=8.6437500000000025 7.7666666666666684 1.0437500000000004 2.9000000000000004 8.7562500000000032 22.500000000000004
decision_type=2 2 2 2 2 2
left_child=2 4 -1 5 -2 -4
right_child=1 -3 3 -5 -6 -7
leaf_value=-0.19932936864867551 0.070625594999437866 0.27670141579327384 0.086626176121264484 -0.07830097310348931 0.01015967245503115 -0.024869024247468726
leaf_weight=48 19 24 44 572 866 434
leaf_count=48 19 24 44 572 866 434
internal_value=-0.000425481 0.000507374 -0.00119775 -0.00104375 0.000369779 -0.000394835
internal_weight=2007 909 1098 1050 885 478
internal_count=2007 909 1098 1050 885 478
is_linear=0
shrinkage=0.0152222


Tree=165
num_leaves=17
num_cat=0
split_feature=11 38 6 57 6 15 14 77 5 0 77 38 0 14 11 77
split_gain=6.14164 3.88189 2.67372 2.31471 2.24285 3.90163 2.8899 2.76349 2.18405 2.83696 1.91806 1.7967 1.7854 1.58989 1.5188 1.22988
threshold=2.4354166666666677 28.850000000000005 5.1500000000000012 1.5000000000000002 9.8500000000000032 11.500000000000002 4.5000000000000009 1451.5000000000002 10.250000000000002 37.500000000000007 3875.0000000000005 41.20000000000001 41.500000000000007 3.5000000000000004 1.1270833333333337 2730.5000000000005
decision_type=2 2 2 2 2 2 2 2 2 2 2 2 2 2 2 2
left_child=8 3 -3 4 13 7 -7 -6 9 14 15 -4 -11 -2 -1 -9
right_child=1 2 11 -5 5 6 -8 10 -10 12 -12 -13 -14 -15 -16 -17
leaf_value=-0.18332231998406884 -0.0021380435315034195 0.39251473701930872 0.091814724640637488 0.48990212693049467 0.092105608390497834 0.32249097136802723 -0.046052364373315724 -0.013667236900845073 -0.15042980222461455 0.061681185939454465 -0.22861991101644988 -0.14425648587502932 -0.013048982140188637 -0.070683032425140985 -0.042521963806096658 0.11886415939571646
leaf_weight=42 355 9.9999999999999982 93 15.999999999999998 110 35 18 350 210 38 34 7.9999999999999991 184 187 211 102
leaf_count=42 355 10 93 16 110 35 18 350 210 38 34 8 184 187 211 102
internal_value=-0.000219624 0.000388044 0.00311153 0.000137457 6.00646e-05 0.000663714 0.00461955 0.000311562 -0.00138878 -0.000817096 -0.000181637 0.00236498 0.000438718 -0.000662742 -0.00191892 8.08072e-05
internal_weight=2003 1318 111 1207 1191 649 53 596 685 475 486 101 222 542 253 452
internal_count=2003 1318 111 1207 1191 649 53 596 685 475 486 101 222 542 253 452
is_linear=0
shrinkage=0.0152222


Tree=166
num_leaves=12
num_cat=0
split_feature=11 13 11 8 8 11 1 11 8 13 105
split_gain=5.63702 2.66768 2.51603 2.76673 2.11748 3.33324 1.94624 1.7528 1.5688 1.42061 1.24788
threshold=3.339583333333334 18.500000000000004 1.1500000000000006 26.645833333333339 46.645833333333336 5.0020833333333341 120.50000000000001 7.3187500000000005 57.187500000000007 19.500000000000004 0.75865271244036125
decision_type=2 2 2 2 2 2 2 2 2 2 2
left_child=2 10 -1 6 9 -6 -4 8 -7 -3 -2
right_child=1 4 3 -5 5 7 -8 -9 -10 -11 -12
leaf_value=-0.19605409906612897 -0.13968993377277628 0.14267536487390708 0.0026096649851068427 -0.097711448714663002 -0.059610940784764491 0.14591325181650089 -0.12426316952951286 0.41518388570352754 0.016170124661436271 0.0484801182247502 0.0024523368862247007
leaf_weight=69 13.999999999999998 90 620 337 99 53 73 29 107 81 431
leaf_count=69 14 90 620 337 99 53 73 29 107 81 431
internal_value=-0.000136029 0.000754328 -0.000868412 -0.00067979 0.00156847 0.000771529 -0.000129582 0.00195659 0.00133149 0.00291002 -8.54988e-05
internal_weight=2003 904 1099 1030 459 288 693 189 160 171 445
internal_count=2003 904 1099 1030 459 288 693 189 160 171 445
is_linear=0
shrinkage=0.0152222


Tree=167
num_leaves=14
num_cat=0
split_feature=26 0 15 57 76 0 38 76 76 11 0 0 76
split_gain=6.30339 2.74441 2.59945 1.9811 1.92025 1.89321 1.44595 1.43573 1.38127 1.3505 1.22318 1.34509 1.21111
threshold=-0.22252093395631442 167.00000000000003 5.5000000000000009 1.5000000000000002 809.50000000000011 37.500000000000007 5.9500000000000011 1373.0000000000002 2780.0000000000005 1.1270833333333337 42.500000000000007 45.500000000000007 2918.5000000000005
decision_type=2 2 2 2 2 2 2 2 2 2 2 2 2
left_child=1 5 3 6 -4 -1 -2 -7 -6 -8 -9 -12 -10
right_child=2 -3 4 -5 8 7 9 10 12 -11 11 -13 -14
leaf_value=-0.05304058694719252 0.013158460058611389 0.22634864510521205 -0.11661376550018576 0.5840924266661186 -0.0092107617893544529 -0.028551764331337218 -0.18855532882352305 0.14674444869412626 0.18178014120966834 -0.078896577318844266 -0.14026844404458069 0.045977623401544855 0.044731800076260993
leaf_weight=135 50 13.999999999999998 76 6.9999999999999991 453 123 47 38 15.999999999999998 460 19 545 34
leaf_count=135 50 14 76 7 453 123 47 38 16 460 19 545 34
internal_value=-0.000279983 0.00069314 -0.00102409 -0.00175956 -0.000307565 0.000584068 -0.00186092 0.000892268 3.32771e-05 -0.00210447 0.00119845 0.00102011 0.00243297
internal_weight=2017 874 1143 564 579 860 557 725 503 507 602 564 50
internal_count=2017 874 1143 564 579 860 557 725 503 507 602 564 50
is_linear=0
shrinkage=0.0152222


Tree=168
num_leaves=11
num_cat=0
split_feature=11 11 8 11 1 8 36 104 11 8
split_gain=5.9217 3.50331 2.77966 3.22232 2.53223 2.5309 2.28015 2.10895 1.83849 1.67765
threshold=3.822916666666667 1.3312500000000005 46.645833333333336 6.5333333333333341 118.50000000000001 14.395833333333334 14.250000000000002 894.76190476190493 4.1312500000000014 35.104166666666679
decision_type=2 2 2 2 2 2 2 2 2 2
left_child=1 -1 7 -4 5 -3 -7 -2 9 -9
right_child=2 4 3 -5 -6 6 -8 8 -10 -11
leaf_value=-0.16204846972467982 0.045575057317746512 0.070086036129113932 -0.0083049751710613968 0.23420698030606621 -0.11855919910572589 -0.054021987144619588 0.0061976039280947299 0.54187773482118573 0.22311229578217437 0.04620757307896959
leaf_weight=135 89 46 451 88 167 595 356 4.9999999999999991 31 37
leaf_count=135 89 46 451 88 167 595 356 5 31 37
internal_value=-0.000395766 -0.00100423 0.000731736 0.000206136 -0.00073492 -0.000444273 -0.000613013 0.00247984 0.00439669 0.00231664
internal_weight=2000 1299 701 539 1164 997 951 162 73 42
internal_count=2000 1299 701 539 1164 997 951 162 73 42
is_linear=0
shrinkage=0.0152222


Tree=169
num_leaves=10
num_cat=0
split_feature=11 26 11 8 10 11 11 12 40
split_gain=5.73058 3.39908 2.6617 2.31055 2.5733 1.52005 1.26998 1.26375 1.2004
threshold=3.0854166666666676 1.0000000180025095e-35 8.0250000000000021 32.687500000000007 32.139852323755719 2.3937500000000012 2.6270833333333341 4.7136904761904779 10.550000000000002
decision_type=2 2 2 2 2 2 2 2 2
left_child=1 8 3 4 -2 -3 -7 -4 -1
right_child=2 5 7 -5 -6 6 -8 -9 -10
leaf_value=-0.038611697553580772 -0.005668692035641308 -0.11682970012614026 0.1279309731981251 0.0078940169466859712 0.21569718919291364 0.039563786576791722 -0.11053365577980721 0.46253633751322365 0.012065875084159934
leaf_weight=297 38 338 14.999999999999998 880 38 81 92 19 184
leaf_count=297 38 338 15 880 38 81 92 19 184
internal_value=-0.000173567 -0.00099123 0.000645753 0.000496761 0.00304233 -0.00185567 -0.000694888 0.00482787 -7.27717e-05
internal_weight=1982 992 990 956 76 511 173 34 481
internal_count=1982 992 990 956 76 511 173 34 481
is_linear=0
shrinkage=0.0152222


Tree=170
num_leaves=15
num_cat=0
split_feature=11 11 4 1 2 4 8 4 82 80 10 76 2 2
split_gain=6.65334 4.36534 3.5105 2.89187 2.34221 2.01332 2.20757 1.95513 1.88727 1.70043 1.59656 1.35528 1.35447 1.76151
threshold=1.3312500000000005 4.3395833333333345 11.350000000000003 120.50000000000001 207.50000000000003 23.750000000000004 41.145833333333336 22.950000000000003 15.200000000000001 6.9625000000000012 14.211012226551061 837.00000000000011 63.500000000000007 99.500000000000014
decision_type=2 2 2 2 2 2 2 2 2 2 2 2 2 2
left_child=-1 2 3 8 5 6 -3 -8 10 -5 -2 -12 -10 -14
right_child=1 4 -4 9 -6 -7 7 -9 12 -11 11 -13 13 -15
leaf_value=-0.15361325357659028 0.24129458535928891 0.22287673919044415 -0.096008144030733433 -0.17098716205584524 0.40224970237928231 -0.08045716361426819 0.053107268526389952 0.42828723575628108 0.16279761838071566 0.0051487356737051904 -0.055616513843650649 0.0052404949806543893 -0.058237304850855064 0.12409296850098026
leaf_weight=124 11.999999999999998 25 230 73 8.9999999999999982 39 444 4.9999999999999991 7.9999999999999991 38 124 770 20 29
leaf_count=124 12 25 230 73 9 39 444 5 8 38 124 770 20 29
internal_value=-0.000171731 6.00177e-05 -0.000410887 -4.53489e-05 0.00123631 0.00110075 0.00137434 0.00112881 0.000222863 -0.00237134 5.37571e-05 -2.04268e-05 0.00290822 0.001955
internal_weight=1950 1826 1304 1074 522 513 474 449 963 111 906 894 57 49
internal_count=1950 1826 1304 1074 522 513 474 449 963 111 906 894 57 49
is_linear=0
shrinkage=0.0152222


Tree=171
num_leaves=18
num_cat=0
split_feature=11 8 11 72 11 11 8 10 81 14 101 0 0 15 0 15 19
split_gain=4.61886 3.41327 3.87277 2.28904 2.40771 2.26728 2.0447 1.85646 1.85583 1.74504 2.16332 2.359 1.88467 1.53657 1.32577 1.20754 1.25076
threshold=2.7437500000000008 34.500000000000007 3.2520833333333337 -3.4999999999999996 8.0250000000000021 1.0437500000000004 26.854166666666668 30.477594866241912 44.937500000000007 1.0000000180025095e-35 0.86295458628706234 36.500000000000007 43.500000000000007 5.5000000000000009 47.500000000000007 7.5000000000000009 44.500000000000007
decision_type=2 2 2 2 2 2 2 2 2 2 2 2 2 2 2 2 2
left_child=5 7 -3 -4 8 -1 9 13 -5 -7 12 -12 -11 -2 -13 -15 -17
right_child=1 2 3 4 -6 6 -8 -9 -10 10 11 14 -14 15 -16 16 -18
leaf_value=-0.16321696640662395 -0.085832948191686756 -0.19495545005961645 0.24367262906582282 -0.1206691602681447 0.22967826069589409 -0.095353023660132152 -0.14176429057718684 0.15787662348023015 0.011749150261087415 0.10258944455619612 -0.073205374017950103 0.05973492578817776 -0.055850568527521217 0.27326230274149271 -0.0046712306178784873 -0.082236732586442929 0.36238467335703944
leaf_weight=52 38 55 30 45 28 138 120 143 762 13.000000000000002 246 127 5.9999999999999991 7.0000000000000027 169 14.000000000000002 4.9999999999999991
leaf_count=52 38 55 30 45 28 138 120 143 762 13 246 127 6 7 169 14 5
internal_value=-6.39937e-05 0.000579414 0.00018199 0.000431119 0.000282546 -0.000896498 -0.000700656 0.00234524 0.000130139 -0.000385421 -8.13207e-06 -0.000185338 0.00503352 0.000190058 0.000730114 0.00303827 0.00103849
internal_weight=1998 1127 920 865 835 871 819 207 807 699 561 542 19 64 296 26 19
internal_count=1998 1127 920 865 835 871 819 207 807 699 561 542 19 64 296 26 19
is_linear=0
shrinkage=0.0152222


Tree=172
num_leaves=19
num_cat=0
split_feature=11 11 8 5 76 77 77 77 3 8 82 9 12 82 12 3 9 9
split_gain=5.29289 3.39041 3.52009 2.7067 2.17558 2.82864 2.17923 1.89587 1.85413 1.85139 2.06434 2.66479 1.82328 2.0439 1.5991 1.54191 1.51954 1.42022
threshold=3.1770833333333344 1.1500000000000006 30.562500000000004 13.550000000000002 1245.0000000000002 2848.5000000000005 1147.0000000000002 1407.5000000000002 43.500000000000007 28.145833333333339 5.5187500000000016 53.383928571428577 4.2836309523809524 19.256250000000005 5.8494047619047631 111.50000000000001 33.812500000000007 36.538690476190489
decision_type=2 2 2 2 2 2 2 2 2 2 2 2 2 2 2 2 2 2
left_child=1 -1 3 4 15 6 -6 -8 -5 -2 11 -11 16 14 -14 -3 -12 -18
right_child=9 2 -4 8 5 -7 7 -9 -10 10 12 -13 13 -15 -16 -17 17 -19
leaf_value=-0.17627633239265281 0.30082427789979105 -0.10611975762951793 -0.15737182936632205 -0.15018027629294969 0.14614127257800666 -0.066803202270298595 -0.099805522632740479 0.035341910674468825 -0.014298039231972825 0.33689243039577543 0.046776904891223478 -0.048546358636193256 0.19440760861261225 -0.23175056919610751 -0.19955914654249676 0.052340149188408208 -0.046917304841661109 0.016471851306787359
leaf_weight=71 6.9999999999999991 139 113 102 18 161 23 336 82 25 243 13.999999999999998 86 8.9999999999999982 5.9999999999999991 7.9999999999999991 184 366
leaf_count=71 7 139 113 102 18 161 23 336 82 25 243 14 86 9 6 8 184 366
internal_value=-0.000182538 -0.000923693 -0.000691315 -0.000362575 7.77655e-05 0.000526212 0.00124748 0.000987807 -0.00200147 0.000647714 0.000588947 0.00401483 0.000439269 0.00236498 0.0030427 -0.00156307 0.000193859 -0.00024906
internal_weight=1993 1053 982 869 685 538 377 359 184 940 933 39 894 101 92 147 793 550
internal_count=1993 1053 982 869 685 538 377 359 184 940 933 39 894 101 92 147 793 550
is_linear=0
shrinkage=0.0152222


Tree=173
num_leaves=15
num_cat=0
split_feature=11 4 4 11 81 82 76 3 77 0 3 1 82 81
split_gain=4.88941 3.35146 2.91234 2.51625 2.32278 2.39703 1.77197 2.21559 1.81274 1.61147 1.49485 1.43843 1.38888 1.25208
threshold=2.8979166666666671 10.250000000000002 13.950000000000001 1.0854166666666671 44.937500000000007 6.1187500000000012 952.50000000000011 93.500000000000014 2651.5000000000005 144.50000000000003 75.500000000000014 224.50000000000003 5.0687500000000014 28.562500000000004
decision_type=2 2 2 2 2 2 2 2 2 2 2 2 2 2
left_child=1 3 4 -1 -2 12 -5 8 13 -7 -10 -4 -6 -8
right_child=2 -3 11 6 5 9 7 -9 10 -11 -12 -13 -14 -15
leaf_value=-0.12259355615660605 -0.15827830954435446 -0.21203637879223433 -0.019920908225090555 -0.11325168090081612 -0.28013709906769074 0.055793908618363364 -0.22929883381873364 -0.13847469937008883 -0.061023802496628338 0.10377461549625859 0.032547231772865351 0.28885390019073476 0.1763229619930578 0.029116200585132535
leaf_weight=58 41 79 365 144 5.0000000000000027 549 9.9999999999999982 68 201 13.999999999999998 23 4.9999999999999991 23 373
leaf_count=58 41 79 365 144 5 549 10 68 201 14 23 5 23 373
internal_value=-0.000205236 -0.000983973 0.000537759 -0.000713332 0.00116565 0.00140876 -0.000496219 -0.000169117 0.000122864 0.00119225 -0.00096474 -0.000534749 0.00575198 0.000759011
internal_weight=1958 956 1002 877 632 591 819 675 607 563 224 370 28 383
internal_count=1958 956 1002 877 632 591 819 675 607 563 224 370 28 383
is_linear=0
shrinkage=0.0152222


Tree=174
num_leaves=15
num_cat=0
split_feature=8 1 19 81 79 10 79 81 81 10 2 81 82 19
split_gain=4.10856 3.50935 2.177 2.59642 2.01774 1.90946 1.68647 3.13666 1.8213 1.52242 1.49527 1.40721 1.40406 1.28969
threshold=12.062500000000002 120.50000000000001 49.500000000000007 139.31250000000003 51.125000000000007 33.277910797542454 58.875000000000007 54.562500000000007 61.062500000000007 14.211012226551061 207.50000000000003 51.437500000000007 4.7562500000000005 3.5000000000000004
decision_type=2 2 2 2 2 2 2 2 2 2 2 2 2 2
left_child=-1 2 4 12 9 -3 7 11 -9 -2 -7 -6 -4 -8
right_child=1 5 3 -5 6 10 13 8 -10 -11 -12 -13 -14 -15
leaf_value=-0.09666812927887844 0.054426688362665392 -0.12236414535069159 -0.054585077050650507 -0.090997450215622069 0.053783816260582956 -0.042401319610360755 -0.11078826247520361 0.14960019426229643 0.050234772501766146 -0.04639955371893309 0.44691139654909839 -0.15293486320525437 0.2081698685701816 0.0090495197591360377
leaf_weight=113 6.9999999999999991 113 9.9999999999999982 7.9999999999999991 55 149 71 33 31 469 4.9999999999999991 23 30 910
leaf_count=113 7 113 10 8 55 149 71 33 31 469 5 23 30 910
internal_value=-0.000263583 -9.70231e-05 0.000165431 0.00335789 6.94897e-05 -0.00171572 0.000421536 0.00197171 0.00446787 -0.00076102 -0.000612611 -7.79569e-05 0.00494076 0.000197052
internal_weight=2027 1914 1647 48 1599 267 1123 142 64 476 154 78 40 981
internal_count=2027 1914 1647 48 1599 267 1123 142 64 476 154 78 40 981
is_linear=0
shrinkage=0.0152222


Tree=175
num_leaves=12
num_cat=0
split_feature=11 6 79 77 11 8 76 109 9 76 11
split_gain=6.40184 3.28881 2.47789 2.4898 2.35934 2.54913 1.80106 1.79278 2.18113 2.05424 1.19653
threshold=3.1770833333333344 5.5500000000000007 68.125000000000014 1324.5000000000002 8.0250000000000021 46.645833333333336 697.00000000000011 2.7705422547601386 31.675595238095244 2415.5000000000005 1.1270833333333337
decision_type=2 2 2 2 2 2 2 2 2 2 2
left_child=1 10 3 -3 5 7 -7 -2 -9 -10 -1
right_child=4 2 -4 -5 -6 6 -8 8 9 -11 -12
leaf_value=-0.17229811405254308 -0.052572358152550777 -0.10244231783313434 -0.059929680112968654 0.027340653283430875 0.34240839654752087 0.21508796938052965 -0.0059999232615740757 0.21576249092406485 0.093234673380421726 -0.013887506525552991 -0.10133423628490229
leaf_weight=42 34 71 234 303 27 5.9999999999999991 539 43 183 97 423
leaf_count=42 34 71 234 303 27 6 539 43 183 97 423
internal_value=-0.000346709 -0.00114764 -0.000410558 0.000358109 0.000578375 0.000445498 -0.000209453 0.00144525 0.00179526 0.00130451 -0.00211123
internal_weight=2002 1073 608 374 929 902 545 357 323 280 465
internal_count=2002 1073 608 374 929 902 545 357 323 280 465
is_linear=0
shrinkage=0.0152222


Tree=176
num_leaves=15
num_cat=0
split_feature=11 46 11 1 8 13 13 11 36 36 11 36 11 36
split_gain=5.76003 3.40214 2.81909 3.1127 2.22326 1.67006 1.65655 1.64598 1.56449 2.21174 1.6342 1.69585 1.27308 1.2501
threshold=3.9354166666666672 0.17500000000000002 1.560416666666667 120.50000000000001 34.500000000000007 19.500000000000004 17.500000000000004 4.9229166666666675 17.850000000000005 15.450000000000001 8.0250000000000021 5.3500000000000005 4.5020833333333341 4.2500000000000009
decision_type=2 2 2 2 2 2 2 2 2 2 2 2 2 2
left_child=2 8 -1 4 5 6 -4 -3 9 10 11 13 -13 -2
right_child=1 7 3 -5 -6 -7 -8 -9 -10 -11 -12 12 -14 -15
leaf_value=-0.11158836397167546 -0.019240473214156319 -0.088742008679600651 -0.03137952575807585 -0.11468362846730623 -0.068317514012441044 -0.057330198594770211 0.045858808570817124 0.033285520891981057 -0.032478912426329519 0.22499984344668322 0.27190137341189013 0.063504449291258355 0.0033301702522357448 0.26698222533093824
leaf_weight=204 9.9999999999999982 52 197 153 222 184 374 63 90 70 27 88 233 22
leaf_count=204 10 52 197 153 222 184 374 63 90 70 27 88 233 22
internal_value=-0.000181374 0.000987617 -0.000755374 -0.000457989 -0.000141772 0.000252001 0.000658407 -0.0013892 0.00149388 0.00186027 0.00140185 0.00112532 0.000791795 0.00446422
internal_weight=1989 655 1334 1130 977 755 571 115 540 450 380 353 321 32
internal_count=1989 655 1334 1130 977 755 571 115 540 450 380 353 321 32
is_linear=0
shrinkage=0.0152222


Tree=177
num_leaves=11
num_cat=0
split_feature=3 57 8 104 0 82 26 8 36 0
split_gain=3.62347 1.98955 1.85762 1.8444 1.52695 1.52244 1.75614 2.2164 1.83175 1.40485
threshold=66.500000000000014 1.5000000000000002 11.72916666666667 1032.7380952380954 16.500000000000004 22.456250000000004 1.0000000180025095e-35 84.083333333333357 9.8500000000000032 36.500000000000007
decision_type=2 2 2 2 2 2 2 2 2 2
left_child=1 2 9 4 -4 6 7 -2 -8 -1
right_child=5 -3 3 -5 -6 -7 8 -9 -10 -11
leaf_value=-0.11686003670839808 0.042811289877399787 0.58331623144157951 0.07958447455337038 0.07077515445823826 -0.043674584609021863 -0.098808124658690932 -0.090626651003773109 0.20683355654716234 0.0044059659267518874 0.17393883617547107
leaf_weight=70 708 9.9999999999999982 24 63 824 23 45 10.999999999999998 171 7.9999999999999991
leaf_count=70 708 10 24 63 824 23 45 11 171 8
internal_value=-3.96665e-05 -0.000681075 -0.000749524 -0.000556386 -0.00074311 0.000629189 0.000724436 0.00108601 -0.000479085 -0.00300338
internal_weight=1957 999 989 911 848 958 935 719 216 78
internal_count=1957 999 989 911 848 958 935 719 216 78
is_linear=0
shrinkage=0.0152222


Tree=178
num_leaves=12
num_cat=0
split_feature=81 57 5 0 1 7 8 38 7 38 38
split_gain=4.58385 2.74893 2.19853 1.95626 1.96353 1.67359 1.63771 1.43728 1.31462 1.26818 1.29835
threshold=55.062500000000007 1.5000000000000002 2.9500000000000006 159.50000000000003 129.50000000000003 2.8500000000000001 10.72916666666667 41.20000000000001 2.9500000000000006 28.650000000000002 30.850000000000005
decision_type=2 2 2 2 2 2 2 2 2 2 2
left_child=1 5 -2 4 6 -1 -4 9 -7 -8 -11
right_child=2 -3 3 -5 -6 8 7 -9 -10 10 -12
leaf_value=-0.14772044391856345 -0.14108992862133171 0.42917731419502858 -0.087888594505346029 0.1957719212149388 -0.065122914613956334 0.16745210215831929 0.019100269353171606 -0.19705814774524447 -0.047225433605096623 0.12914465500090233 0.068898698511221892
leaf_weight=67 62 6.9999999999999991 13.999999999999998 44 63 14.999999999999998 984 11.999999999999998 693 32 54
leaf_count=67 62 7 14 44 63 15 984 12 693 32 54
internal_value=-0.000127157 -0.00104329 0.000439197 0.0005833 0.000463603 -0.00112931 0.000613856 0.000680884 -0.000911541 0.000739732 0.00251189
internal_weight=2047 782 1265 1203 1159 775 1096 1082 708 1070 86
internal_count=2047 782 1265 1203 1159 775 1096 1082 708 1070 86
is_linear=0
shrinkage=0.0152222


Tree=179
num_leaves=13
num_cat=0
split_feature=11 15 49 8 11 6 103 5 41 76 41 41
split_gain=4.88872 2.87344 2.2288 2.13648 1.9146 1.73802 1.47619 1.46191 1.31386 2.34921 1.32894 1.24859
threshold=3.9812500000000002 3.5000000000000004 102115.00000000001 41.375000000000007 7.7666666666666684 13.15 0.88206698582839038 7.4500000000000011 40.150000000000006 1883.0000000000002 48.050000000000004 38.70000000000001
decision_type=2 2 2 2 2 2 2 2 2 2 2 2
left_child=1 6 3 5 -5 -2 -1 -4 9 11 -10 -3
right_child=2 8 7 4 -6 -7 -8 -9 10 -11 -12 -13
leaf_value=0.027909282247432582 0.14392657208536611 -0.040309940697962857 0.049964240576022542 0.044455154646884272 0.22196217245420993 0.23178536894024573 -0.10216412151576784 -0.10212868104632232 -0.082518724062743742 0.035018494844860922 -0.0016257806289810956 0.12047049167834939
leaf_weight=55 30 308 66 401 27 21 415 80 124 319 131 9.9999999999999982
leaf_count=55 30 308 66 401 27 21 415 80 124 319 131 10
internal_value=-0.00017696 -0.000688436 0.000937605 0.00143943 0.00108818 0.00438308 -0.00165158 -0.000708702 -0.000180877 0.000188762 -0.00110412 -0.000737044
internal_weight=1987 1362 625 479 428 51 470 146 892 637 255 318
internal_count=1987 1362 625 479 428 51 470 146 892 637 255 318
is_linear=0
shrinkage=0.0152222


Tree=180
num_leaves=11
num_cat=0
split_feature=11 8 11 11 11 14 6 10 0 58
split_gain=6.42933 2.75074 2.79805 2.72283 1.99627 1.96941 1.90759 2.41558 1.36336 1.20031
threshold=2.6854166666666677 26.854166666666668 8.0250000000000021 1.1270833333333337 3.1375000000000006 1.0000000180025095e-35 8.5500000000000025 26.963053853639472 23.500000000000004 1.5348503553932937
decision_type=2 2 2 2 2 2 2 2 2 2
left_child=3 8 4 -1 -3 -5 7 -7 -2 -6
right_child=1 2 -4 5 9 6 -8 -9 -10 -11
leaf_value=-0.17727335277332529 0.30111225209789533 -0.083702621919984607 0.32342911872965763 -0.10285852477384179 0.021516777782094567 -0.02165971113148359 0.013424912814027891 -0.14123128761113626 0.12286981821142169 -0.13671963717527905
leaf_weight=66 5.9999999999999991 147 29 189 905 394 90 121 47 31
leaf_count=66 6 147 29 189 905 394 90 121 47 31
internal_value=-0.00036457 0.000372369 0.000210798 -0.00136283 8.5731e-05 -0.00111571 -0.000691854 -0.00104919 0.00375875 0.000344753
internal_weight=2025 1165 1112 860 1083 794 605 515 53 936
internal_count=2025 1165 1112 860 1083 794 605 515 53 936
is_linear=0
shrinkage=0.0152222


Tree=181
num_leaves=19
num_cat=0
split_feature=6 10 11 79 82 72 82 77 82 0 0 3 3 82 38 38 38 38
split_gain=5.64942 2.92049 1.9556 1.89887 1.60399 1.52566 2.50222 1.62497 1.99852 1.48427 1.67297 1.87482 1.59207 1.32143 1.29634 1.22885 1.27078 2.32794
threshold=9.8500000000000032 20.962323546621906 1.310416666666667 91.875000000000014 4.7562500000000005 1.5000000000000002 5.5562500000000012 921.50000000000011 7.2687500000000016 50.500000000000007 159.50000000000003 142.50000000000003 89.500000000000014 5.8562500000000011 5.5500000000000007 9.7500000000000018 15.850000000000003 14.15
decision_type=2 2 2 2 2 2 2 2 2 2 2 2 2 2 2 2 2 2
left_child=2 -2 14 4 15 7 -7 13 -9 -3 11 12 -11 -6 -1 -4 17 -17
right_child=1 9 3 -5 5 6 -8 8 -10 10 -12 -13 -14 -15 -16 16 -18 -19
leaf_value=0.030754569589837324 -0.16330682004165545 0.11654344793262202 -0.15636606571440037 -0.15953145089978157 0.019495527465316145 0.038795125619612701 -0.042394446975074836 0.0030327356312661812 0.089729076333335434 -0.0081579014493790205 0.18356268287233279 -0.041500846379658521 0.11549692719650628 -0.2244283232774896 -0.14478678057268413 -0.056411424794292571 -0.092261930364622838 0.16824879768769158
leaf_weight=4.9999999999999991 23 77 41 56 11.999999999999998 135 545 104 66 224 25 82 290 21 92 43 95 17
leaf_count=5 23 77 41 56 12 135 545 104 66 224 25 82 290 21 92 43 95 17
internal_value=-0.000295393 0.000774773 -0.000921693 -0.000744309 -0.000602367 -0.000325797 -0.000671512 0.000832116 0.00143222 0.000950767 0.000703442 0.000541408 0.000882437 -0.00225662 -0.00299573 -0.00184791 -0.00122716 0.000506902
internal_weight=1953 721 1232 1135 1079 883 680 203 170 698 621 596 514 33 97 196 155 60
internal_count=1953 721 1232 1135 1079 883 680 203 170 698 621 596 514 33 97 196 155 60
is_linear=0
shrinkage=0.0152222


Tree=182
num_leaves=14
num_cat=0
split_feature=11 11 10 11 57 13 19 10 19 6 6 8 81
split_gain=4.65189 2.92115 2.89055 3.46197 2.38938 2.5157 2.86085 2.30123 2.04109 1.98712 1.62843 1.33917 1.24331
threshold=5.3729166666666677 1.1270833333333337 47.808559502056802 2.8520833333333337 1.5000000000000002 18.500000000000004 30.500000000000004 29.398005917894217 5.5000000000000009 18.650000000000002 22.950000000000003 28.437500000000004 107.81250000000001
decision_type=2 2 2 2 2 2 2 2 2 2 2 2 2
left_child=1 -1 3 7 5 10 8 11 -7 -5 -2 -3 -11
right_child=4 2 -4 9 -6 6 -8 -9 -10 12 -12 -13 -14
leaf_value=-0.14776520329920775 0.041692770806258189 -0.018560160947613116 -0.08987201590702916 0.031228397783313828 0.4945570055893147 0.32216136494298964 0.308969852712908 -0.11418412422498381 -0.028519343119503389 0.074212176598064158 -0.12090317371602619 0.23868790322987729 0.15313988814412208
leaf_weight=66 91 644 271 506 14.999999999999998 6.9999999999999991 61 191 63 15.999999999999998 18 4.9999999999999991 20
leaf_count=66 91 644 271 506 15 7 61 191 63 16 18 5 20
internal_value=-0.000217453 -0.000502077 -0.000376628 -9.47194e-05 0.00170095 0.00133164 0.00275283 -0.000706698 0.000651841 0.000853704 -0.000376848 -0.000274394 0.00430669
internal_weight=1974 1719 1653 1382 255 240 131 840 70 542 109 649 36
internal_count=1974 1719 1653 1382 255 240 131 840 70 542 109 649 36
is_linear=0
shrinkage=0.0152222


Tree=183
num_leaves=16
num_cat=0
split_feature=11 11 10 1 2 6 8 9 107 77 107 107 15 77 77
split_gain=4.93399 3.184 3.51247 2.83957 2.24084 1.74541 1.7368 1.69622 1.51473 1.51193 1.34576 1.49424 1.30011 1.2859 1.8735
threshold=3.1770833333333344 1.1500000000000006 37.221952116287106 129.50000000000003 161.50000000000003 8.4500000000000011 33.770833333333336 37.627976190476197 1.2313144880429256 1324.5000000000002 1.0941040182543984 0.86368543725919644 3.5000000000000004 2931.5000000000005 2038.5000000000002
decision_type=2 2 2 2 2 2 2 2 2 2 2 2 2 2 2
left_child=1 -1 3 5 6 13 7 8 -2 -7 11 -8 -6 14 -3
right_child=4 2 -4 -5 12 9 10 -9 -10 -11 -12 -13 -14 -15 -16
leaf_value=-0.17678111551723263 -0.017060256715778994 -0.055514476369312282 -0.23789622203545965 -0.12546863191471394 -0.0056853314377589134 -0.18348437153625052 -0.082740210826884722 0.48074183409293125 0.43729018937911179 0.045850370080960656 -0.020880878777960382 0.032777100621038176 0.21798080723201035 -0.08128509594945961 0.027613486798802229
leaf_weight=79 34 341 69 82 6.9999999999999991 9.9999999999999982 60 23 7.9999999999999991 144 231 517 41 152 191
leaf_count=79 34 341 69 82 7 10 60 23 8 144 231 517 41 152 191
internal_value=-0.000342087 -0.00104612 -0.000811087 -0.000562525 0.00047432 -0.000297882 0.000298145 0.00269097 0.000868676 0.00116596 0.000105488 0.000498562 0.00367468 -0.00062753 -0.000274652
internal_weight=1989 1068 989 920 921 838 873 65 42 154 808 577 48 684 532
internal_count=1989 1068 989 920 921 838 873 65 42 154 808 577 48 684 532
is_linear=0
shrinkage=0.0152222


Tree=184
num_leaves=14
num_cat=0
split_feature=11 0 76 77 26 104 11 19 76 57 104 104 41
split_gain=5.1783 2.44901 1.96517 2.81166 1.91853 2.5515 1.90221 2.23079 3.01236 1.8252 1.52659 1.37238 1.2528
threshold=2.3937500000000012 17.500000000000004 673.00000000000011 2367.5000000000005 1.0000000180025095e-35 864.88095238095252 7.3187500000000005 12.500000000000002 2109.5000000000005 1.5000000000000002 864.88095238095252 895.57142857142867 80.65000000000002
decision_type=2 2 2 2 2 2 2 2 2 2 2 2 2
left_child=2 -2 -1 4 5 -4 7 -3 -9 11 -5 -8 -10
right_child=1 6 3 10 -6 -7 9 8 12 -11 -12 -13 -14
leaf_value=-0.13706349937375539 0.34143959482351793 -0.020495894712803428 0.065710720799434241 -0.05263853862366194 -0.060788292822358217 -0.065645696224316416 -0.22034831229195209 -0.0091556747551100742 0.069472916631165241 0.54171167063345327 -0.17600905507326989 0.29331888261901629 -0.075501347614116671
leaf_weight=71 7.9999999999999991 280 97 194 176 61 9.9999999999999982 554 450 9.9999999999999982 70 24 7.9999999999999991
leaf_count=71 8 280 97 194 176 61 10 554 450 10 70 24 8
internal_value=-0.000218533 0.000326175 -0.00131278 -0.0010283 -0.000100238 0.00111719 0.000275718 0.000169649 0.000502364 0.00338635 -0.00220216 0.00169861 0.0014157
internal_weight=2013 1344 669 598 334 158 1336 1292 1012 44 264 34 458
internal_count=2013 1344 669 598 334 158 1336 1292 1012 44 264 34 458
is_linear=0
shrinkage=0.0152222


Tree=185
num_leaves=13
num_cat=0
split_feature=11 11 8 8 11 2 76 76 10 10 81 0
split_gain=5.1709 2.75268 3.75341 2.7005 2.20628 3.32948 1.83563 2.72828 1.65735 1.65655 1.57567 1.33054
threshold=3.1479166666666676 1.39375 25.812500000000004 33.437500000000007 3.8020833333333344 35.500000000000007 824.50000000000011 1082.5000000000002 30.477594866241912 28.872029753914621 152.18750000000003 64.500000000000014
decision_type=2 2 2 2 2 2 2 2 2 2 2 2
left_child=1 -1 8 9 -5 -6 -7 -8 -3 -2 -9 -4
right_child=3 2 11 4 5 6 7 10 -10 -11 -12 -13
leaf_value=-0.1060519843853571 -0.045605390551994147 0.0001415837805043296 -0.034790221406977496 -0.035441374635929251 0.20445173615155793 0.1949213819367675 -0.21806160780683959 0.038412647296012986 0.14220443253544304 0.22518624938024223 -0.09014890207214056 -0.14028373640761252
leaf_weight=156 12.999999999999998 585 140 173 41 29 35 570 18 49 12.999999999999998 176
leaf_count=156 13 585 140 173 41 29 35 570 18 49 13 176
internal_value=-0.000124942 -0.000842488 -0.000525042 0.000710766 0.000489693 0.000876091 0.000609304 0.00043347 0.000179211 0.0037778 0.000681408 -0.00186874
internal_weight=1998 1075 919 923 861 688 647 618 603 62 583 316
internal_count=1998 1075 919 923 861 688 647 618 603 62 583 316
is_linear=0
shrinkage=0.0152222


Tree=186
num_leaves=12
num_cat=0
split_feature=11 11 1 8 57 19 1 19 79 19 77
split_gain=6.19847 3.00377 2.38995 2.82347 2.35236 2.84012 2.1231 1.61532 1.59624 1.54125 1.24056
threshold=4.9229166666666675 1.810416666666667 130.50000000000003 49.145833333333336 1.5000000000000002 31.500000000000004 14.500000000000002 3.5000000000000004 85.375000000000014 32.500000000000007 3316.5000000000005
decision_type=2 2 2 2 2 2 2 2 2 2 2
left_child=1 6 3 7 5 10 -1 -3 -4 -7 -2
right_child=4 2 8 -5 -6 9 -8 -9 -10 -11 -12
leaf_value=0.067305949934709147 0.041943909907900034 -0.071266184788861209 -0.11780656695117592 -0.066778184847277378 0.43146166412626136 0.38248919534380948 -0.084715421648735856 0.01361726546386076 0.17273721421014901 0.19433328241857825 -0.1682533906357068
leaf_weight=27 152 54 111 148 14.999999999999998 5.9999999999999991 291 982 8.9999999999999982 136 31
leaf_count=27 152 54 111 148 15 6 291 982 9 136 31
internal_value=-0.000167578 -0.000559317 -0.000235792 -2.82799e-05 0.00170104 0.00142831 -0.00188571 0.000252707 -0.00228232 0.00304331 0.000174609
internal_weight=1962 1622 1304 1184 340 325 318 1036 120 142 183
internal_count=1962 1622 1304 1184 340 325 318 1036 120 142 183
is_linear=0
shrinkage=0.0152222


Tree=187
num_leaves=12
num_cat=0
split_feature=8 81 19 0 8 0 41 12 12 12 41
split_gain=3.53577 2.45197 2.03178 1.76212 1.71092 1.42033 1.34333 1.33138 1.49437 1.33594 1.25365
threshold=12.062500000000002 55.062500000000007 3.5000000000000004 159.50000000000003 17.729166666666668 28.500000000000004 54.550000000000004 3.8627976190476194 3.5002976190476192 3.4675595238095243 7.7500000000000009
decision_type=2 2 2 2 2 2 2 2 2 2 2
left_child=5 6 -3 4 -4 -1 10 8 9 -6 -2
right_child=1 2 3 -5 7 -7 -8 -9 -10 -11 -12
leaf_value=-0.11434447529568732 0.037829131692183285 -0.08601879339887103 0.096362437246488103 0.15329697182291693 0.0036839404189966079 -0.033665588795026465 0.047778215039189359 0.054400881757979073 -0.054084641411539104 0.20174580568774197 -0.062709287513924489
leaf_weight=79 7.9999999999999991 58 40 46 591 36 56 181 253 35 594
leaf_count=79 8 58 40 46 591 36 56 181 253 35 594
internal_value=-0.00025485 -9.48276e-05 0.00031353 0.000454251 0.000332102 -0.00284459 -0.000842008 0.000215394 -2.94336e-05 0.000369576 -0.0010518
internal_weight=1977 1862 1204 1146 1100 115 658 1060 879 626 602
internal_count=1977 1862 1204 1146 1100 115 658 1060 879 626 602
is_linear=0
shrinkage=0.0152222


Tree=188
num_leaves=9
num_cat=0
split_feature=11 7 108 79 2 23 25 79
split_gain=4.14451 2.62871 2.37256 2.25899 1.9135 1.45212 1.29272 1.26918
threshold=1.1500000000000006 13.550000000000002 30.465456312879169 37.375000000000007 211.50000000000003 -0.98296291314453399 0.6078576107927941 37.875000000000007
decision_type=2 2 2 2 2 2 2 2
left_child=-1 2 6 -4 5 -3 -2 -5
right_child=1 4 3 7 -6 -7 -8 -9
leaf_value=-0.14155881769378989 -0.00062692103565286511 -0.037736322550425562 -0.12576056899496554 0.069406679760622925 0.13734182442861603 0.067357437084710897 0.032840293179566854 -0.027271921156163136
leaf_weight=73 251 138 160 11.999999999999998 11.999999999999998 255 151 951
leaf_count=73 251 138 160 12 12 255 151 951
internal_value=-0.000379214 -0.000244493 -0.000534005 -0.000893227 0.000845561 0.000662243 0.00046947 -0.000614859
internal_weight=2003 1930 1525 1123 405 393 402 963
internal_count=2003 1930 1525 1123 405 393 402 963
is_linear=0
shrinkage=0.0152222


Tree=189
num_leaves=13
num_cat=0
split_feature=7 11 46 0 57 0 3 26 40 81 7 36
split_gain=4.33627 2.57127 2.06958 1.92468 2.00669 1.60589 1.54743 1.79407 1.9807 1.39116 1.28617 1.26099
threshold=9.3500000000000032 1.3312500000000005 0.2916666666666668 97.500000000000014 1.5000000000000002 159.50000000000003 93.500000000000014 0.81174490092936691 3.0500000000000003 44.437500000000007 9.7500000000000018 22.300000000000001
decision_type=2 2 2 2 2 2 2 2 2 2 2 2
left_child=1 -1 5 6 -5 9 7 8 -3 -2 -11 -10
right_child=2 3 -4 4 -6 -7 -8 -9 11 10 -12 -13
leaf_value=-0.14405241652759704 -0.16672414368546024 0.096728103959585268 -0.10218146372508174 -0.099591693024102271 0.39871995079774109 0.17098545563306652 -0.077584627586510177 -0.083889557644262452 -0.00056275923435905226 0.087285615220940693 0.039059898055397974 0.37886465342769871
leaf_weight=102 10.999999999999998 87 114 186 4.9999999999999991 37 47 219 553 37 620 4.9999999999999991
leaf_count=102 11 87 114 186 5 37 47 219 553 37 620 5
internal_value=-0.000179831 -0.000761075 0.000674637 -0.000546976 -0.00193611 0.000982349 -0.000255634 -0.000109222 0.000294974 0.000811175 0.000901208 -3.8181e-05
internal_weight=2023 1204 819 1102 191 705 911 864 645 668 657 558
internal_count=2023 1204 819 1102 191 705 911 864 645 668 657 558
is_linear=0
shrinkage=0.0152222


Tree=190
num_leaves=10
num_cat=0
split_feature=79 19 76 68 41 81 81 41 5
split_gain=4.42299 2.7133 2.1241 1.75302 2.40353 1.60099 2.16911 1.56677 1.39549
threshold=36.875000000000007 3.5000000000000004 4953.5000000000009 1.0000000180025095e-35 33.300000000000004 55.562500000000007 55.937500000000007 72.350000000000009 10.550000000000002
decision_type=2 2 2 2 2 2 2 2 2
left_child=8 2 -2 5 -5 -3 -7 -6 -1
right_child=1 3 -4 4 7 6 -8 -9 -10
leaf_value=-0.031753245063771633 -0.071352167118067758 -0.026235826048970477 0.092940984309987137 0.22528003124399507 -0.0093808402449790645 0.19590397649391769 0.024865539742581669 0.27322412989547012 -0.1428889664426182
leaf_weight=138 100 445 4.9999999999999991 51 86 4.9999999999999991 1033 5.9999999999999991 121
leaf_count=138 100 445 5 51 86 5 1033 6 121
internal_value=-7.6472e-06 0.000269962 -0.00210105 0.000423135 0.00203242 0.000267891 0.000595363 0.0005622 -0.00186272
internal_weight=1990 1731 105 1626 143 1483 1038 92 259
internal_count=1990 1731 105 1626 143 1483 1038 92 259
is_linear=0
shrinkage=0.0152222


Tree=191
num_leaves=10
num_cat=0
split_feature=11 8 15 2 36 13 19 26 8
split_gain=3.37427 3.10168 2.80037 2.47809 2.23632 2.20452 1.46324 1.20083 1.19388
threshold=3.8812500000000005 48.229166666666679 3.5000000000000004 207.50000000000003 7.2500000000000009 19.500000000000004 15.500000000000002 1.0000000180025095e-35 49.145833333333336
decision_type=2 2 2 2 2 2 2 2 2
left_child=2 4 7 -3 -2 8 -6 -1 -4
right_child=1 3 5 -5 6 -7 -8 -9 -10
leaf_value=-0.05846788525725103 0.22356146759736939 -0.0053566762605315975 0.0084209940063532922 0.18712250577217523 0.14078091246806157 -0.10061913624251692 0.017384562047137203 -0.11218113662075532 -0.23085534916815009
leaf_weight=234 39 515 630 11.999999999999998 31 206 94 207 11.999999999999998
leaf_count=234 39 515 630 12 31 206 94 207 12
internal_value=-0.000292134 0.000566104 -0.000752221 -2.88029e-06 0.00239394 -0.00024052 0.00139983 -0.00173602 0.000199146
internal_weight=1980 691 1289 527 164 848 125 441 642
internal_count=1980 691 1289 527 164 848 125 441 642
is_linear=0
shrinkage=0.0152222


Tree=192
num_leaves=7
num_cat=0
split_feature=11 11 1 6 10 5
split_gain=4.57624 3.06248 3.1501 2.92166 1.99099 1.49273
threshold=3.339583333333334 1.1270833333333337 117.50000000000001 5.9500000000000011 37.594855814375684 12.65
decision_type=2 2 2 2 2 2
left_child=1 -1 4 5 -3 -2
right_child=3 2 -4 -5 -6 -7
leaf_value=-0.14298743879797676 0.037572877460541984 -0.0028172195959815329 -0.1074709668925961 0.013168143093071519 -0.15146708446448892 0.16015747511430944
leaf_weight=67 25 825 158 816 71 24
leaf_count=67 25 825 158 816 71 24
internal_value=-0.000312712 -0.000954567 -0.000753849 0.000519103 -0.000404313 0.00412733
internal_weight=1986 1121 1054 865 896 49
internal_count=1986 1121 1054 865 896 49
is_linear=0
shrinkage=0.0152222


Tree=193
num_leaves=14
num_cat=0
split_feature=11 8 11 1 103 19 38 7 81 81 6 81 81
split_gain=4.75461 2.98846 3.11056 2.11047 2.91 2.04811 2.29392 1.96933 1.88796 1.64315 1.52384 1.30654 1.21752
threshold=2.0187500000000012 20.520833333333339 2.8520833333333337 22.500000000000004 0.88902276843928385 7.5000000000000009 16.350000000000005 13.65 41.687500000000007 131.43750000000003 4.8500000000000005 45.437500000000007 99.645833333333357
decision_type=2 2 2 2 2 2 2 2 2 2 2 2 2
left_child=3 7 10 4 -1 -4 9 8 -2 12 -3 -8 -7
right_child=1 2 5 -5 -6 6 11 -9 -10 -11 -12 -13 -14
leaf_value=0.12952623268205274 -0.02128151465064718 -0.12506612573943532 -0.017878905320367608 -0.072543116915301631 -0.026569661420018827 0.049722725121485997 -0.15565923533813977 -0.20798530460756487 0.11469921318247961 -0.14528917873994329 -0.025800683480103757 0.0033812468014799307 0.17694778577233755
leaf_weight=8.9999999999999982 18 76 137 358 58 352 31 6.9999999999999991 52 14.999999999999998 372 390 167
leaf_count=9 18 76 137 358 58 352 31 7 52 15 372 390 167
internal_value=-0.000161013 0.000215568 6.91867e-05 -0.00159365 0.000885327 0.000507379 0.000757081 0.00314114 0.00391135 0.00141946 -0.000998834 -8.31417e-05 0.00156312
internal_weight=2042 1617 1540 425 67 1092 955 77 70 534 448 421 519
internal_count=2042 1617 1540 425 67 1092 955 77 70 534 448 421 519
is_linear=0
shrinkage=0.0152222


Tree=194
num_leaves=12
num_cat=0
split_feature=11 8 11 84 10 78 8 11 38 20 20
split_gain=5.74784 3.06536 3.13181 2.33235 1.96092 2.76826 1.69668 1.653 1.88225 1.45225 1.21285
threshold=2.3937500000000012 25.937500000000004 2.8979166666666671 1.0000000180025095e-35 27.95204871391962 1150.3000000000004 20.520833333333339 6.4312500000000012 16.650000000000002 1.0000000180025095e-35 1.0000000180025095e-35
decision_type=2 2 2 2 2 2 2 2 2 2 2
left_child=3 4 9 -1 5 -2 -7 8 -4 -3 -9
right_child=1 2 7 -5 -6 6 -8 10 -10 -11 -12
leaf_value=-0.099355363347547576 -0.15044005852470818 -0.088738567564641754 0.038934893835989574 -0.022001983553241761 0.1522672895277131 0.392209382859801 0.076453717985911024 0.18027948264319762 -0.026497559457545592 0.084757369519852147 0.48962990841957821
leaf_weight=293 28 187 510 369 56 8.9999999999999982 55 90 410 10.999999999999998 6.9999999999999991
leaf_count=293 28 187 510 369 56 9 55 90 410 11 7
internal_value=-0.000206714 0.000358482 0.000106485 -0.00137035 0.00242646 0.0010583 0.00280428 0.000447509 0.00024817 -0.00164478 0.00233698
internal_weight=2025 1363 1215 662 148 92 64 1017 920 198 97
internal_count=2025 1363 1215 662 148 92 64 1017 920 198 97
is_linear=0
shrinkage=0.0152222


Tree=195
num_leaves=8
num_cat=0
split_feature=19 101 57 83 81 11 11
split_gain=3.33269 3.19951 2.74214 2.13618 1.74167 1.4819 1.33517
threshold=7.5000000000000009 0.86530532737705179 1.5000000000000002 1.0000000180025095e-35 47.437500000000007 1.8604166666666668 6.2250000000000014
decision_type=2 2 2 2 2 2 2
left_child=1 -1 3 4 -2 -6 -7
right_child=2 -3 -4 -5 5 6 -8
leaf_value=0.33095022449619149 -0.12385125055353817 -0.084636903555466728 0.41741948461259359 0.016870600773013524 -0.13446472416041166 0.0016061125647548005 -0.13274034595463705
leaf_weight=10.999999999999998 180 315 14.999999999999998 896 34 510 20
leaf_count=11 180 315 15 896 34 510 20
internal_value=-0.000171349 -0.00157799 0.000105768 4.6405e-05 -0.000556467 -0.000140327 5.74286e-05
internal_weight=1981 326 1655 1640 744 564 530
internal_count=1981 326 1655 1640 744 564 530
is_linear=0
shrinkage=0.0152222


Tree=196
num_leaves=13
num_cat=0
split_feature=11 11 76 58 1 38 38 38 6 1 82 82
split_gain=5.17832 3.24908 2.57947 1.93472 1.58112 1.53284 2.57579 1.62233 1.61204 1.20378 1.19916 1.8289
threshold=7.3187500000000005 1.1500000000000006 1082.5000000000002 1.5348503553932937 15.500000000000002 41.20000000000001 28.250000000000004 20.750000000000004 5.2500000000000009 156.50000000000003 4.7562500000000005 4.4562500000000007
decision_type=2 2 2 2 2 2 2 2 2 2 2 2
left_child=1 -1 4 5 -3 6 7 10 -9 -2 11 -4
right_child=9 2 3 -5 -6 -7 -8 8 -10 -11 -12 -13
leaf_value=-0.15334956113167061 0.33154175504983741 0.08753409547709437 0.0022240836948684431 -0.12953921540705943 -0.076903601375845843 -0.20027775155814956 0.081054729092144048 -0.12986850149251325 -0.010929969866174179 -0.10130885023495088 0.01853919609051197 -0.1698396298856639
leaf_weight=80 33 18 72 77 303 14.999999999999998 124 56 222 4.9999999999999991 947 27
leaf_count=80 33 18 72 77 303 15 124 56 222 5 947 27
internal_value=-0.000120757 -0.000229776 -0.000100604 0.000158145 -0.00134179 0.000281957 0.000332183 0.000135658 -0.00089782 0.00544048 0.000410364 -0.00118329
internal_weight=1979 1941 1861 1540 321 1463 1448 1324 278 38 1046 99
internal_count=1979 1941 1861 1540 321 1463 1448 1324 278 38 1046 99
is_linear=0
shrinkage=0.0152222


Tree=197
num_leaves=7
num_cat=0
split_feature=8 1 19 6 0 19
split_gain=3.55575 1.8652 2.49943 2.04538 1.80273 1.77133
threshold=12.062500000000002 132.50000000000003 49.500000000000007 20.850000000000005 30.500000000000004 51.500000000000007
decision_type=2 2 2 2 2 2
left_child=4 2 -2 -3 -1 -4
right_child=1 3 5 -5 -6 -7
leaf_value=-0.11698544481977284 0.0021950923516613546 -0.10602607587309651 0.37477443374159303 0.059772009741043616 0.01301536086260041 -0.080331623834988819
leaf_weight=84 1671 154 37 8.9999999999999982 30 15.999999999999998
leaf_count=84 1671 154 37 9 30 16
internal_value=-8.59584e-05 7.17909e-05 0.000218965 -0.00148437 -0.00269602 0.00347181
internal_weight=2001 1887 1724 163 114 53
internal_count=2001 1887 1724 163 114 53
is_linear=0
shrinkage=0.0152222


Tree=198
num_leaves=17
num_cat=0
split_feature=11 81 0 68 41 36 36 1 36 82 41 9 9 82 82 41
split_gain=4.77206 3.0483 2.71733 2.29584 2.7001 2.12776 1.87208 1.86049 1.65522 1.77307 1.46908 1.46729 2.18608 1.32945 1.30501 1.23125
threshold=1.1500000000000006 45.437500000000007 8.5000000000000018 1.0000000180025095e-35 29.700000000000003 8.0500000000000025 8.3500000000000032 40.500000000000007 16.750000000000004 10.693750000000001 71.450000000000003 45.782738095238109 32.580357142857146 10.156250000000002 10.806250000000002 70.40000000000002
decision_type=2 2 2 2 2 2 2 2 2 2 2 2 2 2 2 2
left_child=-1 7 -3 5 11 15 -7 -2 9 13 -6 12 -5 -8 -11 -4
right_child=1 2 3 4 10 6 8 -9 -10 14 -12 -13 -14 -15 -16 -17
leaf_value=-0.14686970466914628 0.026967895101450406 0.12348402594371208 -0.066968123588308337 0.20228913136881263 -0.0032795898466763448 0.073507927000252826 -0.015415839692683888 -0.092432115624064698 0.036098401029613959 0.10090095964060211 0.36576058164297315 0.38161790642237109 -0.068466643028204405 -0.12612223453925203 0.040006935649891377 0.14183874508885302
leaf_weight=79 103 10.999999999999998 223 6.0000000000000027 74 32 454 299 326 7.9999999999999991 7.9999999999999991 20 17 33 324 5.9999999999999991
leaf_count=79 103 11 223 6 74 32 454 299 326 8 8 20 17 33 324 6
internal_value=-0.00012716 2.19221e-05 0.000329702 0.0002754 0.00225193 9.9598e-05 0.000360813 -0.00115855 0.000259228 -0.000105931 0.000630718 0.005339 0.00270729 -0.000690701 0.000751812 -0.00124274
internal_weight=2023 1944 1542 1531 125 1406 1177 402 1145 819 82 43 23 487 332 229
internal_count=2023 1944 1542 1531 125 1406 1177 402 1145 819 82 43 23 487 332 229
is_linear=0
shrinkage=0.0152222


Tree=199
num_leaves=15
num_cat=0
split_feature=11 76 3 38 57 38 107 107 38 82 109 1 1 11
split_gain=4.14021 2.73354 3.18042 2.08864 2.00242 1.95135 1.58826 1.9503 1.42991 1.60015 1.42294 1.27223 1.5605 1.20121
threshold=1.2833333333333334 1047.5000000000002 211.50000000000003 6.6500000000000012 1.5000000000000002 19.150000000000002 0.98160646321528366 1.219257883907898 28.850000000000005 11.118750000000002 1.9959403220676377 117.50000000000001 27.500000000000004 4.2312500000000011
decision_type=2 2 2 2 2 2 2 2 2 2 2 2 2 2
left_child=10 2 8 6 11 -6 -3 -8 9 -2 -1 12 -5 -11
right_child=1 3 -4 4 5 -7 7 -9 -10 13 -12 -13 -14 -15
leaf_value=-0.029782618032897001 -0.092605152429729484 -0.037355368642076774 0.065716566517327185 -0.073426081453837944 0.79287895370829742 -0.12193977362504055 0.21177257672153371 -0.038135959028484295 0.072486535336755656 -0.40650460588192561 -0.13138768402409531 -0.075336436072021118 0.0058217465327544187 0.0862250714662115
leaf_weight=33 226 55 4.9999999999999991 127 7.9999999999999982 5 77 15.999999999999998 20 6.9999999999999991 79 205 1081 28
leaf_count=33 226 55 5 127 8 5 77 16 20 7 79 205 1081 28
internal_value=-0.00022848 -5.72842e-05 -0.00142615 0.000191478 1.28061e-05 0.00594794 0.00191237 0.00312451 -0.00164108 -0.00194175 -0.00307018 -4.20103e-05 0.000146164 0.00108559
internal_weight=1972 1860 286 1574 1426 13 148 93 281 261 112 1413 1208 35
internal_count=1972 1860 286 1574 1426 13 148 93 281 261 112 1413 1208 35
is_linear=0
shrinkage=0.0152222


Tree=200
num_leaves=12
num_cat=0
split_feature=11 82 11 26 0 8 9 0 26 13 2
split_gain=3.25061 2.46786 2.41506 2.21825 2.14324 1.9685 1.93576 1.55139 1.60628 1.5123 1.87099
threshold=3.8020833333333344 5.7062500000000016 1.0854166666666671 0.81174490092936691 104.50000000000001 33.770833333333336 35.752976190476197 91.500000000000014 1.0000000180025095e-35 18.500000000000004 211.50000000000003
decision_type=2 2 2 2 2 2 2 2 2 2 2
left_child=2 3 -1 6 7 -3 -2 8 -4 -7 -11
right_child=1 5 4 -5 -6 9 -8 -9 -10 10 -12
leaf_value=-0.14370865333805583 0.33127362870091814 0.26909438165777966 0.00075027846302832158 0.3586419492836882 -0.16887266331940107 -0.011082014571692419 -0.015401715781472583 0.093949165330289033 -0.049863190953831973 0.044902904365157481 0.15977281438780463
leaf_weight=56 5.0000000000000027 6.9999999999999991 603 9.9999999999999982 112 360 20 54 483 301 9.9999999999999982
leaf_count=56 5 7 603 10 112 360 20 54 483 301 10
internal_value=-0.000205617 0.000621221 -0.000656342 0.00455985 -0.00051792 0.000417563 0.00212657 -0.00032045 -0.000445709 0.00033345 0.00111088
internal_weight=2021 713 1308 35 1252 678 25 1140 1086 671 311
internal_count=2021 713 1308 35 1252 678 25 1140 1086 671 311
is_linear=0
shrinkage=0.0152222


Tree=201
num_leaves=15
num_cat=0
split_feature=11 1 5 38 80 19 85 11 85 41 5 82 42 42
split_gain=3.24538 1.97227 2.2332 2.21379 3.00869 2.18315 1.91228 1.8768 1.77251 1.73066 1.69888 1.44291 1.32467 1.354
threshold=1.2500000000000002 89.500000000000014 23.750000000000004 18.350000000000005 15.562500000000002 7.5000000000000009 0.90000000000000013 2.2645833333333338 1.0000000180025095e-35 15.650000000000002 6.0500000000000007 3.3562500000000002 22.288916666666669 13.685583333333335
decision_type=2 2 2 2 2 2 2 2 2 2 2 2 2 2
left_child=9 2 3 5 6 -2 8 -3 -5 -1 -6 -7 13 -13
right_child=1 7 -4 4 10 11 -8 -9 -10 -11 -12 12 -14 -15
leaf_value=0.051190068934893335 -0.069419578219679465 -0.082038908872261132 0.21796719260166048 -0.05496997406723849 -0.1009213350159367 -0.072877936882517522 -0.081188431098444785 -0.011802994935419801 0.074791487729151659 -0.15038636777036285 0.14597643438329258 0.030741718257765917 0.063647780893390377 -0.085022667782503739
leaf_weight=17 100 107 4.9999999999999991 32 12.999999999999998 9.9999999999999982 304 518 78 82 50 286 399 17
leaf_count=17 100 107 5 32 13 10 304 518 78 82 50 286 399 17
internal_value=-3.31874e-05 0.000105495 0.000444647 0.00040504 -0.000417999 0.000888526 -0.000889681 -0.000596655 0.000829876 -0.00272009 0.00267976 0.00118433 0.00126625 0.000507307
internal_weight=2018 1919 1294 1289 477 812 414 625 110 99 63 712 702 303
internal_count=2018 1919 1294 1289 477 812 414 625 110 99 63 712 702 303
is_linear=0
shrinkage=0.0152222


Tree=202
num_leaves=13
num_cat=0
split_feature=11 2 8 11 13 12 12 11 12 76 76 76
split_gain=3.93842 2.29808 2.954 2.87032 1.83991 3.03506 2.08639 1.44198 1.42172 1.38608 1.7714 1.57866
threshold=2.964583333333334 33.500000000000007 26.312500000000004 1.39375 17.500000000000004 3.421130952380953 3.199702380952381 2.6708333333333338 3.5113095238095244 2780.0000000000005 3470.5000000000005 651.50000000000011
decision_type=2 2 2 2 2 2 2 2 2 2 2 2
left_child=1 -1 3 -3 8 6 -6 -5 -2 11 -11 -7
right_child=4 2 -4 7 5 9 -8 -9 -10 10 -12 -13
leaf_value=-0.11042481574231841 0.018881800598520529 -0.087735166957506869 -0.09902085879350199 0.007437725392240511 0.023578836209730492 0.19609758086900345 -0.072875657152334142 0.14069904608166245 -0.11286611903992012 0.26591669598906148 0.12061868303046722 0.063886312336843415
leaf_weight=268 135 81 193 437 231 11.999999999999998 124 31 110 32 27 319
leaf_count=268 135 81 193 437 231 12 124 31 110 32 27 319
internal_value=-0.000190271 -0.000859028 -0.000422577 0.000146932 0.000492001 0.000868316 -0.000150045 0.00060491 -0.000652227 0.00179519 0.00394395 0.00141162
internal_weight=2000 1010 742 549 990 745 355 468 245 390 59 331
internal_count=2000 1010 742 549 990 745 355 468 245 390 59 331
is_linear=0
shrinkage=0.0152222


Tree=203
num_leaves=8
num_cat=0
split_feature=10 14 109 0 11 28 81
split_gain=3.6983 2.14581 1.96623 2.01132 1.61402 1.58063 1.29877
threshold=16.778065429171516 5.5000000000000009 4.3658972948121102 16.500000000000004 3.1770833333333344 -0.9330127018922193 41.687500000000007
decision_type=2 2 2 2 2 2 2
left_child=-1 2 3 -2 -3 -5 -4
right_child=1 4 6 5 -6 -7 -8
leaf_value=-0.067230497320458826 0.10905894729117255 -0.3164781715794876 -0.046247323810699008 -0.069182550799880047 -0.03572824500052009 -0.00043500329845290925 0.10064411155060073
leaf_weight=163 36 40 34 114 235 1219 132
leaf_count=163 36 40 34 114 235 1219 132
internal_value=-0.000315544 -0.000117735 0.00010412 -8.56119e-05 -0.00135589 -0.00018156 0.0016684
internal_weight=1973 1810 1535 1369 275 1333 166
internal_count=1973 1810 1535 1369 275 1333 166
is_linear=0
shrinkage=0.0152222


Tree=204
num_leaves=11
num_cat=0
split_feature=11 109 11 11 0 8 0 81 81 81
split_gain=3.53895 2.17854 2.68196 2.13433 2.13872 1.85159 1.49228 1.396 2.41968 1.22057
threshold=2.4354166666666677 3.0003226689741118 1.2833333333333334 7.7666666666666684 116.50000000000001 23.937500000000004 16.500000000000004 27.487500000000004 34.437500000000007 64.312500000000014
decision_type=2 2 2 2 2 2 2 2 2 2
left_child=1 2 -1 6 -5 7 -2 -4 -9 -3
right_child=3 9 5 4 -6 -7 -8 8 -10 -11
leaf_value=-0.074681777516946435 0.21783562342336363 -0.089782485214506796 -0.099675958108388321 -0.11231185311326497 0.34219558899602048 -0.13177982198729646 0.0079939777799587584 0.16841653523586719 0.022662243028501318 0.00087349404705692958
leaf_weight=101 7.9999999999999991 273 19 7.9999999999999991 25 25 1269 23 204 42
leaf_count=101 8 273 19 8 25 25 1269 23 204 42
internal_value=-9.22285e-05 -0.000977068 -0.000188195 0.000371823 0.00419098 0.000600895 0.00027296 0.00100221 0.00133414 -0.00190849
internal_weight=1997 687 372 1310 33 271 1277 246 227 315
internal_count=1997 687 372 1310 33 271 1277 246 227 315
is_linear=0
shrinkage=0.0152222


Tree=205
num_leaves=13
num_cat=0
split_feature=11 19 4 11 1 11 38 38 38 38 38 11
split_gain=2.6975 2.25932 2.04134 1.96158 1.89402 1.73015 1.72449 1.2088 1.20245 1.32215 1.40443 1.20006
threshold=1.2500000000000002 49.500000000000007 17.750000000000004 8.0250000000000021 129.50000000000003 4.2312500000000011 34.750000000000007 11.65 41.20000000000001 28.650000000000002 30.550000000000004 2.0854166666666671
decision_type=2 2 2 2 2 2 2 2 2 2 2 2
left_child=7 2 4 -4 5 8 -7 -1 9 -2 -11 -6
right_child=1 -3 3 -5 11 6 -8 -9 -10 10 -12 -13
leaf_value=-0.0021766868921565025 -0.0059766177997013772 0.12722569443660062 -0.08740204531045441 0.35203058346891036 -0.20776159904340372 0.04687973273496638 0.10835453952721769 -0.13101596842131358 -0.18140694384401709 0.1121782044137828 0.016845215267860713 -0.046896949357096991
leaf_weight=34 1040 85 149 4.9999999999999991 28 382 13.999999999999998 75 13.999999999999998 24 46 93
leaf_count=34 1040 85 149 5 28 382 14 75 14 24 46 93
internal_value=-0.000143109 -8.09462e-06 -0.000122959 -0.00179836 3.4318e-05 0.000180254 0.00104542 -0.00247066 -0.000124585 -6.85617e-05 0.00195565 -0.00179819
internal_weight=1989 1880 1795 154 1641 1520 396 109 1124 1110 70 121
internal_count=1989 1880 1795 154 1641 1520 396 109 1124 1110 70 121
is_linear=0
shrinkage=0.0152222


Tree=206
num_leaves=14
num_cat=0
split_feature=11 11 13 13 105 6 82 3 81 81 6 6 3
split_gain=3.55891 2.55581 2.37932 2.93607 2.09444 1.78571 2.63697 1.74377 1.60568 1.49584 1.29918 1.55399 1.25522
threshold=1.2500000000000002 5.8583333333333352 19.500000000000004 17.500000000000004 1.1493977020340596 13.250000000000002 20.743750000000006 65.500000000000014 92.687500000000014 86.812500000000014 21.150000000000002 18.150000000000002 110.50000000000001
decision_type=2 2 2 2 2 2 2 2 2 2 2 2 2
left_child=-1 2 3 4 7 -3 10 -2 9 -5 11 -7 -9
right_child=1 5 -4 8 -6 6 -8 12 -10 -11 -12 -13 -14
leaf_value=-0.098339167818526294 -0.058083373240686464 -0.041392196979790609 -0.064359878960623035 0.022988104670542228 -0.10926721845913662 0.27231187833115367 -0.048703897646877027 0.12209368667001712 -0.0077141997493748813 0.089296903348581383 0.035369577779637257 0.32377503582567091 -0.092054140502373497
leaf_weight=108 187 55 413 627 88 49 19 122 228 42 15.999999999999998 21 44
leaf_count=108 187 55 413 627 88 49 19 122 228 42 16 21 44
internal_value=-0.000186219 -3.4249e-05 -0.000202549 0.00010921 -0.000907695 0.00180703 0.00297046 -0.000383722 0.000609188 0.000985153 0.00410396 0.00499786 0.000751682
internal_weight=2019 1911 1751 1338 441 160 105 353 897 669 86 70 166
internal_count=2019 1911 1751 1338 441 160 105 353 897 669 86 70 166
is_linear=0
shrinkage=0.0152222


Tree=207
num_leaves=9
num_cat=0
split_feature=10 76 4 105 0 13 4 0
split_gain=2.98518 2.4838 2.39991 1.57076 2.01431 1.50424 1.97776 1.38176
threshold=17.531312176862109 1628.5000000000002 3.9500000000000006 1.0744840230737114 17.500000000000004 17.500000000000004 10.15 16.500000000000004
decision_type=2 2 2 2 2 2 2 2
left_child=7 3 -3 -2 -5 -4 -7 -1
right_child=1 2 5 4 -6 6 -8 -9
leaf_value=-0.11200490924392406 -0.0052583663793833351 0.12027911108240653 -0.026285061322655401 0.049603973909081868 -0.11875530621582098 0.047373548730435741 -0.005017439649181314 -0.039714278601164846
leaf_weight=37 413 38 405 4.9999999999999991 169 385 382 153
leaf_count=37 413 38 405 5 169 385 382 153
internal_value=-0.000108014 8.3857e-05 0.000478029 -0.000728625 -0.00194155 0.000355858 0.000752124 -0.00192226
internal_weight=1987 1797 1210 587 174 1172 767 190
internal_count=1987 1797 1210 587 174 1172 767 190
is_linear=0
shrinkage=0.0152222


Tree=208
num_leaves=10
num_cat=0
split_feature=11 26 40 68 79 79 79 79 11
split_gain=3.6896 1.94758 1.70779 1.70349 1.82035 1.56918 1.55856 1.5412 1.29746
threshold=2.3937500000000012 1.0000000180025095e-35 -1.3499999999999999 1.0000000180025095e-35 40.375000000000007 58.875000000000007 53.125000000000007 80.125000000000014 1.0854166666666671
decision_type=2 2 2 2 2 2 2 2 2
left_child=1 -1 -2 5 -5 6 -4 -6 -3
right_child=2 8 3 4 7 -7 -8 -9 -10
leaf_value=-0.014881352448777507 -0.1163822490286314 -0.12011613093830098 0.0088996455163656823 -0.21088704288535545 0.20891357780264722 -0.0059573197927654965 0.087394231105632131 0.067242751860537867 -0.069269097358814924
leaf_weight=317 17 39 239 15.999999999999998 35 902 87 61 304
leaf_count=317 17 39 239 16 35 902 87 61 304
internal_value=-0.000219609 -0.0011531 0.000234435 0.000295342 0.00209206 0.000131388 0.00103643 0.00288429 -0.00194796
internal_weight=2017 660 1357 1340 112 1228 326 96 343
internal_count=2017 660 1357 1340 112 1228 326 96 343
is_linear=0
shrinkage=0.0152222


Tree=209
num_leaves=9
num_cat=0
split_feature=11 2 13 11 1 101 78 78
split_gain=4.09156 2.34647 2.04788 2.18525 1.87037 1.71862 1.62657 1.57304
threshold=1.497916666666667 215.50000000000003 19.500000000000004 1.9687500000000002 120.50000000000001 1.2119243098805332 2447.7000000000003 916.80000000000007
decision_type=2 2 2 2 2 2 2 2
left_child=-1 2 4 -4 5 6 -2 -6
right_child=1 -3 3 -5 7 -7 -8 -9
leaf_value=-0.088301928105871702 0.014391047489585616 0.097102347539301165 -0.14216051085696496 -0.0085118101125959914 -0.15792424571828645 -0.16425618064687861 0.19880614267420771 -0.020660957684086888
leaf_weight=209 1094 13.999999999999998 66 381 26 14.999999999999998 55 158
leaf_count=209 1094 14 66 381 26 15 55 158
internal_value=-0.000146333 8.66666e-05 3.81579e-05 -0.000854652 0.00033424 0.000559689 0.00062661 -0.0010917
internal_weight=2018 1809 1795 447 1348 1164 1149 184
internal_count=2018 1809 1795 447 1348 1164 1149 184
is_linear=0
shrinkage=0.0152222


Tree=210
num_leaves=13
num_cat=0
split_feature=11 56 28 4 76 11 8 11 11 82 82 11
split_gain=4.20732 4.08133 2.58267 2.06081 1.94105 1.86548 1.84993 1.84116 1.74476 1.52512 3.12418 1.36329
threshold=3.5562500000000008 1.0000000180025095e-35 1.0000000180025095e-35 10.050000000000002 4953.5000000000009 1.0854166666666671 48.229166666666679 2.3562500000000006 2.5145833333333338 5.5937500000000018 6.8562500000000002 3.5187500000000007
decision_type=2 2 2 2 2 2 2 2 2 2 2 2
left_child=2 4 7 5 6 -4 -2 -1 9 -9 -11 -10
right_child=1 -3 3 -5 -6 -7 -8 8 11 10 -12 -13
leaf_value=-0.048284177296808735 0.062859888198305403 0.35208588581205652 -0.089840056576505484 -0.23978424727898415 0.14799945299117848 -0.038220849407229994 -0.0035128765770893865 0.19998325835316391 0.0057091190964324683 -0.073851083834255565 0.097242707645252432 -0.15781174339259707
leaf_weight=213 267 24 55 90 6.9999999999999991 511 503 10.999999999999998 265 18 54 13.999999999999998
leaf_count=213 267 24 55 90 7 511 503 11 265 18 54 14
internal_value=-0.00019926 0.000659392 -0.000757985 -0.00141072 0.000468189 -0.00107029 0.00039535 -1.32283e-05 0.000647471 0.00258429 0.0017746 7.08994e-05
internal_weight=2032 801 1231 656 777 566 770 575 362 83 72 279
internal_count=2032 801 1231 656 777 566 770 575 362 83 72 279
is_linear=0
shrinkage=0.0152222


Tree=211
num_leaves=5
num_cat=0
split_feature=11 26 11 82
split_gain=3.64309 2.79476 1.5245 1.44573
threshold=1.0854166666666671 1.0000000180025095e-35 8.0250000000000021 2.9937500000000008
decision_type=2 2 2 2
left_child=-1 3 -3 -2
right_child=1 2 -4 -5
leaf_value=-0.11557598331856098 0.12857616615820763 -0.031449791295623461 0.43593991329266968 0.0099991830643336443
leaf_weight=69 7.9999999999999991 827 6.9999999999999991 1097
leaf_count=69 8 827 7 1097
internal_value=-0.000245609 -0.000123248 -0.000788436 0.000378812
internal_weight=2008 1939 834 1105
internal_count=2008 1939 834 1105
is_linear=0
shrinkage=0.0152222


Tree=212
num_leaves=13
num_cat=0
split_feature=57 11 4 15 72 1 23 1 106 106 106 72
split_gain=2.89692 2.65748 2.7663 2.27175 1.76067 1.76193 4.23993 1.68381 1.41125 1.47866 1.36913 1.26572
threshold=1.5000000000000002 1.0854166666666671 18.950000000000003 7.5000000000000009 18.500000000000004 27.500000000000004 -0.98296291314453399 133.50000000000003 84.757142857142881 70.835714285714303 74.926190476190484 1.0000000180025095e-35
decision_type=2 2 2 2 2 2 2 2 2 2 2 2
left_child=1 -1 3 7 5 6 -5 11 9 -7 -11 -3
right_child=-2 2 -4 4 -6 8 -8 -9 -10 10 -12 -13
leaf_value=-0.12859480875230053 0.3468891394938125 0.020962120235150334 -0.083632600401566726 0.126065617105934 -0.14399657894123066 0.16838755003158917 -0.084925864919180291 -0.10697357182840748 0.074435361501645161 -0.083033536417677009 0.040429522093484896 -0.014373577573263987
leaf_weight=60 17 225 133 5.9999999999999991 28 13.999999999999998 54 60 328 46 207 841
leaf_count=60 17 225 133 6 28 14 54 60 328 46 207 841
internal_value=-8.82078e-05 -0.00014142 -4.3892e-05 0.00011191 0.000804504 0.000964379 -0.00152085 -0.000308212 0.00121511 0.000393291 0.000126308 -0.000168489
internal_weight=2019 2002 1942 1809 683 655 60 1126 595 267 253 1066
internal_count=2019 2002 1942 1809 683 655 60 1126 595 267 253 1066
is_linear=0
shrinkage=0.0152222


Tree=213
num_leaves=6
num_cat=0
split_feature=11 1 11 81 81
split_gain=3.29319 2.36312 1.66034 1.33402 1.94424
threshold=1.0854166666666671 129.50000000000003 3.1770833333333344 44.437500000000007 46.437500000000007
decision_type=2 2 2 2 2
left_child=-1 2 -2 -4 -5
right_child=1 -3 3 4 -6
leaf_value=-0.1140411367140364 -0.016632097166832772 -0.07857137556182385 -0.1439340350791514 0.20646897185584312 0.035602174336298212
leaf_weight=57 907 193 34 11.999999999999998 772
leaf_count=57 907 193 34 12 772
internal_value=-0.000157997 -5.07903e-05 0.000127948 0.00062522 0.00075329
internal_weight=1975 1918 1725 818 784
internal_count=1975 1918 1725 818 784
is_linear=0
shrinkage=0.0152222


Tree=214
num_leaves=14
num_cat=0
split_feature=11 26 11 10 1 13 5 81 13 13 40 40 1
split_gain=3.49394 2.54855 2.5068 1.99731 1.79682 1.52206 2.54424 2.0085 1.79594 1.62773 1.42576 1.41285 1.29296
threshold=5.929166666666668 -0.56174490092936669 1.0854166666666671 67.118958436770868 86.500000000000014 19.500000000000004 9.4500000000000011 132.43750000000003 17.500000000000004 17.500000000000004 11.550000000000002 20.050000000000004 60.500000000000007
decision_type=2 2 2 2 2 2 2 2 2 2 2 2 2
left_child=2 -2 -1 5 12 6 7 8 -4 -8 -11 -7 -3
right_child=1 4 3 -5 -6 11 9 -9 -10 10 -12 -13 -14
leaf_value=-0.087354247479517477 0.35573720667505065 0.017591902426570077 -0.023606017247401048 -0.21018832116346325 -0.039115428603473168 -0.062156619928036963 -0.11473212277508013 -0.10126092685117205 0.046261676095943643 -0.034718873503400652 0.013308379810283931 0.065692857712967206 0.24602918299557155
leaf_weight=66 18 26 300 33 66 429 149 33 446 241 160 9.9999999999999982 46
leaf_count=66 18 26 300 33 66 429 149 33 446 241 160 10 46
internal_value=-0.00031527 0.00187286 -0.000498151 -0.000391319 0.00116878 -0.000321997 -6.52816e-05 0.000494342 0.000656994 -0.000857892 -0.000352978 -0.00109905 0.00283094
internal_weight=2023 156 1867 1801 138 1768 1329 779 746 550 401 439 72
internal_count=2023 156 1867 1801 138 1768 1329 779 746 550 401 439 72
is_linear=0
shrinkage=0.0152222


Tree=215
num_leaves=7
num_cat=0
split_feature=11 38 15 81 38 38
split_gain=3.71199 1.78126 2.15195 2.00962 1.7739 2.21249
threshold=1.2500000000000002 28.650000000000002 11.500000000000002 55.062500000000007 41.20000000000001 37.550000000000004
decision_type=2 2 2 2 2 2
left_child=-1 2 3 -2 5 -3
right_child=1 4 -4 -5 -6 -7
leaf_value=-0.10154789093178099 -0.051260513674518421 0.064698904736384399 0.088675218271693682 0.0031783395363342041 -0.18187688549347389 0.34345410264031639
leaf_weight=97 577 127 126 1072 18 9.9999999999999982
leaf_count=97 577 127 126 1072 18 10
internal_value=-9.08635e-05 5.52063e-05 -8.14665e-05 -0.000228001 0.00161987 0.00221025
internal_weight=2027 1930 1775 1649 155 137
internal_count=2027 1930 1775 1649 155 137
is_linear=0
shrinkage=0.0152222


Tree=216
num_leaves=10
num_cat=0
split_feature=11 1 11 77 49 11 1 77 11
split_gain=3.12046 1.82672 2.40478 1.90019 1.99634 1.70364 1.65126 1.21302 1.1927
threshold=1.0854166666666671 132.50000000000003 8.0250000000000021 2633.5000000000005 103437.00000000001 6.2979166666666675 168.50000000000003 1883.0000000000002 6.8125000000000009
decision_type=2 2 2 2 2 2 2 2 2
left_child=-1 2 3 4 -2 -5 -3 -4 -7
right_child=1 6 7 5 -6 8 -8 -9 -10
leaf_value=-0.13109235884167317 0.0060060342677421023 -0.10717867187472266 0.075697840725583429 -0.042018021175737143 0.10832008169114174 0.26030770611039106 0.0054858890956307428 0.51270748164810753 0.07498526226489298
leaf_weight=56 1224 117 8.0000000000000018 488 41 4.9999999999999982 49 9.9999999999999982 6
leaf_count=56 1224 117 8 488 41 5 49 10 6
internal_value=-0.000206602 -0.000104707 3.75821e-05 -1.89818e-05 0.000294802 -0.000814403 -0.00163173 0.00556535 0.005096
internal_weight=2004 1948 1782 1764 1265 499 166 18 11
internal_count=2004 1948 1782 1764 1265 499 166 18 11
is_linear=0
shrinkage=0.0152222


Tree=217
num_leaves=10
num_cat=0
split_feature=11 13 5 41 57 41 8 80 8
split_gain=4.65758 2.46891 3.21137 2.42017 2.32934 1.73193 1.53118 1.49016 1.34614
threshold=4.9062500000000009 19.500000000000004 8.4500000000000011 39.800000000000004 1.5000000000000002 36.20000000000001 58.854166666666679 4.4416666666666673 44.708333333333336
decision_type=2 2 2 2 2 2 2 2 2
left_child=1 2 3 5 6 -1 8 -4 -2
right_child=4 -3 7 -5 -6 -7 -8 -9 -10
leaf_value=0.030019894329981679 -0.25010749794171588 -0.073855916999197885 -0.12719309725067968 -0.02502845389148018 0.39464008140942808 0.099014967062592149 0.071891939519211412 -0.019900849238109076 0.11087761160581594
leaf_weight=392 5.9999999999999991 421 51 202 11.999999999999998 61 204 544 134
leaf_count=392 6 421 51 202 12 61 204 544 134
internal_value=-7.58444e-05 -0.000412652 -7.30604e-05 0.000662282 0.00150489 0.00128012 0.00127422 -0.00088255 0.00249984
internal_weight=2027 1671 1250 655 356 453 344 595 140
internal_count=2027 1671 1250 655 356 453 344 595 140
is_linear=0
shrinkage=0.0152222


Tree=218
num_leaves=8
num_cat=0
split_feature=11 5 5 57 4 2 108
split_gain=2.42141 2.50859 2.10531 2.04875 2.61399 2.11378 1.82071
threshold=2.4354166666666677 8.2500000000000018 31.750000000000004 1.5000000000000002 17.450000000000003 182.50000000000003 16.922461401273086
decision_type=2 2 2 2 2 2 2
left_child=1 6 3 4 -2 -6 -1
right_child=2 -3 -4 -5 5 -7 -8
leaf_value=0.10086951891318918 0.013471918883424607 -0.067055763890711037 0.22267058798721867 0.32205143248194823 -0.10074632997708731 0.25563255850268413 -0.0090145844999275516
leaf_weight=5.9999999999999991 1090 274 6.9999999999999991 19 183 8.9999999999999982 402
leaf_count=6 1090 274 7 19 183 9 402
internal_value=-0.000260069 -0.00099539 0.000123352 7.83861e-05 4.74583e-06 -0.00163276 -0.00023874
internal_weight=1990 682 1308 1301 1282 192 408
internal_count=1990 682 1308 1301 1282 192 408
is_linear=0
shrinkage=0.0152222


Tree=219
num_leaves=17
num_cat=0
split_feature=11 26 19 85 81 107 24 24 46 81 46 76 0 104 79 79
split_gain=3.62523 2.81103 3.11137 2.51126 2.35144 2.208 1.97341 2.11921 1.76058 2.3352 1.8194 1.40357 1.35322 1.31417 1.26722 2.05443
threshold=1.1270833333333337 1.0000000180025095e-35 49.500000000000007 0.35000000000000003 142.31250000000003 1.0016882101229674 -0.12940952255126037 0.37940952255126026 0.3083333333333334 134.50000000000003 0.24166666666666672 1132.5000000000002 54.500000000000007 911.14285714285722 32.375000000000007 58.875000000000007
decision_type=2 2 2 2 2 2 2 2 2 2 2 2 2 2 2 2
left_child=-1 2 8 5 -4 -3 -5 14 9 10 11 -2 -12 -7 -8 -16
right_child=1 3 4 6 -6 13 7 -9 -10 -11 12 -13 -14 -15 15 -17
leaf_value=-0.10073133981279238 -0.060773241012821229 -0.0626972748531439 0.20395524865513387 -0.095033136487930728 -0.23366708007539785 0.052275746223467222 -0.075935439799683424 -0.14231498361407521 -0.057686477655107767 -0.093734035491523274 0.25774876170814826 0.020239794239841808 0.054032471777996638 0.083306291168077931 0.046393713698081256 -0.036088756347565268
leaf_weight=65 122 57 49 212 9.9999999999999982 17 49 140 100 48 21 766 20 15.999999999999998 177 166
leaf_count=65 122 57 49 212 10 17 49 140 100 48 21 766 20 16 177 166
internal_value=-0.000325379 -0.000208622 0.00028406 -0.00087969 0.00368617 0.00152131 -0.00117022 -0.000675198 9.75152e-05 0.000294453 0.000463682 0.00031882 0.00359674 0.00465155 -0.00010094 0.00022629
internal_weight=2035 1970 1136 834 59 90 744 532 1077 977 929 888 41 33 392 343
internal_count=2035 1970 1136 834 59 90 744 532 1077 977 929 888 41 33 392 343
is_linear=0
shrinkage=0.0152222


Tree=220
num_leaves=5
num_cat=0
split_feature=11 11 5 79
split_gain=3.21904 2.69252 2.36802 2.86569
threshold=6.1437500000000007 1.0854166666666671 7.7500000000000009 126.62500000000001
decision_type=2 2 2 2
left_child=1 -1 3 -3
right_child=-2 2 -4 -5
leaf_value=-0.093090539222247998 0.1986696495458789 0.023967002020627105 -0.014942895134882721 -0.11648367286328114
leaf_weight=67 137 850 961 55
leaf_count=67 137 850 961 55
internal_value=-4.41194e-05 -0.000203953 -9.62558e-05 0.000462523
internal_weight=2070 1933 1866 905
internal_count=2070 1933 1866 905
is_linear=0
shrinkage=0.0152222


Tree=221
num_leaves=10
num_cat=0
split_feature=11 82 14 14 105 82 7 54 105
split_gain=2.9753 2.49544 2.38484 2.20227 1.61152 1.50966 3.45833 1.24843 1.27893
threshold=1.0854166666666671 11.168750000000001 3.5000000000000004 1.5000000000000002 0.64291561790150198 20.743750000000006 17.650000000000002 1.0000000180025095e-35 0.68897489790685573
decision_type=2 2 2 2 2 2 2 2 2
left_child=-1 2 3 -2 -3 7 -7 8 -6
right_child=1 4 -4 -5 5 6 -8 -9 -10
leaf_value=-0.079277792483207779 -0.034655174348960795 -0.059914280697540047 -0.068505048726960185 0.010964820660445568 0.33332672327108182 0.32921855372127673 -0.089414897067015733 0.4174728251389665 0.04632139167337207
leaf_weight=70 544 18 316 541 5.9999999999999991 8.9999999999999982 49 5.9999999999999991 497
leaf_count=70 544 18 316 541 6 9 49 6 497
internal_value=-0.000176204 -6.74462e-05 -0.000416121 -7.71559e-05 0.000767541 0.000910021 -0.00141591 0.00117518 0.00109237
internal_weight=2056 1986 1401 1085 585 567 58 509 503
internal_count=2056 1986 1401 1085 585 567 58 509 503
is_linear=0
shrinkage=0.0152222


Tree=222
num_leaves=15
num_cat=0
split_feature=11 108 10 2 8 79 7 72 79 104 8 76 8 76
split_gain=3.35506 2.55117 2.02066 2.03738 1.89463 2.51135 1.73721 1.67425 1.62721 1.43205 1.86791 1.42696 1.37702 1.22107
threshold=3.9812500000000002 30.095892616715943 36.142368785932014 215.50000000000003 9.6875000000000018 96.375000000000014 10.850000000000003 -3.4999999999999996 33.125000000000007 535.28571428571433 24.937500000000004 797.50000000000011 15.60416666666667 1755.5000000000002
decision_type=2 2 2 2 2 2 2 2 2 2 2 2 2 2
left_child=1 4 6 7 -1 9 -2 13 -3 12 -11 -9 -6 -4
right_child=2 8 3 -5 5 -7 -8 11 -10 10 -12 -13 -14 -15
leaf_value=-0.090466706552181544 -0.0089885933493647069 -0.132265235411023 0.25194467920610975 0.19022315651378868 0.0029634670878878268 -0.10381177928000945 0.3064769588201125 0.20461852614126669 -0.020463284223291255 0.040806762750808669 -0.010942752465646728 0.0289030586593319 0.25591450138976046 0.38828831272697784
leaf_weight=47 9.0000000000000018 93 6.0000000000000027 9.9999999999999982 11.000000000000002 36 11.999999999999998 18 818 246 64 579 12.999999999999998 17
leaf_count=47 9 93 6 10 11 36 12 18 818 246 64 579 13 17
internal_value=3.30719e-05 -0.000405754 0.000928218 0.000773122 0.000580334 0.000946103 0.00556765 0.000662841 -0.000857137 0.00135793 0.00108009 0.000507356 0.00493647 0.00468837
internal_weight=1979 1328 651 630 417 370 21 620 911 334 310 597 24 23
internal_count=1979 1328 651 630 417 370 21 620 911 334 310 597 24 23
is_linear=0
shrinkage=0.0152222


Tree=223
num_leaves=8
num_cat=0
split_feature=11 11 0 79 0 7 1
split_gain=4.10693 1.76856 2.0044 1.42052 1.55934 1.50074 1.48098
threshold=1.0854166666666671 8.0250000000000021 120.50000000000001 31.125000000000004 16.500000000000004 22.950000000000003 133.50000000000003
decision_type=2 2 2 2 2 2 2
left_child=-1 3 -3 -2 -5 6 -6
right_child=1 2 -4 4 5 -7 -8
leaf_value=-0.10348823789951815 -0.072134520045532807 -0.14707613667604866 0.30671999995809246 0.061317172705247489 0.008249736376654446 -0.1057043329082698 -0.072934716608431552
leaf_weight=69 133 8.0000000000000018 21 37 1529 42 126
leaf_count=69 133 8 21 37 1529 42 126
internal_value=-3.48572e-05 9.79438e-05 0.00382487 3.99476e-05 0.000156253 8.87984e-05 0.000160952
internal_weight=1965 1896 29 1867 1734 1697 1655
internal_count=1965 1896 29 1867 1734 1697 1655
is_linear=0
shrinkage=0.0152222


Tree=224
num_leaves=8
num_cat=0
split_feature=11 10 8 85 109 109 19
split_gain=4.64366 2.82466 1.94296 2.02674 1.90397 1.42296 1.30269
threshold=3.1770833333333344 37.594855814375684 33.437500000000007 0.35000000000000003 4.1077969871623976 3.9130801783716103 2.5000000000000004
decision_type=2 2 2 2 2 2 2
left_child=1 6 -2 4 5 -4 -1
right_child=2 -3 3 -5 -6 -7 -8
leaf_value=-0.14011069270739387 0.19493695554981505 -0.19578274585175498 0.053627553981193885 0.01218919116292236 0.16278433376528387 -0.19032562643756137 -0.016451052964414289
leaf_weight=32 55 65 35 782 43 9.9999999999999982 986
leaf_count=32 55 65 35 782 43 10 986
internal_value=-0.000109159 -0.000785667 0.0006829 0.000507372 0.00269686 0.000506734 -0.000589117
internal_weight=2008 1083 925 870 88 45 1018
internal_count=2008 1083 925 870 88 45 1018
is_linear=0
shrinkage=0.0152222


Tree=225
num_leaves=12
num_cat=0
split_feature=11 13 13 19 19 5 5 82 5 82 5
split_gain=3.47199 2.02828 1.7326 2.35922 2.07536 1.99056 1.6862 1.68403 1.36492 1.31623 1.2879
threshold=1.2500000000000002 19.500000000000004 17.500000000000004 49.500000000000007 3.5000000000000004 7.3500000000000005 9.8500000000000032 23.500000000000004 9.3500000000000032 22.031250000000004 4.1500000000000012
decision_type=2 2 2 2 2 2 2 2 2 2 2
left_child=-1 2 6 4 -4 -6 8 -5 -2 -7 -3
right_child=1 10 3 7 5 9 -8 -9 -10 -11 -12
leaf_value=-0.11676807989234943 -0.0046456234840550519 0.016170708404847581 -0.098411296804909051 0.11213925012600054 0.055534698323824537 0.0025236492994851305 -0.096225296454807957 -0.16169022612558431 0.080486683816627824 -0.036736178932758635 -0.065586652760632247
leaf_weight=104 303 90 44 44 270 566 157 4.9999999999999991 14.999999999999998 13.999999999999998 383
leaf_count=104 303 90 44 44 270 566 157 5 15 14 383
internal_value=-0.000247973 -9.90081e-05 0.000188926 0.00056656 0.00038819 0.000555125 -0.000560749 0.003817 7.65638e-05 5.24782e-05 -0.000962137
internal_weight=1995 1891 1418 943 894 850 475 49 318 580 473
internal_count=1995 1891 1418 943 894 850 475 49 318 580 473
is_linear=0
shrinkage=0.0152222


Tree=226
num_leaves=7
num_cat=0
split_feature=11 25 11 11 10 5
split_gain=2.12034 2.00586 2.33066 2.11995 1.58997 1.37345
threshold=8.0250000000000021 1.0000000180025095e-35 1.2500000000000002 4.9229166666666675 47.600155670003851 12.250000000000002
decision_type=2 2 2 2 2 2
left_child=1 3 -3 -1 -5 -2
right_child=5 2 -4 4 -6 -7
leaf_value=-0.056097327141406202 -0.045283381904674971 -0.067512196283810652 0.010261135043276434 0.11816384299534254 -0.0014581522439605589 0.29936838824896733
leaf_weight=811 11.000000000000002 87 758 52 266 18
leaf_count=811 11 87 758 52 266 18
internal_value=-0.000257622 -0.000317698 0.000243175 -0.000737479 0.000315868 0.00382487
internal_weight=2003 1974 845 1129 318 29
internal_count=2003 1974 845 1129 318 29
is_linear=0
shrinkage=0.0152222


Tree=227
num_leaves=7
num_cat=0
split_feature=11 13 76 10 7 10
split_gain=2.4844 1.64861 1.59408 2.16134 1.69503 1.71191
threshold=2.443750000000001 19.500000000000004 2117.0000000000005 47.600155670003851 6.3500000000000005 47.321585168917558
decision_type=2 2 2 2 2 2
left_child=1 -1 -2 4 -4 -6
right_child=2 -3 3 -5 5 -7
leaf_value=-0.016708443224351562 -0.0079665050757739414 -0.10260133455202046 0.12233948054157034 -0.005685771629791731 0.031015894465843224 0.24573590715513571
leaf_weight=531 659 167 60 260 299 6.9999999999999991
leaf_count=531 659 167 60 260 299 7
internal_value=-0.000237191 -0.000968213 0.000159912 0.000709981 0.00146378 0.00100468
internal_weight=1983 698 1285 626 366 306
internal_count=1983 698 1285 626 366 306
is_linear=0
shrinkage=0.0152222


Tree=228
num_leaves=8
num_cat=0
split_feature=11 1 41 41 13 13 41
split_gain=1.86687 1.44289 1.43199 3.34737 1.34822 1.42796 1.36669
threshold=2.443750000000001 45.500000000000007 80.65000000000002 74.000000000000014 17.500000000000004 19.500000000000004 21.050000000000001
decision_type=2 2 2 2 2 2 2
left_child=1 -1 3 4 6 -6 -2
right_child=2 -3 -4 -5 5 -7 -8
leaf_value=0.0030209284352403702 0.11531681431793027 -0.051715131481707172 -0.12889399654771866 0.27250061527738467 0.055305879957419077 -0.0052514958806965887 -0.053282342390772883
leaf_weight=309 33 373 13.999999999999998 9.9999999999999982 611 309 288
leaf_count=309 33 373 14 10 611 309 288
internal_value=-6.33245e-05 -0.000705252 0.000282769 0.000337037 0.00026616 0.000562524 -0.000583175
internal_weight=1947 682 1265 1251 1241 920 321
internal_count=1947 682 1265 1251 1241 920 321
is_linear=0
shrinkage=0.0152222


Tree=229
num_leaves=7
num_cat=0
split_feature=11 11 0 57 41 0
split_gain=3.34106 2.48032 1.83591 1.79365 1.54351 1.47582
threshold=1.2500000000000002 4.9229166666666675 121.50000000000001 1.5000000000000002 29.350000000000005 16.500000000000004
decision_type=2 2 2 2 2 2
left_child=-1 2 5 4 -3 -2
right_child=1 3 -4 -5 -6 -7
leaf_value=-0.08692687797621898 0.086287791065043459 0.13625594926036455 -0.12407593158798295 0.34515936039828254 0.0048229359356341808 -0.002452641281564534
leaf_weight=96 49 140 127 9.9999999999999982 207 1360
leaf_count=96 49 140 127 10 207 1360
internal_value=-5.12732e-05 8.92538e-05 -0.000176395 0.00123209 0.00104828 -1.83625e-05
internal_weight=1989 1893 1536 357 347 1409
internal_count=1989 1893 1536 357 347 1409
is_linear=0
shrinkage=0.0152222


Tree=230
num_leaves=10
num_cat=0
split_feature=10 23 8 5 38 4 4 13 15
split_gain=2.88366 2.47965 2.19955 1.95624 1.85665 1.8312 1.38522 1.75142 1.30308
threshold=27.74831773929256 -0.98296291314453399 26.145833333333339 28.150000000000002 28.850000000000005 21.050000000000004 17.650000000000002 19.500000000000004 2.5000000000000004
decision_type=2 2 2 2 2 2 2 2 2
left_child=1 -1 -2 4 6 -6 7 -4 -3
right_child=2 8 3 -5 5 -7 -8 -9 -10
leaf_value=0.0069498309842122427 0.087086489051703936 -0.095104804701784978 0.027059232385958587 0.11691216073508648 0.10570262104267372 -0.1685561694229413 -0.066042322503497439 -0.039033524144010734 -0.046432721389065207
leaf_weight=183 100 168 653 12.999999999999998 92 12.999999999999998 146 300 362
leaf_count=183 100 168 653 13 92 13 146 300 362
internal_value=-0.000157465 -0.000937171 0.00026467 8.62978e-05 2.27528e-05 0.00195614 -0.000162045 4.95088e-05 -0.00146463
internal_weight=2030 713 1317 1217 1204 105 1099 953 530
internal_count=2030 713 1317 1217 1204 105 1099 953 530
is_linear=0
shrinkage=0.0152222


Tree=231
num_leaves=9
num_cat=0
split_feature=11 46 3 57 19 3 3 3
split_gain=2.78685 2.00016 1.72582 1.87631 1.83473 1.69454 1.51538 1.31643
threshold=1.1270833333333337 0.27500000000000008 143.50000000000003 1.5000000000000002 49.500000000000007 66.500000000000014 101.50000000000001 139.50000000000003
decision_type=2 2 2 2 2 2 2 2
left_child=-1 2 3 4 5 -2 -3 -7
right_child=1 6 -4 -5 -6 7 -8 -9
leaf_value=-0.095093571586029629 -0.021771154872438539 -0.033641013873524354 -0.05621773313557165 0.53295785022529685 0.10286422196234947 0.014015417674008735 -0.14790656416029491 0.11078636347030583
leaf_weight=69 773 207 101 12.999999999999998 68 675 70 9.9999999999999982
leaf_count=69 773 207 101 13 68 675 70 10
internal_value=-0.000236067 -0.000127839 7.42496e-05 0.000200777 0.000151616 3.75813e-05 -0.00132413 0.000588838
internal_weight=1986 1917 1640 1539 1526 1458 277 685
internal_count=1986 1917 1640 1539 1526 1458 277 685
is_linear=0
shrinkage=0.0152222


Tree=232
num_leaves=9
num_cat=0
split_feature=11 76 10 85 10 57 46 77
split_gain=3.31536 2.48577 2.50316 2.27897 2.29148 1.98088 1.53199 1.52418
threshold=3.1770833333333344 1245.0000000000002 36.957022439923556 0.35000000000000003 47.808559502056802 1.5000000000000002 0.14166666666666669 3848.5000000000005
decision_type=2 2 2 2 2 2 2 2
left_child=1 -1 7 6 -5 -6 -2 -3
right_child=3 2 -4 4 5 -7 -8 -9
leaf_value=-0.093211292665395587 0.14802279881299193 0.001144577947160233 -0.27074622970281603 0.046229557926567001 -0.023599862259284895 0.29426717392724083 -0.014866146252195563 -0.084011470908842742
leaf_weight=256 75 697 38 386 433 11.999999999999998 29 77
leaf_count=256 75 697 38 386 433 12 29 77
internal_value=-0.000181626 -0.000761071 -0.000348659 0.000480242 0.000214302 -0.000530142 0.00260401 -0.000161253
internal_weight=2003 1068 812 935 831 445 104 774
internal_count=2003 1068 812 935 831 445 104 774
is_linear=0
shrinkage=0.0152222


Tree=233
num_leaves=5
num_cat=0
split_feature=36 77 8 13
split_gain=2.11846 2.32832 1.55198 1.31395
threshold=16.650000000000002 1629.5000000000002 28.145833333333339 17.500000000000004
decision_type=2 2 2 2
left_child=1 2 -1 -2
right_child=3 -3 -4 -5
leaf_value=-0.076831977536757121 -0.026957489789434123 0.0002967311688026458 -0.014177507483823324 0.062799058850225992
leaf_weight=241 104 1086 272 235
leaf_count=241 104 1086 272 235
internal_value=-0.000136664 -0.000368403 -0.00121349 0.000956283
internal_weight=1938 1599 513 339
internal_count=1938 1599 513 339
is_linear=0
shrinkage=0.0152222


Tree=234
num_leaves=13
num_cat=0
split_feature=11 8 11 57 85 11 8 38 109 8 8 38
split_gain=2.67039 3.13071 3.06722 2.53019 2.06679 1.70545 2.93041 1.54876 1.37415 1.32508 1.37304 1.20918
threshold=4.9770833333333346 45.562500000000007 4.1854166666666677 1.5000000000000002 1.2500000000000002 2.3937500000000012 25.812500000000004 28.650000000000002 3.9395334433956024 22.604166666666668 9.3958333333333339 31.850000000000005
decision_type=2 2 2 2 2 2 2 2 2 2 2 2
left_child=1 2 4 8 -1 9 -7 -3 -2 10 -6 -9
right_child=3 7 -4 -5 5 6 -8 11 -10 -11 -12 -13
leaf_value=0.030996936443538327 0.095618385225923655 -0.082382775246611958 0.11105634129761248 0.34839328273774195 -0.11091629363020836 0.095422078896544998 -0.020553650220272657 0.11036873108133195 0.042752042036118008 -0.13271364864545665 -0.022962166266203034 -0.057897838269912752
leaf_weight=382 99 245 66 11.999999999999998 28 105 387 8.0000000000000018 249 77 330 14.999999999999998
leaf_count=382 99 245 66 12 28 105 387 8 249 77 330 15
internal_value=3.87552e-05 -0.000221422 7.19536e-05 0.00122605 -8.95359e-05 -0.000477819 0.000136111 -0.00172635 0.000988411 -0.00117214 -0.000782247 0.00204693
internal_weight=2003 1643 1375 360 1309 927 492 268 348 435 358 23
internal_count=2003 1643 1375 360 1309 927 492 268 348 435 358 23
is_linear=0
shrinkage=0.0152222


Tree=235
num_leaves=13
num_cat=0
split_feature=11 5 5 1 38 38 10 11 10 38 5 38
split_gain=2.22544 1.99477 1.80465 1.95713 1.81383 2.18761 2.50509 1.54873 1.42299 1.38031 1.33091 1.30409
threshold=2.3937500000000012 17.550000000000004 24.600000000000005 133.50000000000003 11.350000000000003 16.650000000000002 47.600155670003851 1.0854166666666671 24.290783190282365 28.850000000000005 17.050000000000004 10.550000000000002
decision_type=2 2 2 2 2 2 2 2 2 2 2 2
left_child=1 7 3 4 11 6 8 -1 -6 -7 -9 -2
right_child=2 -3 -4 -5 5 9 -8 10 -10 -11 -12 -13
leaf_value=-0.089879674571575446 -0.0018035914383883792 -0.099188293660403187 0.16313443890254495 -0.082924373539751545 -0.21096060664551614 -0.0056437762511474358 -0.002147813335910386 -0.0122794214516618 0.11106738246957422 0.062028566713865148 0.068380707017487413 -0.10507465684987036
leaf_weight=50 310 74 28 96 5.9999999999999991 430 109 548 202 112 4.9999999999999991 51
leaf_count=50 310 74 28 96 6 430 109 548 202 112 5 51
internal_value=-5.49805e-05 -0.000766668 0.000303523 0.000222075 0.000386774 0.000767262 0.00177162 -0.000477067 0.00275101 0.000179721 -0.000244957 -0.000518566
internal_weight=2021 677 1344 1316 1220 859 317 603 208 542 553 361
internal_count=2021 677 1344 1316 1220 859 317 603 208 542 553 361
is_linear=0
shrinkage=0.0152222


Tree=236
num_leaves=9
num_cat=0
split_feature=11 104 83 8 78 10 78 37
split_gain=2.29016 2.9395 2.55146 1.72821 1.60894 1.89419 1.35415 1.3406
threshold=1.8291666666666668 535.28571428571433 1.0000000180025095e-35 20.437500000000004 1066.8500000000001 23.793000521825473 889.20000000000016 3.0500000000000003
decision_type=2 2 2 2 2 2 2 2
left_child=2 -2 -1 4 6 -6 -3 -5
right_child=1 3 -4 7 5 -7 -8 -9
leaf_value=-0.10377131067131588 0.25017243423027347 0.037153192089162672 -0.013023646885485138 -0.0098382820174036621 0.023245930885568873 0.38156882655480084 -0.071525131343136442 0.21715844681892674
leaf_weight=134 12.999999999999998 8.0000000000000018 183 1492 114 13.999999999999998 17 4.9999999999999991
leaf_count=134 13 8 183 1492 114 14 17 5
internal_value=-0.00030751 -8.1461e-05 -0.00149316 -0.000138377 0.00140233 0.00209218 -0.00212657 -0.00029589
internal_weight=1980 1663 317 1650 153 128 25 1497
internal_count=1980 1663 317 1650 153 128 25 1497
is_linear=0
shrinkage=0.0152222


Tree=237
num_leaves=9
num_cat=0
split_feature=109 108 19 38 6 38 13 38
split_gain=2.53186 2.10631 3.10002 2.02559 1.82909 1.43341 1.33284 1.25961
threshold=6.4538368843241161 53.506569579312206 49.500000000000007 17.150000000000002 3.2500000000000004 5.4500000000000011 17.500000000000004 12.750000000000002
decision_type=2 2 2 2 2 2 2 2
left_child=1 2 4 7 5 -1 -6 -4
right_child=-2 -3 3 -5 6 -7 -8 -9
leaf_value=0.047835682840820959 0.45671859799256437 -0.14221031222302952 0.11369693194544676 0.0010079043763930075 -0.04513476794402236 -0.088986949310849425 0.0025843257253989494 0.41200731249945721
leaf_weight=11.999999999999998 15.999999999999998 54 25 31 413 117 1301 8.9999999999999982
leaf_count=12 16 54 25 31 413 117 1301 9
internal_value=-0.000141596 -0.000190853 -0.000106902 0.00315897 -0.000222172 -0.00196981 -9.05823e-05 0.00572194
internal_weight=1978 1962 1908 65 1843 129 1714 34
internal_count=1978 1962 1908 65 1843 129 1714 34
is_linear=0
shrinkage=0.0152222


Tree=238
num_leaves=8
num_cat=0
split_feature=11 80 80 11 1 57 1
split_gain=2.54195 2.67812 3.14647 2.3599 2.42733 1.31762 1.2376
threshold=1.2833333333333334 22.512500000000003 21.162500000000005 7.1854166666666677 131.50000000000003 1.5000000000000002 169.50000000000003
decision_type=2 2 2 2 2 2 2
left_child=-1 2 3 4 -2 -5 -6
right_child=1 -3 -4 5 6 -7 -8
leaf_value=-0.076811967428789998 0.0025136430877576344 -0.10495107679357267 0.20843453803888631 0.18873392842980366 -0.1288376342348701 0.28450809933708027 0.010634206621495472
leaf_weight=110 1667 29 24 27 109 8.9999999999999982 40
leaf_count=110 1667 29 24 27 109 9 40
internal_value=-0.000101981 2.79642e-05 9.8988e-05 2.79425e-05 -4.86137e-05 0.00388446 -0.00190975
internal_weight=2015 1905 1876 1852 1816 36 149
internal_count=2015 1905 1876 1852 1816 36 149
is_linear=0
shrinkage=0.0152222


Tree=239
num_leaves=7
num_cat=0
split_feature=11 11 2 80 2 2
split_gain=2.75832 2.22328 1.4435 1.38136 1.29663 1.27732
threshold=1.2500000000000002 8.0250000000000021 50.500000000000007 8.0375000000000032 66.500000000000014 59.500000000000007
decision_type=2 2 2 2 2 2
left_child=3 2 -2 -1 5 -4
right_child=1 -3 4 -5 -6 -7
leaf_value=-0.099277372487162535 -0.032398536399624929 0.1856371926952676 0.0068114176904325151 0.014660354358703985 0.00064647233014494354 0.068213305827262594
leaf_weight=85 655 34 163 22 955 133
leaf_count=85 655 34 163 22 955 133
internal_value=-5.27949e-05 7.84606e-05 9.5811e-06 -0.0024315 0.000312702 0.00119287
internal_weight=2047 1940 1906 107 1251 296
internal_count=2047 1940 1906 107 1251 296
is_linear=0
shrinkage=0.0152222


Tree=240
num_leaves=11
num_cat=0
split_feature=11 4 68 76 45 37 8 76 76 76
split_gain=2.90854 2.5504 1.89395 2.04109 1.75072 1.97701 1.85034 1.59693 1.30779 1.27726
threshold=1.2500000000000002 20.350000000000005 1.0000000180025095e-35 1537.0000000000002 1.0000000180025095e-35 3.4000000000000008 17.354166666666668 2189.5000000000005 1602.5000000000002 2524.5000000000005
decision_type=2 2 2 2 2 2 2 2 2 2
left_child=-1 2 4 -4 6 -6 -2 -8 -5 -10
right_child=1 -3 3 8 5 -7 7 -9 9 -11
leaf_value=-0.078517378046820629 0.028353048011453282 -0.079328492022855454 -0.045076838084566424 0.14469470413934429 -0.034518893501663907 0.23058488046422049 -0.0072027685405496918 0.041990669979473358 0.086389083724820181 0.20184555576940416
leaf_weight=106 115 110 33 4.9999999999999991 485 5.9999999999999991 605 499 86 20
leaf_count=106 115 110 33 5 485 6 605 499 86 20
internal_value=4.4119e-05 0.000176707 0.000310345 0.00198661 0.000169128 -0.000598277 0.000478246 0.000286778 0.00297446 0.00261232
internal_weight=2070 1964 1854 144 1710 491 1219 1104 111 106
internal_count=2070 1964 1854 144 1710 491 1219 1104 111 106
is_linear=0
shrinkage=0.0152222


Tree=241
num_leaves=7
num_cat=0
split_feature=41 11 41 38 1 38
split_gain=1.63312 1.85244 1.78608 1.65008 1.52784 1.2628
threshold=8.1000000000000032 1.2500000000000002 4.8500000000000005 28.650000000000002 132.50000000000003 41.20000000000001
decision_type=2 2 2 2 2 2
left_child=2 -2 -1 4 -3 -5
right_child=1 3 -4 5 -6 -7
leaf_value=-0.23678486883912764 -0.078185510895531857 -0.003432739933264753 0.14743181098182179 0.065038066549256035 -0.083597314839467252 -0.16238410760573924
leaf_weight=5.0000000000000027 94 1566 21 135 141 11.999999999999998
leaf_count=5 94 1566 21 135 141 12
internal_value=-0.000163475 -0.000214104 0.00362259 -0.000108373 -0.000241655 0.00143885
internal_weight=1974 1948 26 1854 1707 147
internal_count=1974 1948 26 1854 1707 147
is_linear=0
shrinkage=0.0152222


Tree=242
num_leaves=5
num_cat=0
split_feature=6 4 5 81
split_gain=3.50983 2.52942 1.69615 1.42101
threshold=5.2500000000000009 20.850000000000005 8.7500000000000018 152.18750000000003
decision_type=2 2 2 2
left_child=2 3 -1 -2
right_child=1 -3 -4 -5
leaf_value=-0.019547818892848113 0.012435428279567094 -0.095648566170921892 -0.11359575670879807 -0.082267740426477595
leaf_weight=260 1458 81 194 12.999999999999998
leaf_count=260 1458 81 194 13
internal_value=-3.64212e-05 0.000307962 -0.00121361 0.000452198
internal_weight=2006 1552 454 1471
internal_count=2006 1552 454 1471
is_linear=0
shrinkage=0.0152222


Tree=243
num_leaves=6
num_cat=0
split_feature=85 78 101 36 36
split_gain=2.13483 2.68977 1.83127 1.19918 1.75379
threshold=2.9000000000000004 2940.0000000000005 0.86737604583637751 15.250000000000002 20.050000000000004
decision_type=2 2 2 2 2
left_child=3 2 -2 -1 -5
right_child=1 -3 -4 4 -6
leaf_value=0.0035987146103512251 0.12162897758930025 0.21117310436178721 -0.03324852774031474 0.082631220672872083 -0.094998592177098107
leaf_weight=892 35 4.9999999999999991 907 147 13.999999999999998
leaf_count=892 35 5 907 147 14
internal_value=-7.60897e-06 -0.000532021 -0.0005914 0.000464012 0.00167294
internal_weight=2000 947 942 1053 161
internal_count=2000 947 942 1053 161
is_linear=0
shrinkage=0.0152222


Tree=244
num_leaves=5
num_cat=0
split_feature=81 46 1 76
split_gain=2.38462 1.93833 1.58766 1.52442
threshold=27.487500000000004 0.49166666666666675 132.50000000000003 486.00000000000006
decision_type=2 2 2 2
left_child=-1 2 3 -2
right_child=1 -3 -4 -5
leaf_value=-0.10355836987407031 -0.093707982386729283 -0.07214293775549363 -0.062917658695056611 0.008660822547464829
leaf_weight=55 35 166 150 1595
leaf_count=55 35 166 150 1595
internal_value=-5.553e-05 3.28505e-05 0.00017958 0.000317506
internal_weight=2001 1946 1780 1630
internal_count=2001 1946 1780 1630
is_linear=0
shrinkage=0.0152222


Tree=245
num_leaves=8
num_cat=0
split_feature=13 57 4 11 11 76 76
split_gain=2.9739 1.89078 2.30163 2.21438 1.71551 1.70208 2.46515
threshold=19.500000000000004 1.5000000000000002 19.050000000000004 2.3937500000000012 3.1479166666666676 2117.0000000000005 2248.0000000000005
decision_type=2 2 2 2 2 2 2
left_child=1 2 3 -1 -2 -5 -7
right_child=4 -3 -4 5 -6 6 -8
leaf_value=-0.026233321444622339 -0.10860632095243586 0.40097207054163125 -0.096958089506667886 0.00048531695265783973 -0.0012644125083618194 0.11973175204948976 0.041554266903450307
leaf_weight=484 276 8.9999999999999982 104 374 212 77 455
leaf_count=484 276 9 104 374 212 77 455
internal_value=-4.05182e-05 0.000294709 0.000252673 0.000416128 -0.00107292 0.000860187 0.00141335
internal_weight=1991 1503 1494 1390 488 906 532
internal_count=1991 1503 1494 1390 488 906 532
is_linear=0
shrinkage=0.0152222


Tree=246
num_leaves=10
num_cat=0
split_feature=19 103 11 36 38 36 38 38 38
split_gain=2.21568 2.05382 1.8213 1.75797 2.9961 2.25009 2.29332 1.24863 1.48985
threshold=3.5000000000000004 1.2033391620696245 8.0250000000000021 5.4500000000000011 14.250000000000002 15.850000000000003 28.050000000000004 9.4500000000000011 5.9500000000000011
decision_type=2 2 2 2 2 2 2 2 2
left_child=-1 2 3 4 7 -5 -7 8 -2
right_child=1 -3 -4 5 -6 6 -8 -9 -10
leaf_value=-0.037824341396450079 0.1695572824645982 0.038810769776923507 0.18141572305133902 -0.020482944081429342 -0.022616549577262873 0.026930528783491128 0.21151801990123609 0.30519090914949876 -0.12292318635106468
leaf_weight=110 5.9999999999999991 17 27 1361 51 439 14.999999999999998 21 9.9999999999999982
leaf_count=110 6 17 27 1361 51 439 15 21 10
internal_value=-0.000111738 7.03391e-06 -3.94327e-05 -9.51843e-05 0.00200535 -0.000197084 0.000730843 0.00529973 0.00208609
internal_weight=2057 1947 1930 1903 88 1815 454 37 16
internal_count=2057 1947 1930 1903 88 1815 454 37 16
is_linear=0
shrinkage=0.0152222


Tree=247
num_leaves=7
num_cat=0
split_feature=26 11 38 57 1 38
split_gain=2.50514 2.13654 1.85058 1.50025 1.28496 1.2423
threshold=1.0000000180025095e-35 7.3187500000000005 17.950000000000003 1.5000000000000002 33.500000000000007 17.150000000000002
decision_type=2 2 2 2 2 2
left_child=1 2 -1 -2 -4 -3
right_child=3 5 4 -5 -6 -7
leaf_value=0.033200344133764756 -0.031505392102163646 0.32910800500048326 -0.042802870773279551 0.27120012172927549 0.0040829461407839206 0.060840290564924383
leaf_weight=678 854 11.999999999999998 144 8.9999999999999982 280 25
leaf_count=678 854 12 144 9 280 25
internal_value=3.03902e-06 0.000471743 0.000350837 -0.00061555 -0.000437935 0.00406721
internal_weight=2002 1139 1102 863 424 37
internal_count=2002 1139 1102 863 424 37
is_linear=0
shrinkage=0.0152222


Tree=248
num_leaves=6
num_cat=0
split_feature=11 57 38 14 38
split_gain=2.06564 1.85289 1.62111 1.57629 1.46344
threshold=1.1500000000000006 1.5000000000000002 18.550000000000004 5.5000000000000009 10.050000000000002
decision_type=2 2 2 2 2
left_child=4 3 -3 -2 -1
right_child=1 2 -4 -5 -6
leaf_value=0.020364420617738684 0.0071137482995227274 0.3842537056780701 -0.11135294258141544 -0.044951854354395998 -0.10162652495591637
leaf_weight=22 1588 9.9999999999999982 4.9999999999999991 293 53
leaf_count=22 1588 10 5 293 53
internal_value=0.000144416 0.000242455 0.00556213 0.00019988 -0.00233242
internal_weight=1971 1896 15 1881 75
internal_count=1971 1896 15 1881 75
is_linear=0
shrinkage=0.0152222


Tree=249
num_leaves=7
num_cat=0
split_feature=85 78 13 13 78 10
split_gain=1.49897 1.9218 1.86883 1.75473 1.59343 1.29628
threshold=0.35000000000000003 2691.6000000000008 19.500000000000004 17.500000000000004 1111.9500000000003 27.251876510392531
decision_type=2 2 2 2 2 2
left_child=1 -1 3 4 -2 -4
right_child=2 -3 5 -5 -6 -7
leaf_value=0.023776858194750988 -0.0746044000239105 0.26365002352807293 -0.075519835381157543 0.0096804198507953187 -0.0066261675341226667 -0.029012198153171964
leaf_weight=177 143 4.9999999999999991 116 934 326 244
leaf_count=177 143 5 116 934 326 244
internal_value=-2.73894e-05 0.00128765 -0.000163181 8.78767e-05 -0.000671772 -0.00114149
internal_weight=1945 182 1763 1403 469 360
internal_count=1945 182 1763 1403 469 360
is_linear=0
shrinkage=0.0152222


Tree=250
num_leaves=10
num_cat=0
split_feature=11 10 10 4 57 76 76 6 1
split_gain=2.52695 3.92542 2.07127 1.92042 1.90361 1.89426 1.39578 1.33927 1.25324
threshold=3.5020833333333337 47.600155670003851 47.429390605856646 16.150000000000002 1.5000000000000002 2109.5000000000005 786.50000000000011 12.65 131.50000000000003
decision_type=2 2 2 2 2 2 2 2 2
left_child=3 2 5 7 -3 6 -2 8 -1
right_child=1 4 -4 -5 -6 -7 -8 -9 -10
leaf_value=-0.010353449344218477 0.10081158088462344 -0.028809866967953745 0.22267114637688223 -0.25952146479580318 0.3764448360249521 0.11507646009161754 -0.008267867821012043 -0.12917348091600711 -0.087687535842235501
leaf_weight=987 17 461 8.9999999999999982 28 11.999999999999998 181 134 59 88
leaf_count=987 17 461 9 28 12 181 134 59 88
internal_value=-0.000167931 0.000482437 0.00172729 -0.00062353 -0.000415098 0.00153114 0.000272064 -0.000526173 -0.000403543
internal_weight=1976 814 341 1162 473 332 151 1134 1075
internal_count=1976 814 341 1162 473 332 151 1134 1075
is_linear=0
shrinkage=0.0152222


Tree=251
num_leaves=9
num_cat=0
split_feature=68 19 77 78 19 11 77 82
split_gain=2.27318 2.69681 1.82907 1.82463 1.75511 2.24069 1.70739 1.24793
threshold=1.0000000180025095e-35 45.500000000000007 3249.5000000000005 1025.2500000000002 3.5000000000000004 3.5020833333333337 3176.5000000000005 4.2937500000000002
decision_type=2 2 2 2 2 2 2 2
left_child=1 2 4 -2 5 -1 -6 -5
right_child=3 -3 -4 7 6 -7 -8 -9
leaf_value=-0.13563951234186106 -0.12423818959037333 -0.14271007740565936 -0.047435634088226396 -0.17691158766106313 0.0014629650857529727 0.027695166849799949 0.14294307191133668 0.079242794247525075
leaf_weight=69 14.999999999999998 75 266 17 1392 30 20 138
leaf_count=69 15 75 266 17 1392 30 20 138
internal_value=-0.000162605 -0.000317256 -0.000197872 0.00152174 7.04875e-06 -0.00195169 0.000144452 0.00201257
internal_weight=2022 1852 1777 170 1511 99 1412 155
internal_count=2022 1852 1777 170 1511 99 1412 155
is_linear=0
shrinkage=0.0152222


Tree=252
num_leaves=6
num_cat=0
split_feature=11 105 76 11 3
split_gain=1.82711 2.65101 2.30608 1.66362 1.64576
threshold=1.1500000000000006 1.3428370423821041 4603.0000000000009 8.0250000000000021 120.50000000000001
decision_type=2 2 2 2 2
left_child=2 3 -1 4 -2
right_child=1 -3 -4 -5 -6
leaf_value=-0.12297396644055412 -0.0013538722317265671 0.076952192564142291 0.024918533609881995 0.26219665117637203 -0.052086437198055342
leaf_weight=73 1599 47 4.9999999999999991 21 210
leaf_count=73 1599 47 5 21 210
internal_value=-0.000136255 -4.13571e-05 -0.00241829 -0.000133085 -0.000182592
internal_weight=1955 1877 78 1830 1809
internal_count=1955 1877 78 1830 1809
is_linear=0
shrinkage=0.0152222


Tree=253
num_leaves=10
num_cat=0
split_feature=4 11 4 38 41 41 1 38 1
split_gain=2.41179 3.29608 2.21489 1.92483 2.01676 1.7482 1.8935 1.30602 1.24927
threshold=23.850000000000005 3.1770833333333344 13.050000000000002 24.250000000000004 45.20000000000001 8.1000000000000032 25.500000000000004 22.250000000000004 40.500000000000007
decision_type=2 2 2 2 2 2 2 2 2
left_child=1 2 3 7 -5 -3 -7 -1 -8
right_child=-2 5 -4 4 -6 6 8 -9 -10
leaf_value=-0.017942065461729991 -0.14399012364451352 0.12920648382508088 -0.22841848447015781 0.14640417899535699 0.013727224768326817 -0.07568511070576385 0.094273189644891925 -0.078972278580925176 0.013549748671074488
leaf_weight=810 47 8.9999999999999982 40 9.9999999999999982 158 45 108 75 744
leaf_count=810 47 9 40 10 158 45 108 75 744
internal_value=-0.000184505 -0.00010432 -0.000667069 -0.000533398 0.00096013 0.000574576 0.000507373 -0.00081696 0.00066816
internal_weight=2046 1999 1093 1053 168 906 897 885 852
internal_count=2046 1999 1093 1053 168 906 897 885 852
is_linear=0
shrinkage=0.0152222


Tree=254
num_leaves=8
num_cat=0
split_feature=37 6 81 108 76 6 76
split_gain=2.26958 1.66816 2.12222 1.67978 1.50362 1.36658 1.27542
threshold=1.0000000180025095e-35 13.050000000000002 135.62500000000003 16.922461401273086 928.50000000000011 5.2500000000000009 1845.5000000000002
decision_type=2 2 2 2 2 2 2
left_child=1 3 -3 -1 -5 -2 -7
right_child=5 2 -4 4 -6 6 -8
leaf_value=0.065506929798668789 -0.13220474788948833 0.075970232185518058 -0.091099357486354185 -0.065516064308679303 0.0062463468239788251 -0.088065673364475558 0.0023618901857841781
leaf_weight=5.9999999999999991 87 334 23 199 1012 103 230
leaf_count=6 87 334 23 199 1012 103 230
internal_value=5.19076e-05 0.000317197 0.00123209 4.87754e-05 8.7949e-06 -0.000942203 -0.000498175
internal_weight=1994 1574 357 1217 1211 420 333
internal_count=1994 1574 357 1217 1211 420 333
is_linear=0
shrinkage=0.0152222


Tree=255
num_leaves=6
num_cat=0
split_feature=11 4 68 11 78
split_gain=2.12113 1.91856 2.49241 2.38769 1.20634
threshold=1.2500000000000002 20.350000000000005 1.0000000180025095e-35 8.0250000000000021 1364.3000000000002
decision_type=2 2 2 2 2
left_child=-1 2 -2 -4 -3
right_child=1 4 3 -5 -6
leaf_value=-0.08797131736204393 -0.0056004045903091815 -0.13595424930188582 0.059090928032635971 0.37569955824264639 -0.00077276054108447773
leaf_weight=100 1697 66 126 6.9999999999999991 32
leaf_count=100 1697 66 126 7 32
internal_value=-0.000273211 -0.000161059 -4.99054e-05 0.00195635 -0.00223552
internal_weight=2028 1928 1830 133 98
internal_count=2028 1928 1830 133 98
is_linear=0
shrinkage=0.0152222


Tree=256
num_leaves=8
num_cat=0
split_feature=11 36 40 82 38 58 38
split_gain=3.04782 1.77933 2.4158 1.73126 1.59364 1.5428 1.254
threshold=3.5562500000000008 17.250000000000004 13.950000000000001 22.456250000000004 6.6500000000000012 1.5348503553932937 7.8500000000000005
decision_type=2 2 2 2 2 2 2
left_child=1 -1 -3 4 -2 6 -6
right_child=3 2 -4 -5 5 -7 -8
leaf_value=-0.031120506142028759 0.19334734036305815 0.18702139046616503 0.022107220708383547 -0.11665240258148762 -0.040925011438096175 -0.14959115125780989 0.030495152247007273
leaf_weight=1103 63 5.9999999999999991 135 13.999999999999998 28 23 677
leaf_count=1103 63 6 135 14 28 23 677
internal_value=1.70842e-05 -0.000455176 0.00115471 0.000746876 0.000840915 0.000639784 0.000766447
internal_weight=2049 1244 141 805 791 728 705
internal_count=2049 1244 141 805 791 728 705
is_linear=0
shrinkage=0.0152222


Tree=257
num_leaves=5
num_cat=0
split_feature=57 1 85 40
split_gain=2.04998 1.73171 1.35971 1.45108
threshold=1.5000000000000002 130.50000000000003 1.6500000000000001 1.0500000000000003
decision_type=2 2 2 2
left_child=1 2 3 -1
right_child=-2 -3 -4 -5
leaf_value=-0.085204632727697488 0.33655901013750911 -0.061924270003609033 -0.009649467802156959 0.024307566384887035
leaf_weight=55 17 177 1011 725
leaf_count=55 17 177 1011 725
internal_value=1.15003e-05 -3.40306e-05 0.000107935 0.000585426
internal_weight=1985 1968 1791 780
internal_count=1985 1968 1791 780
is_linear=0
shrinkage=0.0152222


Tree=258
num_leaves=5
num_cat=0
split_feature=11 1 15 57
split_gain=3.03215 3.27176 1.94579 2.24172
threshold=1.2500000000000002 130.50000000000003 2.5000000000000004 1.5000000000000002
decision_type=2 2 2 2
left_child=-1 2 -2 -4
right_child=1 -3 3 -5
leaf_value=-0.08637342151919053 -0.038165828594586886 -0.066791157285536043 0.007154236452931814 0.45165558622765178
leaf_weight=110 291 186 1422 9.9999999999999982
leaf_count=110 291 186 1422 10
internal_value=-0.00017114 -2.95007e-05 0.00017757 0.000408176
internal_weight=2019 1909 1723 1432
internal_count=2019 1909 1723 1432
is_linear=0
shrinkage=0.0152222


Tree=259
num_leaves=7
num_cat=0
split_feature=11 3 12 12 11 11
split_gain=1.88564 2.61747 1.34553 1.89312 1.22843 1.30374
threshold=2.4354166666666677 211.50000000000003 3.1029761904761908 2.9514880952380955 8.0250000000000021 8.4250000000000025
decision_type=2 2 2 2 2 2
left_child=2 4 3 -1 -2 -6
right_child=1 -3 -4 -5 5 -7
leaf_value=-0.028425564445659253 0.0067818265033769715 0.18158060854880206 -0.045647242246611916 0.042072609992698719 0.27986936956907127 0.143661601540577
leaf_weight=287 1262 12.999999999999998 296 84 5.0000000000000027 19
leaf_count=287 1262 13 296 84 5 19
internal_value=-6.19204e-06 0.000331615 -0.000664061 -5.33206e-05 0.000262765 0.00367066
internal_weight=1966 1299 667 371 1286 24
internal_count=1966 1299 667 371 1286 24
is_linear=0
shrinkage=0.0152222


Tree=260
num_leaves=7
num_cat=0
split_feature=78 4 109 11 15 45
split_gain=1.73152 1.85101 2.82169 1.91448 1.91348 1.59851
threshold=2940.0000000000005 19.450000000000003 5.9650830945018054 2.2270833333333342 1.5000000000000002 1.0000000180025095e-35
decision_type=2 2 2 2 2 2
left_child=1 2 3 5 -5 -1
right_child=-2 -3 -4 4 -6 -7
leaf_value=-0.0088316917507329142 0.16002918687806417 -0.065874824480021563 0.46960396951999017 -0.085178489530229801 0.010706597336221726 -0.072423234723561727
leaf_weight=391 5.9999999999999991 117 14.999999999999998 66 1266 155
leaf_count=391 6 117 15 66 1266 155
internal_value=-8.15436e-05 -0.000106021 8.84278e-06 -4.37667e-05 0.000267404 -0.000802847
internal_weight=2016 2010 1893 1878 1332 546
internal_count=2016 2010 1893 1878 1332 546
is_linear=0
shrinkage=0.0152222


Tree=261
num_leaves=11
num_cat=0
split_feature=11 81 9 81 57 12 81 81 12 81
split_gain=2.2957 1.79888 1.75808 4.22563 1.94289 1.70433 2.11273 1.63547 1.27207 1.2574
threshold=3.5854166666666676 94.437500000000014 32.217261904761912 114.87500000000001 1.5000000000000002 3.9705357142857149 91.562500000000014 77.312500000000014 3.9217261904761913 37.687500000000007
decision_type=2 2 2 2 2 2 2 2 2 2
left_child=1 5 3 7 -4 6 8 -2 -1 -7
right_child=2 -3 4 -5 -6 9 -8 -9 -10 -11
leaf_value=-0.0082108302550232097 0.055766151710203 -0.049712414431641525 0.0041277387988470386 -0.08440260065024055 0.18678067035836118 0.032322055046375801 0.14301925581276026 0.11689624978465481 0.35375802722449073 -0.089373835098361873
leaf_weight=1007 48 80 613 37 8.9999999999999982 24 14.999999999999998 77 6.9999999999999991 100
leaf_count=1007 48 80 613 37 9 24 15 77 7 100
internal_value=-4.60334e-05 -0.000455533 0.000597971 0.00201017 0.00023002 -0.000302315 -9.91057e-05 0.00334748 -0.000183134 -0.00198785
internal_weight=2017 1233 784 162 622 1153 1029 125 1014 124
internal_count=2017 1233 784 162 622 1153 1029 125 1014 124
is_linear=0
shrinkage=0.0152222


Tree=262
num_leaves=6
num_cat=0
split_feature=11 72 15 72 8
split_gain=2.48171 2.34526 2.11678 1.37161 1.44786
threshold=5.3729166666666677 15.500000000000002 11.500000000000002 5.5000000000000009 48.875000000000007
decision_type=2 2 2 2 2
left_child=3 2 -2 4 -1
right_child=1 -3 -4 -5 -6
leaf_value=0.010794680854869091 0.16376349794350822 -0.090745536719068973 0.29636378720906836 -0.01678855829922472 -0.034420780725576763
leaf_weight=781 185 44 31 847 155
leaf_count=781 185 44 31 847 155
internal_value=1.56443e-05 0.00140483 0.00205731 -0.000186962 0.000214656
internal_weight=2043 260 216 1783 936
internal_count=2043 260 216 1783 936
is_linear=0
shrinkage=0.0152222


Tree=263
num_leaves=8
num_cat=0
split_feature=15 38 4 80 38 38 38
split_gain=2.18096 1.77599 1.42276 1.5639 1.47544 1.35737 2.15717
threshold=6.5000000000000009 19.550000000000004 1.9500000000000002 4.5625000000000009 14.450000000000001 11.850000000000003 10.350000000000003
decision_type=2 2 2 2 2 2 2
left_child=1 5 -2 -4 -5 6 -1
right_child=2 -3 3 4 -6 -7 -8
leaf_value=0.0020642471588347457 0.081296980264858251 -0.053722072219976449 -0.10750226734101591 0.061015729547429606 0.0054801093293610336 0.021724564303536694 -0.089542161846560706
leaf_weight=273 5.9999999999999991 373 48 368 452 388 78
leaf_count=273 6 373 48 368 452 388 78
internal_value=0.000124164 -0.000323043 0.00069314 0.000641816 0.000798183 0.000109158 -0.0005767
internal_weight=1986 1112 874 868 820 739 351
internal_count=1986 1112 874 868 820 739 351
is_linear=0
shrinkage=0.0152222


Tree=264
num_leaves=7
num_cat=0
split_feature=76 38 4 11 19 11
split_gain=3.01586 2.23784 1.70966 2.57454 1.47767 1.26514
threshold=1132.5000000000002 40.000000000000007 27.100000000000005 8.0250000000000021 3.5000000000000004 1.0854166666666671
decision_type=2 2 2 2 2 2
left_child=5 2 3 4 -2 -1
right_child=1 -3 -4 -5 -6 -7
leaf_value=-0.19204739498825477 -0.023921192584975572 -0.13722890488955133 -0.21244165003283685 0.24066021132270088 0.0065716573567618751 -0.044601590612826918
leaf_weight=27 78 23 23 21 1503 328
leaf_count=27 78 23 23 21 1503 328
internal_value=-0.00012083 0.000153323 0.000220127 0.000279347 0.000208923 -0.00139337
internal_weight=2003 1648 1625 1602 1581 355
internal_count=2003 1648 1625 1602 1581 355
is_linear=0
shrinkage=0.0152222


Tree=265
num_leaves=6
num_cat=0
split_feature=76 11 5 1 1
split_gain=2.18696 2.25862 1.68333 2.52536 1.97968
threshold=1493.5000000000002 2.787500000000001 8.5500000000000025 104.50000000000001 26.500000000000004
decision_type=2 2 2 2 2
left_child=1 -1 3 4 -2
right_child=2 -3 -4 -5 -6
leaf_value=-0.059246609758677918 -0.019491929260928322 0.0043937972568648892 -0.0069421091182174438 0.20989294910374856 0.029697285789317327
leaf_weight=296 139 226 670 5.9999999999999991 631
leaf_count=296 139 226 670 6 631
internal_value=-1.85612e-05 -0.000863083 0.000286324 0.000768901 0.000691867
internal_weight=1968 522 1446 776 770
internal_count=1968 522 1446 776 770
is_linear=0
shrinkage=0.0152222


Tree=266
num_leaves=12
num_cat=0
split_feature=11 76 13 36 76 36 79 36 1 108 79
split_gain=2.33442 2.34377 1.82862 2.50583 1.70174 1.86437 1.70477 1.48111 1.45363 1.42196 1.31394
threshold=3.8020833333333344 786.50000000000011 19.500000000000004 19.550000000000004 1322.5000000000002 8.4500000000000011 166.62500000000003 13.050000000000002 99.500000000000014 46.032463894331194 61.875000000000007
decision_type=2 2 2 2 2 2 2 2 2 2 2
left_child=2 9 7 -4 8 6 -6 -1 -3 -2 -9
right_child=1 4 3 -5 5 -7 -8 10 -10 -11 -12
leaf_value=-0.028132032647916822 0.19406609843225417 -0.13106048277410504 -0.087819815834279252 0.13554466504598486 0.097504883367082129 0.0086756063177167095 -0.053197349755202142 0.040796076580881899 0.068720607025692396 -0.32147786098098358 -0.0062320494592062476
leaf_weight=538 16.000000000000004 65 355 9.9999999999999982 128 460 7.9999999999999991 175 18 4.9999999999999991 225
leaf_count=538 16 65 355 10 128 460 8 175 18 5 225
internal_value=-0.000143629 0.000565349 -0.000524518 -0.0014386 0.000410223 0.000694638 0.00226006 -0.000168762 -0.0016312 0.00556765 0.000532698
internal_weight=2003 700 1303 365 679 596 136 938 83 21 400
internal_count=2003 700 1303 365 679 596 136 938 83 21 400
is_linear=0
shrinkage=0.0152222


Tree=267
num_leaves=6
num_cat=0
split_feature=11 108 104 108 108
split_gain=2.07187 3.28169 1.80553 1.4553 1.43686
threshold=3.1375000000000006 32.138387525889662 535.28571428571433 34.840381641137832 38.947077999184764
decision_type=2 2 2 2 2
left_child=1 2 -1 -3 -5
right_child=-2 3 -4 4 -6
leaf_value=0.040399789734065043 0.018738486516065918 -0.087542863409642693 0.0052639917592705605 0.0015179066880902797 -0.076659021193147964
leaf_weight=28 935 175 465 199 194
leaf_count=28 935 175 465 199 194
internal_value=-7.47345e-05 -0.000535115 0.000373561 -0.00132378 -0.000809411
internal_weight=1996 1061 493 568 393
internal_count=1996 1061 493 568 393
is_linear=0
shrinkage=0.0152222


Tree=268
num_leaves=8
num_cat=0
split_feature=11 79 11 8 80 80 57
split_gain=2.56434 2.0789 2.49951 2.04276 2.00825 2.48901 1.50403
threshold=6.4312500000000012 117.87500000000001 3.1770833333333344 70.145833333333357 8.2875000000000032 9.2625000000000011 1.5000000000000002
decision_type=2 2 2 2 2 2 2
left_child=1 2 -1 -2 -4 -6 -5
right_child=3 -3 4 6 5 -7 -8
leaf_value=-0.022776694452698296 0.29884537487138951 -0.05339238333912532 0.096701185183148977 0.012919358223726371 -0.10265623004173617 0.020305262814656558 0.22099852798792988
leaf_weight=1076 30 165 165 62 64 462 5.9999999999999991
leaf_count=1076 30 165 165 62 64 462 6
internal_value=-0.00013497 -0.000256846 -0.000104233 0.00226657 0.000610159 0.000150463 0.000805211
internal_weight=2030 1932 1767 98 691 526 68
internal_count=2030 1932 1767 98 691 526 68
is_linear=0
shrinkage=0.0152222


Tree=269
num_leaves=8
num_cat=0
split_feature=41 77 41 36 23 41 77
split_gain=2.66356 2.05745 1.70882 2.80025 1.51292 1.42032 1.33552
threshold=39.800000000000004 415.00000000000006 50.95000000000001 11.15 -0.9159756150367534 38.350000000000009 684.50000000000011
decision_type=2 2 2 2 2 2 2
left_child=1 -1 -2 -4 5 6 -3
right_child=2 4 3 -5 -6 -7 -8
leaf_value=-0.1878935373935002 -0.061405358496655925 0.16402078601567335 -0.039019517497617381 0.063370165095093758 -0.033476010061562284 0.12637440745890094 0.017508922712900075
leaf_weight=25 375 7.9999999999999991 143 131 351 46 923
leaf_count=25 375 8 143 131 351 46 923
internal_value=-1.21634e-05 0.000372381 -0.000813814 9.99655e-05 0.000453895 0.000761846 0.000632721
internal_weight=2002 1353 649 274 1328 977 931
internal_count=2002 1353 649 274 1328 977 931
is_linear=0
shrinkage=0.0152222


Tree=270
num_leaves=9
num_cat=0
split_feature=11 13 41 11 41 41 13 11
split_gain=1.81967 2.09792 1.7635 1.64103 1.6113 2.74645 1.45391 1.27581
threshold=1.560416666666667 17.500000000000004 12.4 7.1229166666666677 39.400000000000013 31.150000000000002 18.500000000000004 1.6666666666666672
decision_type=2 2 2 2 2 2 2 2
left_child=6 4 -3 7 5 -2 -1 -4
right_child=1 2 3 -5 -6 -7 -8 -9
leaf_value=-0.014095013386035686 -0.049521286943604706 -0.074863776234144114 0.1160731305500744 0.29753315491941412 -0.082355004183191499 0.061087816226992095 -0.10621695233705949 0.0052517758485423919
leaf_weight=109 178 60 26 40 181 97 114 1209
leaf_count=109 178 60 26 40 181 97 114 1209
internal_value=-0.000198018 -3.65437e-05 0.000267943 0.000387998 -0.000927908 -0.000193686 -0.00149455 0.000289638
internal_weight=2014 1791 1335 1275 456 275 223 1235
internal_count=2014 1791 1335 1275 456 275 223 1235
is_linear=0
shrinkage=0.0152222


Tree=271
num_leaves=13
num_cat=0
split_feature=101 108 76 40 57 41 41 77 77 40 78 78
split_gain=1.96847 2.77315 2.21263 2.19163 2.15416 1.46693 1.36422 1.57062 1.33675 1.23811 1.20532 1.42278
threshold=1.0531770738793895 30.095892616715943 1227.5000000000002 13.15 1.5000000000000002 12.800000000000002 8.1000000000000032 1970.5000000000002 3176.5000000000005 21.950000000000003 1480.9500000000003 1506.1500000000003
decision_type=2 2 2 2 2 2 2 2 2 2 2 2
left_child=1 2 -1 6 10 -4 7 -3 -8 -5 -2 -12
right_child=4 3 5 9 -6 -7 8 -9 -10 -11 11 -13
leaf_value=-0.057633996153100553 -0.057877522112898129 -0.070767690216016088 -0.068061033650497565 0.030326215636217735 0.33446508355361404 0.057580597377289391 -0.013770578330186222 0.12452275033550404 -0.12415425202362754 0.28086492298736593 0.19744212322014609 -0.03635932236970732
leaf_weight=70 164 9.0000000000000018 11.999999999999998 409 7.9999999999999991 286 788 9.9999999999999982 51 11.999999999999998 4.9999999999999991 236
leaf_count=70 164 9 12 409 8 286 788 10 51 12 5 236
internal_value=-5.17228e-05 0.000183915 0.00134829 -0.000151142 -0.000991338 0.00192031 -0.000592526 0.00343551 -0.000683955 0.000748354 -0.00114621 -0.000460972
internal_weight=2060 1647 368 1279 413 298 858 19 839 421 405 241
internal_count=2060 1647 368 1279 413 298 858 19 839 421 405 241
is_linear=0
shrinkage=0.0152222


Tree=272
num_leaves=10
num_cat=0
split_feature=7 23 1 78 79 79 79 1 1
split_gain=2.00352 2.12531 1.469 1.41308 1.44416 1.81772 1.60622 1.33887 1.54023
threshold=13.250000000000002 -0.98296291314453399 130.50000000000003 1042.9500000000003 95.875000000000014 94.375000000000014 155.75000000000003 27.500000000000004 30.500000000000004
decision_type=2 2 2 2 2 2 2 2 2
left_child=1 -1 7 -2 5 -5 -6 -3 -9
right_child=3 2 -4 4 6 -7 -8 8 -10
leaf_value=0.020403344493571549 -0.053714347823663897 -0.07201252250333294 -0.089174215416615868 0.12422348041761391 0.018061319146968721 0.20195381651678068 0.27094902257422354 0.058170302438340572 -0.0077742374155653779
leaf_weight=331 92 177 123 85 246 9.9999999999999982 19 39 922
leaf_count=331 92 177 123 85 246 10 19 39 922
internal_value=2.82967e-05 -0.000225646 -0.000510602 0.000922648 0.00135288 0.00296268 0.000775305 -0.000339739 -0.000115621
internal_weight=2044 1592 1261 452 360 95 265 1138 961
internal_count=2044 1592 1261 452 360 95 265 1138 961
is_linear=0
shrinkage=0.0152222


Tree=273
num_leaves=3
num_cat=0
split_feature=78 78
split_gain=1.64018 1.66383
threshold=1207.6500000000003 1223.6000000000001
decision_type=2 2
left_child=-1 -2
right_child=1 -3
leaf_value=-0.0095336288534014525 0.13517833918708569 0.0057943584069547541
leaf_weight=952 35 1019
leaf_count=952 35 1019
internal_value=1.66916e-05 0.000430356
internal_weight=2006 1054
internal_count=2006 1054
is_linear=0
shrinkage=0.0152222


Tree=274
num_leaves=5
num_cat=0
split_feature=77 78 37 4
split_gain=1.93576 1.71765 1.67898 1.39938
threshold=455.50000000000006 979.95000000000016 0.95000000000000007 27.100000000000005
decision_type=2 2 2 2
left_child=-1 -2 3 -3
right_child=1 2 -4 -5
leaf_value=-0.15012161724778186 -0.045425827422363063 0.0052857055887259663 -0.10643125350390355 -0.10584118645429333
leaf_weight=36 277 1640 59 26
leaf_count=36 277 1640 59 26
internal_value=-0.000219587 -0.000156626 2.20579e-05 0.000111465
internal_weight=2038 2002 1725 1666
internal_count=2038 2002 1725 1666
is_linear=0
shrinkage=0.0152222


Tree=275
num_leaves=3
num_cat=0
split_feature=11 10
split_gain=2.00003 1.53478
threshold=2.4354166666666677 47.600155670003851
decision_type=2 2
left_child=-1 -2
right_child=1 -3
leaf_value=-0.033892946054524156 0.020379220552681845 -0.0082765198001812368
leaf_weight=688 789 516
leaf_count=688 789 516
internal_value=-5.26978e-05 0.000297431
internal_weight=1993 1305
internal_count=1993 1305
is_linear=0
shrinkage=0.0152222


Tree=276
num_leaves=7
num_cat=0
split_feature=79 80 41 76 4 72
split_gain=2.34281 1.73679 1.63046 1.60794 1.51023 1.44575
threshold=32.375000000000007 3.1125000000000007 65.700000000000017 455.50000000000006 23.600000000000005 15.500000000000002
decision_type=2 2 2 2 2 2
left_child=2 -2 -1 -3 5 -5
right_child=1 3 -4 4 -6 -7
leaf_value=-0.10031583945454189 0.18199576393653227 -0.11559133207843736 0.022825555196974046 0.0057478755709840955 -0.060216468931176097 -0.036049546867405205
leaf_weight=163 5.9999999999999991 25 10.999999999999998 1508 49 222
leaf_count=163 6 25 11 1508 49 222
internal_value=-0.000254718 -9.25059e-05 -0.00194155 -0.000119815 -6.58818e-05 8.79607e-06
internal_weight=1984 1810 174 1804 1779 1730
internal_count=1984 1810 174 1804 1779 1730
is_linear=0
shrinkage=0.0152222


Tree=277
num_leaves=6
num_cat=0
split_feature=79 4 72 72 7
split_gain=1.76632 1.87235 1.40446 1.32053 1.26251
threshold=36.875000000000007 23.450000000000003 3.5000000000000004 -3.4999999999999996 28.950000000000003
decision_type=2 2 2 2 2
left_child=2 3 -1 -2 -5
right_child=1 -3 -4 4 -6
leaf_value=-0.09124999432800486 0.071661549665104726 -0.093467418875878047 -0.025233758297759798 0.0010255064519233406 -0.16238457049202132
leaf_weight=106 52 48 175 1615 13.999999999999998
leaf_count=106 52 48 175 1615 14
internal_value=-0.000196897 -1.49642e-05 -0.00131611 6.97222e-05 -6.53852e-06
internal_weight=2010 1729 281 1681 1629
internal_count=2010 1729 281 1681 1629
is_linear=0
shrinkage=0.0152222


Tree=278
num_leaves=8
num_cat=0
split_feature=108 49 78 41 41 4 41
split_gain=2.09248 1.82072 1.89246 1.38548 1.26964 1.26753 1.35647
threshold=59.903988827928067 105376.50000000001 2435.0500000000006 80.65000000000002 55.250000000000007 1.0000000180025095e-35 39.800000000000004
decision_type=2 2 2 2 2 2 2
left_child=1 3 -3 4 5 -1 -7
right_child=-2 2 -4 -5 -6 6 -8
leaf_value=0.071876334269137268 -0.13493213823312059 0.026849185715541516 0.13306083794841078 -0.13399825293420664 0.054972641233462759 0.00091448175266792568 -0.0430226947433675
leaf_weight=6.9999999999999991 36 39 23 15.999999999999998 160 1263 455
leaf_count=7 36 39 23 16 160 1263 455
internal_value=-8.14756e-05 -1.47313e-05 0.00255122 -9.84873e-05 -6.05621e-05 -0.000180894 -0.000207326
internal_weight=1999 1963 62 1901 1885 1725 1718
internal_count=1999 1963 62 1901 1885 1725 1718
is_linear=0
shrinkage=0.0152222


Tree=279
num_leaves=3
num_cat=0
split_feature=11 1
split_gain=1.96233 1.67308
threshold=2.2270833333333342 117.50000000000001
decision_type=2 2
left_child=1 -1
right_child=-2 -3
leaf_value=-0.020771589739543236 0.0024247156296806575 -0.090916198467224499
leaf_weight=505 1408 61
leaf_count=505 1408 61
internal_value=-0.000178897 -0.000935832
internal_weight=1974 566
internal_count=1974 566
is_linear=0
shrinkage=0.0152222


Tree=280
num_leaves=9
num_cat=0
split_feature=11 10 46 76 23 10 76 76
split_gain=2.28588 3.11322 2.77657 2.13057 1.28455 1.28346 1.19642 1.26544
threshold=3.027083333333334 36.696599237637827 0.058333333333333341 1160.0000000000002 -0.98296291314453399 47.808559502056802 4603.0000000000009 697.00000000000011
decision_type=2 2 2 2 2 2 2 2
left_child=1 3 5 4 -1 -2 7 -4
right_child=2 -3 6 -5 -6 -7 -8 -9
leaf_value=0.062066014077987001 0.069558655889283685 -0.253007961779107 0.12690913769829198 -0.0014736556871612694 -0.083182038999206023 0.021110061292346664 0.17475176135078552 -0.032854321694508588
leaf_weight=8.9999999999999982 288 58 9.9999999999999982 773 207 329 9.9999999999999982 348
leaf_count=9 288 58 10 773 207 329 10 348
internal_value=-0.000116859 -0.000612054 0.000409506 -0.000410928 -0.0017473 0.00103364 -0.000636917 -0.000782247
internal_weight=2032 1047 985 989 216 617 368 358
internal_count=2032 1047 985 989 216 617 368 358
is_linear=0
shrinkage=0.0152222


Tree=281
num_leaves=7
num_cat=0
split_feature=3 19 57 104 105 11
split_gain=1.81344 2.34252 2.05583 1.68618 1.6807 1.39449
threshold=140.50000000000003 49.500000000000007 1.5000000000000002 1294.3333333333335 1.3542199996946487 1.2500000000000002
decision_type=2 2 2 2 2 2
left_child=1 2 5 -2 -3 -1
right_child=3 4 -4 -5 -6 -7
leaf_value=-0.075709396448233518 -0.076639778504485015 0.16470497906265308 0.50344098389249747 0.0020479871831983591 -0.69448763313763295 -0.00093658431836207983
leaf_weight=101 120 74 12.999999999999998 7.9999999999999991 6.9999999999999991 1708
leaf_count=101 120 74 13 8 7 1708
internal_value=-7.7194e-05 4.07917e-05 -7.1846e-05 -0.00183066 0.00257294 -0.000115276
internal_weight=2031 1903 1822 128 81 1809
internal_count=2031 1903 1822 128 81 1809
is_linear=0
shrinkage=0.0152222


Tree=282
num_leaves=5
num_cat=0
split_feature=11 3 3 57
split_gain=1.39395 1.84555 1.72043 1.33148
threshold=5.0020833333333341 133.50000000000003 10.500000000000002 1.5000000000000002
decision_type=2 2 2 2
left_child=1 2 -1 -2
right_child=3 -3 -4 -5
leaf_value=-0.12253217499180225 0.023980488647791995 -0.16246698557753239 -0.0077292709671246242 0.23471763097568701
leaf_weight=22 339 76 1546 13.999999999999998
leaf_count=22 339 76 1546 14
internal_value=-0.00025992 -0.00044628 -0.000333943 0.000607926
internal_weight=1997 1644 1568 353
internal_count=1997 1644 1568 353
is_linear=0
shrinkage=0.0152222


Tree=283
num_leaves=9
num_cat=0
split_feature=4 109 1 13 1 1 1 13
split_gain=1.84375 2.05177 2.60452 1.88107 1.33561 1.33111 2.26553 1.23356
threshold=23.450000000000003 4.3503041884167883 94.500000000000014 19.500000000000004 168.50000000000003 27.500000000000004 36.500000000000007 17.500000000000004
decision_type=2 2 2 2 2 2 2 2
left_child=1 2 3 -1 -4 -5 -7 -3
right_child=-2 7 4 5 -6 6 -8 -9
leaf_value=0.01411957348699738 -0.11730650612607887 -0.065835233688750577 -0.046140216152141394 -0.13533662819457357 0.23434002779418323 0.13646736270824733 -0.05420788736395573 0.078430546572823959
leaf_weight=1021 48 36 388 91 7.9999999999999991 48 183 191
leaf_count=1021 48 36 388 91 8 48 183 191
internal_value=-3.17417e-05 4.02588e-05 -0.000137423 0.000182475 -0.00122222 -0.000831876 -0.000217394 0.00140118
internal_weight=2014 1966 1739 1343 396 322 231 227
internal_count=2014 1966 1739 1343 396 322 231 227
is_linear=0
shrinkage=0.0152222


Tree=284
num_leaves=8
num_cat=0
split_feature=1 19 11 7 7 37 13
split_gain=2.65348 3.27544 1.82575 1.81463 1.61829 1.2124 1.20435
threshold=131.50000000000003 49.500000000000007 1.2833333333333334 20.250000000000004 7.3500000000000005 3.0500000000000003 19.500000000000004
decision_type=2 2 2 2 2 2 2
left_child=1 2 -1 -3 -2 6 -4
right_child=4 3 5 -5 -6 -7 -8
leaf_value=-0.065144807530866336 -0.098284666507778312 0.27053726289953922 0.0065498121187014084 -0.048546328763843107 -0.0060537138461039461 0.17704479451955946 -0.033971404841730286
leaf_weight=110 93 44 1273 10.999999999999998 87 4.9999999999999991 433
leaf_count=110 93 44 1273 11 87 5 433
internal_value=-9.47644e-05 7.46461e-05 -3.59417e-05 0.0037328 -0.00185994 8.62925e-05 6.42392e-05
internal_weight=2056 1876 1821 55 180 1711 1706
internal_count=2056 1876 1821 55 180 1711 1706
is_linear=0
shrinkage=0.0152222


Tree=285
num_leaves=5
num_cat=0
split_feature=13 57 11 7
split_gain=2.08746 2.0374 1.91578 1.44876
threshold=17.500000000000004 1.5000000000000002 1.8437500000000002 20.550000000000004
decision_type=2 2 2 2
left_child=1 -1 -2 -4
right_child=2 -3 3 -5
leaf_value=-0.037383291582581919 -0.039163578973571693 0.29123066126076469 0.014398317177686316 0.074533263464898789
leaf_weight=498 265 5.9999999999999991 1176 73
leaf_count=498 265 6 1176 73
internal_value=0.000117669 -0.000730825 0.000400145 0.000649565
internal_weight=2018 504 1514 1249
internal_count=2018 504 1514 1249
is_linear=0
shrinkage=0.0152222


Tree=286
num_leaves=8
num_cat=0
split_feature=83 76 76 41 41 76 82
split_gain=2.27782 1.74458 1.55094 1.34972 1.30511 1.26349 1.1954
threshold=1.0000000180025095e-35 542.00000000000011 3815.5000000000005 79.750000000000014 74.350000000000009 3534.5000000000005 22.456250000000004
decision_type=2 2 2 2 2 2 2
left_child=1 -1 5 4 6 -3 -2
right_child=3 2 -4 -5 -6 -7 -8
leaf_value=-0.17568322546851281 0.018828964055753104 -0.0077823307099625233 -0.11161161074472194 -0.14592778274812263 0.079017412093387834 0.08960281077071032 -0.1001153380389222
leaf_weight=24 1106 780 44 11.999999999999998 11.999999999999998 15.999999999999998 15.999999999999998
leaf_count=24 1106 780 44 12 12 16 16
internal_value=7.57282e-05 -0.000514419 -0.000398648 0.000520663 0.000574495 -0.000244758 0.000520947
internal_weight=2010 864 840 1146 1134 796 1122
internal_count=2010 864 840 1146 1134 796 1122
is_linear=0
shrinkage=0.0152222


Tree=287
num_leaves=9
num_cat=0
split_feature=106 102 5 12 9 12 3 14
split_gain=1.85273 2.40061 1.8224 1.6333 1.7021 1.59678 1.42729 1.46181
threshold=82.964285714285737 72.705168539325854 28.150000000000002 3.5758928571428577 23.830357142857146 3.5639880952380962 143.50000000000003 5.5000000000000009
decision_type=2 2 2 2 2 2 2 2
left_child=2 -2 3 4 -1 -6 7 -3
right_child=1 6 -4 -5 5 -7 -8 -9
leaf_value=-0.057560390984562601 -0.059481156460960603 0.056047942211409373 0.22194081641481792 -0.07572012136296398 -3.5630279791623209e-05 0.13974762210156177 -0.030080447286427343 -0.017208089385904148
leaf_weight=106 83 608 5.9999999999999991 88 904 7.9999999999999991 78 121
leaf_count=106 83 608 6 88 904 8 78 121
internal_value=0.000132295 0.000649895 -0.000281978 -0.000327548 -0.0001555 5.67415e-05 0.000903462 0.00111287
internal_weight=2002 890 1112 1106 1018 912 807 729
internal_count=2002 890 1112 1106 1018 912 807 729
is_linear=0
shrinkage=0.0152222


Tree=288
num_leaves=9
num_cat=0
split_feature=5 38 38 77 107 76 25 77
split_gain=2.04196 2.02343 2.27151 2.00862 1.78977 1.42708 1.30451 1.20227
threshold=28.150000000000002 16.650000000000002 12.050000000000002 1301.0000000000002 1.3427643575992787 1835.5000000000002 0.87837969732492682 1390.5000000000002
decision_type=2 2 2 2 2 2 2 2
left_child=1 2 6 -4 -3 -6 -1 -5
right_child=-2 4 3 7 5 -7 -8 -9
leaf_value=-0.015421190371933322 0.066598819533861597 -0.033247446276947548 -0.075109667625218562 0.04318819269073812 -0.043377082233953583 0.042886598097428133 0.055509420914175982 0.046533127785702177
leaf_weight=516 10.999999999999998 850 86 8.9999999999999982 8.9999999999999982 32 94 328
leaf_count=516 11 850 86 9 9 32 94 328
internal_value=-5.11307e-05 -8.86073e-05 0.000369849 0.00122697 -0.000620124 0.00248431 -0.000224564 0.00175682
internal_weight=1935 1924 1033 423 891 41 610 337
internal_count=1935 1924 1033 423 891 41 610 337
is_linear=0
shrinkage=0.0152222


Tree=289
num_leaves=6
num_cat=0
split_feature=6 11 36 46 46
split_gain=1.77678 1.35664 2.00064 1.43284 1.61115
threshold=2.7500000000000004 5.3729166666666677 8.3500000000000032 0.27500000000000008 0.24166666666666672
decision_type=2 2 2 2 2
left_child=-1 3 -3 4 -2
right_child=1 2 -4 -5 -6
leaf_value=-0.068428297666831395 -0.0020658624986650501 -0.082234397709092993 0.12132267716080833 -0.043331934843759551 0.098302238356956131
leaf_weight=68 1449 56 205 226 28
leaf_count=68 1449 56 205 226 28
internal_value=-0.000131841 -4.80506e-05 0.000973781 -0.000204683 -3.19453e-05
internal_weight=2032 1964 261 1703 1477
internal_count=2032 1964 261 1703 1477
is_linear=0
shrinkage=0.0152222


Tree=290
num_leaves=14
num_cat=0
split_feature=13 13 104 11 36 11 1 11 8 11 11 1 104
split_gain=2.09682 2.65578 2.07604 2.38786 1.97586 1.83911 1.85135 1.43996 2.10113 1.42076 1.38462 1.81683 2.10427
threshold=19.500000000000004 17.500000000000004 949.2380952380953 5.4625000000000004 19.050000000000004 8.0250000000000021 174.00000000000003 1.6666666666666672 20.687500000000004 5.7062500000000007 1.2500000000000002 23.500000000000004 724.38095238095241
decision_type=2 2 2 2 2 2 2 2 2 2 2 2 2
left_child=1 2 3 4 -1 6 10 -2 -9 -5 -3 12 -12
right_child=7 5 -4 9 -6 -7 -8 8 -10 -11 11 -13 -14
leaf_value=-0.00091963809639775704 -0.093124541383841686 -0.075118007802161491 -0.099353048394773491 0.29093009350877819 -0.27906277691484499 0.22929487475669358 0.24009843105336562 0.11515364549460275 -0.067374044357299531 0.09012223423631216 0.16608528219357577 0.023994406222539379 0.0082866165043670812
leaf_weight=305 59 50 142 8.9999999999999982 24 13.999999999999998 20 47 393 30 24 851 31
leaf_count=305 59 50 142 9 24 14 20 47 393 30 24 851 31
internal_value=7.08146e-05 0.00035517 -0.000537193 6.61626e-05 -0.000356196 0.00081488 0.000736113 -0.000783901 -0.000484277 0.00362503 0.000640059 0.000776184 0.00345629
internal_weight=1999 1500 510 368 329 990 976 499 440 39 956 906 55
internal_count=1999 1500 510 368 329 990 976 499 440 39 956 906 55
is_linear=0
shrinkage=0.0152222


Tree=291
num_leaves=6
num_cat=0
split_feature=57 19 85 11 11
split_gain=2.54379 2.20441 1.52828 1.25074 1.40956
threshold=1.5000000000000002 14.500000000000002 2.2500000000000004 4.2020833333333343 4.7333333333333352
decision_type=2 2 2 2 2
left_child=1 3 -3 -1 -5
right_child=-2 2 -4 4 -6
leaf_value=-0.057558035709295484 0.31367780542599805 0.025370192164903695 -0.013603063273426814 0.11616676205560443 -0.0061350966609502854
leaf_weight=497 11.999999999999998 614 734 34 102
leaf_count=497 12 614 734 34 102
internal_value=-0.000151987 -0.000194401 0.000153568 -0.000935375 0.000358003
internal_weight=1993 1981 1348 633 136
internal_count=1993 1981 1348 633 136
is_linear=0
shrinkage=0.0152222


Tree=292
num_leaves=12
num_cat=0
split_feature=1 37 4 4 4 0 0 36 36 36 4
split_gain=1.70571 1.55437 2.42723 2.06592 2.32402 1.795 1.31069 1.21156 1.46857 1.34527 1.21006
threshold=132.50000000000003 1.0000000180025095e-35 17.650000000000002 13.550000000000002 13.950000000000001 163.50000000000003 18.500000000000004 16.850000000000005 18.950000000000003 18.050000000000004 7.3500000000000005
decision_type=2 2 2 2 2 2 2 2 2 2 2
left_child=1 2 5 10 -5 6 -1 -2 9 -9 -3
right_child=7 3 -4 4 -6 -7 -8 8 -10 -11 -12
leaf_value=0.036964103183089722 -0.079877736138544625 -0.02027646238018678 -0.063263607233230643 0.2197169058052027 0.018291172336799586 0.082440414549236035 0.0065691173964573194 0.035831283941326224 -0.0788824870976301 0.18410367715029513 -0.11782428754135858
leaf_weight=68 142 180 99 5.9999999999999991 61 10.999999999999998 1264 13.000000000000005 10.999999999999998 4.9999999999999991 157
leaf_count=68 142 180 99 6 61 11 1264 13 11 5 157
internal_value=-0.000174328 -3.95778e-05 0.000194226 -0.000874026 0.0015664 0.00036382 0.000313114 -0.00162853 0.001205 0.00387881 -0.00135939
internal_weight=2017 1846 1442 404 67 1343 1332 171 29 18 337
internal_count=2017 1846 1442 404 67 1343 1332 171 29 18 337
is_linear=0
shrinkage=0.0152222


Tree=293
num_leaves=12
num_cat=0
split_feature=1 4 11 1 11 81 38 58 38 38 38
split_gain=2.36298 2.12624 1.80274 1.85367 2.23567 1.67982 1.27752 2.02865 1.59537 1.55956 1.25174
threshold=133.50000000000003 23.450000000000003 5.929166666666668 126.50000000000001 2.0354166666666673 132.43750000000003 16.650000000000002 0.26827446907513119 29.550000000000004 16.150000000000002 41.20000000000001
decision_type=2 2 2 2 2 2 2 2 2 2 2
left_child=1 2 3 6 -5 -4 7 9 -8 -1 -10
right_child=-2 -3 5 4 -6 -7 8 -9 10 -11 -12
leaf_value=0.015600011323769734 -0.049461627763259686 -0.15931893666089442 0.21239090849802827 -0.073770156364177941 0.12392613935898367 -0.10937591091158824 -0.032928664315894973 -0.0055823655261410931 0.055403998439365186 0.14522232994215462 -0.16516917901368772
leaf_weight=398 151 23 125 6.9999999999999991 32 8.9999999999999982 610 461 84 33 20
leaf_count=398 151 23 125 7 32 9 610 461 84 33 20
internal_value=-0.00011613 3.7165e-05 9.66844e-05 -4.16376e-05 0.00323523 0.00179414 -0.000121316 0.000262785 -0.000601165 0.00101351 0.00114106
internal_weight=1953 1802 1779 1645 39 134 1606 892 714 431 104
internal_count=1953 1802 1779 1645 39 134 1606 892 714 431 104
is_linear=0
shrinkage=0.0152222


Tree=294
num_leaves=6
num_cat=0
split_feature=78 104 104 82 57
split_gain=1.79055 1.83022 1.35897 1.34492 1.34072
threshold=1087.1500000000003 525.40476190476204 1172.261904761905 5.9687500000000009 1.5000000000000002
decision_type=2 2 2 2 2
left_child=2 -2 3 -1 -3
right_child=1 4 -4 -5 -6
leaf_value=-0.06934802010885692 0.071967693906446528 0.0045838853767294803 -0.24466197921825247 -0.0065398173540891875 0.25806317299690168
leaf_weight=114 12.999999999999998 1459 28 393 19
leaf_count=114 13 1459 28 393 19
internal_value=1.50037e-06 0.000272579 -0.000753918 -0.000573394 0.000222452
internal_weight=2026 1491 535 507 1478
internal_count=2026 1491 535 507 1478
is_linear=0
shrinkage=0.0152222


Tree=295
num_leaves=8
num_cat=0
split_feature=11 4 82 85 41 19 38
split_gain=2.6661 1.8983 1.81387 1.61145 1.50601 1.46548 1.43171
threshold=2.3937500000000012 23.850000000000005 22.943750000000005 0.90000000000000013 78.850000000000009 16.500000000000004 4.4500000000000011
decision_type=2 2 2 2 2 2 2
left_child=3 2 4 5 6 -1 -2
right_child=1 -3 -4 -5 -6 -7 -8
leaf_value=0.098995853970118342 -0.038419197658887003 -0.13325133742246029 -0.096935767708029641 -0.040700014458523913 -0.21647385560664476 -0.0054047814855103663 0.022897791329351141
leaf_weight=63 39 42 15.999999999999998 534 12.999999999999998 75 1254
leaf_count=63 39 42 16 534 13 75 1254
internal_value=4.63511e-05 0.000432988 0.00053425 -0.000738396 0.00059674 0.000727717 0.000648652
internal_weight=2036 1364 1322 672 1306 138 1293
internal_count=2036 1364 1322 672 1306 138 1293
is_linear=0
shrinkage=0.0152222


Tree=296
num_leaves=5
num_cat=0
split_feature=83 11 11 10
split_gain=1.73846 1.46627 1.48097 1.24196
threshold=1.0000000180025095e-35 2.0645833333333345 2.1270833333333345 67.871914780126289
decision_type=2 2 2 2
left_child=1 -1 -3 -2
right_child=3 2 -4 -5
leaf_value=-0.071943400667561233 0.0091235744480681336 0.013711194852329314 -0.020903021925338747 -0.11413730487790069
leaf_weight=201 1028 20 633 53
leaf_count=201 1028 20 633 53
internal_value=-0.000114063 -0.000627384 -0.000277375 0.000291471
internal_weight=1935 854 653 1081
internal_count=1935 854 653 1081
is_linear=0
shrinkage=0.0152222


Tree=297
num_leaves=3
num_cat=0
split_feature=76 76
split_gain=2.59534 1.36902
threshold=4953.5000000000009 996.00000000000011
decision_type=2 2
left_child=1 -1
right_child=-2 -3
leaf_value=-0.051284194027194446 0.078268965451138595 -0.0027567889675424893
leaf_weight=297 13.999999999999998 1682
leaf_count=297 14 1682
internal_value=-0.000236001 -0.000282283
internal_weight=1993 1979
internal_count=1993 1979
is_linear=0
shrinkage=0.0152222


Tree=298
num_leaves=13
num_cat=0
split_feature=80 7 4 2 23 4 2 81 80 80 81 2
split_gain=2.02954 2.40984 2.7871 2.32193 2.11121 2.37848 1.85767 1.6336 1.38973 1.57008 1.22696 1.21547
threshold=12.987500000000002 24.350000000000005 12.15 65.500000000000014 -0.98296291314453399 9.9500000000000011 125.50000000000001 119.31250000000001 8.0875000000000021 10.887500000000001 85.062500000000014 77.500000000000014
decision_type=2 2 2 2 2 2 2 2 2 2 2 2
left_child=4 2 3 -2 5 8 7 10 -1 -10 -4 -5
right_child=1 -3 6 11 -6 -7 -8 -9 9 -11 -12 -13
leaf_value=0.014147841049376605 0.057086487474967466 -0.094219166478305125 0.21304305826254977 -0.13433573388897538 -0.021485535824270013 -0.027584295783683929 0.032689577712788867 0.241146911095487 0.12658761605869268 -0.0089332183554146558 0.16720335058085256 -0.0020007533942753087
leaf_weight=128 19 32 7.9999999999999991 15.999999999999998 1261 119 79 18 69 22 76 166
leaf_count=128 19 32 8 16 1261 119 79 18 69 22 76 166
internal_value=-7.48595e-05 0.000874975 0.00121123 -2.26929e-05 -0.000320806 0.000747474 0.00258113 0.00393784 0.00168863 0.00312627 0.00304253 -0.000551836
internal_weight=2013 414 382 201 1599 338 181 102 219 91 84 182
internal_count=2013 414 382 201 1599 338 181 102 219 91 84 182
is_linear=0
shrinkage=0.0152222


Tree=299
num_leaves=7
num_cat=0
split_feature=40 104 36 36 11 36
split_gain=1.88857 2.2654 1.60358 1.2463 2.49803 1.32869
threshold=2.0500000000000003 1039.8333333333335 3.4500000000000006 15.950000000000001 2.4354166666666677 5.3500000000000005
decision_type=2 2 2 2 2 2
left_child=2 3 -1 5 -5 -2
right_child=1 -3 -4 4 -6 -7
leaf_value=0.04574839627533156 0.084001993667981043 0.045298079035222469 -0.081211013452998707 -0.098029033944617538 0.0449905568294625 -0.015785052648621022
leaf_weight=45 6.9999999999999991 154 180 63 352 1171
leaf_count=45 7 154 180 63 352 1171
internal_value=-7.41002e-05 9.49701e-05 -0.00138658 -7.54851e-05 0.000641811 -0.000328203
internal_weight=1972 1747 225 1593 415 1178
internal_count=1972 1747 225 1593 415 1178
is_linear=0
shrinkage=0.0152222


Tree=300
num_leaves=5
num_cat=0
split_feature=28 7 11 11
split_gain=1.91222 2.08562 2.06975 1.77449
threshold=1.0000000180025095e-35 19.550000000000004 3.9812500000000002 4.0270833333333345
decision_type=2 2 2 2
left_child=1 -1 -2 -4
right_child=2 -3 3 -5
leaf_value=0.012065704133183879 -0.03645856665744706 0.18501195524944597 0.41976952252748834 0.0068208613415304976
leaf_weight=877 733 37 8.9999999999999982 319
leaf_count=877 733 37 9 319
internal_value=1.92658e-05 0.000529579 -0.000420344 0.000584651
internal_weight=1975 914 1061 328
internal_count=1975 914 1061 328
is_linear=0
shrinkage=0.0152222


Tree=301
num_leaves=9
num_cat=0
split_feature=11 101 58 38 79 57 41 41
split_gain=2.05576 2.41028 2.05277 1.71445 1.95093 1.49117 1.28687 2.1069
threshold=2.2270833333333342 0.87456217166531303 1.5348503553932937 28.650000000000002 45.125000000000007 1.5000000000000002 40.150000000000006 38.70000000000001
decision_type=2 2 2 2 2 2 2 2
left_child=1 -1 3 5 -5 6 7 -2
right_child=2 -3 -4 4 -6 -7 -8 -9
leaf_value=0.062940824662266512 0.01197527561558015 -0.03029805035112762 -0.077227164253122788 0.25566334043452671 0.056621570817295686 0.28432772175518572 -0.040417396021707096 0.14018217409713621
leaf_weight=38 855 531 65 17 103 18 336 50
leaf_count=38 855 531 65 17 103 18 336 50
internal_value=0.00011418 -0.000660722 0.000419542 0.000544179 0.00228232 0.000378421 0.000315222 0.000613895
internal_weight=2013 569 1444 1379 120 1259 1241 905
internal_count=2013 569 1444 1379 120 1259 1241 905
is_linear=0
shrinkage=0.0152222


Tree=302
num_leaves=5
num_cat=0
split_feature=76 4 11 11
split_gain=1.49428 1.54032 1.47015 2.38892
threshold=1132.5000000000002 29.450000000000003 3.0854166666666676 3.277083333333334
decision_type=2 2 2 2
left_child=2 -2 -1 -4
right_child=1 -3 3 -5
leaf_value=-0.071457218083480628 0.0038636028870507669 -0.26816609769558414 0.21935677763253453 -0.0065617282923468483
leaf_weight=227 1601 15.999999999999998 11.999999999999998 111
leaf_count=227 1601 16 12 111
internal_value=-5.49421e-05 0.000140259 -0.000956673 0.000383454
internal_weight=1967 1617 350 123
internal_count=1967 1617 350 123
is_linear=0
shrinkage=0.0152222


Tree=303
num_leaves=9
num_cat=0
split_feature=46 3 4 4 4 107 107 107
split_gain=2.01652 1.81043 1.41647 1.3725 1.31162 1.68977 1.31101 1.2039
threshold=0.6083333333333335 68.500000000000014 10.050000000000002 9.0500000000000025 14.050000000000002 1.011821226240293 1.352516894326981 1.0947306102914214
decision_type=2 2 2 2 2 2 2 2
left_child=1 2 3 -1 5 -3 -7 -6
right_child=-2 4 -4 -5 7 6 -8 -9
leaf_value=-0.0085623187620949646 -0.064275823277293989 0.058237204586951127 -0.051932973350217598 0.1322783080943068 -0.06993619165532107 -0.00040208554725699536 0.073282281446508765 0.036099559978684616
leaf_weight=673 146 308 265 42 121 347 24 70
leaf_count=673 146 308 265 42 121 347 24 70
internal_value=-2.89775e-05 0.000106962 -0.000341701 1.0638e-05 0.000612347 0.000925811 0.000233828 -0.000501937
internal_weight=1996 1850 980 715 870 679 371 191
internal_count=1996 1850 980 715 870 679 371 191
is_linear=0
shrinkage=0.0152222


Tree=304
num_leaves=8
num_cat=0
split_feature=1 12 12 108 108 108 5
split_gain=1.87371 1.48051 1.96472 1.77831 1.3469 1.24876 1.20528
threshold=133.50000000000003 2.6321428571428576 3.1824404761904765 16.922461401273086 33.727831318977415 39.668511168272964 24.600000000000005
decision_type=2 2 2 2 2 2 2
left_child=1 3 5 -1 -4 -3 -2
right_child=6 2 4 -5 -6 -7 -8
leaf_value=0.075542506025643191 -0.086601789480273528 0.024942895094777415 -0.046902206184932953 -0.051879265208381126 0.0021104071738114404 -0.057713213218026284 0.049590232403998402
leaf_weight=8.9999999999999982 134 472 209 244 873 41 26
leaf_count=9 134 472 209 244 873 41 26
internal_value=-0.0001319 4.93966e-06 0.00017655 -0.00107675 -0.00019132 0.000952398 -0.00171192
internal_weight=2008 1848 1595 253 1082 513 160
internal_count=2008 1848 1595 253 1082 513 160
is_linear=0
shrinkage=0.0152222


Tree=305
num_leaves=10
num_cat=0
split_feature=82 3 72 7 22 38 79 79 1
split_gain=1.94654 2.70141 2.38047 2.715 2.27395 1.93295 1.40952 1.62299 1.32121
threshold=11.118750000000002 93.500000000000014 -2.4999999999999996 13.450000000000001 1.0000000180025095e-35 16.250000000000004 38.625000000000007 78.125000000000014 91.500000000000014
decision_type=2 2 2 2 2 2 2 2 2
left_child=1 4 3 -2 8 -4 -6 -8 -1
right_child=2 -3 5 -5 6 -7 7 -9 -10
leaf_value=-0.0033374012745307851 0.32033370388575677 -0.07865376976509296 0.072076758051595288 0.020271701853411119 -0.035427839799493474 -0.011446591371167377 0.046899559200781191 -0.090647480435241734 -0.057957106526774708
leaf_weight=557 10.999999999999998 173 262 31 129 275 290 48 241
leaf_count=557 11 173 262 31 129 275 290 48 241
internal_value=-0.000106408 -0.000406473 0.000638796 0.00412659 -0.000162441 0.00036563 0.000681167 0.00119777 -0.000656149
internal_weight=2017 1438 579 42 1265 537 467 338 798
internal_count=2017 1438 579 42 1265 537 467 338 798
is_linear=0
shrinkage=0.0152222


Tree=306
num_leaves=3
num_cat=0
split_feature=109 11
split_gain=2.17502 1.8812
threshold=6.7896712625082873 1.2500000000000002
decision_type=2 2
left_child=1 -1
right_child=-2 -3
leaf_value=-0.066477054031767333 0.532025499979489 0.0012181611529618844
leaf_weight=103 6.9999999999999991 1879
leaf_count=103 7 1879
internal_value=-2.06612e-05 -5.06863e-05
internal_weight=1989 1982
internal_count=1989 1982
is_linear=0
shrinkage=0.0152222


Tree=307
num_leaves=9
num_cat=0
split_feature=68 19 5 11 11 57 5 5
split_gain=2.71558 1.5494 1.80371 1.53365 1.42301 1.25584 1.22874 1.23406
threshold=1.0000000180025095e-35 49.500000000000007 13.550000000000002 1.8437500000000002 1.7062500000000003 1.5000000000000002 8.7500000000000018 3.9500000000000006
decision_type=2 2 2 2 2 2 2 2
left_child=3 6 -3 4 -1 -5 7 -2
right_child=1 2 -4 5 -6 -7 -8 -9
leaf_value=-0.032012582535713027 -0.15728470449864915 0.2099818294045479 0.024301527350840044 -0.0039144513728598318 -0.11189086633317603 0.19502208830177009 -0.036084135948990279 0.12741831363638376
leaf_weight=263 9.9999999999999982 39 41 1489 56 18 38 45
leaf_count=263 10 39 41 1489 56 18 38 45
internal_value=-0.000142393 0.00168008 0.00323259 -0.000315104 -0.00127387 -0.000112115 0.000343492 0.00179723
internal_weight=1999 173 80 1826 319 1507 93 55
internal_count=1999 173 80 1826 319 1507 93 55
is_linear=0
shrinkage=0.0152222


Tree=308
num_leaves=8
num_cat=0
split_feature=2 37 11 9 5 5 5
split_gain=2.67936 1.67867 1.77634 2.17746 2.46852 2.49023 1.69195
threshold=229.50000000000003 1.2500000000000002 1.0854166666666671 33.752976190476197 8.1500000000000004 6.2500000000000009 23.050000000000004
decision_type=2 2 2 2 2 2 2
left_child=1 2 -1 4 5 -4 -5
right_child=-2 -3 3 6 -6 -7 -8
leaf_value=-0.07376994807807627 0.1024940627046729 -0.080448269717469253 0.016584395752405473 -0.011430335532578211 -0.033953657327776589 0.086373753587919752 0.034597088747791174
leaf_weight=66 7.9999999999999991 47 347 1170 237 102 53
leaf_count=66 8 47 347 1170 237 102 53
internal_value=-6.74841e-05 -0.00010238 -3.46807e-05 5.0232e-05 0.000736641 0.0014 -0.000334797
internal_weight=2030 2022 1975 1909 686 449 1223
internal_count=2030 2022 1975 1909 686 449 1223
is_linear=0
shrinkage=0.0152222


Tree=309
num_leaves=5
num_cat=0
split_feature=7 19 104 4
split_gain=1.81563 2.16115 1.62746 1.19467
threshold=13.250000000000002 49.500000000000007 535.28571428571433 4.4500000000000011
decision_type=2 2 2 2
left_child=1 2 -1 -2
right_child=3 -3 -4 -5
leaf_value=0.084141475318551803 0.09120707099243705 0.10159702999778394 -0.018911022175641369 0.033252764542648104
leaf_weight=27 15.999999999999998 65 1427 422
leaf_count=27 16 65 1427 422
internal_value=-8.55396e-06 -0.000257534 -0.000378969 0.000854836
internal_weight=1957 1519 1454 438
internal_count=1957 1519 1454 438
is_linear=0
shrinkage=0.0152222


Tree=310
num_leaves=11
num_cat=0
split_feature=11 19 5 77 77 77 77 81 81 77
split_gain=2.00941 1.63604 1.61013 2.06213 1.59776 1.6724 1.71896 1.3564 1.38794 1.23259
threshold=6.4312500000000012 2.5000000000000004 8.4500000000000011 3682.5000000000005 1227.5000000000002 2105.5000000000005 2577.0000000000005 27.487500000000004 149.43750000000003 1702.5000000000002
decision_type=2 2 2 2 2 2 2 2 2 2
left_child=1 -1 7 -4 -2 9 -7 -3 -9 -6
right_child=4 2 3 -5 5 6 -8 8 -10 -11
leaf_value=-0.045252489590803954 0.23433112187666266 -0.089506814730948153 -0.0062556526381484382 -0.1428278716182344 0.1326832865764177 0.26679828361521846 0.033797817581639557 0.019692889262957293 -0.1020746084158129 -0.16852152292438122
leaf_weight=59 20 27 783 67 18 19 24 948 11.999999999999998 14.999999999999998
leaf_count=59 20 27 783 67 18 19 24 948 12 15
internal_value=0.000102394 -6.42064e-06 7.37449e-05 -0.000411866 0.00225037 0.00124092 0.0032175 0.000491955 0.000586654 -0.0013355
internal_weight=1992 1896 1837 850 96 76 43 987 960 33
internal_count=1992 1896 1837 850 96 76 43 987 960 33
is_linear=0
shrinkage=0.0152222


Tree=311
num_leaves=6
num_cat=0
split_feature=2 1 76 36 108
split_gain=2.13528 2.1265 1.87449 1.47483 1.20683
threshold=207.50000000000003 129.50000000000003 455.50000000000006 1.2500000000000002 37.919045680027388
decision_type=2 2 2 2 2
left_child=1 2 -1 -4 -3
right_child=-2 4 3 -5 -6
leaf_value=-0.14453445601662968 0.051920498438196627 -0.17734867220413367 -0.11290794410668714 0.0059028497599208666 -0.027439091540398891
leaf_weight=31 21 27 14.999999999999998 1766 157
leaf_count=31 21 27 15 1766 157
internal_value=2.18833e-05 -2.89775e-05 0.000129366 0.000194009 -0.00158794
internal_weight=2017 1996 1812 1781 184
internal_count=2017 1996 1812 1781 184
is_linear=0
shrinkage=0.0152222


Tree=312
num_leaves=4
num_cat=0
split_feature=2 46 108
split_gain=2.05651 1.89232 1.79486
threshold=219.00000000000003 0.27500000000000008 30.465456312879169
decision_type=2 2 2
left_child=1 2 -1
right_child=-2 -3 -4
leaf_value=0.021396071231386517 0.058631598593808565 -0.036620564643206191 -0.0084796771797556909
leaf_weight=442 12.999999999999998 274 1267
leaf_count=442 13 274 1267
internal_value=-7.47345e-05 -0.000114373 7.3924e-05
internal_weight=1996 1983 1709
internal_count=1996 1983 1709
is_linear=0
shrinkage=0.0152222


Tree=313
num_leaves=8
num_cat=0
split_feature=11 4 82 109 40 93 12
split_gain=2.78687 2.68558 2.03335 2.10001 1.88848 1.88879 1.42472
threshold=3.5750000000000006 14.15 22.456250000000004 6.7896712625082873 19.550000000000004 1.0000000180025095e-35 2.3857142857142857
decision_type=2 2 2 2 2 2 2
left_child=1 6 3 4 5 -2 -1
right_child=2 -3 -4 -5 -6 -7 -8
leaf_value=-0.063369455698758181 0.032769116842990102 -0.2450792282983042 -0.092145677800015105 0.59473141813446484 -0.15795377383024381 -0.08263852742232479 -0.0058176219560367396
leaf_weight=126 641 57 17 4.9999999999999991 30 52 1041
leaf_count=126 641 57 17 5 30 52 1041
internal_value=-9.04477e-05 -0.000537229 0.000643574 0.000765233 0.00069684 0.000858788 -0.000379557
internal_weight=1969 1224 745 728 723 693 1167
internal_count=1969 1224 745 728 723 693 1167
is_linear=0
shrinkage=0.0152222


Tree=314
num_leaves=5
num_cat=0
split_feature=7 5 81 7
split_gain=1.5556 1.84114 1.51005 1.84183
threshold=10.65 33.300000000000004 58.645833333333336 11.65
decision_type=2 2 2 2
left_child=1 -1 -2 -4
right_child=2 -3 3 -5
leaf_value=-0.01162716275070098 -0.13093456026749836 0.16954996851827381 0.16703010027586393 0.016178283992800153
leaf_weight=1359 44 5.9999999999999991 67 534
leaf_count=1359 44 6 67 534
internal_value=-3.78633e-05 -0.000328963 0.000578156 0.000777501
internal_weight=2010 1365 645 601
internal_count=2010 1365 645 601
is_linear=0
shrinkage=0.0152222


Tree=315
num_leaves=6
num_cat=0
split_feature=83 13 3 5 3
split_gain=2.10572 2.57858 1.39772 1.58418 2.53723
threshold=1.0000000180025095e-35 17.500000000000004 224.50000000000003 7.7500000000000009 141.50000000000003
decision_type=2 2 2 2 2
left_child=1 -1 3 4 -2
right_child=2 -3 -4 -5 -6
leaf_value=-0.072754982241916913 0.037951897080694783 -0.00042711756947398747 0.071392160502508989 -0.0058552489900175111 -0.057427096255184391
leaf_weight=263 488 609 9.9999999999999982 622 28
leaf_count=263 488 609 10 622 28
internal_value=-2.26048e-05 -0.000586505 0.000405727 0.000355789 0.000979308
internal_weight=2020 872 1148 1138 516
internal_count=2020 872 1148 1138 516
is_linear=0
shrinkage=0.0152222


Tree=316
num_leaves=5
num_cat=0
split_feature=38 11 41 83
split_gain=2.86243 2.23308 2.01275 1.61515
threshold=28.650000000000002 6.5333333333333341 57.050000000000004 1.0000000180025095e-35
decision_type=2 2 2 2
left_child=1 3 -2 -1
right_child=2 -3 -4 -5
leaf_value=-0.023585619942160466 0.11195107007258318 0.14197613579527316 0.056770806012854516 0.0025215288513259185
leaf_weight=783 23 83 151 998
leaf_count=783 23 83 151 998
internal_value=-4.77997e-05 -0.000222119 0.00181911 -0.000335886
internal_weight=2038 1864 174 1781
internal_count=2038 1864 174 1781
is_linear=0
shrinkage=0.0152222


Tree=317
num_leaves=4
num_cat=0
split_feature=5 38 109
split_gain=1.78596 1.53991 1.70937
threshold=2.6500000000000008 16.650000000000002 2.3177764708558608
decision_type=2 2 2
left_child=-1 2 -2
right_child=1 -3 -4
leaf_value=-0.10026530049063558 0.066911922143360628 -0.01243417650108445 0.0085436203690952527
leaf_weight=62 54 884 1049
leaf_count=62 54 884 1049
internal_value=-5.72007e-05 2.22137e-05 0.000401579
internal_weight=2049 1987 1103
internal_count=2049 1987 1103
is_linear=0
shrinkage=0.0152222


Tree=318
num_leaves=4
num_cat=0
split_feature=57 3 106
split_gain=3.7692 1.51237 1.28887
threshold=1.5000000000000002 143.50000000000003 50.114285714285721
decision_type=2 2 2
left_child=1 2 -1
right_child=-2 -3 -4
leaf_value=0.032937960487175434 0.32456718198955875 -0.035920569015811761 0.0030775485312731377
leaf_weight=24 12.999999999999998 98 1853
leaf_count=24 13 98 1853
internal_value=0.000127101 7.32166e-05 0.000169489
internal_weight=1988 1975 1877
internal_count=1988 1975 1877
is_linear=0
shrinkage=0.0152222


Tree=319
num_leaves=5
num_cat=0
split_feature=13 77 13 109
split_gain=2.34472 1.57273 1.82605 1.25367
threshold=19.500000000000004 3875.0000000000005 17.500000000000004 6.4538368843241161
decision_type=2 2 2 2
left_child=1 2 -1 -2
right_child=3 -3 -4 -5
leaf_value=-0.016297863261311885 -0.042484473437980327 -0.058379543531800235 0.017292134838211206 0.48814143887501649
leaf_weight=456 502 120 928 7.9999999999999991
leaf_count=456 502 120 928 8
internal_value=-0.00015267 0.000149785 0.000294751 -0.00104455
internal_weight=2014 1504 1384 510
internal_count=2014 1504 1384 510
is_linear=0
shrinkage=0.0152222


Tree=320
num_leaves=4
num_cat=0
split_feature=57 11 76
split_gain=2.09628 1.86102 1.29775
threshold=1.5000000000000002 1.1270833333333337 2206.5000000000005
decision_type=2 2 2
left_child=1 -1 -3
right_child=-2 2 -4
leaf_value=-0.061849550802224103 0.19198138900942552 -0.013682505958952831 0.0091292175683208871
leaf_weight=74 14.999999999999998 1090 810
leaf_count=74 15 1090 810
internal_value=-9.71912e-05 -0.000140341 -4.80668e-05
internal_weight=1989 1974 1900
internal_count=1989 1974 1900
is_linear=0
shrinkage=0.0152222


Tree=321
num_leaves=6
num_cat=0
split_feature=101 1 11 11 4
split_gain=2.11794 2.198 1.87031 1.74889 1.28353
threshold=0.87186424585848921 30.500000000000004 8.0250000000000021 1.2500000000000002 25.150000000000002
decision_type=2 2 2 2 2
left_child=1 -1 3 -2 -4
right_child=2 -3 4 -5 -6
leaf_value=0.095371136526402292 -0.060908065485352755 0.06612393990370008 0.32208477920745293 -0.0064013090073649567 -0.00827114584082435
leaf_weight=17 114 69 17.000000000000004 1810 5.9999999999999991
leaf_count=17 114 69 17 1810 6
internal_value=-0.000178946 0.00215809 -0.000282231 -0.000333865 0.00402801
internal_weight=2033 86 1947 1924 23
internal_count=2033 86 1947 1924 23
is_linear=0
shrinkage=0.0152222


Tree=322
num_leaves=4
num_cat=0
split_feature=1 38 38
split_gain=1.9542 1.52871 1.36481
threshold=132.50000000000003 16.650000000000002 16.550000000000004
decision_type=2 2 2
left_child=1 2 -1
right_child=-2 -3 -4
leaf_value=0.016265796908348267 -0.041286047618222348 -0.0081905008126022076 0.11343908329346643
leaf_weight=980 171 798 7.9999999999999991
leaf_count=980 171 798 8
internal_value=1.47761e-05 0.000163636 0.000563866
internal_weight=1957 1786 988
internal_count=1957 1786 988
is_linear=0
shrinkage=0.0152222


Tree=323
num_leaves=4
num_cat=0
split_feature=57 3 109
split_gain=2.85544 1.35842 1.65609
threshold=1.5000000000000002 211.50000000000003 3.4661239549421921
decision_type=2 2 2
left_child=1 -1 -3
right_child=-2 2 -4
leaf_value=-0.0018963397962859527 0.45316549401241807 -0.19425448174930382 0.12031117410034664
leaf_weight=1944 12.999999999999998 7.0000000000000027 14.999999999999998
leaf_count=1944 13 7 15
internal_value=1.76885e-05 -2.94196e-05 0.00372746
internal_weight=1979 1966 22
internal_count=1979 1966 22
is_linear=0
shrinkage=0.0152222


Tree=324
num_leaves=11
num_cat=0
split_feature=46 46 7 103 7 102 11 102 23 11
split_gain=1.84917 2.08196 2.18982 2.55182 2.17379 2.13843 1.59108 1.42196 1.42076 1.24788
threshold=0.3083333333333334 0.24166666666666672 9.5500000000000025 0.87345760816202278 9.7500000000000018 89.220000000000013 1.4416666666666671 78.231111111111133 -0.98296291314453399 1.7520833333333334
decision_type=2 2 2 2 2 2 2 2 2 2
left_child=1 2 3 9 7 -6 -5 -4 -3 -1
right_child=-2 8 4 6 5 -7 -8 -9 -10 -11
leaf_value=0.081248707775024742 -0.054538568551880225 0.2386999329356588 -0.14178812638136568 -0.055073461570356148 0.028613416212020838 -0.041545275545801091 -0.0094824918712869237 0.30314912828819357 0.021612772664694725 0.031576360648921137
leaf_weight=19 256 8.9999999999999982 5.0000000000000027 122 561 73 827 15.999999999999998 30 45
leaf_count=19 256 9 5 122 561 73 827 16 30 45
internal_value=-3.024e-05 0.000150699 6.9353e-05 -0.000374146 0.000755235 0.000595388 -0.000572603 0.00556765 0.00362503 0.00256662
internal_weight=1963 1707 1668 1013 655 634 949 21 39 64
internal_count=1963 1707 1668 1013 655 634 949 21 39 64
is_linear=0
shrinkage=0.0152222


Tree=325
num_leaves=6
num_cat=0
split_feature=3 4 19 19 19
split_gain=1.64565 1.77352 1.33454 1.19338 1.44725
threshold=131.50000000000003 19.150000000000002 3.5000000000000004 5.5000000000000009 4.5000000000000009
decision_type=2 2 2 2 2
left_child=1 2 -1 4 -4
right_child=-2 -3 3 -5 -6
leaf_value=-0.032606323055034754 -0.050332989240285723 -0.082362461963939551 -1.6103015200168166e-05 0.0022405604177541155 0.10301608657332542
leaf_weight=85 174 111 50 1581 52
leaf_count=85 174 111 50 1581 52
internal_value=-8.82299e-05 4.29329e-05 0.000160136 0.000254145 0.00184957
internal_weight=2053 1879 1768 1683 102
internal_count=2053 1879 1768 1683 102
is_linear=0
shrinkage=0.0152222


Tree=326
num_leaves=3
num_cat=0
split_feature=78 11
split_gain=1.97411 1.79379
threshold=1090.1000000000001 7.1854166666666677
decision_type=2 2
left_child=-1 -2
right_child=1 -3
leaf_value=-0.035238769258236928 0.00052017602945918868 0.12203353326169673
leaf_weight=516 1430 43
leaf_count=516 1430 43
internal_value=-0.000127803 0.000156037
internal_weight=1989 1473
internal_count=1989 1473
is_linear=0
shrinkage=0.0152222


Tree=327
num_leaves=10
num_cat=0
split_feature=13 37 1 13 68 1 77 77 77
split_gain=1.89144 1.64333 1.50594 1.70074 1.47301 1.39059 1.29111 2.01893 1.2726
threshold=19.500000000000004 1.0000000180025095e-35 168.50000000000003 18.500000000000004 1.0000000180025095e-35 187.50000000000003 1514.5000000000002 1301.0000000000002 1178.0000000000002
decision_type=2 2 2 2 2 2 2 2 2
left_child=2 4 6 5 -2 -4 7 8 -1
right_child=1 -3 3 -5 -6 -7 -8 -9 -10
leaf_value=0.047303069716560425 -0.023103638961837508 -0.10996399916876913 0.14497486891859068 0.28211072789319913 0.12223534905577259 -0.061996916068944571 0.00078906654163611264 0.098750967449391991 -0.059352965326131983
leaf_weight=104 411 97 9.0000000000000018 11.999999999999998 28 12.999999999999998 1260 63 21
leaf_count=104 411 97 9 12 28 13 1260 63 21
internal_value=4.22387e-05 -0.000732633 0.000322508 0.00348676 -0.000336296 0.000966235 0.000248085 0.00142465 0.000304285
internal_weight=2018 536 1482 34 439 22 1448 188 125
internal_count=2018 536 1482 34 439 22 1448 188 125
is_linear=0
shrinkage=0.0152222


Tree=328
num_leaves=7
num_cat=0
split_feature=1 11 58 38 38 38
split_gain=2.12561 1.95344 1.55041 1.35451 1.96014 1.37577
threshold=129.50000000000003 2.2270833333333342 1.5348503553932937 41.20000000000001 34.150000000000013 32.650000000000013
decision_type=2 2 2 2 2 2
left_child=1 -1 3 4 5 -3
right_child=-2 2 -4 -5 -6 -7
leaf_value=-0.023462322415383791 -0.047444247956970408 0.019035576155781796 -0.06989124859067633 -0.12864412017214918 0.10779379869126646 -0.15314645482536887
leaf_weight=524 190 1191 62 17 26 11.999999999999998
leaf_count=524 190 1191 62 17 26 12
internal_value=1.05371e-05 0.000169498 0.000484109 0.000601042 0.000660135 0.000570647
internal_weight=2022 1832 1308 1246 1229 1203
internal_count=2022 1832 1308 1246 1229 1203
is_linear=0
shrinkage=0.0152222


Tree=329
num_leaves=7
num_cat=0
split_feature=5 79 37 79 76 76
split_gain=2.67305 2.0492 2.35416 1.59116 1.6493 1.68942
threshold=31.750000000000004 43.625000000000007 3.0500000000000003 56.875000000000007 2132.0000000000005 2415.5000000000005
decision_type=2 2 2 2 2 2
left_child=1 -1 3 -3 -5 -6
right_child=-2 2 -4 4 5 -7
leaf_value=-0.039088931076508258 0.12225105140059846 0.019731081654863963 0.21075465945249408 -0.023664357453015695 0.069975456722446386 -0.00071676726471937705
leaf_weight=474 7.9999999999999991 347 4.9999999999999991 611 172 449
leaf_count=474 8 347 5 611 172 449
internal_value=-5.74668e-05 -9.17138e-05 0.000171049 0.000137851 -0.000118606 0.000433827
internal_weight=2066 2058 1584 1579 1232 621
internal_count=2066 2058 1584 1579 1232 621
is_linear=0
shrinkage=0.0152222


Tree=330
num_leaves=9
num_cat=0
split_feature=11 4 41 82 81 4 81 46
split_gain=1.60097 2.23534 2.06681 1.59153 1.92135 1.61685 1.44573 1.38894
threshold=3.1770833333333344 10.350000000000003 11.350000000000001 5.7062500000000016 44.437500000000007 30.500000000000004 134.50000000000003 0.025000000000000005
decision_type=2 2 2 2 2 2 2 2
left_child=1 -1 7 5 -5 -4 -6 -2
right_child=2 -3 3 4 6 -7 -8 -9
leaf_value=-0.0057414784523922499 0.27695164034944353 -0.10182007101797165 0.16218586968773746 -0.16032957821712346 0.020185725729577494 -0.46184772362115672 -0.072570915379495948 0.10045756744099958
leaf_weight=979 13.000000000000002 98 49 35 786 5.9999999999999991 54 8.9999999999999982
leaf_count=979 13 98 49 35 786 6 54 9
internal_value=4.72612e-05 -0.00035474 0.000502046 0.000392805 0.000234838 0.00290327 0.000380527 0.00510807
internal_weight=2029 1077 952 930 875 55 840 22
internal_count=2029 1077 952 930 875 55 840 22
is_linear=0
shrinkage=0.0152222


Tree=331
num_leaves=8
num_cat=0
split_feature=5 5 4 38 5 38 38
split_gain=1.67465 1.71805 1.88907 1.83225 2.02283 1.29527 2.31422
threshold=33.300000000000004 8.1500000000000004 3.2500000000000004 22.050000000000004 2.1500000000000008 27.350000000000005 37.150000000000013
decision_type=2 2 2 2 2 2 2
left_child=1 3 -3 4 -1 -5 -7
right_child=-2 2 -4 5 -6 6 -8
leaf_value=-0.14691204062632252 0.093819696670591216 0.048265451717476468 -0.013223655436393178 -0.056502307171453311 0.024519714330984665 0.094607034239443666 -0.15581358175543278
leaf_weight=21 5.9999999999999991 5.9999999999999991 958 129 753 73 21
leaf_count=21 6 6 958 129 753 73 21
internal_value=5.3394e-05 2.87181e-05 -0.00042948 0.000471753 0.000822018 -0.000743855 0.000614985
internal_weight=1967 1961 964 997 774 223 94
internal_count=1967 1961 964 997 774 223 94
is_linear=0
shrinkage=0.0152222


Tree=332
num_leaves=8
num_cat=0
split_feature=13 19 13 41 68 101 41
split_gain=2.51019 1.94924 2.05009 1.70726 1.67025 1.4944 1.47527
threshold=17.500000000000004 49.500000000000007 19.500000000000004 39.400000000000013 1.0000000180025095e-35 0.87369816246518051 38.70000000000001
decision_type=2 2 2 2 2 2 2
left_child=3 2 -2 5 -3 -1 -7
right_child=1 4 -4 -5 -6 6 -8
leaf_value=0.11584739102307587 0.015666264561514272 -0.050591258214878483 -0.023641151497430998 -0.076520691802032553 0.12349104259172639 -0.022354926813070615 0.20820065135160457
leaf_weight=20 1001 22 466 208 64 283 8.9999999999999982
leaf_count=20 1001 22 466 208 64 283 9
internal_value=-2.12926e-05 0.000285221 0.0001546 -0.000936652 0.00251189 -0.00022438 -0.000500354
internal_weight=2073 1553 1467 520 86 312 292
internal_count=2073 1553 1467 520 86 312 292
is_linear=0
shrinkage=0.0152222


Tree=333
num_leaves=4
num_cat=0
split_feature=1 12 82
split_gain=1.42133 1.39872 1.19814
threshold=143.50000000000003 2.1449404761904769 22.943750000000005
decision_type=2 2 2
left_child=1 -1 -3
right_child=-2 2 -4
leaf_value=-0.060648794750501125 -0.082525202633399283 0.0042995106363257814 -0.075889433558004551
leaf_weight=70 109 1788 11.999999999999998
leaf_count=70 109 1788 12
internal_value=5.61469e-05 0.000154658 0.000236781
internal_weight=1979 1870 1800
internal_count=1979 1870 1800
is_linear=0
shrinkage=0.0152222


Tree=334
num_leaves=6
num_cat=0
split_feature=106 57 13 7 80
split_gain=2.18138 2.13657 1.61498 1.58281 1.53073
threshold=50.114285714285721 1.5000000000000002 19.500000000000004 19.350000000000005 22.512500000000003
decision_type=2 2 2 2 2
left_child=-1 2 4 -4 -2
right_child=1 -3 3 -5 -6
leaf_value=0.054883875914912866 0.0019255993920979006 0.17705192538394032 -0.045207844328579917 0.097301449798749412 -0.085997575845341512
leaf_weight=28 1421 14.999999999999998 491 4.9999999999999991 33
leaf_count=28 1421 15 491 5 33
internal_value=-9.0886e-05 -0.000151054 -0.00019515 -0.000945145 6.07161e-05
internal_weight=1993 1965 1950 496 1454
internal_count=1993 1965 1950 496 1454
is_linear=0
shrinkage=0.0152222


Tree=335
num_leaves=6
num_cat=0
split_feature=2 80 78 68 78
split_gain=2.36926 1.65969 1.47463 1.64901 1.22893
threshold=215.50000000000003 22.512500000000003 1078.0000000000002 1.0000000180025095e-35 1178.3500000000001
decision_type=2 2 2 2 2
left_child=1 2 -1 4 -4
right_child=-2 -3 3 -5 -6
leaf_value=-0.02577170774518801 0.071354323429332067 -0.088539845387343025 0.03665336191575759 0.062526656719049181 -0.001047559872651586
leaf_weight=521 11.999999999999998 24 307 122 991
leaf_count=521 12 24 307 122 991
internal_value=9.16212e-05 5.03497e-05 9.95943e-05 0.00035374 0.000194664
internal_weight=1977 1965 1941 1420 1298
internal_count=1977 1965 1941 1420 1298
is_linear=0
shrinkage=0.0152222


Tree=336
num_leaves=10
num_cat=0
split_feature=12 11 1 81 81 9 81 81 81
split_gain=2.15165 1.83759 1.92776 2.25762 1.61093 1.60209 1.54881 1.48973 1.47869
threshold=2.6321428571428576 8.0250000000000021 130.50000000000003 32.645833333333336 134.50000000000003 30.038690476190478 30.145833333333339 144.06250000000003 114.87500000000001
decision_type=2 2 2 2 2 2 2 2 2
left_child=-1 2 5 6 -3 8 -4 -7 -2
right_child=1 4 3 -5 -6 7 -8 -9 -10
leaf_value=-0.049723182330187271 0.088524728319602786 0.11128751701761196 -0.052151479623886547 -0.054831814266564555 -0.015966484999224383 0.0050919193280587159 0.22183297721784181 -0.089650663157300525 -0.090312581544693279
leaf_weight=252 107 19.000000000000004 7.9999999999999991 139 8.9999999999999982 1453 7.9999999999999991 14.999999999999998 18
leaf_count=252 107 19 8 139 9 1453 8 15 18
internal_value=7.20537e-05 0.000258836 0.000196801 -0.00142351 0.00412402 0.000354502 0.00398277 0.000213598 0.00200847
internal_weight=2028 1776 1748 155 28 1593 16 1468 125
internal_count=2028 1776 1748 155 28 1593 16 1468 125
is_linear=0
shrinkage=0.0152222


Tree=337
num_leaves=4
num_cat=0
split_feature=85 4 77
split_gain=2.65686 2.13739 1.24782
threshold=2.2500000000000004 15.550000000000002 2714.5000000000005
decision_type=2 2 2
left_child=1 -1 -3
right_child=-2 2 -4
leaf_value=0.018713985196456315 -0.019754258752978208 -0.0090746798200189664 -0.13277620130741499
leaf_weight=830 1006 159 39
leaf_count=830 1006 159 39
internal_value=-7.63318e-05 0.000467893 -0.000953042
internal_weight=2034 1028 198
internal_count=2034 1028 198
is_linear=0
shrinkage=0.0152222


Tree=338
num_leaves=3
num_cat=0
split_feature=58 58
split_gain=1.24918 1.37494
threshold=1.5348503553932937 1.1642785518319172
decision_type=2 2
left_child=1 -1
right_child=-2 -3
leaf_value=-0.0035235858644520747 -0.077085060683992832 0.063160491525276266
leaf_weight=1777 59 171
leaf_count=1777 59 171
internal_value=-6.14315e-05 4.68608e-06
internal_weight=2007 1948
internal_count=2007 1948
is_linear=0
shrinkage=0.0152222


Tree=339
num_leaves=16
num_cat=0
split_feature=4 11 38 38 41 38 38 38 4 41 77 11 41 3 38
split_gain=1.99602 3.73933 1.81377 2.27412 2.16316 2.129 2.09211 2.06816 1.84 1.61783 1.59549 1.47724 1.38035 1.37881 1.19754
threshold=20.350000000000005 8.0250000000000021 28.850000000000005 16.650000000000002 80.65000000000002 12.350000000000003 6.6500000000000012 12.550000000000002 15.550000000000002 75.250000000000014 3221.0000000000005 1.3312500000000005 38.350000000000009 215.50000000000003 2.0500000000000003
decision_type=2 2 2 2 2 2 2 2 2 2 2 2 2 2 2
left_child=1 2 3 5 9 6 14 -7 13 11 -8 -4 -9 -5 -1
right_child=-2 -3 4 8 -6 7 10 12 -10 -11 -12 -13 -14 -15 -16
leaf_value=-0.14071917354272256 -0.086798788256453846 0.59499351037610981 -0.10220011402918215 -0.018708751189196696 -0.060263779557581387 0.10984636433732062 -0.0034876700164768507 0.025405462229840334 -0.12764726130021808 0.15444453414756662 -0.14003258531557083 0.066145243093511219 0.17988743361177534 0.010121188032792751 0.083294192743064835
leaf_weight=11.999999999999998 89 12.999999999999998 6.9999999999999991 660 22 20 417 358 64 8.9999999999999982 58 90 21 6.9999999999999991 158
leaf_count=12 89 13 7 660 22 20 417 358 64 9 58 90 21 7 158
internal_value=5.69372e-05 0.000160478 0.000104783 -2.14369e-05 0.00185443 0.000434478 -0.000106187 0.0013084 -0.000672557 0.00275586 -0.000624836 0.00218013 0.00105616 -0.000435859 0.00134271
internal_weight=2005 1916 1903 1775 128 1044 645 399 731 106 475 97 379 667 170
internal_count=2005 1916 1903 1775 128 1044 645 399 731 106 475 97 379 667 170
is_linear=0
shrinkage=0.0152222


end of trees

feature_importances:
food_tickets_count_roll_mean_24=767
orders_count_roll_mean_24=197
suffolk_footfall_lag_24h=173
orders_count_same_wd_hour_roll8=166
wind_speed_kmh=139
week_of_year=137
weekday_cos=132
orders_count_lag_48h=130
food_tickets_count_lag_24h=115
orders_count_roll_std_24=113
food_tickets_count_lag_48h=112
orders_count_lag_24h=106
food_tickets_count_same_wd_hour_roll8=101
orders_count_lag_168h=94
food_tickets_count_lag_168h=92
suffolk_footfall_lag_168h=92
orders_count_trend_21d=83
temp_c=75
orders_count_same_slot_4w_avg=73
event_intensity=72
hour=71
food_tickets_count_lag_336h=68
food_tickets_count_roll_mean_168=67
wind_gusts_kmh=65
orders_count_lag_336h=64
apparent_temp_c=63
weekday=62
month=55
weekday_sin=53
food_tickets_count_same_slot_4w_avg=50
orders_count_trend_90d=49
food_tickets_count_ewma_168=48
orders_count_roll_mean_168=45
suffolk_footfall_roll_24h=40
christmas_market_flag=37
hour_sin=36
orders_count_ewma_168=35
orders_count_yoy_ratio=30
afternoon_rain_mm=25
orders_count_trend_ratio_21_90=24
month_cos=18
match_kickoff_proximity=17
tourism_pressure=16
food_tickets_count_trend_ratio_21_90=15
food_tickets_count_trend_90d=13
days_from_payday=12
food_tickets_count_trend_21d=12
rain_mm=10
summer_tourism_flag=9
tv_sports_intensity=8
food_tickets_count_yoy_ratio=7
st_patricks_week_flag=6
tv_sports_flag=6
sunshine_duration_min=5
airport_arrivals_lag1=5
college_term_flag=5
hour_cos=4
month_sin=4
rainy_day_flag=3
cruise_passenger_estimate=3
is_friday_saturday=2
bank_holiday_flag=2
exam_period_flag=2
is_after_work_window=2
payday_period_flag=1
outdoor_weather_flag=1
airport_arrivals=1
major_sports_event_flag=1
rain_x_weekend=1

parameters:
[boosting: gbdt]
[objective: quantile]
[metric: quantile]
[tree_learner: serial]
[device_type: cpu]
[data_sample_strategy: bagging]
[data: ]
[valid: ]
[num_iterations: 1000]
[learning_rate: 0.0152222]
[num_leaves: 19]
[num_threads: 0]
[seed: 42]
[deterministic: 0]
[force_col_wise: 0]
[force_row_wise: 0]
[histogram_pool_size: -1]
[max_depth: -1]
[min_data_in_leaf: 5]
[min_sum_hessian_in_leaf: 0.001]
[bagging_fraction: 0.598972]
[pos_bagging_fraction: 1]
[neg_bagging_fraction: 1]
[bagging_freq: 1]
[bagging_seed: 400]
[bagging_by_query: 0]
[feature_fraction: 0.866097]
[feature_fraction_bynode: 1]
[feature_fraction_seed: 30056]
[extra_trees: 0]
[extra_seed: 12879]
[early_stopping_round: 0]
[early_stopping_min_delta: 0]
[first_metric_only: 0]
[max_delta_step: 0]
[lambda_l1: 0.000279728]
[lambda_l2: 0.0514149]
[linear_lambda: 0]
[min_gain_to_split: 1.19261]
[drop_rate: 0.1]
[max_drop: 50]
[skip_drop: 0.5]
[xgboost_dart_mode: 0]
[uniform_drop: 0]
[drop_seed: 17869]
[top_rate: 0.2]
[other_rate: 0.1]
[min_data_per_group: 100]
[max_cat_threshold: 32]
[cat_l2: 10]
[cat_smooth: 10]
[max_cat_to_onehot: 4]
[top_k: 20]
[monotone_constraints: ]
[monotone_constraints_method: basic]
[monotone_penalty: 0]
[feature_contri: ]
[forcedsplits_filename: ]
[refit_decay_rate: 0.9]
[cegb_tradeoff: 1]
[cegb_penalty_split: 0]
[cegb_penalty_feature_lazy: ]
[cegb_penalty_feature_coupled: ]
[path_smooth: 0]
[interaction_constraints: ]
[verbosity: -1]
[saved_feature_importance_type: 0]
[use_quantized_grad: 0]
[num_grad_quant_bins: 4]
[quant_train_renew_leaf: 0]
[stochastic_rounding: 1]
[linear_tree: 0]
[max_bin: 255]
[max_bin_by_feature: ]
[min_data_in_bin: 3]
[bin_construct_sample_cnt: 200000]
[data_random_seed: 175]
[is_enable_sparse: 1]
[enable_bundle: 1]
[use_missing: 1]
[zero_as_missing: 0]
[feature_pre_filter: 1]
[pre_partition: 0]
[two_round: 0]
[header: 0]
[label_column: ]
[weight_column: ]
[group_column: ]
[ignore_column: ]
[categorical_feature: ]
[forcedbins_filename: ]
[precise_float_parser: 0]
[parser_config_file: ]
[objective_seed: 16083]
[num_class: 1]
[is_unbalance: 0]
[scale_pos_weight: 1]
[sigmoid: 1]
[boost_from_average: 1]
[reg_sqrt: 0]
[alpha: 0.7]
[fair_c: 1]
[poisson_max_delta_step: 0.7]
[tweedie_variance_power: 1.5]
[lambdarank_truncation_level: 30]
[lambdarank_norm: 1]
[label_gain: ]
[lambdarank_position_bias_regularization: 0]
[eval_at: ]
[multi_error_top_k: 1]
[auc_mu_weights: ]
[num_machines: 1]
[local_listen_port: 12400]
[time_out: 120]
[machine_list_filename: ]
[machines: ]
[gpu_platform_id: -1]
[gpu_device_id: -1]
[gpu_device_id_list: ]
[gpu_use_dp: 0]
[num_gpu: 1]

end of parameters

pandas_categorical:null
