tree
version=v4
num_class=1
num_tree_per_iteration=1
label_index=0
max_feature_idx=111
objective=quantile
feature_names=orders_count_lag_24h orders_count_lag_48h orders_count_lag_168h orders_count_lag_336h food_tickets_count_lag_24h food_tickets_count_lag_48h food_tickets_count_lag_168h food_tickets_count_lag_336h orders_count_roll_mean_24 orders_count_roll_mean_168 orders_count_roll_std_24 food_tickets_count_roll_mean_24 food_tickets_count_roll_mean_168 hour weekday month quarter is_weekend is_friday_saturday week_of_year bank_holiday_flag school_holiday_flag payday_period_flag hour_sin hour_cos weekday_sin weekday_cos month_sin month_cos is_food_service is_breakfast_window is_lunch_window is_dinner_window is_after_food_close hours_since_food_close is_live_music_window temp_c rain_mm wind_speed_kmh weather_severity_flag apparent_temp_c wind_gusts_kmh sunshine_duration_min uv_index precip_probability rainy_day_flag afternoon_rain_mm outdoor_weather_flag airport_arrivals airport_arrivals_lag1 airport_arrivals_zscore cruise_ship_flag ships_in_port_count cruise_passenger_estimate major_sports_event_flag city_event_flag st_patricks_week_flag event_intensity tourism_pressure weekend_x_music rain_x_weekend aviva_event_flag croke_park_event_flag nearby_venue_event_flag event_impact_score bloomsday_flag bloomsday_week_flag summer_tourism_flag christmas_market_flag new_years_eve_flag new_years_day_flag college_term_flag days_from_payday failte_event_count failte_free_event_count failte_festival_count suffolk_footfall_lag_24h suffolk_footfall_lag_168h suffolk_footfall_roll_24h orders_count_same_slot_4w_avg food_tickets_count_same_slot_4w_avg orders_count_same_wd_hour_roll8 food_tickets_count_same_wd_hour_roll8 tv_sports_flag tv_sports_intensity match_kickoff_proximity is_ireland_match_window days_until_next_match is_match_tomorrow is_match_in_2_days post_lecture_window fresher_week_flag rag_week_flag exam_period_flag is_business_lunch_hour is_after_work_window budget_day_flag cheltenham_festival_flag sunny_afternoon late_night_x_fri_sat orders_count_trend_90d orders_count_yoy_ratio food_tickets_count_trend_90d food_tickets_count_yoy_ratio orders_count_trend_21d orders_count_trend_ratio_21_90 food_tickets_count_trend_21d food_tickets_count_trend_ratio_21_90 orders_count_ewma_168 food_tickets_count_ewma_168 event_impact_score_max_28d data_gap_recent_28d
feature_infos=[0:337] [0:354] [0:294] [0:294] none none none none [0:139.875] [16.827380952380953:71.523809523809518] [0:553.85310241793456] [0:13.1] [1.5749999999999997:6.6315476190476197] [0:23] [0:6] [1:12] [1:4] [0:1] [0:1] [1:52] [0:1] [0:1] [0:1] [-0.70710678118654768:0.25881904510252074] [0.70710678118654735:1] [-0.78183148246802991:0.97492791218182362] [-0.90096886790241903:1] [-1:1] [-1:1] [0:1] [0:1] none none [0:1] [0:2] [0:1] [-3.1000000000000001:22.100000000000001] [0:11.9] [0.20000000000000001:52.299999999999997] [0:1] [-7.4000000000000004:21.800000000000001] [0.69999999999999996:95] [0:60] none none [0:1] [0:2.3999999999999999] none [92076:106153] [92076:106153] [-1.4025495109404003:1.3141332182536836] [0:1] [0:2] [0:3592] none none [0:1] [0:2] [-1.4025495109404003:2.3141332182536836] [0:1] [0:6.7000000000000002] none none none none none [0:1] [0:1] [0:1] none none [0:1] [-4:19] none none none [0:4085] [6:3716] [49.700000000000003:3165] [0:165.25] none [0:116.375] none [0:1] [0:3] [0:99] none [0:7] [0:1] [0:1] none [0:1] [0:1] [0:1] none none none [0:1] [0:1] [0:1] [552.44444444444446:985.56666666666672] [0.79054302150055089:1.72744513997161] [51.727777777777781:92.285555555555561] [0.79041603136571548:1.7267807436126854] [506.66666666666669:1358.7619047619048] [0.59966825263617474:1.4191041197263163] [47.442857142857143:127.25238095238095] [0.59937975430933166:1.4188795379683676] [16.732624440439807:79.408915277375783] [1.5497394059766878:7.6246982275892581] [0:4] none
tree_sizes=1089 1165 1164 1158 1167 1166 1163 1164 1176 1169 1173 1172 1174 1178 1187 1179 1153 1183 1177 1182 1176 1171 1171 1179 1181 1192 1181 1182 1156 1180 1180 1179 1188 1195 1187 1182 1194 1186 1188 1188 1182 1192 1173 1193 1192 1196 1207 1193 1195 1189 1187 1177 1183 1182 1187 1195 1195 1192 1204 1201 1199 1181 1200 1185 1203 1183 1186 1179 1185 1198 1209 1193 1193 1186 1185 1184 1182 1172 1181 1199 1184 1213 1187 1192 1183 1186 1187 1191 1199 1196 1189 1199 1206 1187 1185 1202 1205 1193 1183 1174 1183 1208 1193 1202 1196 1179 1193 1204 1207 1206 1210 1192 1186 1184 1199 1194 1194 1201 1195 1195 1195 1216 1205 1206 1194 1187 1195 1186 1216 1170 1206 1205 1195 1206 1194 1202 1203 1194 1196 1182 1180 1181 1215 1188 1199 1212 1225 1210 1196 1185 1193 1199 1202 1172 1194 1159 1191 1202 1173 1198 1196 1199 1194 1191 1212 1199 1211 1198 1214 1206 1199 1197 1197 1202 1197

Tree=0
num_leaves=12
num_cat=0
split_feature=81 11 0 11 11 13 13 1 11 85 100
split_gain=171.834 49.0258 15.9438 11.9585 9.51355 8.71058 7.31633 7.88123 7.02943 5.03617 4.9848
threshold=27.937500000000004 2.5812500000000007 27.500000000000004 1.33125 3.3854166666666674 22.500000000000004 22.500000000000004 78.500000000000014 3.9291666666666667 2.6500000000000004 887.50555555555559
decision_type=2 2 2 2 2 2 2 2 2 2 2
left_child=2 3 -1 -2 5 -3 7 9 -4 -5 -11
right_child=1 4 8 6 -6 -7 -8 -9 -10 10 -12
leaf_value=32.684448436411216 34.073779283127806 36.953746631778039 34.638195068189255 35.520998967240288 40.209991018074767 35.115777528148051 33.900112934836073 35 40.991489546570115 36.881385645415889 35.506526904535043
leaf_weight=1368 107 299 196 157 249 59 43 138 49 109 76
leaf_count=1368 107 299 196 157 249 59 43 138 49 109 76
internal_value=34.9996 35.0199 34.984 35.0057 35.0346 35.027 35.0103 35.0128 35.001 35.0187 35.0268
internal_weight=2850 1237 1613 630 607 358 523 480 245 342 185
internal_count=2850 1237 1613 630 607 358 523 480 245 342 185
is_linear=0
shrinkage=1


Tree=1
num_leaves=12
num_cat=0
split_feature=81 11 0 11 8 11 11 13 81 10 27
split_gain=164.494 45.1071 16.3522 13.1124 9.69398 8.30066 8.19614 8.18865 5.28702 5.16588 4.60349
threshold=27.687500000000004 2.6666666666666674 9.5000000000000018 1.8437500000000002 27.625000000000004 3.3854166666666674 3.3854166666666674 22.500000000000004 5.5625000000000009 37.10125994180914 -0.93301270189221919
decision_type=2 2 2 2 2 2 2 2 2 2 2
left_child=2 3 -1 -2 10 -4 7 9 -7 -3 -5
right_child=1 6 5 4 -6 8 -8 -9 -10 -11 -12
leaf_value=-2.2203569548372317 -0.32714394461176649 2.3840232638581353 -0.62506831552282982 -0.072360986362149507 -0.14472197272429901 -2.2726606788390269 4.6376160511011975 0.15805235534256112 5.6881893114642388 1.0887617347793555 1.021636860764509
leaf_weight=1224 250 148 307 29 108 23 250 54 49 109 293
leaf_count=1224 250 148 307 29 108 23 250 54 49 109 293
internal_value=-0.000437627 0.0193409 -0.0157497 0.00681043 0.0144722 -0.00261568 0.0345294 0.0266874 0.0194969 0.0320696 0.0207644
internal_weight=2844 1241 1603 680 430 379 561 311 72 257 322
internal_count=2844 1241 1603 680 430 379 561 311 72 257 322
is_linear=0
shrinkage=0.072361


Tree=2
num_leaves=12
num_cat=0
split_feature=81 11 11 13 13 1 13 11 11 1 8
split_gain=149.512 47.3214 10.2556 10.1533 9.59981 9.49978 6.21918 11.726 5.4421 6.70928 5.43935
threshold=20.687500000000004 2.5812500000000007 1.6770833333333333 22.500000000000004 22.500000000000004 78.500000000000014 11.000000000000002 3.4395833333333337 3.3854166666666674 70.500000000000014 26.812500000000004
decision_type=2 2 2 2 2 2 2 2 2 2 2
left_child=6 2 -2 5 8 10 -1 -8 9 -3 -4
right_child=1 4 3 -5 -6 -7 7 -9 -10 -11 -12
leaf_value=-2.20441170823345 -0.59239182836318516 2.3634711871392602 0.94771020981565923 -0.90608622829763497 0.91672624612469389 -0.067124874014846347 -1.0897115995500297 4.3435628828799224 4.9315743754152122 0.78221216562144535 -0.11702662706609478
leaf_weight=1015 256 186 273 73 138 141 371 40 214 116 34
leaf_count=1015 256 186 273 73 138 141 371 40 214 116 34
internal_value=-0.00101564 0.0155088 0.00343644 0.00926385 0.0298516 0.0133415 -0.017598 -0.0100883 0.0343854 0.0281296 0.0204826
internal_weight=2857 1431 777 521 654 448 1426 411 516 302 307
internal_count=2857 1431 777 521 654 448 1426 411 516 302 307
is_linear=0
shrinkage=0.072361


Tree=3
num_leaves=12
num_cat=0
split_feature=81 11 11 0 8 11 108 13 13 108 40
split_gain=144.24 37.2166 11.119 8.9917 8.08802 8.06239 9.96964 6.68086 5.53212 4.716 5.49755
threshold=23.562500000000004 2.6666666666666674 1.6770833333333333 7.5000000000000009 27.625000000000004 3.7000000000000006 41.560441792115604 22.500000000000004 22.500000000000004 29.047366028089659 15.450000000000001
decision_type=2 2 2 2 2 2 2 2 2 2 2
left_child=3 2 -2 -1 7 6 8 9 -3 -4 -11
right_child=1 5 4 -5 -6 -7 -8 -9 -10 10 -12
leaf_value=-1.9725373163152571 -0.54900216180056893 2.1924480807993425 1.4814909731619852 -0.53193797747667104 -0.12939252593654355 5.522649552778363 0.4555455742546401 -0.60445262339563377 0.44505059510244499 0.48743817085866825 1.3393767402904644
leaf_weight=1170 232 218 78 329 129 184 137 45 45 260 31
leaf_count=1170 232 218 78 329 129 184 137 45 45 260 31
internal_value=-0.00140266 0.0156702 0.00527534 -0.016881 0.0109407 0.0294647 0.0236981 0.0158704 0.0319432 0.0190805 0.0148451
internal_weight=2858 1359 775 1499 543 584 400 414 263 369 291
internal_count=2858 1359 775 1499 543 584 400 414 263 369 291
is_linear=0
shrinkage=0.072361


Tree=4
num_leaves=12
num_cat=0
split_feature=81 11 0 11 11 108 8 79 13 11 13
split_gain=130.005 31.4435 9.2834 8.78777 7.99958 9.65184 7.49199 5.49045 4.64847 3.99093 4.85578
threshold=23.562500000000004 2.6666666666666674 4.5000000000000009 1.6770833333333333 3.7000000000000006 41.560441792115604 26.604166666666668 33.375000000000007 22.500000000000004 3.5645833333333337 11.000000000000002
decision_type=2 2 2 2 2 2 2 2 2 2 2
left_child=2 3 -1 -2 5 8 7 -5 -3 -4 -11
right_child=1 4 9 6 -6 -7 -8 -9 -10 10 -12
leaf_value=-1.8298025704705378 -0.48248794644102033 2.0380734032064383 -0.82764546389831639 0.1823718702279154 5.0940807909871975 0.42798289662456518 -0.097539174474694415 0.84411966314530773 0.38817278863390514 -1.9274512728572044 4.1295938372476293
leaf_weight=1096 235 217 333 124 182 143 161 259 49 24 38
leaf_count=1096 235 217 333 124 182 143 161 259 49 24 38
internal_value=-0.00177804 0.0143137 -0.0165639 0.00476523 0.0268996 0.0212836 0.0098166 0.0153223 0.0294339 -0.00705288 0.00980355
internal_weight=2861 1370 1491 779 591 409 544 383 266 395 62
internal_count=2861 1370 1491 779 591 409 544 383 266 395 62
is_linear=0
shrinkage=0.072361


Tree=5
num_leaves=12
num_cat=0
split_feature=79 11 13 26 11 0 11 8 11 10 81
split_gain=122.67 28.9139 12.4379 12.6423 7.02751 6.94185 5.08037 5.05183 4.58261 3.48858 3.1765
threshold=18.875000000000004 3.0645833333333337 22.500000000000004 1.0000000180025095e-35 1.33125 8.5000000000000018 3.9770833333333337 38.354166666666679 1.7791666666666675 30.880789925510534 36.312500000000007
decision_type=2 2 2 2 2 2 2 2 2 2 2
left_child=5 2 3 4 -2 -1 7 -3 -5 -10 -9
right_child=1 6 -4 8 -6 -7 -8 10 9 -11 -12
leaf_value=-1.697396251623293 -0.5009373041842935 2.1752033268270154 -0.83780087539964565 -0.51993560211316647 1.0617015109646464 -0.62303424904817628 5.4780223626623252 -0.20120087685734026 0.56633783266591819 -0.043783205161193703 0.97762490566022808
leaf_weight=1124 47 118 175 135 386 280 154 28 163 150 102
leaf_count=1124 47 118 175 135 386 280 154 28 163 150 102
internal_value=-0.00216426 0.0125366 0.00624935 0.00974942 0.0185665 -0.0174305 0.0290523 0.0226419 0.00122755 0.00603391 0.0128022
internal_weight=2862 1458 1056 881 433 1404 402 248 448 313 130
internal_count=2862 1458 1056 881 433 1404 402 248 448 313 130
is_linear=0
shrinkage=0.072361


Tree=6
num_leaves=12
num_cat=0
split_feature=79 11 13 11 8 11 81 8 13 26 40
split_gain=109.022 25.1576 8.18827 8 8.04276 7.45411 6.91119 5.56099 5.32004 5.22113 5.68058
threshold=18.875000000000004 2.5875000000000008 22.500000000000004 4.022916666666668 28.895833333333339 1.0416666666666674 4.4375000000000009 42.854166666666679 22.500000000000004 1.0000000180025095e-35 15.550000000000002
decision_type=2 2 2 2 2 2 2 2 2 2 2
left_child=6 2 5 4 -3 -2 -1 -8 -6 -7 -11
right_child=1 3 -4 -5 8 9 7 -9 -10 10 -12
leaf_value=-1.6469319709705659 -1.0461014712068264 2.4601472634769834 -0.97880251405771801 5.3131824296215866 1.1934137768263355 0.70720462740228696 -0.86572136977957936 2.1158528522768236 -0.081251219023469753 -0.088342610113093398 0.80526387937122457
leaf_weight=905 54 93 120 140 347 292 446 38 100 308 26
leaf_count=905 54 93 120 140 347 292 446 38 100 308 26
internal_value=-0.00261549 0.0110497 0.00235173 0.0212826 0.0172862 0.00542706 -0.017176 -0.0101963 0.013258 0.00765222 0.00147321
internal_weight=2869 1480 800 680 540 680 1389 484 447 626 334
internal_count=2869 1480 800 680 540 680 1389 484 447 626 334
is_linear=0
shrinkage=0.072361


Tree=7
num_leaves=12
num_cat=0
split_feature=79 11 13 11 1 81 2 11 11 10 11
split_gain=99.0548 22.026 10.0769 10.0913 7.71509 7.30859 4.84746 3.87428 3.25738 4.21589 2.7772
threshold=18.875000000000004 3.1625000000000005 22.500000000000004 1.6770833333333333 68.500000000000014 4.4375000000000009 51.500000000000007 4.0979166666666673 4.616666666666668 40.387881139834541 2.1250000000000009
decision_type=2 2 2 2 2 2 2 2 2 2 2
left_child=5 2 3 -2 10 -1 8 -7 9 -3 -5
right_child=1 6 -4 4 -6 7 -8 -9 -10 -11 -12
leaf_value=-1.5277583490797766 -0.35933885660580706 2.5052588811502625 -0.76775992370889989 0.34274635797604641 0.054847474031931222 -0.79358120524997366 3.1383824611733662 3.3565570982026038 5.8768588614866291 0.30450489585281065 1.0823827453963908
leaf_weight=913 211 41 187 144 251 472 166 26 37 115 309
leaf_count=913 211 41 187 144 251 472 166 26 37 115 309
internal_value=-0.0033157 0.00989081 0.00481968 0.00794783 0.0121081 -0.0169902 0.0254573 -0.00993871 0.017659 0.0130805 0.0177468
internal_weight=2872 1461 1102 915 704 1411 359 498 193 156 453
internal_count=2872 1461 1102 915 704 1411 359 498 193 156 453
is_linear=0
shrinkage=0.072361


Tree=8
num_leaves=12
num_cat=0
split_feature=79 11 13 11 81 108 8 83 81 8 78
split_gain=90.031 21.9377 9.83315 8.96739 7.89371 7.59538 4.68705 4.0434 4.77015 3.89386 2.95128
threshold=18.875000000000004 3.1625000000000005 22.500000000000004 1.6666666666666672 4.8125000000000009 34.173264147985442 42.854166666666679 1.0000000180025095e-35 51.187500000000007 31.354166666666668 1207.7000000000003
decision_type=2 2 2 2 2 2 2 2 2 2 2
left_child=4 2 3 -2 -1 9 -6 8 -3 -5 -7
right_child=1 7 -4 5 6 10 -8 -9 -10 -11 -12
leaf_value=-1.4172082480173549 -0.36032445264305402 2.2545432612129295 -0.69022389403246043 0.98654252689597932 -0.74732605069585423 -0.0076932455409886597 2.0342617874495694 1.440142408464032 3.4807008362059819 -0.06093005503407703 0.56904911057862018
leaf_weight=918 210 84 187 259 442 264 40 155 120 30 159
leaf_count=918 210 84 187 259 442 264 40 155 120 30 159
internal_value=-0.00361805 0.00890217 0.00386925 0.00693785 -0.0167464 0.0108135 -0.00924777 0.0244495 0.0311434 0.0198554 0.00463588
internal_weight=2868 1468 1109 922 1400 712 482 359 204 289 423
internal_count=2868 1468 1109 922 1400 712 482 359 204 289 423
is_linear=0
shrinkage=0.072361


Tree=9
num_leaves=12
num_cat=0
split_feature=3 11 0 11 11 8 108 108 2 100 13
split_gain=85.7021 16.1462 7.92182 7.8295 6.17438 6.57808 6.0795 4.57825 3.90632 3.21709 3.16188
threshold=10.500000000000002 2.8333333333333339 7.5000000000000009 1.0416666666666674 4.2812500000000009 29.312500000000004 30.525608392760688 46.774114231393305 12.500000000000002 892.71666666666681 1.0000000180025095e-35
decision_type=2 2 2 2 2 2 2 2 2 2 2
left_child=2 3 -1 -2 5 -3 10 9 -8 -7 -5
right_child=1 4 -4 6 -6 7 8 -9 -10 -11 -12
leaf_value=-1.3146576613102452 -1.073623791187126 2.5899968267437372 -0.57817251175691353 2.7442249546474673 4.6481413225369934 0.62890708384069716 -0.47638976841677289 -0.21593894685030296 0.17360181749680881 1.2207670480466764 0.39164270581632565
leaf_weight=1065 65 38 287 37 107 180 119 62 527 146 233
leaf_count=1065 65 38 287 37 107 180 119 62 527 146 233
internal_value=-0.00375691 0.00806772 -0.0169984 0.00255955 0.0182056 0.0143023 0.00428161 0.0114882 0.000470456 0.0149161 0.0134001
internal_weight=2866 1514 1352 981 533 426 916 388 646 326 270
internal_count=2866 1514 1352 981 533 426 916 388 646 326 270
is_linear=0
shrinkage=0.072361


Tree=10
num_leaves=12
num_cat=0
split_feature=81 11 13 26 81 36 11 78 106 11 25
split_gain=82.7522 16.9988 10.2914 10.9233 5.50707 4.61297 4.24276 3.86161 3.852 3.67729 3.99443
threshold=15.687500000000002 3.839583333333334 22.500000000000004 -0.56174490092936658 4.4375000000000009 15.050000000000002 2.0958333333333337 1043.7500000000002 92.978571428571442 0.98541666666666672 0.6078576107927941
decision_type=2 2 2 2 2 2 2 2 2 2 2
left_child=4 2 3 6 -1 9 -2 -3 -7 -5 -11
right_child=1 7 -4 5 -6 8 -8 -9 -10 10 -12
leaf_value=-1.2195277362092791 0.25647238227287417 1.7216499319044685 -0.49290595526662423 -0.92008604815928707 -0.75582631201646933 0.88802654701200712 1.3636649123203841 4.2473510621106838 -0.16826540274762361 -0.12552402686248851 0.2830825504131198
leaf_weight=904 59 45 289 47 356 96 255 126 24 311 333
leaf_count=904 59 45 289 47 356 96 255 126 24 311 333
internal_value=-0.00390419 0.00709913 0.00449313 0.00762201 -0.0177457 0.0031853 0.0190811 0.028648 0.0162811 0.000911054 0.00233712
internal_weight=2845 1585 1414 1125 1260 811 314 171 120 691 644
internal_count=2845 1585 1414 1125 1260 811 314 171 120 691 644
is_linear=0
shrinkage=0.072361


Tree=11
num_leaves=12
num_cat=0
split_feature=3 11 13 11 8 81 11 11 8 11 11
split_gain=78.4655 12.9314 7.59817 6.00327 6.74401 5.67618 5.16683 4.80457 4.46342 5.88206 4.21416
threshold=10.500000000000002 2.3895833333333338 11.000000000000002 4.2812500000000009 28.895833333333339 50.062500000000007 2.7187500000000009 1.0416666666666674 23.395833333333339 2.1708333333333338 3.1625000000000005
decision_type=2 2 2 2 2 2 2 2 2 2 2
left_child=2 7 -1 4 -3 -6 -4 -2 9 -9 -7
right_child=1 3 6 -5 5 10 -8 8 -10 -11 -12
leaf_value=-1.1312815063211765 -0.92935698069209705 1.131604138271757 -0.67639961803185666 4.2011863057498138 -0.029580274322678103 0.31249812248073694 0.97023671598670469 0.13423699934529901 -0.43206938522497429 1.0776189534618961 1.4012571322232794
leaf_weight=989 63 206 289 105 258 125 76 421 147 41 135
leaf_count=989 63 206 289 105 258 125 76 421 147 41 135
internal_value=-0.00432138 0.00707218 -0.0169519 0.0131192 0.0107742 0.00636999 -0.00802907 -0.000387647 0.00158029 0.00507465 0.0139155
internal_weight=2855 1501 1354 829 724 518 365 672 609 462 260
internal_count=2855 1501 1354 829 724 518 365 672 609 462 260
is_linear=0
shrinkage=0.072361


Tree=12
num_leaves=12
num_cat=0
split_feature=79 11 13 11 108 8 11 81 46 11 40
split_gain=73.7877 14.3435 8.26606 6.73838 5.07017 3.5784 3.95 3.54188 3.29906 2.92064 2.77793
threshold=9.6250000000000018 3.5208333333333344 22.500000000000004 1.6645833333333335 33.828096237263217 31.187500000000004 2.0958333333333337 4.8125000000000009 0.041666666666666671 2.7937500000000006 13.550000000000002
decision_type=2 2 2 2 2 2 2 2 2 2 2
left_child=7 2 3 -2 5 6 8 -1 -5 -9 -6
right_child=1 -3 -4 4 10 -7 -8 9 -10 -11 -12
leaf_value=-1.0494208606705178 -0.28463207840644372 2.25276613531206 -0.61940071197498514 0.071930991326061872 0.038595022357458229 -0.15054457438216559 1.2907480731552239 -0.73457613706304226 0.7950717506072007 0.43138754018900999 0.58642419161412307
leaf_weight=919 258 290 335 89 403 44 154 160 26 48 136
leaf_count=919 258 290 335 89 403 44 154 160 26 48 136
internal_value=-0.00433862 0.00502564 0.00207818 0.00508482 0.00818731 0.0155125 0.0186416 -0.0187548 0.00849446 -0.0102279 0.00393353
internal_weight=2862 1735 1445 1110 852 313 269 1127 115 208 539
internal_count=2862 1735 1445 1110 852 313 269 1127 115 208 539
is_linear=0
shrinkage=0.072361


Tree=13
num_leaves=12
num_cat=0
split_feature=81 11 81 18 14 11 11 25 85 0 11
split_gain=67.9959 12.6951 9.78671 7.53636 4.6273 4.77579 4.59001 5.04101 4.30911 4.19478 4.01172
threshold=20.437500000000004 2.9187500000000006 4.4375000000000009 1.0000000180025095e-35 5.0000000000000009 5.0875000000000004 1.2875000000000003 1.0000000180025095e-35 1.9000000000000001 40.500000000000007 3.6750000000000003
decision_type=2 2 2 2 2 2 2 2 2 2 2
left_child=2 3 -1 6 -3 -6 -2 -8 -4 -9 -10
right_child=1 4 8 -5 5 -7 7 9 10 -11 -12
leaf_value=-0.97348373208338335 -0.60329305867183292 1.7256784225074318 0.28170016289833999 2.5320111269392811 0.17908965906620972 3.9462048795413716 -0.23945116411985581 0.18962373445124922 -0.65871948333794961 0.59706675662594588 2.0479888677344227
leaf_weight=905 119 285 58 60 157 30 251 402 400 139 42
leaf_count=905 119 285 58 60 157 30 251 402 400 139 42
internal_value=-0.00460895 0.00642372 -0.01594 0.00169165 0.0161585 0.00731344 5.55995e-05 0.00204657 -0.00781497 0.00597879 -0.0102484
internal_weight=2848 1443 1405 971 472 187 911 792 500 541 442
internal_count=2848 1443 1405 971 472 187 911 792 500 541 442
is_linear=0
shrinkage=0.072361


Tree=14
num_leaves=12
num_cat=0
split_feature=79 11 81 26 23 104 11 81 78 26 11
split_gain=68.1273 13.4879 9.0888 7.42647 4.46489 4.23261 3.68846 3.50597 3.04115 2.69975 2.6346
threshold=9.6250000000000018 3.9770833333333337 54.187500000000007 -0.56174490092936658 -0.37940952255126098 1030.9285714285718 3.1625000000000005 3.8125000000000004 1161.9500000000003 1.0000000180025095e-35 3.0833333333333335
decision_type=2 2 2 2 2 2 2 2 2 2 2
left_child=7 2 4 5 -2 6 8 -1 -4 -6 -9
right_child=1 -3 3 -5 9 -7 -8 10 -10 -11 -12
leaf_value=-0.90304148902232317 0.15415202689409369 2.9405494174151094 0.091697541521766499 -0.026347111970606307 -0.094418229278550592 -0.58506981554652604 1.7748031584189792 -0.64549327438899284 1.5467718747873098 -0.78582125472184694 0.41987890901599478
leaf_weight=894 779 164 45 139 234 23 47 199 114 182 34
leaf_count=894 779 164 45 139 234 23 47 199 114 182 34
internal_value=-0.00459419 0.00443719 0.00236573 0.0123092 -0.000696361 0.0203178 0.023605 -0.0184337 0.0183404 -0.00674903 -0.010528
internal_weight=2854 1727 1563 368 1195 229 206 1127 159 416 233
internal_count=2854 1727 1563 368 1195 229 206 1127 159 416 233
is_linear=0
shrinkage=0.072361


Tree=15
num_leaves=12
num_cat=0
split_feature=79 81 26 11 0 23 81 11 100 101 72
split_gain=64.4235 11.6489 8.76065 6.11855 4.96806 4.24932 3.8454 2.827 2.76107 2.56531 2.99691
threshold=9.6250000000000018 54.875000000000007 -0.56174490092936658 4.1229166666666677 37.500000000000007 -0.37940952255126098 3.8125000000000004 0.98541666666666672 690.8277777777779 1.0088230976393986 16.500000000000004
decision_type=2 2 2 2 2 2 2 2 2 2 2
left_child=6 3 4 5 -3 7 -1 -2 -9 -10 -11
right_child=1 2 -4 -5 -6 -7 -8 8 9 10 -12
leaf_value=-0.83769651615072371 -0.73725421788330348 1.292778860467424 0.084745989111754585 2.9598073216909309 2.1305123716606262 -0.49131832269222347 -0.55446426072888599 0.34921011694182913 -0.023708622262342254 0.5253137752461563 -0.24969752614948973
leaf_weight=886 40 181 160 73 87 435 237 44 515 183 23
leaf_count=886 40 181 160 73 87 435 237 44 515 183 23
internal_value=-0.00478027 0.003936 0.0143031 0.000556621 0.0223022 -0.000641912 -0.0182932 0.00247195 0.00345251 0.00237857 0.00920314
internal_weight=2864 1741 428 1313 268 1240 1123 805 765 721 206
internal_count=2864 1741 428 1313 268 1240 1123 805 765 721 206
is_linear=0
shrinkage=0.072361


Tree=16
num_leaves=12
num_cat=0
split_feature=79 11 8 11 11 108 81 9 40 3 2
split_gain=62.7444 10.5231 5.83461 7.10128 4.62981 4.87362 3.86814 3.61606 3.4188 3.39411 3.28005
threshold=9.6250000000000018 2.5875000000000008 28.895833333333339 4.022916666666668 0.98541666666666672 27.340180455349369 4.0625000000000009 30.726190476190478 12.15 48.500000000000007 57.500000000000007
decision_type=2 2 2 2 2 2 2 2 2 2 2
left_child=6 4 -3 -4 -2 7 -1 10 -7 -5 -6
right_child=1 2 3 9 5 8 -8 -9 -10 -11 -12
leaf_value=-0.77707996996992101 -0.82884863335052228 1.5071399040368156 0.24379789650161568 1.9418439181408556 0.099680024641402312 -0.17657335056224932 -0.51002972919511147 1.3394431029344722 0.34527812663753005 3.3071101865008155 1.6651226962007968
leaf_weight=898 73 97 486 78 161 558 225 27 139 75 23
leaf_count=898 73 97 486 78 161 558 225 27 139 75 23
internal_value=-0.00499393 0.00370444 0.0102446 0.00773434 -0.00120233 0.000207199 -0.0182932 0.00984241 -0.00270964 0.0213298 0.00621356
internal_weight=2840 1717 736 639 981 908 1123 211 697 153 184
internal_count=2840 1717 736 639 981 908 1123 211 697 153 184
is_linear=0
shrinkage=0.072361


Tree=17
num_leaves=12
num_cat=0
split_feature=79 11 13 11 13 11 26 104 81 19 11
split_gain=56.4857 9.39641 6.90437 5.35421 4.24133 4.10487 3.70284 3.19577 2.83313 3.97264 3.27579
threshold=9.3750000000000018 4.022916666666668 22.500000000000004 1.0416666666666674 21.500000000000004 2.7187500000000009 1.0000000180025095e-35 1075.0714285714287 58.062500000000007 15.500000000000002 3.1625000000000005
decision_type=2 2 2 2 2 2 2 2 2 2 2
left_child=4 2 3 -2 -1 -6 7 8 9 -5 -10
right_child=1 -3 -4 6 5 -7 -8 -9 10 -11 -12
leaf_value=-0.72084969686062794 -0.60169650663144869 2.4441025812927704 -0.47256704741758332 0.48128439478222856 -0.47898331882740403 1.9429737386165957 0.065520081224613932 -0.78623026395958107 0.933719894452823 0.089616565574389961 1.6150041231413306
leaf_weight=957 70 159 373 116 140 24 581 25 135 228 48
leaf_count=957 70 159 373 116 140 24 581 25 135 228 48
internal_value=-0.00523958 0.00294031 0.00124887 0.00391579 -0.0178998 -0.0071478 0.00511572 0.00935971 0.0105589 0.00668916 0.0178331
internal_weight=2856 1735 1576 1203 1121 164 1133 552 527 344 183
internal_count=2856 1735 1576 1203 1121 164 1133 552 527 344 183
is_linear=0
shrinkage=0.072361


Tree=18
num_leaves=12
num_cat=0
split_feature=79 11 8 11 108 26 11 78 23 68 81
split_gain=57.2278 11.8229 5.27595 5.6826 5.29829 5.11496 3.89053 4.00462 3.88296 3.91562 3.54786
threshold=6.8750000000000009 2.9187500000000006 29.020833333333339 5.0875000000000004 47.00022812558845 1.0000000180025095e-35 1.0083333333333335 2288.3000000000006 -0.37940952255126098 1.0000000180025095e-35 50.062500000000007
decision_type=2 2 2 2 2 2 2 2 2 2 2
left_child=-1 5 -3 4 10 6 -2 -8 9 -7 -4
right_child=1 2 3 -5 -6 8 7 -9 -10 -11 -12
leaf_value=-0.6686883017769365 -0.81444451450853439 2.3579418998241231 0.10835893244971335 4.2556233933419101 -0.42743782406805186 -0.13896926555787631 0.16055525596386 0.72192607016827903 -0.80756900011458355 0.98692489400738603 1.1017620349822355
leaf_weight=1044 30 24 188 66 86 456 512 48 177 31 195
leaf_count=1044 30 24 188 66 86 456 512 48 177 31 195
internal_value=-0.00509338 0.00267811 0.0114302 0.00994116 0.00714351 -0.00122333 0.00367936 0.00503941 -0.00557963 -0.00224363 0.010788
internal_weight=2857 1813 559 535 469 1254 590 560 664 487 383
internal_count=2857 1813 559 535 469 1254 590 560 664 487 383
is_linear=0
shrinkage=0.072361


Tree=19
num_leaves=12
num_cat=0
split_feature=79 11 81 11 25 26 13 10 11 77 14
split_gain=56.411 10.3034 6.55807 3.91869 4.51116 3.50364 3.22808 3.03013 3.75574 3.65983 2.89887
threshold=6.8750000000000009 4.1229166666666677 51.187500000000007 1.229166666666667 1.0000000180025095e-35 -0.56174490092936658 21.500000000000004 40.122886394899275 2.9187500000000006 464.50000000000006 3.5000000000000004
decision_type=2 2 2 2 2 2 2 2 2 2 2
left_child=6 2 3 -2 -5 -4 -1 8 -6 -10 -3
right_child=1 10 5 4 7 -7 -8 -9 9 -11 -12
leaf_value=-0.62030135669152664 -0.53087164365494621 3.016839691468336 0.74760313996011418 -0.27334465084312515 0.16493667989695027 0.022099577023568882 -0.31080760016984782 -0.91003428974687517 2.6081320410059798 0.19840208500937348 1.8300879569463397
leaf_weight=935 117 62 262 454 562 169 113 39 23 41 77
leaf_count=935 117 62 262 454 562 169 113 39 23 41 77
internal_value=-0.00517733 0.0025723 0.000994039 -0.00168608 -0.000368595 0.00867993 -0.0185321 0.00342762 0.00464681 0.0212556 0.0214999
internal_weight=2854 1806 1667 1236 1119 431 1048 665 626 64 139
internal_count=2854 1806 1667 1236 1119 431 1048 665 626 64 139
is_linear=0
shrinkage=0.072361


Tree=20
num_leaves=12
num_cat=0
split_feature=79 11 26 81 23 14 104 72 27 78 81
split_gain=53.5882 10.4914 6.37802 5.26141 3.70323 3.62734 3.50407 2.98637 2.74713 2.59807 2.53421
threshold=6.8750000000000009 4.6687500000000011 1.0000000180025095e-35 37.645833333333336 -0.37940952255126098 3.5000000000000004 1105.4761904761906 9.5000000000000018 -0.24999999999999997 1722.5000000000002 82.812500000000014
decision_type=2 2 2 2 2 2 2 2 2 2 2
left_child=5 2 3 -2 -4 -1 9 -7 -3 10 -5
right_child=1 8 4 6 -6 7 -8 -9 -10 -11 -12
leaf_value=-0.57541573867954821 -0.039183633544933295 1.573523345664487 -0.016289567633420741 0.34711400438725037 -0.61479580044322002 -0.37965129692079241 -0.80009679285258739 0.4453221758563069 4.1742003376634438 0.7636374559501673 1.9311521160023273
leaf_weight=995 354 26 636 322 249 34 25 26 65 91 28
leaf_count=995 354 26 636 322 249 34 25 26 65 91 28
internal_value=-0.00554065 0.00206285 0.000785147 0.00538294 -0.00347496 -0.0184846 0.0104349 -0.00120598 0.0260019 0.0119289 0.00909678
internal_weight=2851 1796 1705 820 885 1055 466 60 91 441 350
internal_count=2851 1796 1705 820 885 1055 466 60 91 441 350
is_linear=0
shrinkage=0.072361


Tree=21
num_leaves=12
num_cat=0
split_feature=79 11 13 11 8 11 100 8 11 0 10
split_gain=54.3695 8.99232 4.73464 4.41604 5.28858 4.3415 3.9987 3.0938 4.4097 4.5565 3.7884
threshold=6.8750000000000009 2.8270833333333334 22.500000000000004 4.6687500000000011 36.062500000000007 0.98541666666666672 717.64275362318847 26.812500000000004 2.1583333333333337 40.500000000000007 22.789897676135734
decision_type=2 2 2 2 2 2 2 2 2 2 2
left_child=-1 2 5 4 -3 -2 -7 8 10 -10 -8
right_child=1 3 -4 -5 -6 6 7 -9 9 -11 -12
leaf_value=-0.5337780882603913 -0.6024980690196261 0.81729569009742464 -0.4746955432963138 3.3423134438068334 0.036063178073695329 0.33522045909025483 0.22768959032416408 -0.18311810069524445 0.18430849261668658 0.8817591645208922 -0.37078466129925092
leaf_weight=1058 58 213 298 86 311 114 232 199 124 47 133
leaf_count=1058 58 213 298 86 311 114 232 199 124 47 133
internal_value=-0.0053874 0.00221269 -0.00141119 0.00937132 0.00687704 0.00118873 0.00249726 0.000541474 0.00340204 0.012991 -0.00109037
internal_weight=2873 1815 1205 610 524 907 849 735 536 171 365
internal_count=2873 1815 1205 610 524 907 849 735 536 171 365
is_linear=0
shrinkage=0.072361


Tree=22
num_leaves=12
num_cat=0
split_feature=81 11 11 8 3 100 11 8 13 10 11
split_gain=51.9373 9.93008 5.13897 5.29803 4.51952 4.07178 3.13867 4.2897 2.98323 2.60337 4.6928
threshold=4.0625000000000009 2.8270833333333334 5.0875000000000004 36.062500000000007 13.500000000000002 914.42222222222233 3.1770833333333339 29.187500000000004 1.0000000180025095e-35 30.014835347623855 1.9083333333333339
decision_type=2 2 2 2 2 2 2 2 2 2 2
left_child=-1 4 3 6 -2 8 7 -3 -6 10 -10
right_child=1 2 -4 -5 5 -7 -8 -9 9 -11 -12
leaf_value=-0.4951533792953669 -0.33512422548930865 1.7188969818833342 3.0970329289122631 0.033686502275020173 1.5730803914656413 -0.35044952835561044 1.5341331484429637 0.16120194464018239 -0.13115235973365513 -0.13131904681104395 0.46051934390674204
leaf_weight=893 414 33 73 349 54 227 63 130 228 170 225
leaf_count=893 414 33 73 349 54 227 63 130 228 170 225
internal_value=-0.00513031 0.0014428 0.0087771 0.00648101 -0.00216314 0.000704396 0.0151125 0.00981083 0.0035165 0.0021023 0.00496781
internal_weight=2859 1966 648 575 1318 904 226 163 677 623 453
internal_count=2859 1966 648 575 1318 904 226 163 677 623 453
is_linear=0
shrinkage=0.072361


Tree=23
num_leaves=12
num_cat=0
split_feature=81 11 13 81 108 13 107 23 11 10 1
split_gain=52.154 8.19864 5.64076 4.04903 3.82319 3.0618 4.10654 2.43574 2.42575 3.33004 2.06799
threshold=4.4375000000000009 5.0875000000000004 22.500000000000004 58.062500000000007 44.520123218400919 21.500000000000004 0.949952999993953 -0.60355339059327395 2.6041666666666674 37.10125994180914 20.500000000000004
decision_type=2 2 2 2 2 2 2 2 2 2 2
left_child=-1 2 3 5 7 -2 10 -5 -4 -10 -7
right_child=1 -3 8 4 -6 6 -8 -9 9 -11 -12
leaf_value=-0.45932359236900261 -0.094089141181202457 2.8832108398310448 -0.40171285566190423 0.019269290843948555 -0.54916104907329244 0.29325192905161063 0.39940082495839768 1.1789586866888446 0.30097078351826084 -0.41272841212104816 -0.32977571399766648
leaf_weight=905 629 72 331 67 42 45 266 189 85 116 98
leaf_count=905 629 72 331 67 42 45 266 189 85 116 98
internal_value=-0.00512504 0.00156658 0.000643035 0.00315225 0.010587 0.00101779 0.00589147 0.0139068 -0.00565829 0.000612001 -0.00399753
internal_weight=2845 1940 1868 1336 298 1038 409 256 532 201 143
internal_count=2845 1940 1868 1336 298 1038 409 256 532 201 143
is_linear=0
shrinkage=0.072361


Tree=24
num_leaves=12
num_cat=0
split_feature=81 11 11 8 81 28 18 40 10 8 11
split_gain=45.7226 7.0614 5.03651 5.29022 4.09924 3.15901 3.01169 2.45689 4.07121 2.22699 3.81239
threshold=4.0625000000000009 1.9083333333333339 4.6687500000000011 20.229166666666668 48.687500000000007 1.0000000180025095e-35 1.0000000180025095e-35 12.350000000000003 30.643563379857188 18.979166666666668 1.7104166666666669
decision_type=2 2 2 2 2 2 2 2 2 2 2
left_child=-1 6 3 -3 7 -4 9 -5 -9 10 -2
right_child=1 2 5 4 -6 -7 -8 8 -10 -11 -12
leaf_value=-0.42608648416577571 -0.33879741381298556 0.91568940481915007 0.011808773406488003 -0.11900096738644081 0.34347356037549742 3.5786270810767471 1.3789228525855481 0.65001170515608997 -0.14358573359838903 -0.62138449886787261 0.26391457267971968
leaf_weight=899 358 47 30 621 448 65 23 83 128 99 55
leaf_count=899 358 47 30 621 448 65 23 83 128 99 55
internal_value=-0.00554362 0.000661859 0.00332799 0.00217573 0.00130023 0.019423 -0.00642456 -0.00170466 0.00504123 -0.00757527 -0.00523871
internal_weight=2856 1957 1422 1327 1280 95 535 832 211 512 413
internal_count=2856 1957 1422 1327 1280 95 535 832 211 512 413
is_linear=0
shrinkage=0.072361


Tree=25
num_leaves=12
num_cat=0
split_feature=81 11 11 10 81 26 9 36 76 101 46
split_gain=44.4329 6.62427 4.74562 3.80572 3.21533 3.13629 2.61853 2.27928 2.34956 3.29178 2.24015
threshold=4.0625000000000009 5.0875000000000004 1.6645833333333335 21.314883154644502 19.937500000000004 1.0000000180025095e-35 32.220238095238102 5.6500000000000012 748.50000000000011 1.0738308914460222 1.0000000180025095e-35
decision_type=2 2 2 2 2 2 2 2 2 2 2
left_child=-1 2 -2 -4 6 -6 10 -7 9 -9 -5
right_child=1 -3 3 4 5 7 -8 8 -10 -11 -12
leaf_value=-0.39525444589595982 -0.32887864918041171 2.4262169794270707 0.3462155242301877 -0.27895549798250102 0.27283270907007551 2.0521564083903225 -0.32734296907089921 -0.022462776155436629 -0.16515499450034429 0.80883516693983526 0.96815850340496723
leaf_weight=894 388 71 60 40 565 24 253 260 237 36 35
leaf_count=894 388 71 60 40 565 24 253 260 237 36 35
internal_value=-0.00565897 0.000415275 -0.000396499 0.00143763 0.000698656 0.00254101 -0.00560354 -0.00131211 -0.00229437 0.00200458 0.00627118
internal_weight=2863 1969 1898 1510 1450 1122 328 557 533 296 75
internal_count=2863 1969 1898 1510 1450 1122 328 557 533 296 75
is_linear=0
shrinkage=0.072361


Tree=26
num_leaves=12
num_cat=0
split_feature=81 11 8 11 13 100 81 48 19 81 10
split_gain=43.9758 6.76117 4.4407 3.86306 3.04268 3.82053 2.17178 2.70493 2.09524 2.00695 2.44709
threshold=4.0625000000000009 2.8270833333333334 28.895833333333339 5.8604166666666666 22.500000000000004 714.24444444444453 50.062500000000007 93361.500000000015 33.500000000000007 14.937500000000002 30.880789925510534
decision_type=2 2 2 2 2 2 2 2 2 2 2
left_child=-1 4 -3 6 5 -2 8 -8 -4 -7 -11
right_child=1 2 3 -5 -6 9 7 -9 -10 10 -12
leaf_value=-0.36665344432690333 0.26458018951930801 1.6612164172360304 0.26156424937763934 4.3416694320384845 -0.29937995130091927 -0.56384223503328701 1.5829579867786723 0.2555123596290656 -0.2130634718045156 0.045326598540230315 -0.21075115009938347
leaf_weight=884 118 34 192 33 377 74 23 247 123 569 179
leaf_count=884 118 34 192 33 377 74 23 247 123 569 179
internal_value=-0.00600852 1.10238e-05 0.00603747 0.00463671 -0.00297246 -0.000769797 0.00327788 0.00804007 -0.000804007 -0.00251767 -0.00139304
internal_weight=2853 1969 652 618 1317 940 585 270 315 822 748
internal_count=2853 1969 652 618 1317 940 585 270 315 822 748
is_linear=0
shrinkage=0.072361


Tree=27
num_leaves=12
num_cat=0
split_feature=81 11 11 8 11 3 108 12 107 10 11
split_gain=39.978 6.01598 3.59013 3.54613 3.95532 2.7968 2.8971 3.71411 2.53992 2.80239 2.97603
threshold=4.4375000000000009 2.8270833333333334 0.98541666666666672 28.895833333333339 5.8604166666666666 5.5000000000000009 27.340180455349369 2.8755952380952388 0.92642350745936219 21.977714288224064 1.7770833333333338
decision_type=2 2 2 2 2 2 2 2 2 2 2
left_child=-1 2 -2 -3 -5 -4 7 -7 -8 10 -10
right_child=1 3 5 4 -6 6 8 -9 9 -11 -12
leaf_value=-0.3401220394423291 -0.56456906140070273 1.6075311240335799 -0.2649017906967861 0.15334217062654909 4.3301064480493707 0.20772655469945214 -0.2764363541738058 0.58752000759087653 0.084208801204131573 -0.054976158528093566 0.61188397475534406
leaf_weight=908 78 33 205 572 33 154 187 36 70 546 35
leaf_count=908 78 33 205 572 33 154 187 36 70 546 35
internal_value=-0.00597985 -0.000137371 -0.00294191 0.00562554 0.00436557 -0.00198949 -0.000450496 0.00761689 -0.00227963 -0.000144499 0.0106817
internal_weight=2857 1949 1311 638 605 1233 1028 190 838 651 105
internal_count=2857 1949 1311 638 605 1233 1028 190 838 651 105
is_linear=0
shrinkage=0.072361


Tree=28
num_leaves=12
num_cat=0
split_feature=81 11 8 41 11 81 83 100 40 8 40
split_gain=40.19 6.12993 4.22404 3.93635 3.89682 3.33374 3.93861 3.09954 2.60921 2.38495 2.11991
threshold=2.0625000000000004 1.9604166666666669 21.270833333333339 25.000000000000004 4.6687500000000011 19.937500000000004 1.0000000180025095e-35 914.82222222222242 12.65 30.083333333333339 8.8500000000000032
decision_type=2 2 2 2 2 2 2 2 2 2 2
left_child=-1 -2 3 -3 5 -4 -7 10 -8 -10 -6
right_child=1 2 4 -5 7 6 8 -9 9 -11 -12
leaf_value=-0.31551047318477621 -0.23800251893786706 0.066294205544003698 -0.176553051973071 1.3527724664456344 3.662684750921648 0.29574598751357989 -0.10559740600697219 -0.12364969824743809 0.77415322545277432 -0.038075211015946984 0.25184018569221317
leaf_weight=826 610 28 326 31 43 552 322 34 27 42 23
leaf_count=826 610 28 326 31 43 552 322 34 27 42 23
internal_value=-0.0057909 -0.000333756 0.00226001 0.0212173 0.00144299 0.000359237 0.00253992 0.0151956 -0.00301657 0.00975282 0.0243392
internal_weight=2864 2038 1428 59 1369 1269 943 100 391 69 66
internal_count=2864 2038 1428 59 1369 1269 943 100 391 69 66
is_linear=0
shrinkage=0.072361


Tree=29
num_leaves=12
num_cat=0
split_feature=81 11 11 81 25 100 11 13 10 72 76
split_gain=39.9915 5.25931 3.61951 3.50774 2.65639 3.68608 2.65215 2.96007 2.9505 2.85134 2.64636
threshold=2.0625000000000004 4.6687500000000011 1.0416666666666674 54.187500000000007 0.6078576107927941 643.98055555555572 2.214583333333334 21.500000000000004 22.888664851803238 2.5000000000000004 972.00000000000011
decision_type=2 2 2 2 2 2 2 2 2 2 2
left_child=-1 2 -2 4 5 -4 8 -8 10 -9 -6
right_child=1 -3 3 -5 6 -7 7 9 -10 -11 -12
leaf_value=-0.29267982413753729 -0.35343316734515989 2.0057683382299563 0.89068720323242367 0.27743772025498792 -0.0088206800649415634 -0.1907387456397252 -0.013290974750158901 1.3158653084292788 -0.27293988956486237 0.2314377579575552 0.35849251492919798
leaf_weight=814 105 95 29 408 187 806 84 40 136 98 52
leaf_count=814 105 95 29 408 187 806 84 40 136 98 52
internal_value=-0.00565906 -0.000248298 -0.0010603 -0.000314613 -0.00200104 -0.0046363 0.00168478 0.00795314 -0.0020261 0.0144721 0.0028157
internal_weight=2854 2040 1945 1840 1432 835 597 222 375 138 239
internal_count=2854 2040 1945 1840 1432 835 597 222 375 138 239
is_linear=0
shrinkage=0.072361


Tree=30
num_leaves=12
num_cat=0
split_feature=81 11 8 18 23 11 8 11 10 11 8
split_gain=34.5833 4.20903 3.76074 3.39445 2.53392 2.8005 3.64134 2.28163 1.98543 3.50713 4.00372
threshold=2.0625000000000004 1.9083333333333339 20.229166666666668 1.0000000180025095e-35 1.0000000180025095e-35 3.1625000000000005 34.916666666666679 6.0020833333333341 30.932107727780664 2.3895833333333338 25.562500000000004
decision_type=2 2 2 2 2 2 2 2 2 2 2
left_child=-1 3 -3 -2 5 8 -7 -8 9 -4 -11
right_child=1 2 4 -5 -6 6 7 -9 -10 10 -12
leaf_value=-0.27150122337464461 -0.221974364433521 0.79518253946360695 -0.06299697932105397 1.1624407879592591 -0.27771025790544435 1.6601413774249314 0.14241155660092397 3.7398866997565436 -0.10568847983011126 1.4215003973128193 0.17548008549101077
leaf_weight=812 533 47 305 24 98 54 338 29 455 51 107
leaf_count=812 533 47 305 24 98 54 338 29 455 51 107
internal_value=-0.00578025 -0.000755164 0.00125803 -0.00611884 0.00059923 0.00142128 0.00630793 0.00372648 -0.000819775 0.00251622 0.0112662
internal_weight=2853 2041 1484 557 1437 1339 421 367 918 463 158
internal_count=2853 2041 1484 557 1437 1339 421 367 918 463 158
is_linear=0
shrinkage=0.072361


Tree=31
num_leaves=12
num_cat=0
split_feature=81 81 11 11 10 23 13 100 36 11 11
split_gain=36.0622 4.05315 2.9997 2.78692 2.40228 2.20081 2.71798 2.38888 2.2682 1.80592 1.7856
threshold=2.0625000000000004 15.687500000000002 6.0020833333333341 0.98541666666666672 14.903638374304601 -0.60355339059327395 22.500000000000004 685.98716475095796 18.250000000000004 1.229166666666667 1.633333333333334
decision_type=2 2 2 2 2 2 2 2 2 2 2
left_child=-1 -2 3 -3 9 8 7 -7 -6 -5 -9
right_child=1 2 -4 4 5 6 -8 10 -10 -11 -12
leaf_value=-0.25185512705272506 -0.19011699315316277 -0.38932505269325884 4.2048254237914326 0.054095274688639478 -0.094734903325576034 1.1070327791072316 -0.11418937918697532 -0.22167366280219197 0.56955381954879558 1.1717719728070946 0.27199771035167941
leaf_weight=827 439 65 24 30 484 25 305 70 23 23 547
leaf_count=827 439 65 24 30 484 25 305 70 23 23 547
internal_value=-0.00572921 -0.000551153 0.00114254 0.000754909 0.00138768 0.000836081 0.00289596 0.00556795 -0.00301147 0.0165198 0.00467941
internal_weight=2862 2035 1596 1572 1507 1454 947 642 507 53 617
internal_count=2862 2035 1596 1572 1507 1454 947 642 507 53 617
is_linear=0
shrinkage=0.072361


Tree=32
num_leaves=12
num_cat=0
split_feature=81 11 3 0 68 12 81 106 9 107 46
split_gain=35.3111 3.86285 3.463 2.2481 3.31635 1.98377 2.98967 1.97007 2.30476 2.04239 2.61454
threshold=2.0625000000000004 0.98541666666666672 14.500000000000002 201.50000000000003 1.0000000180025095e-35 3.7041666666666679 21.145833333333339 92.530952380952399 33.931547619047628 1.0653228130349959 0.091666666666666674
decision_type=2 2 2 2 2 2 2 2 2 2 2
left_child=-1 -2 5 4 7 -3 -7 9 -9 -4 -11
right_child=1 2 3 -5 -6 6 -8 8 -10 10 -12
leaf_value=-0.23363064163882535 -0.46877307338683366 -0.16897051825278342 0.028421109481748228 -0.47229447271936392 0.78999448559821694 -0.14260677924672471 1.201474927613885 0.83478880637673514 -0.36599741412718512 0.53089522436788261 -0.07740173207368567
leaf_weight=815 79 493 769 36 102 90 35 25 188 160 69
leaf_count=815 79 493 769 36 102 90 35 25 188 160 69
internal_value=-0.00559716 -0.000523433 0.000106682 0.00216171 0.00265084 -0.00437912 0.00376273 0.0015954 -0.00472212 0.00294374 0.00894238
internal_weight=2861 2046 1967 1349 1313 618 125 1211 213 998 229
internal_count=2861 2046 1967 1349 1313 618 125 1211 213 998 229
is_linear=0
shrinkage=0.072361


Tree=33
num_leaves=12
num_cat=0
split_feature=81 11 81 23 1 81 78 25 11 46 40
split_gain=32.0225 3.27606 3.11722 3.42537 2.35969 2.25232 2.01219 1.9746 1.94365 2.06669 2.14655
threshold=2.0625000000000004 0.98541666666666672 38.562500000000007 -0.37940952255126098 2.5000000000000004 16.812500000000004 2322.2500000000005 1.0000000180025095e-35 1.9604166666666669 0.27500000000000008 7.3500000000000005
decision_type=2 2 2 2 2 2 2 2 2 2 2
left_child=-1 -2 3 5 -4 -3 -6 -5 -9 10 -10
right_child=1 2 4 7 6 -7 -8 8 9 -11 -12
leaf_value=-0.21672489796541808 -0.37893934213230984 0.51556897087801079 1.1027802412812495 -0.25839042634961595 0.0058697462005706663 0.019413608487962457 0.73670940835863286 -0.18239774737008921 -0.22745459066353044 1.6003331576109059 0.081262879774350566
leaf_weight=815 83 28 125 329 667 417 48 138 58 27 118
leaf_count=815 83 28 125 329 667 417 48 138 58 27 118
internal_value=-0.00550126 -0.000653308 -5.55204e-05 -0.00256346 0.00327347 0.00235782 0.00166986 -0.00583207 -0.00197347 0.00253083 -0.000328908
internal_weight=2853 2038 1955 1115 840 445 715 670 341 203 176
internal_count=2853 2038 1955 1115 840 445 715 670 341 203 176
is_linear=0
shrinkage=0.072361


Tree=34
num_leaves=12
num_cat=0
split_feature=81 81 85 38 18 105 12 38 2 77 109
split_gain=29.8222 3.12622 3.5429 2.65202 2.60918 2.15087 3.5201 2.62826 2.15168 3.05653 3.06184
threshold=2.0625000000000004 21.145833333333339 1.9000000000000001 15.250000000000002 1.0000000180025095e-35 0.69336970717985358 2.866369047619048 24.350000000000005 44.500000000000007 220.50000000000003 4.2142000340033965
decision_type=2 2 2 2 2 2 2 2 2 2 2
left_child=-1 2 3 -2 5 -3 -7 8 9 -8 -11
right_child=1 4 -4 -5 -6 6 7 -9 -10 10 -12
leaf_value=-0.20104247057940419 -0.18226282210508965 0.30048653629732991 -0.17950130392962013 1.0226614409021177 1.1415380298724336 -0.26622359746661206 -0.86141551250247705 -0.27702652148516538 -0.035786058126279191 0.1250650483918648 1.1174119824460189
leaf_weight=815 25 60 542 37 114 210 30 136 396 397 78
leaf_count=815 25 60 542 37 114 210 30 136 396 397 78
internal_value=-0.0057583 -0.00105415 -0.00541508 0.0109706 0.000799483 -0.000116265 -0.000760167 0.000969928 0.00238526 0.00551661 0.0069314
internal_weight=2840 2025 604 62 1421 1307 1247 1037 901 505 475
internal_count=2840 2025 604 62 1421 1307 1247 1037 901 505 475
is_linear=0
shrinkage=0.072361


Tree=35
num_leaves=12
num_cat=0
split_feature=81 11 8 56 11 108 13 78 77 81 11
split_gain=30.6831 3.62011 4.61176 2.4213 2.32299 3.77346 2.21634 2.19709 2.48734 2.13693 2.15872
threshold=0.93750000000000011 2.5875000000000008 28.812500000000004 1.0000000180025095e-35 0.98541666666666672 30.525608392760688 21.500000000000004 999.95000000000016 232.50000000000003 50.062500000000007 3.1625000000000005
decision_type=2 2 2 2 2 2 2 2 2 2 2
left_child=-1 4 6 9 -2 7 -3 -6 -9 -4 -11
right_child=1 2 3 -5 5 -7 -8 8 -10 10 -12
leaf_value=-0.1864948391075951 -0.32297573001146224 0.17531007042235799 -0.1110160560762337 2.6194208818528826 0.80672319565848938 -0.14007888002451285 1.6181463532492164 -0.2538660841017189 0.11594407877693549 -0.14123511240674227 0.81173309770346036
leaf_weight=686 89 51 466 29 30 796 56 56 287 117 198
leaf_count=686 89 51 466 29 30 796 56 56 287 117 198
internal_value=-0.00562245 -0.00141395 0.00204378 0.000178667 -0.00393441 -0.00307642 0.0161627 0.00292935 0.00128688 -0.000583705 0.00402004
internal_weight=2861 2175 917 810 1258 1169 107 373 343 781 315
internal_count=2861 2175 917 810 1258 1169 107 373 343 781 315
is_linear=0
shrinkage=0.072361


Tree=36
num_leaves=12
num_cat=0
split_feature=81 11 81 85 11 18 40 105 0 104 46
split_gain=31.2276 3.33622 2.77687 2.69531 2.31139 2.02496 2.38692 2.27445 2.08187 2.14845 2.05842
threshold=0.93750000000000011 0.98541666666666672 20.437500000000004 1.2500000000000002 5.8604166666666666 1.0000000180025095e-35 13.450000000000001 0.69336970717985358 26.500000000000004 985.33333333333348 0.075000000000000011
decision_type=2 2 2 2 2 2 2 2 2 2 2
left_child=-1 -2 3 -3 5 6 7 -4 -8 -10 -7
right_child=1 2 4 -5 -6 10 8 -9 9 -11 -12
leaf_value=-0.17299988859831913 -0.28547094533033796 0.37233641925716787 0.32669839806839351 -0.12299223096998824 3.3218255495810207 1.4608180148866394 -0.34043400465831097 -0.047535396954679766 0.48225529747496115 -0.23907488800914195 -0.2626661750142732
leaf_weight=696 87 41 49 636 24 72 39 974 159 40 39
leaf_count=696 87 41 49 636 24 72 39 974 159 40 39
internal_value=-0.00546761 -0.00117252 -0.000589919 -0.00439296 0.00125439 0.000864954 4.01672e-05 -0.00147834 0.00656718 0.00956322 0.0102347
internal_weight=2856 2160 2073 677 1396 1372 1261 1023 238 199 111
internal_count=2856 2160 2073 677 1396 1372 1261 1023 238 199 111
is_linear=0
shrinkage=0.072361


Tree=37
num_leaves=12
num_cat=0
split_feature=81 11 8 11 10 11 78 108 36 11 8
split_gain=31.0074 4.1255 4.44087 2.87495 3.301 2.66354 2.64751 2.54405 2.45064 2.07226 3.07358
threshold=2.0625000000000004 1.2875000000000003 13.520833333333334 1.6645833333333335 21.314883154644502 4.6687500000000011 2347.5500000000006 46.061464111729798 7.3500000000000005 2.8333333333333339 29.020833333333339
decision_type=2 2 2 2 2 2 2 2 2 2 2
left_child=-1 6 -3 -4 -5 7 -2 9 -7 -6 -11
right_child=1 2 3 4 5 8 -8 -9 -10 10 -12
leaf_value=-0.16048144601880279 -0.29455731168614546 0.82444211976015869 -0.27637399130895662 0.33105924699182793 -0.046089901584447472 2.7705531834047967 0.1995803488839151 -0.28938898236384547 0.36037829294592749 1.6480121290981344 0.079703930915204571
leaf_weight=816 158 29 186 64 854 38 28 155 60 30 432
leaf_count=816 158 29 186 64 854 38 28 155 60 30 432
internal_value=-0.00571271 -0.000932083 0.000101805 -0.000346092 0.000624793 -3.22838e-05 -0.0112042 -0.000801824 0.0115185 0.000230938 0.0041349
internal_weight=2850 2034 1848 1819 1633 1569 186 1471 98 1316 462
internal_count=2850 2034 1848 1819 1633 1569 186 1471 98 1316 462
is_linear=0
shrinkage=0.072361


Tree=38
num_leaves=12
num_cat=0
split_feature=81 11 8 78 11 10 81 56 46 78 13
split_gain=31.1381 2.7968 4.10928 2.58637 2.56404 2.08527 2.26469 2.24155 2.00665 1.65797 1.37661
threshold=0.93750000000000011 1.2875000000000003 14.22916666666667 2347.5500000000006 1.6645833333333335 21.165903500922443 38.312500000000007 1.0000000180025095e-35 0.47500000000000003 1056.3000000000004 21.500000000000004
decision_type=2 2 2 2 2 2 2 2 2 2 2
left_child=-1 3 -3 -2 -4 10 7 8 -7 -10 -6
right_child=1 2 4 -5 5 6 -8 -9 9 -11 -12
leaf_value=-0.14886885029205818 -0.22373655577651019 0.43894357701198505 -0.26278431304578648 0.21785660230488749 0.0078951963716231092 -0.10456627209985303 0.08270224413482731 1.4670488976650673 0.69993725675445739 -0.047033001239129291 0.46448384914104768
leaf_weight=689 159 53 173 30 25 848 751 23 31 52 28
leaf_count=689 159 53 173 30 25 848 751 23 31 52 28
internal_value=-0.00567864 -0.00142857 -0.000627323 -0.0098395 -0.00117291 -0.000345752 -0.000785148 -0.00312502 -0.00367634 0.00706162 0.0137892
internal_weight=2862 2173 1984 189 1931 1758 1705 954 931 83 53
internal_count=2862 2173 1984 189 1931 1758 1705 954 931 83 53
is_linear=0
shrinkage=0.072361


Tree=39
num_leaves=12
num_cat=0
split_feature=81 100 11 36 81 81 40 100 3 100 100
split_gain=25.7187 2.65024 3.49583 2.62696 2.4916 2.34238 2.24932 2.04968 2.23592 1.97524 1.90927
threshold=2.0625000000000004 914.82222222222242 4.6687500000000011 11.350000000000003 40.125000000000007 0.38750000000000007 9.0500000000000025 861.12777777777785 34.500000000000007 871.81111111111125 869.09444444444455
decision_type=2 2 2 2 2 2 2 2 2 2 2
left_child=5 2 4 -4 6 -1 -2 -8 -9 10 -6
right_child=1 -3 3 -5 9 -7 7 8 -10 -11 -12
leaf_value=-0.13809655344632568 -0.10650994965838007 -0.14544567641860912 2.6054027752042055 -0.090576084999074824 0.034760118417723675 -0.12639526521362857 0.41748567730001673 0.080162941686477251 -0.46668786229807452 0.44136360775512706 -0.5764934516483825
leaf_weight=587 642 542 40 27 311 240 113 113 50 183 24
leaf_count=587 642 542 40 27 311 240 113 113 50 183 24
internal_value=-0.00490301 -0.000548458 0.00101584 0.0171719 0.00026203 -0.0156709 -0.00200214 0.00346072 -0.00173132 0.00427459 0.000972007
internal_weight=2872 2045 1503 67 1436 827 918 276 163 518 335
internal_count=2872 2045 1503 67 1436 827 918 276 163 518 335
is_linear=0
shrinkage=0.072361


Tree=40
num_leaves=12
num_cat=0
split_feature=81 23 40 13 72 3 2 100 1 12 104
split_gain=25.7996 2.71927 3.16536 3.0535 2.40173 2.14574 1.96298 1.82188 2.19736 1.98372 2.88042
threshold=0.55000000000000016 -0.37940952255126098 6.5500000000000007 21.500000000000004 16.500000000000004 62.500000000000007 33.500000000000007 903.87222222222238 92.500000000000014 3.4485119047619053 981.57142857142867
decision_type=2 2 2 2 2 2 2 2 2 2 2
left_child=-1 3 -3 -2 7 -4 -7 8 -5 -9 -11
right_child=1 2 5 4 -6 6 -8 9 -10 10 -12
leaf_value=-0.12810375062573626 -0.063755287328082999 -0.12895046738396201 -0.058977213934656929 0.39544025562338808 -0.22245703224818267 -0.25967475836110737 1.1974680883346371 -0.24444310826073262 0.076556165848707516 0.48793900092225873 -0.069504611725313123
leaf_weight=625 570 500 525 209 57 25 44 72 140 42 50
leaf_count=625 570 500 525 209 57 25 44 72 140 42 50
internal_value=-0.00477598 -0.00114016 -0.00371726 0.00133296 0.00507795 -0.000146183 0.0118502 0.00664365 0.00959972 0.000352973 0.0073933
internal_weight=2859 2234 1094 1140 570 594 69 513 349 164 92
internal_count=2859 2234 1094 1140 570 594 69 513 349 164 92
is_linear=0
shrinkage=0.072361


Tree=41
num_leaves=12
num_cat=0
split_feature=81 11 100 41 38 101 46 79 13 3 76
split_gain=25.8141 2.84885 1.94165 2.35228 1.97502 1.59325 2.10395 2.30726 2.43797 2.29969 2.6521
threshold=0.93750000000000011 0.98541666666666672 685.98716475095796 42.650000000000006 28.450000000000003 0.97942657126519073 0.32500000000000007 46.375000000000007 22.500000000000004 25.500000000000004 284.50000000000006
decision_type=2 2 2 2 2 2 2 2 2 2 2
left_child=-1 -2 3 -3 5 -4 7 -7 9 -9 -11
right_child=1 2 4 -5 -6 6 -8 8 -10 10 -12
leaf_value=-0.11883403687376715 -0.22452205138410813 0.013673592994649592 -0.10839639135542853 1.1621086910223362 -0.17700593141444018 -0.063346145773135396 0.19545221305220387 0.90517054620457482 -0.51138321575721601 1.283574880708158 0.06841032027605963
leaf_weight=693 85 55 395 26 118 879 183 37 52 40 289
leaf_count=693 85 55 395 26 118 879 183 37 52 40 289
internal_value=-0.00496276 -0.00106246 -0.000530322 0.010452 -0.000976674 -0.000405222 0.000684494 -0.000340325 0.00408544 0.00616845 0.00424487
internal_weight=2852 2159 2074 81 1993 1875 1480 1297 418 366 329
internal_count=2852 2159 2074 81 1993 1875 1480 1297 418 366 329
is_linear=0
shrinkage=0.072361


Tree=42
num_leaves=12
num_cat=0
split_feature=81 11 46 13 11 10 11 3 11 100 106
split_gain=24.8815 2.60554 1.88922 2.88695 2.05699 2.24496 2.12947 1.98352 2.39268 1.66619 1.6215
threshold=0.93750000000000011 0.98541666666666672 0.35833333333333345 21.500000000000004 3.1770833333333339 30.932107727780664 2.2645833333333338 40.500000000000007 3.9479166666666665 690.8277777777779 72.09285714285717
decision_type=2 2 2 2 2 2 2 2 2 2 2
left_child=-1 -2 7 10 5 6 -5 -3 9 -9 -4
right_child=1 2 3 4 -6 -7 -8 8 -10 -11 -12
leaf_value=-0.11023508875218531 -0.24342769782732057 -0.068828923648574986 0.12073447415301722 0.059605876510508908 1.8189670166824503 -0.49179596561267952 1.2602216521476124 0.66182833859825763 1.0832570004826036 -0.014123951216222744 -0.14810884979366146
leaf_weight=698 82 1210 34 44 35 23 23 23 85 517 78
leaf_count=698 82 1210 34 44 35 23 23 23 85 517 78
internal_value=-0.00496276 -0.00111531 -0.000614649 0.00546521 0.0130248 0.00723599 0.0139319 -0.0013999 0.00191032 0.000133999 -0.00297193
internal_weight=2852 2154 2072 237 125 90 67 1835 625 540 112
internal_count=2852 2154 2072 237 125 90 67 1835 625 540 112
is_linear=0
shrinkage=0.072361


Tree=43
num_leaves=12
num_cat=0
split_feature=81 11 77 108 46 11 8 72 2 2 8
split_gain=23.9425 2.62113 1.783 1.81326 3.05955 3.01628 2.85204 2.56793 2.97063 2.04002 1.99537
threshold=0.93750000000000011 0.98541666666666672 218.50000000000003 30.525608392760688 0.55833333333333346 1.7958333333333336 19.187500000000004 9.5000000000000018 61.500000000000007 41.500000000000007 17.104166666666668
decision_type=2 2 2 2 2 2 2 2 2 2 2
left_child=-1 -2 -3 4 7 10 -7 8 9 -4 -5
right_child=1 2 3 5 -6 6 -8 -9 -10 -11 -12
leaf_value=-0.10225836899835809 -0.18761335006606839 -0.12023825224657572 0.16152368620881638 -0.010396700007925678 0.59198245487203716 0.24323380778915332 -0.0078639869911503197 -0.12823330591307255 0.73955365575836107 -0.19923642698087624 -0.38873209629833361
leaf_weight=687 88 294 159 70 40 23 1200 114 25 36 116
leaf_count=687 88 294 159 70 40 23 1200 114 25 36 116
internal_value=-0.00498814 -0.00125337 -0.000735107 0.000125809 0.00460477 -0.00106307 0.000242582 0.00233981 0.00690714 0.00389633 -0.00964807
internal_weight=2852 2165 2077 1783 374 1409 1223 334 220 195 186
internal_count=2852 2165 2077 1783 374 1409 1223 334 220 195 186
is_linear=0
shrinkage=0.072361


Tree=44
num_leaves=12
num_cat=0
split_feature=81 11 108 12 105 72 100 104 78 105 105
split_gain=24.6147 2.33718 1.66279 2.75152 2.49944 2.34394 2.255 2.10728 2.02017 1.91371 2.28076
threshold=0.93750000000000011 1.0416666666666674 30.525608392760688 3.1008928571428576 1.0430935275155433 10.500000000000002 916.37777777777785 740.45238095238108 1084.8500000000001 1.2412577996946508 1.1670468757295891
decision_type=2 2 2 2 2 2 2 2 2 2 2
left_child=-1 -2 4 -4 6 -5 7 8 -3 10 -7
right_child=1 2 3 5 -6 9 -8 -9 -10 -11 -12
leaf_value=-0.094858852553852249 -0.14959221022756519 0.45574797318818711 -0.13698756179818675 -0.056355102105948934 0.39022934622853023 0.13164685164265755 -0.22314627177400709 0.332108530190311 -0.044781949532586511 -0.21920845831615987 0.9918842208894264
leaf_weight=676 112 25 304 908 62 320 37 94 212 65 37
leaf_count=676 112 25 304 908 62 320 37 94 212 65 37
internal_value=-0.00493739 -0.0011905 -0.000638067 -0.00169167 0.00336562 -0.000272034 0.00110114 0.00299499 -0.000641168 0.00418389 0.00626315
internal_weight=2852 2176 2064 1634 430 1330 368 331 237 422 357
internal_count=2852 2176 2064 1634 430 1330 368 331 237 422 357
is_linear=0
shrinkage=0.072361


Tree=45
num_leaves=12
num_cat=0
split_feature=81 81 104 11 23 13 14 11 103 10 79
split_gain=24.5354 2.73173 2.06405 1.58842 1.58489 2.41002 2.12047 2.10981 1.86041 1.71433 1.57155
threshold=0.55000000000000016 21.145833333333339 1180.6190476190479 1.2812500000000002 -0.60355339059327395 22.500000000000004 1.0000000180025095e-35 4.1229166666666677 1.0046073569752152 56.290328174383227 24.125000000000004
decision_type=2 2 2 2 2 2 2 2 2 2 2
left_child=-1 3 4 -2 8 6 -6 10 9 -3 -7
right_child=1 2 -4 -5 5 7 -8 -9 -10 -11 -12
leaf_value=-0.08799477241787379 -0.12053990803279015 -0.13348830974312659 -0.70920162836387968 -0.067274338050278104 -0.20707294139530896 0.011071285557269462 0.24358012749256291 1.3778318262796707 0.086146557000193177 0.30580718255823136 -0.4326613198865093
leaf_weight=621 81 326 44 739 89 57 555 25 163 31 137
leaf_count=621 81 326 44 739 89 57 555 25 163 31 137
internal_value=-0.00513188 -0.00161339 0.000299178 -0.00494172 0.000790056 0.00269152 0.00492143 -0.00386584 -0.00236564 -0.00529024 -0.00641547
internal_weight=2868 2247 1427 820 1383 863 644 219 520 357 194
internal_count=2868 2247 1427 820 1383 863 644 219 520 357 194
is_linear=0
shrinkage=0.072361


Tree=46
num_leaves=12
num_cat=0
split_feature=81 104 81 40 77 104 105 77 77 104 36
split_gain=24.5892 1.95479 2.47602 1.73442 1.61844 2.76518 2.53509 1.73385 1.87958 1.99321 2.36098
threshold=0.93750000000000011 1155.0000000000002 82.812500000000014 -0.84999999999999998 272.50000000000006 576.93303571428589 0.919846441433252 286.50000000000006 312.50000000000006 988.52380952380963 18.350000000000005
decision_type=2 2 2 2 2 2 2 2 2 2 2
left_child=-1 2 3 -2 -5 -6 -7 -8 -9 10 -10
right_child=1 -3 -4 4 5 6 7 8 9 -11 -12
leaf_value=-0.081627383891003574 -0.15471513698256337 -0.48730871348635196 1.0378152773392921 -0.092872561777156304 0.50725864670389775 -0.077566457582882845 0.72508591180320869 -0.25337490063098339 0.039612373383023147 -0.13616263134183709 0.76616644246912402
leaf_weight=699 85 69 62 373 39 369 24 54 877 182 29
leaf_count=699 85 69 62 373 39 369 24 54 877 182 29
internal_value=-0.00514769 -0.00133481 -0.000939933 -0.00137457 -0.000932851 8.27495e-05 -0.000400696 0.00125359 0.000849067 0.00150308 0.00289124
internal_weight=2862 2163 2094 2032 1947 1574 1535 1166 1142 1088 906
internal_count=2862 2163 2094 2032 1947 1574 1535 1166 1142 1088 906
is_linear=0
shrinkage=0.072361


Tree=47
num_leaves=12
num_cat=0
split_feature=81 11 8 11 8 10 83 1 11 8 8
split_gain=24.097 2.27312 3.60375 1.92311 2.36833 2.33052 3.15435 2.29089 2.06258 5.54914 1.63256
threshold=0.93750000000000011 1.2812500000000002 13.520833333333334 1.6645833333333335 17.104166666666668 21.577548033527513 1.0000000180025095e-35 36.500000000000007 2.197916666666667 23.312500000000004 34.187500000000007
decision_type=2 2 2 2 2 2 2 2 2 2 2
left_child=10 -2 -3 4 7 6 -5 -4 -7 -10 -1
right_child=1 2 3 5 -6 8 -8 -9 9 -11 -12
leaf_value=-0.075720745878488732 -0.13519712052391133 0.71960621060588481 -0.1864000821499523 -0.083689282703224552 -0.40253180644408837 -0.086102625526496779 0.27961896336252318 0.13044613509549369 0.77988547608833014 -0.0052487751986094577 -0.075720745878488732
leaf_weight=572 178 32 83 35 75 364 50 43 38 1262 113
leaf_count=572 178 32 83 35 75 364 50 43 38 1262 113
internal_value=-0.0050233 -0.00127302 -0.000569542 -0.000964813 -0.00766806 -0.000194452 0.0114925 -0.001608 -0.000791448 0.000556621 -0.016849
internal_weight=2845 2160 1982 1950 201 1749 85 126 1664 1300 685
internal_count=2845 2160 1982 1950 201 1749 85 126 1664 1300 685
is_linear=0
shrinkage=0.072361


Tree=48
num_leaves=12
num_cat=0
split_feature=81 81 11 104 104 11 8 79 11 23 103
split_gain=16.4442 1.97054 1.85888 1.84667 1.76311 1.59133 2.48471 2.28587 1.68196 1.56823 1.54626
threshold=0.93750000000000011 21.145833333333339 1.0645833333333339 1180.6190476190479 1129.3809523809525 3.6312500000000001 43.895833333333336 51.625000000000007 5.0875000000000004 1.0000000180025095e-35 1.0046073569752152
decision_type=2 2 2 2 2 2 2 2 2 2 2
left_child=4 2 -2 5 9 10 7 -7 -8 -1 -3
right_child=1 3 -4 -5 -6 6 8 -9 -10 -11 -12
leaf_value=-0.070241518018643617 -0.22127533672863847 -0.033751050575780525 -0.063857649624402282 -0.57197195734323436 0.0021194683435058919 0.025666814621240854 -0.38289641185886902 2.0343981262265505 1.2450238098724873 -0.070241518018643617 0.065485930629843397
leaf_weight=251 39 818 696 42 29 23 80 40 45 416 380
leaf_count=251 39 818 696 42 29 23 80 40 45 416 380
internal_value=-0.00454819 -0.00143518 -0.00447948 0.000131748 -0.0142227 0.000584733 0.00677417 0.0184919 0.000868317 -0.0149821 -0.000386569
internal_weight=2859 2163 735 1428 696 1386 188 63 125 667 1198
internal_count=2859 2163 735 1428 696 1386 188 63 125 667 1198
is_linear=0
shrinkage=0.072361


Tree=49
num_leaves=12
num_cat=0
split_feature=81 1 19 104 81 23 76 46 27 49 56
split_gain=18.5645 1.9035 2.04962 1.85995 1.72319 1.77821 1.77997 1.61191 2.18071 1.5051 1.5001
threshold=0.38750000000000007 221.50000000000003 51.500000000000007 1129.3809523809525 38.562500000000007 -0.60355339059327395 356.50000000000006 0.44166666666666671 -0.24999999999999997 95552.000000000015 1.0000000180025095e-35
decision_type=2 2 2 2 2 2 2 2 2 2 2
left_child=3 2 4 -1 7 6 -6 10 -9 -10 -2
right_child=1 -3 -4 -5 5 -7 -8 8 9 -11 -12
leaf_value=-0.065158772491239858 -0.066005489249465643 0.61343706684684063 -0.79584877187784175 0.0019661015236064577 -0.35205264315112 0.18830585565754751 -0.026472800452900905 -0.19903116355575493 0.966525397711683 0.035398967279463386 0.9597389819375971
leaf_weight=552 1192 25 32 26 24 539 293 37 32 64 24
leaf_count=552 1192 25 32 26 24 539 293 37 32 64 24
internal_value=-0.00400024 -0.00104287 -0.00126478 -0.0155739 -0.00100091 0.00153851 -0.00276203 -0.00261229 0.00495096 0.0107033 -0.00343952
internal_weight=2840 2262 2237 578 2205 856 317 1349 133 96 1216
internal_count=2840 2262 2237 578 2205 856 317 1349 133 96 1216
is_linear=0
shrinkage=0.072361


Tree=50
num_leaves=12
num_cat=0
split_feature=81 104 11 19 10 12 9 36 2 19 78
split_gain=17.0222 1.78514 1.79478 2.7032 2.28149 1.97523 1.94748 1.75828 1.72186 2.02657 1.99387
threshold=0.38750000000000007 1180.6190476190479 2.9125000000000001 11.500000000000002 34.056192183784155 3.3580357142857147 38.169642857142868 6.6500000000000012 10.500000000000002 45.500000000000007 1416.1500000000003
decision_type=2 2 2 2 2 2 2 2 2 2 2
left_child=-1 2 8 7 -5 -6 -7 -4 -2 10 -10
right_child=1 -3 3 4 5 6 -8 -9 9 -11 -12
leaf_value=-0.06044381944362686 -0.061229266942058061 -0.44751760909690563 0.2486601516911304 0.69708048960574676 -0.17375492598685024 0.19379627140223982 -0.045053178943183461 1.9055057603296122 -0.081064471059741891 0.17855236771281327 0.047783133887729604
leaf_weight=579 574 61 56 46 119 88 298 23 572 86 359
leaf_count=579 574 61 56 46 119 88 298 23 572 86 359
internal_value=-0.00400375 -0.00119228 -0.000856864 0.00241203 0.000617232 -0.000788088 0.00172466 0.0149299 -0.00215127 -0.000362872 -0.00134462
internal_weight=2861 2282 2221 630 551 505 386 79 1591 1017 931
internal_count=2861 2282 2221 630 551 505 386 79 1591 1017 931
is_linear=0
shrinkage=0.072361


Tree=51
num_leaves=12
num_cat=0
split_feature=81 11 8 11 13 77 11 36 8 11 8
split_gain=18.3648 1.94754 4.7617 2.04196 1.91154 1.87019 1.82252 1.7479 1.94741 3.69066 2.04694
threshold=0.38750000000000007 2.5875000000000008 28.895833333333339 2.8687500000000008 21.500000000000004 1437.0000000000002 2.7520833333333337 17.050000000000004 25.187500000000004 2.1708333333333338 23.020833333333339
decision_type=2 2 2 2 2 2 2 2 2 2 2
left_child=-1 7 4 -4 -3 -5 -6 8 9 -2 -11
right_child=1 2 3 5 6 -7 -8 -9 -10 10 -12
leaf_value=-0.056070045049190345 -0.055248244048014525 0.10369661329875879 -0.10050416468802928 0.0053085625649458498 0.15090762719937517 1.7587228382819664 1.8567129906097677 0.2304520428879536 -0.10033129423437259 0.61920937399461162 0.071138408958809504
leaf_weight=585 838 60 157 632 30 35 28 30 315 37 127
leaf_count=585 838 60 157 632 30 35 28 30 315 37 127
internal_value=-0.00395795 -0.00103373 0.00149023 -0.000456646 0.0150853 0.00129099 0.0244525 -0.00279882 -0.00319223 -0.00163209 0.00829497
internal_weight=2874 2289 942 824 118 667 58 1347 1317 1002 164
internal_count=2874 2289 942 824 118 667 58 1347 1317 1002 164
is_linear=0
shrinkage=0.072361


Tree=52
num_leaves=12
num_cat=0
split_feature=81 11 8 11 10 101 38 11 108 10 76
split_gain=16.9508 1.70833 2.73656 2.06282 2.02412 1.88008 1.80514 2.98861 1.85798 1.61982 1.48296
threshold=0.38750000000000007 1.7791666666666675 20.229166666666668 1.9458333333333335 21.496860014789998 0.99796605113406411 17.150000000000002 1.0416666666666674 32.084592141277369 21.496860014789998 522.50000000000011
decision_type=2 2 2 2 2 2 2 2 2 2 2
left_child=-1 4 9 -4 5 -2 -7 -8 -9 -3 -11
right_child=1 2 3 -5 -6 6 7 8 -10 10 -12
leaf_value=-0.052012761284060779 0.023443638567591064 0.79936872851230389 -0.22210700590474644 -0.012597194229660429 -0.21091721674523528 -0.10141768116142023 -0.18607515133694524 0.47103248108824036 -0.078918493446863289 -0.05196106365561412 0.21849797363824283
leaf_weight=572 122 23 48 1607 114 182 44 46 26 36 31
leaf_count=572 122 23 48 1607 114 182 44 46 26 36 31
internal_value=-0.00411932 -0.00132402 -0.000228072 -0.000896314 -0.00490536 -0.00258431 -0.00568201 0.00137234 0.010452 0.01206 0.00637196
internal_weight=2851 2279 1745 1655 534 420 298 116 72 90 67
internal_count=2851 2279 1745 1655 534 420 298 116 72 90 67
is_linear=0
shrinkage=0.072361


Tree=53
num_leaves=12
num_cat=0
split_feature=81 104 11 8 41 18 79 8 11 8 11
split_gain=17.8185 1.95053 1.58598 2.72441 3.4875 2.35205 1.40755 1.45594 2.23799 1.66136 2.81861
threshold=0.38750000000000007 1129.3809523809525 1.9604166666666669 21.270833333333339 23.600000000000005 1.0000000180025095e-35 61.875000000000007 18.979166666666668 1.7395833333333335 17.104166666666668 1.5979166666666671
decision_type=2 2 2 2 2 2 2 2 2 2 2
left_child=1 -1 5 4 -4 6 7 8 9 10 -2
right_child=2 -3 3 -5 -6 -7 -8 -9 -10 -11 -12
leaf_value=-0.048249066574127121 -0.045323548841112997 0.014018585347569909 -0.073556832106838305 -0.017578988691969326 1.0599115113081479 0.86885620372849826 -0.72861765762128383 -0.114450735791538 0.14573693677372923 -0.10385302726197675 0.27228718389280204
leaf_weight=551 307 25 26 1534 35 26 40 170 51 67 25
leaf_count=551 307 25 26 1534 35 26 40 170 51 67 25
internal_value=-0.00405495 -0.0154269 -0.00118328 6.80498e-05 0.015065 -0.00409271 -0.00493369 -0.00408489 -0.00192962 -0.00375405 -0.00165645
internal_weight=2857 576 2281 1595 61 686 660 620 450 399 332
internal_count=2857 576 2281 1595 61 686 660 620 450 399 332
is_linear=0
shrinkage=0.072361


Tree=54
num_leaves=12
num_cat=0
split_feature=81 104 11 108 3 104 77 77 108 109 105
split_gain=18.3896 1.44917 1.35517 2.66444 3.12908 1.63308 1.51826 1.66592 1.24445 3.44004 2.02794
threshold=0.38750000000000007 1129.3809523809525 3.7000000000000006 38.030774229101603 70.500000000000014 1155.0000000000002 388.50000000000006 251.00000000000003 30.525608392760688 2.8485592552447114 1.0701392999112718
decision_type=2 2 2 2 2 2 2 2 2 2 2
left_child=1 -1 5 -4 6 8 7 -5 9 10 -2
right_child=2 -3 3 4 -6 -7 -8 -9 -10 -11 -12
leaf_value=-0.044757716525770264 -0.03144863631950616 -5.4837984733395219e-05 1.9382246544838151 -0.069288439713765776 1.0404607943986339 -0.8320027966068182 -0.31743025670290237 1.0284951757768521 -0.043167280099577481 0.35714057471287675 0.089415843684586951
leaf_weight=555 436 25 41 49 54 40 91 33 1440 42 49
leaf_count=555 436 25 41 49 54 40 91 33 1440 42 49
internal_value=-0.00409327 -0.015595 -0.00116096 0.00367203 0.000605658 -0.00180632 -0.00414086 0.00300028 -0.00151197 0.00149664 -0.000223796
internal_weight=2855 580 2275 268 227 2007 173 82 1967 527 485
internal_count=2855 580 2275 268 227 2007 173 82 1967 527 485
is_linear=0
shrinkage=0.072361


Tree=55
num_leaves=12
num_cat=0
split_feature=81 11 18 104 8 41 12 9 46 78 81
split_gain=16.9179 1.76962 1.90135 1.74509 1.58003 3.00154 1.62589 2.68492 1.5201 3.00045 2.24117
threshold=0.38750000000000007 1.9458333333333335 1.0000000180025095e-35 1129.3809523809525 21.270833333333339 22.500000000000004 3.1544642857142864 34.014880952380956 0.025000000000000005 824.6500000000002 22.708333333333339
decision_type=2 2 2 2 2 2 2 2 2 2 2
left_child=3 2 -2 -1 5 -3 -6 -8 9 -9 -11
right_child=1 4 -4 -5 6 -7 7 8 -10 10 -12
leaf_value=-0.041519004010648043 -0.046525665750897081 -0.062999840281745698 0.65550016248800724 0.013008154815083191 -0.049883806302104525 0.62705072220792035 0.93408485532762786 -0.3308052675502165 -0.050724039229705767 -0.035733102573984168 0.39491507286050853
leaf_weight=555 616 32 23 26 394 56 43 44 572 182 319
leaf_count=555 616 32 23 26 394 56 43 44 572 182 319
internal_value=-0.00395937 -0.00115156 -0.00438242 -0.0149828 0.000105764 0.00953836 -0.000428392 0.0009357 0.000252646 0.00298737 0.00457852
internal_weight=2862 2281 639 581 1642 88 1554 1160 1117 545 501
internal_count=2862 2281 639 581 1642 88 1554 1160 1117 545 501
is_linear=0
shrinkage=0.072361


Tree=56
num_leaves=12
num_cat=0
split_feature=81 104 46 28 104 1 11 41 100 8 3
split_gain=17.1829 1.81103 1.40767 1.9654 1.60092 4.00526 2.52772 1.70353 2.23019 1.46453 1.53805
threshold=0.38750000000000007 1129.3809523809525 0.32500000000000007 0.93301270189221952 576.93303571428589 8.5000000000000018 1.2875000000000003 48.400000000000013 712.50833333333344 14.062500000000002 38.500000000000007
decision_type=2 2 2 2 2 2 2 2 2 2 2
left_child=1 -1 4 -4 5 -2 -6 9 -9 -8 -11
right_child=2 -3 3 -5 6 -7 7 8 -10 10 -12
leaf_value=-0.038514647927663515 -0.037737973826416429 0.012066871901912225 0.0049617625573338681 1.9977637791962055 -0.11520825843142538 0.98807605063060833 0.33543924893425009 0.41743320531679262 -0.095399958960762934 -0.041852763879397507 0.041750279878106346
leaf_weight=552 39 26 262 33 139 24 27 26 170 996 559
leaf_count=552 39 26 262 33 139 24 27 26 170 996 559
internal_value=-0.00418238 -0.0153235 -0.0013518 0.00331142 -0.00204657 0.00930337 -0.00241958 -0.0016849 -0.00804826 -0.000896508 -0.00118663
internal_weight=2853 578 2275 295 1980 63 1917 1778 196 1582 1555
internal_count=2853 578 2275 295 1980 63 1917 1778 196 1582 1555
is_linear=0
shrinkage=0.072361


Tree=57
num_leaves=12
num_cat=0
split_feature=81 11 79 81 11 8 104 101 76 104 2
split_gain=16.9725 1.62462 1.84459 2.19674 1.40916 3.34765 1.67655 1.72017 1.41246 1.37738 1.34749
threshold=0.38750000000000007 6.4229166666666666 104.37500000000001 82.812500000000014 1.2812500000000002 13.520833333333334 682.54761904761915 0.9995634560312916 1497.5000000000002 1148.166666666667 26.500000000000004
decision_type=2 2 2 2 2 2 2 2 2 2 2
left_child=9 2 3 4 6 -6 7 -2 -7 -1 -10
right_child=1 -3 -4 -5 5 8 -8 -9 10 -11 -12
leaf_value=-0.035727690014226869 0.063625869947749963 2.3605988079263085 -0.80534891497509475 0.84024836127311675 0.64904352501333684 -0.01311617704337595 -0.1292703761171535 -0.060812942026144748 -0.47751300376938671 -0.0018653235203670185 -0.03804220055556972
leaf_weight=550 28 24 36 46 31 1760 96 56 85 25 97
leaf_count=550 28 24 36 46 31 1760 96 56 85 25 97
internal_value=-0.00406488 -0.00123965 -0.00144074 -0.00117476 -0.00150906 -0.000949898 -0.00763805 -0.000172279 -0.00132649 -0.0151643 -0.00739508
internal_weight=2834 2259 2235 2199 2153 1973 180 84 1942 575 182
internal_count=2834 2259 2235 2199 2153 1973 180 84 1942 575 182
is_linear=0
shrinkage=0.072361


Tree=58
num_leaves=12
num_cat=0
split_feature=81 104 46 11 41 100 25 19 78 2 10
split_gain=17.6616 1.82681 1.75468 2.11088 2.09354 1.94428 1.7125 1.96132 1.51626 1.47382 1.7964
threshold=0.38750000000000007 1129.3809523809525 0.44166666666666671 1.2875000000000003 48.400000000000013 923.13888888888903 1.0000000180025095e-35 45.500000000000007 1294.5000000000002 1.0000000180025095e-35 15.603759144179646
decision_type=2 2 2 2 2 2 2 2 2 2 2
left_child=1 -1 3 -2 9 6 8 -8 -4 -5 -11
right_child=2 -3 5 4 -6 -7 7 -9 -10 10 -12
leaf_value=-0.033142399124356292 -0.065734451619453085 0.011328677798602426 0.037009383193949211 -0.038867653398785153 -0.072264713956666574 -0.12179433346992227 0.061573636043658675 2.2393765092616165 -0.61309688753307867 0.49425193437780396 -0.00045004298722619662
leaf_weight=560 178 26 38 197 216 51 78 24 27 29 1445
leaf_count=560 178 26 38 197 216 51 78 24 27 29 1445
internal_value=-0.00420445 -0.0154106 -0.00132804 -0.00197985 -0.00126929 0.00484616 0.00862259 0.014472 -0.000556604 -0.000402727 0.000382913
internal_weight=2869 586 2283 2065 1887 218 167 102 65 1671 1474
internal_count=2869 586 2283 2065 1887 218 167 102 65 1671 1474
is_linear=0
shrinkage=0.072361


Tree=59
num_leaves=12
num_cat=0
split_feature=81 104 11 8 19 46 56 8 101 20 11
split_gain=17.9951 2.06921 1.77447 2.58937 2.39555 1.68533 1.61836 2.15275 1.72953 2.07432 1.76889
threshold=0.38750000000000007 1129.3809523809525 1.33125 14.22916666666667 13.500000000000002 0.47500000000000003 1.0000000180025095e-35 65.312500000000014 0.98494218399292255 1.0000000180025095e-35 4.6687500000000011
decision_type=2 2 2 2 2 2 2 2 2 2 2
left_child=1 -1 4 -4 5 -2 7 8 -5 10 -10
right_child=2 -3 3 6 -6 -7 -8 -9 9 -11 -12
leaf_value=-0.030744182433309827 -0.038647239442833457 0.010753954251091291 0.78453991689476088 -0.061221836808897381 -0.29212514904085024 0.037738997264439002 0.94714454300499329 -0.60215666252292321 0.0040304525724328523 -0.30206789718164695 0.71767723891203028
leaf_weight=559 162 24 31 391 47 24 31 26 1466 49 48
leaf_count=559 162 24 31 391 47 24 31 26 1466 49 48
internal_value=-0.00403581 -0.0153782 -0.00112915 -0.000446498 -0.00711184 -0.00342351 -0.000766429 -0.00102329 -0.000748051 0.000328702 0.000802947
internal_weight=2858 583 2275 2042 233 186 2011 1980 1954 1563 1514
internal_count=2858 583 2275 2042 233 186 2011 1980 1954 1563 1514
is_linear=0
shrinkage=0.072361


Tree=60
num_leaves=12
num_cat=0
split_feature=81 104 104 11 8 11 10 38 38 10 108
split_gain=17.0401 1.86938 1.46358 1.3124 2.28814 2.29163 1.52962 1.54682 2.33769 1.96806 1.82236
threshold=0.38750000000000007 1129.3809523809525 1180.6190476190479 1.7958333333333336 20.229166666666668 1.9458333333333335 21.721528061927525 17.150000000000002 8.8500000000000032 14.903638374304601 21.339639812972852
decision_type=2 2 2 2 2 2 2 2 2 2 2
left_child=1 -1 3 6 -5 -6 7 8 9 -2 -9
right_child=2 -3 -4 4 5 -7 -8 10 -10 -11 -12
leaf_value=-0.028519503067537658 0.19056570579048926 0.0097307567620141706 -0.49925848369439035 0.15543285384204356 -0.18472669144731721 -0.00066734199243392075 -0.15926064801838366 0.43365922406665192 -0.10733892370826012 -0.030102783613007666 0.0076831458677503869
leaf_weight=559 37 25 61 87 44 1552 113 23 126 88 144
leaf_count=559 37 25 61 87 44 1552 113 23 126 88 144
internal_value=-0.00399137 -0.0150174 -0.00116096 -0.000856304 0.000133284 -0.000489661 -0.00399279 -0.00197348 -0.00556398 0.0014472 0.00342304
internal_weight=2859 584 2275 2214 1683 1596 531 418 251 125 167
internal_count=2859 584 2275 2214 1683 1596 531 418 251 125 167
is_linear=0
shrinkage=0.072361


Tree=61
num_leaves=12
num_cat=0
split_feature=81 11 10 13 8 0 105 12 13 77 36
split_gain=16.3726 1.57857 1.75449 2.16203 1.64694 2.28008 1.84817 3.78198 1.84037 1.69616 2.18273
threshold=0.38750000000000007 1.6645833333333335 21.314883154644502 21.500000000000004 17.104166666666668 4.5000000000000009 0.69336970717985358 2.6005952380952384 1.0000000180025095e-35 1503.0000000000002 5.6500000000000012
decision_type=2 2 2 2 2 2 2 2 2 2 2
left_child=-1 4 3 -3 5 8 -7 -8 -2 10 -9
right_child=1 2 -4 -5 -6 6 7 9 -10 -11 -12
leaf_value=-0.026455803695012287 0.013744486438077496 -0.068805070153495629 -0.012959672867572308 0.30078410941789285 -0.35418822044860998 0.34090635213197473 -0.44727794064398557 -0.10330688435161248 -0.079079181532521511 -0.13421165982335451 0.25081081936275368
leaf_weight=578 50 29 1782 40 76 31 52 23 104 26 72
leaf_count=578 50 29 1782 40 76 31 52 23 104 26 72
internal_value=-0.00419304 -0.00144089 -0.000519936 0.0108015 -0.0053687 -0.00331485 0.0017026 -0.00121298 -0.0099613 0.00580078 0.0102827
internal_weight=2863 2285 1851 69 434 358 204 173 154 121 95
internal_count=2863 2285 1851 69 434 358 204 173 154 121 95
is_linear=0
shrinkage=0.072361


Tree=62
num_leaves=12
num_cat=0
split_feature=81 104 11 11 8 11 0 20 42 36 72
split_gain=17.6906 1.95847 1.39889 1.12773 1.6408 1.32884 1.21959 1.0292 1.04936 1.28717 1.19664
threshold=0.38750000000000007 1129.3809523809525 0.8041666666666667 6.4229166666666666 62.750000000000007 5.0875000000000004 201.50000000000003 1.0000000180025095e-35 37.550250000000005 16.250000000000004 -1.0000000180025095e-35
decision_type=2 2 2 2 2 2 2 2 2 2 2
left_child=1 -1 -2 4 5 6 7 8 10 -10 -4
right_child=2 -3 3 -5 -6 -7 -8 -9 9 -11 -12
leaf_value=-0.024541435644637798 -0.3091968581470389 0.010940997655039159 0.089860634508691112 2.040692541923081 -1.0696403536621955 0.66766470935286326 -0.52913882609107432 -0.20156630514162652 -0.40172083007374015 0.039710759265763972 -0.011913573994928631
leaf_weight=555 24 25 252 24 27 41 33 63 45 26 1743
leaf_count=555 24 25 252 24 27 41 33 63 45 26 1743
internal_value=-0.00418772 -0.0154702 -0.00131508 -0.00113004 -0.00129795 -0.00108065 -0.00132539 -0.00111142 -0.000833587 -0.0094781 -0.000525932
internal_weight=2858 580 2278 2254 2230 2203 2162 2129 2066 71 1995
internal_count=2858 580 2278 2254 2230 2203 2162 2129 2066 71 1995
is_linear=0
shrinkage=0.072361


Tree=63
num_leaves=12
num_cat=0
split_feature=81 104 11 81 108 12 72 13 11 38 76
split_gain=17.0231 1.86731 1.58519 2.0771 1.53244 2.10773 2.46117 1.88433 2.43527 2.23684 2.41425
threshold=0.38750000000000007 1129.3809523809525 1.6645833333333335 4.0625000000000009 30.720330907500692 3.1098214285714292 10.500000000000002 21.500000000000004 4.6687500000000011 21.950000000000003 335.50000000000006
decision_type=2 2 2 2 2 2 2 2 2 2 2
left_child=1 -1 3 -2 -4 -6 7 -7 9 10 -9
right_child=2 -3 4 -5 5 6 -8 8 -10 -11 -12
leaf_value=-0.022765593154648593 0.020460856721600404 0.010149296272934559 0.083371661311604728 -0.12307255464581168 -0.051305788099516927 -0.047181802348385794 0.11641856765753514 -0.25548279622504227 1.1704126128823074 -0.31249968084051227 0.21517867003041022
leaf_weight=558 53 25 270 378 261 450 404 92 26 76 252
leaf_count=558 53 25 270 378 261 450 404 92 26 76 252
internal_value=-0.00398049 -0.0150059 -0.00113884 -0.00508708 -0.000209456 -0.00108008 0.000111323 -0.00200285 0.0013304 0 0.00248214
internal_weight=2845 583 2262 431 1831 1561 1300 896 446 420 344
internal_count=2845 583 2262 431 1831 1561 1300 896 446 420 344
is_linear=0
shrinkage=0.072361


Tree=64
num_leaves=12
num_cat=0
split_feature=81 11 81 10 13 37 1 46 40 23 81
split_gain=17.8796 1.3521 2.03824 1.28127 2.00111 1.29719 1.57882 1.30551 1.57851 3.61664 2.70362
threshold=0.38750000000000007 1.6645833333333335 5.3125000000000009 21.314883154644502 21.500000000000004 0.35000000000000003 77.500000000000014 0.90833333333333344 6.5500000000000007 -0.37940952255126098 29.812500000000004
decision_type=2 2 2 2 2 2 2 2 2 2 2
left_child=-1 2 -2 4 -3 7 -7 8 9 10 -5
right_child=1 3 -4 5 -6 6 -8 -9 -10 -11 -12
leaf_value=-0.021118252378858823 0.016834489068227008 -0.063933201156144814 -0.1156821330809797 1.3096231534550706 0.28120423833106251 -0.015788678239452736 -0.48863586204306769 0.47983623953796201 0.014903513351380472 -0.063978022337595877 -0.0046960242917944506
leaf_weight=582 59 30 377 42 40 100 45 45 1028 304 208
leaf_count=582 59 30 377 42 40 100 45 45 1028 304 208
internal_value=-0.00404817 -0.00115625 -0.00477979 -0.000298558 0.00930339 -0.000677874 -0.00723604 -9.33981e-05 -0.000439106 -0.00355273 0.00289442
internal_weight=2860 2278 436 1842 70 1772 145 1627 1582 554 250
internal_count=2860 2278 436 1842 70 1772 145 1627 1582 554 250
is_linear=0
shrinkage=0.072361


Tree=65
num_leaves=12
num_cat=0
split_feature=81 104 79 81 11 8 11 1 2 8 11
split_gain=18.1782 1.80084 1.26877 1.73326 1.13921 2.24661 2.04498 1.93751 1.6283 1.4083 1.64858
threshold=0.38750000000000007 1129.3809523809525 104.37500000000001 83.562500000000014 2.0666666666666669 24.062500000000004 2.2229166666666678 52.500000000000007 25.500000000000004 20.229166666666668 1.7416666666666669
decision_type=2 2 2 2 2 2 2 2 2 2 2
left_child=1 -1 3 4 9 6 -6 8 -8 10 -2
right_child=2 -3 -4 -5 5 -7 7 -9 -10 -11 -12
leaf_value=-0.019590114806479788 -0.025163763419036804 0.010943020756122355 -0.65431186782546291 0.76106237059729942 0.014962981399972966 -0.01852898109111829 0.46968955031513193 0.94373822575694133 -0.01797346257499258 -0.088601762844278717 0.044670688351452506
leaf_weight=559 461 26 38 43 121 1267 23 25 25 172 108
leaf_count=559 461 26 38 43 121 1267 23 25 25 172 108
internal_value=-0.00389558 -0.0152762 -0.000979393 -0.000757454 -0.00103842 0.000133725 0.00738525 0.01695 0.00844189 -0.0033495 -0.00161508
internal_weight=2868 585 2283 2245 2202 1461 194 73 48 741 569
internal_count=2868 585 2283 2245 2202 1461 194 73 48 741 569
is_linear=0
shrinkage=0.072361


Tree=66
num_leaves=12
num_cat=0
split_feature=81 104 11 10 105 77 56 72 77 78 13
split_gain=18.2457 1.8307 1.22954 1.94639 2.3083 2.09478 1.82561 1.77157 1.55837 1.81705 1.4019
threshold=0.38750000000000007 1129.3809523809525 2.9187500000000006 37.661870661467709 1.0949134815970347 366.50000000000006 1.0000000180025095e-35 1.5000000000000002 1437.0000000000002 1361.0500000000004 1.0000000180025095e-35
decision_type=2 2 2 2 2 2 2 2 2 2 2
left_child=1 -1 10 4 5 -4 8 -7 9 -5 -2
right_child=2 -3 3 6 -6 7 -8 -9 -10 -11 -12
leaf_value=-0.01817255477613516 0.013729558710954215 0.010151172980427871 -0.042593942403600676 -0.022435569248343286 1.0162741121788312 -0.091739271225659572 2.0820237036285252 0.6738282778762904 1.5066952084782272 -0.34447945394825791 -0.027508418082964326
leaf_weight=562 265 26 45 361 38 33 23 45 25 98 1350
leaf_count=562 265 26 45 361 38 33 23 45 25 98 1350
internal_value=-0.00406542 -0.0154321 -0.00113787 0.00147321 0.00840459 0.00358859 -0.000727889 0.0107612 -0.00167446 -0.00263273 -0.00221787
internal_weight=2871 588 2283 668 161 123 507 78 484 459 1615
internal_count=2871 588 2283 668 161 123 507 78 484 459 1615
is_linear=0
shrinkage=0.072361


Tree=67
num_leaves=12
num_cat=0
split_feature=81 104 13 11 25 11 78 38 78 77 13
split_gain=16.3613 1.87267 1.55806 1.98273 2.22463 1.61262 1.84084 1.436 1.9812 1.39121 1.28834
threshold=0.38750000000000007 1129.3809523809525 22.500000000000004 4.0979166666666673 0.6078576107927941 1.0125000000000004 1632.8000000000002 14.250000000000002 1294.5000000000002 371.50000000000006 21.500000000000004
decision_type=2 2 2 2 2 2 2 2 2 2 2
left_child=1 -1 10 4 -4 -6 7 -7 -9 -5 -2
right_child=2 -3 3 9 5 6 -8 8 -10 -11 -12
leaf_value=-0.01685757078781383 -0.016030635673530868 0.0094166240908313079 -0.28801445541588361 1.4853342069128732 -0.18074253822018183 -0.1041595109779349 0.18931795372215784 0.46254717954869268 -0.069775176124692681 -0.63132194867258062 0.048827669681583204
leaf_weight=549 1127 25 297 23 23 92 36 45 25 23 573
leaf_count=549 1127 25 297 23 23 92 36 45 25 23 573
internal_value=-0.00411524 -0.0150268 -0.00134878 -0.00464444 -0.00592297 -0.000425648 0.0016811 -0.00160801 0.00620225 0.00975273 -0.000255392
internal_weight=2838 574 2264 564 518 221 198 162 70 46 1700
internal_count=2838 574 2264 564 518 221 198 162 70 46 1700
is_linear=0
shrinkage=0.072361


Tree=68
num_leaves=12
num_cat=0
split_feature=81 104 11 108 3 72 78 107 13 25 1
split_gain=18.1283 1.51501 1.2156 2.02034 2.3356 1.53785 1.6267 1.32515 1.43948 1.83678 2.18506
threshold=0.38750000000000007 1129.3809523809525 3.7000000000000006 38.030774229101603 70.500000000000014 4.5000000000000009 1200.0500000000002 1.3115900862699952 22.500000000000004 1.0000000180025095e-35 20.500000000000004
decision_type=2 2 2 2 2 2 2 2 2 2 2
left_child=1 -1 7 -4 5 -5 -7 8 -2 -10 -11
right_child=2 -3 3 4 -6 6 -8 -9 9 10 -12
leaf_value=-0.015637740337937862 -0.0019232595703977924 0.0087352278834171727 1.6459737452537295 -0.092542489803673952 0.84090295626386391 0.2752018451394932 -0.28839088350983788 -0.2799820992126027 -0.358159764099787 -0.055475797538386495 0.31289410963556719
leaf_weight=548 1457 24 44 91 55 46 36 70 180 223 77
leaf_count=548 1457 24 44 91 55 46 36 70 180 223 77
internal_value=-0.00386551 -0.015383 -0.000974762 0.00356482 0.000825161 -0.00330432 0.00388272 -0.00158999 -0.00123652 -0.0046733 -0.00120601
internal_weight=2851 572 2279 272 228 173 82 2007 1937 480 300
internal_count=2851 572 2279 272 228 173 82 2007 1937 480 300
is_linear=0
shrinkage=0.072361


Tree=69
num_leaves=12
num_cat=0
split_feature=81 104 100 79 81 46 105 107 108 0 76
split_gain=18.781 1.91351 1.18493 2.06312 1.88918 1.6583 2.45233 1.75172 2.1457 1.61491 1.58267
threshold=0.38750000000000007 1129.3809523809525 922.65000000000009 3.8750000000000004 73.062500000000014 0.69166666666666676 1.0092331580887932 0.96605693415330651 31.34938652602963 125.50000000000001 757.00000000000011
decision_type=2 2 2 2 2 2 2 2 2 2 2
left_child=1 -1 4 -4 5 7 -7 8 -2 -9 -11
right_child=2 -3 3 -5 -6 6 -8 9 -10 10 -12
leaf_value=-0.014506178022609506 -0.002103512205541534 0.0081031381776749539 0.06824733858712255 -0.073830013258977353 0.74621047419291975 0.60264846575538877 -0.058432938305579843 -0.0062184566080814114 -0.08633399794268605 0.57246089871240569 0.029660642388210857
leaf_weight=557 307 25 59 445 82 48 49 929 231 48 65
leaf_count=557 307 25 59 445 82 48 49 929 231 48 65
internal_value=-0.00364984 -0.015243 -0.000668292 -0.00376161 0.000218028 -0.000306359 0.00887716 -0.000870164 -0.00422329 0.000861107 0.00902901
internal_weight=2845 582 2263 504 1759 1677 97 1580 538 1042 113
internal_count=2845 582 2263 504 1759 1677 97 1580 538 1042 113
is_linear=0
shrinkage=0.072361


Tree=70
num_leaves=12
num_cat=0
split_feature=81 104 1 23 104 81 81 107 21 81 79
split_gain=16.8833 1.76481 1.42313 1.32385 1.25233 1.37962 1.60712 1.14609 1.63087 1.49625 2.32077
threshold=0.38750000000000007 1129.3809523809525 228.50000000000003 1.0000000180025095e-35 1180.6190476190479 83.562500000000014 79.187500000000014 0.96605693415330651 1.0000000180025095e-35 34.937500000000007 4.6250000000000009
decision_type=2 2 2 2 2 2 2 2 2 2 2
left_child=1 3 4 -1 5 6 7 8 9 10 -2
right_child=2 -3 -4 -5 -6 -7 -8 -9 -10 -11 -12
leaf_value=-0.013456496672548548 0.017574134510087085 0.0075167871065096054 0.45733898651180349 -0.013456496672548548 -0.55165306313642015 0.69633851253392554 -0.84832432804445812 0.0012488349632803299 -0.1001438260904558 0.010821471789429668 -0.11681398470507977
leaf_weight=180 126 26 25 373 54 60 33 1333 78 295 281
leaf_count=180 126 26 25 373 54 60 33 1333 78 295 281
internal_value=-0.00404757 -0.0150845 -0.00125088 -0.0159508 -0.00144082 -0.00117431 -0.00147689 -0.00122942 -0.0034325 -0.00232957 -0.00517371
internal_weight=2864 579 2285 553 2260 2206 2146 2113 780 702 407
internal_count=2864 579 2285 553 2260 2206 2146 2113 780 702 407
is_linear=0
shrinkage=0.072361


Tree=71
num_leaves=12
num_cat=0
split_feature=81 104 23 11 8 11 13 79 40 2 72
split_gain=18.4446 1.93388 1.25645 0.935748 1.26265 1.54105 1.93388 1.15934 2.58269 2.07854 2.22041
threshold=0.38750000000000007 1129.3809523809525 1.0000000180025095e-35 6.4229166666666666 59.416666666666679 4.6687500000000011 21.500000000000004 3.8750000000000004 12.550000000000002 1.0000000180025095e-35 10.500000000000002
decision_type=2 2 2 2 2 2 2 2 2 2 2
left_child=1 2 -1 4 5 7 -7 8 9 -2 -11
right_child=3 -3 -4 -5 -6 6 -8 -9 -10 10 -12
leaf_value=-0.012482771300343951 0.0009138538651770298 0.0069728649772082827 -0.012482771300343951 1.5993481638661442 -0.63877457703726781 -0.14962645449672096 2.2007970056624817 -0.029098142199881299 -0.041022826559024041 0.021367043267754685 0.34187841610841918
leaf_weight=191 159 25 364 25 48 23 24 1835 52 89 33
leaf_count=191 159 25 364 25 48 23 24 1835 52 89 33
internal_value=-0.00381989 -0.0153455 -0.0162323 -0.000898187 -0.001052 -0.000800381 0.0121625 -0.00108141 0.00284662 0.00558799 0.0126927
internal_weight=2868 580 555 2288 2263 2215 47 2168 333 281 122
internal_count=2868 580 555 2288 2263 2215 47 2168 333 281 122
is_linear=0
shrinkage=0.072361


Tree=72
num_leaves=12
num_cat=0
split_feature=81 104 23 81 2 87 107 85 100 78 1
split_gain=17.3244 2.0446 1.05006 1.0052 2.2959 2.23007 1.77719 1.77313 1.79517 1.5998 1.75181
threshold=0.38750000000000007 1129.3809523809525 1.0000000180025095e-35 35.645833333333336 50.500000000000007 6.5000000000000009 0.99309128296144145 1.9000000000000001 850.85000000000014 912.70000000000016 87.500000000000014
decision_type=2 2 2 2 2 2 2 2 2 2 2
left_child=1 2 -1 4 5 6 -2 8 -8 -7 -11
right_child=3 -3 -4 -5 -6 9 7 -9 -10 10 -12
leaf_value=-0.011579505656517931 -0.034934462655052213 0.0067133323418621278 -0.011579505656517931 0.0060472553327312415 -0.4695406101874347 0.28284755771938314 0.71115152126675696 -0.019417965710987323 -0.067684640671312454 0.060578491595260957 -0.13598217639212046
leaf_weight=189 507 24 370 982 80 27 54 402 24 139 62
leaf_count=189 507 24 370 982 80 27 54 402 24 139 62
internal_value=-0.00412407 -0.0152541 -0.016142 -0.00127434 -0.00259829 -0.00181647 -0.00330646 -0.000150751 0.00983351 0.00463361 0.00241201
internal_weight=2860 583 559 2277 1295 1215 987 480 78 228 201
internal_count=2860 583 559 2277 1295 1215 987 480 78 228 201
is_linear=0
shrinkage=0.072361


Tree=73
num_leaves=12
num_cat=0
split_feature=81 104 23 11 8 0 3 104 107 12 72
split_gain=17.581 1.85895 1.08953 0.96172 2.55732 2.2011 2.04915 1.13861 1.21014 1.30243 1.30011
threshold=0.38750000000000007 1129.3809523809525 1.0000000180025095e-35 3.7000000000000006 42.687500000000007 46.500000000000007 70.500000000000014 1180.6190476190479 1.0755020465950531 2.811607142857143 -3.4999999999999996
decision_type=2 2 2 2 2 2 2 2 2 2 2
left_child=1 2 -1 7 5 -5 -6 8 10 -10 -2
right_child=3 -3 -4 4 6 -7 -8 -9 9 -11 -12
leaf_value=-0.010741601205626203 0.10547041010061983 0.0059825182396533423 -0.010741601205626203 0.024997464210338646 -0.14735936052187804 1.4283251818950042 1.1056438168919058 -0.65438023103551468 0.1620152326565549 0.012039011508360476 -0.021784937866193108
leaf_weight=189 32 25 365 32 163 29 46 32 28 478 1438
leaf_count=189 32 25 365 32 163 29 46 32 28 478 1438
internal_value=-0.00370036 -0.0149596 -0.0158306 -0.0008386 0.00321603 0.0162512 -0.000588577 -0.0013838 -0.00116451 0.00188767 -0.00221513
internal_weight=2857 579 554 2278 270 61 209 2008 1976 506 1470
internal_count=2857 579 554 2278 270 61 209 2008 1976 506 1470
is_linear=0
shrinkage=0.072361


Tree=74
num_leaves=12
num_cat=0
split_feature=81 104 13 12 40 40 77 77 76 3 79
split_gain=17.2446 1.75534 1.14202 2.08745 1.43789 2.24997 1.66467 1.70818 1.47284 1.80054 1.57624
threshold=0.38750000000000007 1129.3809523809525 22.500000000000004 2.5258928571428574 7.3500000000000005 2.3500000000000001 631.50000000000011 397.50000000000006 338.50000000000006 9.5000000000000018 23.875000000000004
decision_type=2 2 2 2 2 2 2 2 2 2 2
left_child=1 -1 -2 -4 5 6 7 -5 10 -10 -6
right_child=2 -3 3 4 8 -7 -8 -9 9 -11 -12
leaf_value=-0.0099643283472782371 -0.0016464209888884314 0.0055496173189024762 -0.24382625588774956 0.18082402418561977 -0.040285463114276797 -0.24063335553579959 0.36504403244273764 -0.25185572552178292 0.26372127746246316 -0.0078946809887730073 -0.55593996785820055
leaf_weight=560 1719 26 53 37 76 150 28 25 61 115 25
leaf_count=560 1719 26 53 37 76 150 28 25 61 115 25
internal_value=-0.00396412 -0.0150402 -0.00112857 -0.00393541 -0.00253333 -0.00663306 0.00241199 -0.00420152 0.00101879 0.00501589 -0.00594642
internal_weight=2875 586 2289 570 517 240 90 62 277 176 101
internal_count=2875 586 2289 570 517 240 90 62 277 176 101
is_linear=0
shrinkage=0.072361


Tree=75
num_leaves=12
num_cat=0
split_feature=81 104 108 81 100 41 2 10 0 3 108
split_gain=18.5398 2.04663 1.04185 2.42542 1.97867 1.69478 2.52302 1.7532 1.5433 3.51378 2.21673
threshold=0.38750000000000007 1129.3809523809525 30.525608392760688 5.3125000000000009 922.3611111111112 38.70000000000001 7.5000000000000009 13.976623772338231 42.500000000000007 40.500000000000007 34.36966923292281
decision_type=2 2 2 2 2 2 2 2 2 2 2
left_child=1 -1 3 -2 5 7 -7 -5 -4 -10 -11
right_child=2 -3 8 4 -6 6 -8 -9 9 10 -12
leaf_value=-0.0092432997196328585 0.051071985641215539 0.0053930722879489499 -0.02233300506995297 0.018033816289015913 -0.34948904762725552 -0.19215976873270457 0.2944462317541659 -0.060495742074230772 -0.060807890948216328 0.68465790259060744 0.082856424743296089
leaf_weight=560 48 24 1067 42 46 27 106 269 371 37 277
leaf_count=560 48 24 1067 42 46 27 106 269 371 37 277
internal_value=-0.00375653 -0.0152652 -0.000821566 0.00196369 0.000443023 0.0019231 0.0087594 -0.00100048 -0.00167686 0.00100354 0.0066369
internal_weight=2874 584 2290 538 490 444 133 311 1752 685 314
internal_count=2874 584 2290 538 490 444 133 311 1752 685 314
is_linear=0
shrinkage=0.072361


Tree=76
num_leaves=12
num_cat=0
split_feature=81 104 13 79 11 25 19 11 10 0 81
split_gain=18.4004 1.94248 1.36214 1.80943 1.73248 1.73562 2.5799 1.9799 1.64221 1.71091 2.35729
threshold=0.38750000000000007 1129.3809523809525 22.500000000000004 3.1250000000000004 1.7958333333333336 0.6078576107927941 27.500000000000004 4.1229166666666677 14.255860978721747 5.5000000000000009 41.437500000000007
decision_type=2 2 2 2 2 2 2 2 2 2 2
left_child=1 -1 8 -4 -5 7 -7 -6 9 -2 -11
right_child=2 -3 3 4 5 6 -8 -9 -10 10 -12
leaf_value=-0.008574445434679244 -0.0055312427495642488 0.0047577935054958663 0.11194314137613662 -0.16691595606047666 -0.22891882341492945 0.32277268235458495 -0.043496339706235697 0.72212991904005475 -0.00436142504197716 0.31011943704281453 -0.0011065005284508376
leaf_weight=547 41 25 37 120 240 64 75 34 1614 32 28
leaf_count=547 41 25 37 120 240 64 75 34 1614 32 28
internal_value=-0.00377635 -0.015383 -0.000870865 -0.00393541 -0.0050096 -0.0027858 0.00380022 -0.00612689 0.000147674 0.00909874 0.0168839
internal_weight=2857 572 2285 570 533 413 139 274 1715 101 60
internal_count=2857 572 2285 570 533 413 139 274 1715 101 60
is_linear=0
shrinkage=0.072361


Tree=77
num_leaves=12
num_cat=0
split_feature=81 104 11 8 42 36 3 0 10 76 8
split_gain=18.5095 1.81501 1.09508 4.01468 1.78622 2.03908 1.70217 2.20495 2.18862 1.60546 1.65987
threshold=0.38750000000000007 1129.3809523809525 2.3208333333333337 25.187500000000004 37.550250000000005 14.15 40.500000000000007 42.500000000000007 31.186210225054285 189.50000000000003 28.812500000000004
decision_type=2 2 2 2 2 2 2 2 2 2 2
left_child=1 -1 4 -4 5 -2 -5 9 -9 -8 -11
right_child=2 -3 3 6 -6 -7 7 8 -10 10 -12
leaf_value=-0.007953990105517424 -0.016136111968013827 0.0044135148745307554 1.2574628512301498 -0.026569718831773188 -0.38696588418201411 0.28222597685529643 1.0874511699744454 1.118451293385448 0.16526207753445443 0.020319394779995108 -0.20161668040782643
leaf_weight=554 939 26 68 707 32 60 29 23 244 64 119
leaf_count=554 939 26 68 707 32 60 29 23 244 64 119
internal_value=-0.00380116 -0.0153455 -0.000870865 0.000565499 -0.00261791 -0.00207884 -0.000414886 0.00291558 0.00729027 -0.00259406 -0.00510082
internal_weight=2865 580 2285 1254 1031 999 1186 479 267 212 183
internal_count=2865 580 2285 1254 1031 999 1186 479 267 212 183
is_linear=0
shrinkage=0.072361


Tree=78
num_leaves=12
num_cat=0
split_feature=81 104 11 13 19 10 81 72 105 77 46
split_gain=18.8702 1.81699 1.08825 1.75086 3.49283 5.03404 2.89427 2.26815 1.91512 1.41511 1.33407
threshold=0.38750000000000007 1129.3809523809525 2.9187500000000006 21.500000000000004 12.500000000000002 35.481713303571162 1.3875000000000002 11.500000000000002 1.0443779343932793 228.50000000000003 0.34166666666666673
decision_type=2 2 2 2 2 2 2 2 2 2 2
left_child=1 -1 -2 6 -5 -6 -4 -8 -9 -7 -11
right_child=2 -3 3 4 5 9 7 8 -10 10 -12
leaf_value=-0.0073784315359674054 -0.014241681308846678 0.0040941485848856891 0.061596178365616872 2.0509498319556769 1.8472768498148966 -1.2645806308733565 -0.12292663287262601 0.68622492821790382 -0.14566213603011799 -0.051053132883707303 0.28098278319933967
leaf_weight=555 1607 26 45 50 35 23 237 26 38 180 30
leaf_count=555 1607 26 45 50 35 23 237 26 38 180 30
internal_value=-0.00371954 -0.0153564 -0.000742409 0.00172184 0.00559771 0.00232202 -0.00184039 -0.00439934 0.0076882 -0.00152174 0.00034457
internal_weight=2852 581 2271 664 318 268 346 301 64 233 210
internal_count=2852 581 2271 664 318 268 346 301 64 233 210
is_linear=0
shrinkage=0.072361


Tree=79
num_leaves=12
num_cat=0
split_feature=81 104 42 36 2 12 79 104 108 2 2
split_gain=17.8572 1.783 1.13141 1.39743 2.06166 2.18921 1.9805 2.07114 1.92705 2.04094 1.91243
threshold=0.38750000000000007 1129.3809523809525 54.886916666666671 13.950000000000001 1.0000000180025095e-35 3.2363095238095241 5.3750000000000009 1024.0000000000002 31.825307942460885 1.0000000180025095e-35 7.5000000000000009
decision_type=2 2 2 2 2 2 2 2 2 2 2
left_child=1 -1 3 6 -5 -6 7 8 9 -2 -8
right_child=2 -3 -4 4 5 -7 10 -9 -10 -11 -12
leaf_value=-0.0068445209522192147 0.0015391122203376813 0.0037978919549701644 -0.11658952575727635 -0.031601405151542132 0.64992237540776188 0.072302188364661207 -0.21604198479540873 0.10090165897993783 -0.0064407734179747992 0.099258864828881202 -0.019747184558090877
leaf_weight=562 49 26 69 44 50 328 240 26 243 43 1195
leaf_count=562 49 26 69 44 50 328 240 26 243 43 1195
internal_value=-0.00393895 -0.0151859 -0.00104729 -0.000763412 0.00298359 0.00470919 -0.00164383 0.00314699 0.00162001 0.0105394 -0.00284905
internal_weight=2875 588 2287 2218 422 378 1796 361 335 92 1435
internal_count=2875 588 2287 2218 422 378 1796 361 335 92 1435
is_linear=0
shrinkage=0.072361


Tree=80
num_leaves=12
num_cat=0
split_feature=81 104 46 41 109 104 40 13 36 1 37
split_gain=17.7271 2.06519 1.11013 2.81387 1.84925 2.54247 1.50796 1.37188 1.18707 1.14918 1.84541
threshold=0.38750000000000007 1129.3809523809525 0.37500000000000006 26.800000000000004 3.3321524362730037 860.47619047619048 4.0500000000000007 21.500000000000004 8.6500000000000004 130.50000000000003 0.25000000000000006
decision_type=2 2 2 2 2 2 2 2 2 2 2
left_child=1 -1 9 8 5 6 -5 -6 -4 -2 -11
right_child=2 -3 3 4 7 -7 -8 -9 -10 10 -12
leaf_value=-0.0063492446649402335 -0.0080274838937292176 0.0037681034991863759 0.0082791638211919469 -0.014195413977070085 0.0048838317677271656 -0.16641973503246896 0.41568850722849654 0.80545210686335755 -0.10992629096191323 -0.034861888631472687 -0.44750682843430323
leaf_weight=557 1756 24 32 37 34 32 32 43 51 227 35
leaf_count=557 1756 24 32 37 34 32 32 43 51 227 35
internal_value=-0.00407347 -0.0153564 -0.00119702 0.00324375 0.0083743 0.00193437 0.00975282 0.0168213 -0.00775907 -0.00177137 -0.0062418
internal_weight=2860 581 2279 261 178 101 69 77 83 2018 262
internal_count=2860 581 2279 261 178 101 69 77 83 2018 262
is_linear=0
shrinkage=0.072361


Tree=81
num_leaves=12
num_cat=0
split_feature=79 23 105 23 10 11 8 100 36 76 76
split_gain=12.7932 2.23414 1.56031 1.4225 1.68994 1.35748 2.59666 1.62922 1.28346 1.17604 2.38175
threshold=0.29166666666666669 1.0000000180025095e-35 1.2014965354800085 1.0000000180025095e-35 20.926435414321318 1.2812500000000002 13.520833333333334 649.75259740259753 7.3500000000000005 1497.5000000000002 1416.0000000000002
decision_type=2 2 2 2 2 2 2 2 2 2 2
left_child=1 2 -1 5 -5 8 -7 -8 -2 10 -9
right_child=3 -3 -4 4 -6 6 7 9 -10 -11 -12
leaf_value=-0.005889807058330543 -0.012310786943305599 -0.005889807058330543 0.051694398418352119 0.01254593323991569 -0.005889807058330543 0.43910159163486362 0.99583000170455516 -0.005889807058330543 -0.10738173651736382 -0.14521953136023083 0.31785454462070073
leaf_weight=197 130 376 26 25 173 31 31 1599 48 194 25
leaf_count=197 130 376 26 25 173 31 31 1599 48 194 25
internal_value=-0.00409327 -0.0134937 -0.00775524 -0.00159733 -0.00745533 -0.00103373 -0.000461879 -0.000810099 -0.00707344 -0.00109059 -0.000454484
internal_weight=2855 599 223 2256 198 2058 1880 1849 178 1818 1624
internal_count=2855 599 223 2256 198 2058 1880 1849 178 1818 1624
is_linear=0
shrinkage=0.072361


Tree=82
num_leaves=12
num_cat=0
split_feature=81 104 23 12 9 14 104 105 13 105 40
split_gain=17.0783 1.45475 1.38975 0.923686 3.4002 1.55336 1.54188 2.61852 1.43485 1.42666 1.38659
threshold=0.38750000000000007 1129.3809523809525 1.0000000180025095e-35 3.6705357142857147 39.377976190476197 1.5000000000000002 965.50000000000011 1.1228106652740177 21.500000000000004 1.0204541827787865 3.8500000000000001
decision_type=2 2 2 2 2 2 2 2 2 2 2
left_child=1 2 -1 -2 -5 10 7 8 -7 -10 -6
right_child=3 -3 -4 4 5 6 -8 -9 9 -11 -12
leaf_value=-0.005463614810106994 -0.012342005042083905 0.003921632061494134 -0.005463614810106994 1.0653505413387412 0.32202407741117045 -0.085692310444314926 -0.091767347562427354 1.0675646708005386 1.2638952711295852 -0.26048136444575226 0.039964190355101299
leaf_weight=183 1676 24 367 25 32 62 215 23 24 37 184
leaf_count=183 1676 24 367 25 32 62 215 23 24 37 184
internal_value=-0.00387177 -0.0150268 -0.0157878 -0.00106096 0.00137029 0.000238275 -0.00266592 0.00307283 -0.00111776 0.00676146 0.00509204
internal_weight=2852 574 550 2278 602 577 361 146 123 61 216
internal_count=2852 574 550 2278 602 577 361 146 123 61 216
is_linear=0
shrinkage=0.072361


Tree=83
num_leaves=12
num_cat=0
split_feature=81 23 8 101 11 8 81 38 77 9 20
split_gain=17.4545 1.47458 1.07565 1.04201 1.00747 2.20395 1.31453 1.24214 1.18209 1.99988 1.10546
threshold=0.38750000000000007 1.0000000180025095e-35 35.520833333333336 0.99641442975495698 3.7000000000000006 43.895833333333336 54.187500000000007 24.650000000000002 388.50000000000006 40.476190476190482 1.0000000180025095e-35
decision_type=2 2 2 2 2 2 2 2 2 2 2
left_child=1 3 -3 -1 10 6 -6 8 9 -7 -2
right_child=4 2 -4 -5 5 7 -8 -9 -10 -11 -12
leaf_value=-0.0050682622533448048 -0.0095139380608082712 -0.0050682622533448048 -0.0050682622533448048 -0.0050682622533448048 0.027426631467114146 0.70815074696185676 1.2962848553162059 -0.72005850532659221 -0.19789982169369266 -0.0068814278606131613 -0.3958148817547763
leaf_weight=59 1948 333 54 133 44 27 27 30 84 54 62
leaf_count=59 1948 333 54 133 44 27 27 30 84 54 62
internal_value=-0.00399189 -0.0152095 -0.0177817 -0.0100249 -0.00113819 0.00304676 0.0139624 -0.000927697 0.00153491 0.00777198 -0.00169202
internal_weight=2855 579 387 192 2276 266 71 195 165 81 2010
internal_count=2855 579 387 192 2276 266 71 195 165 81 2010
is_linear=0
shrinkage=0.072361


Tree=84
num_leaves=12
num_cat=0
split_feature=81 23 104 79 36 105 104 36 11 19 8
split_gain=17.0328 1.44952 1.27701 1.1374 1.61593 2.986 1.11306 1.31745 1.46525 1.82417 1.50875
threshold=0.38750000000000007 1.0000000180025095e-35 1045.7380952380954 0.87500000000000011 13.550000000000002 1.003864565753489 576.93303571428589 11.15 4.6687500000000011 42.500000000000007 49.270833333333336
decision_type=2 2 2 2 2 2 2 2 2 2 2
left_child=1 -1 -3 4 5 -2 -5 8 10 -10 -8
right_child=3 2 -4 6 -6 -7 7 -9 9 -11 -12
leaf_value=-0.0047015177975507239 -0.0011892147334214499 -0.0047015177975507239 -0.0047015177975507239 0.22205032112850426 -0.022580817849736277 0.054373860047873458 -0.032510141032123109 0.0023310064575107667 2.2553480722435353 -0.18053718437499816 -1.2237299820223333
leaf_weight=194 55 350 39 72 29 40 1057 930 29 33 32
leaf_count=194 55 350 39 72 29 40 1057 930 29 33 32
internal_value=-0.00384576 -0.0148818 -0.0174298 -0.00102011 0.00571879 0.0102827 -0.00140823 -0.00171427 -0.00335086 0.00746937 -0.00396689
internal_weight=2860 583 389 2277 124 95 2153 2081 1151 62 1089
internal_count=2860 583 389 2277 124 95 2153 2081 1151 62 1089
is_linear=0
shrinkage=0.072361


Tree=85
num_leaves=12
num_cat=0
split_feature=81 23 104 21 0 76 0 38 81 38 79
split_gain=17.2324 1.3796 1.217 0.906609 1.41565 1.35455 1.31066 1.42662 2.24222 2.11746 1.78333
threshold=0.38750000000000007 1.0000000180025095e-35 1045.7380952380954 1.0000000180025095e-35 128.50000000000003 72.500000000000014 92.500000000000014 10.450000000000001 39.437500000000007 13.15 1.6250000000000002
decision_type=2 2 2 2 2 2 2 2 2 2 2
left_child=1 -1 -3 5 6 -2 7 -5 10 -10 -9
right_child=3 2 -4 4 -6 -7 -8 8 9 -11 -12
leaf_value=-0.004361311332320753 0.057716372788295278 -0.004361311332320753 -0.004361311332320753 -0.064026805133231696 0.21972699045593119 -0.0062783809559805613 -0.59278917183664759 0.035313998906065215 0.7866598865473593 0.011970377391056742 -0.10087596047528286
leaf_weight=194 32 348 41 179 54 1588 49 48 33 116 179
leaf_count=194 32 348 41 179 54 1588 49 48 33 116 179
internal_value=-0.00402905 -0.01513 -0.0176158 -0.00118802 -0.00345309 -0.000268004 -0.00445666 -0.00345507 -0.000923753 0.00597337 -0.00545095
internal_weight=2861 583 389 2278 658 1620 604 555 376 149 227
internal_count=2861 583 389 2278 658 1620 604 555 376 149 227
is_linear=0
shrinkage=0.072361


Tree=86
num_leaves=12
num_cat=0
split_feature=81 23 104 41 76 81 109 8 8 19 3
split_gain=17.5376 1.68212 1.11018 1.04243 2.41242 2.37894 1.11021 1.68033 1.52705 1.08329 1.00538
threshold=0.38750000000000007 1.0000000180025095e-35 1240.5000000000002 11.350000000000001 958.50000000000011 35.45000000000001 4.0476879733529101 24.937500000000004 22.604166666666668 16.500000000000004 90.500000000000014
decision_type=2 2 2 2 2 2 2 2 2 2 2
left_child=1 -1 3 4 6 -6 7 8 9 -2 -5
right_child=2 -3 -4 10 5 -7 -8 -9 -10 -11 -12
leaf_value=-0.0040457225424816029 0.044694698982928653 -0.0040457225424816029 -0.19103005750269331 -0.011287914296271006 0.51947080140217017 0.20417735430759509 0.072276080470814796 -0.05881442140347061 0.43430681751200623 -0.039814255419027 0.032013858730842622
leaf_weight=194 26 378 40 1830 23 33 34 91 24 52 139
leaf_count=194 26 378 40 1830 23 33 34 91 24 52 139
internal_value=-0.00354225 -0.014877 -0.000713507 -0.000501258 0.00360525 0.0170561 0.000286889 -0.00183713 0.00454024 -0.000371069 -0.00109148
internal_weight=2864 572 2292 2252 283 56 227 193 102 78 1969
internal_count=2864 572 2292 2252 283 56 227 193 102 78 1969
is_linear=0
shrinkage=0.072361


Tree=87
num_leaves=12
num_cat=0
split_feature=81 104 23 36 108 109 9 13 104 46 100
split_gain=17.2135 1.73887 1.17386 1.10397 1.04658 2.37713 2.2632 1.77312 3.22651 1.96477 1.6709
threshold=0.38750000000000007 1129.3809523809525 1.0000000180025095e-35 18.750000000000004 30.525608392760688 2.8298366564405195 32.627976190476197 11.000000000000002 808.14285714285722 0.041666666666666671 914.82222222222242
decision_type=2 2 2 2 2 2 2 2 2 2 2
left_child=1 2 -1 4 5 7 -7 8 9 -2 -9
right_child=3 -3 -4 -5 -6 6 -8 10 -10 -11 -12
leaf_value=-0.0037529700687600506 -0.030119806167736442 0.002624694134380249 -0.0037529700687600506 0.37162131037976892 -0.014221977248560606 0.38833132367379536 0.0075061342690188847 -0.0080018170956455536 0.2264575173459121 0.42204737732911501 -0.30956086249343467
leaf_weight=184 62 26 368 24 1715 24 32 309 23 48 41
leaf_count=184 62 26 368 24 1715 24 32 309 23 48 41
internal_value=-0.0037954 -0.0149479 -0.0158093 -0.00096566 -0.00113004 0.00165127 0.015764 1.49793e-05 0.00712722 0.00197345 -0.00268768
internal_weight=2856 578 552 2278 2254 539 56 483 133 110 350
internal_count=2856 578 552 2278 2254 539 56 483 133 110 350
is_linear=0
shrinkage=0.072361


Tree=88
num_leaves=12
num_cat=0
split_feature=81 104 23 104 105 19 105 81 2 41 3
split_gain=16.5643 1.81542 1.42411 1.03941 1.02586 1.68944 2.01277 1.18815 1.33301 1.50063 1.26889
threshold=0.38750000000000007 1129.3809523809525 1.0000000180025095e-35 1180.6190476190479 1.0760662996360251 7.5000000000000009 1.1540291633438426 1.1458333333333337 14.500000000000002 12.050000000000002 41.500000000000007
decision_type=2 2 2 2 2 2 2 2 2 2 2
left_child=1 2 -1 4 -2 6 -6 -7 -9 -10 -11
right_child=3 -3 -4 -5 5 7 -8 8 9 10 -12
leaf_value=-0.0034814014527969495 -0.009884195782029797 0.0036848236997423004 -0.0034814014527969495 -0.32550753132102794 0.67888698952380699 0.025476818760184584 0.0092928929493933006 -0.059941993402608237 0.50681251075019518 -0.068870695716166733 0.10865187954599234
leaf_weight=186 1614 25 370 63 24 35 31 145 49 163 171
leaf_count=186 1614 25 370 63 24 35 31 145 49 163 171
internal_value=-0.00381933 -0.0147337 -0.0155914 -0.00105625 -0.000797527 0.00170949 0.0138141 0.00052696 -0.000328912 0.00190821 0.000173316
internal_weight=2876 581 556 2295 2232 618 55 563 528 383 334
internal_count=2876 581 556 2295 2232 618 55 563 528 383 334
is_linear=0
shrinkage=0.072361


Tree=89
num_leaves=12
num_cat=0
split_feature=81 104 23 46 36 81 36 79 105 104 100
split_gain=16.1556 1.72562 1.30983 1.00114 1.11251 1.62157 1.48543 2.86801 1.99887 1.96143 1.82474
threshold=0.38750000000000007 1129.3809523809525 1.0000000180025095e-35 1.5666666666666669 11.050000000000002 0.68750000000000011 12.250000000000002 3.8750000000000004 1.1069481487390056 969.40476190476204 948.52777777777794
decision_type=2 2 2 2 2 2 2 2 2 2 2
left_child=1 2 -1 4 5 -2 7 -6 -8 -10 -9
right_child=3 -3 -4 -5 6 -7 8 10 9 -11 -12
leaf_value=-0.003229483809749942 0.049127944541436062 0.0021681312004335649 -0.003229483809749942 0.80805674461823007 0.10955940075799674 -0.020264260899420641 -0.022471351674115965 -0.052591356624751374 0.83843806203846205 0.014781928058619543 0.08576702151063563
leaf_weight=185 23 26 372 25 45 1214 679 157 26 64 34
leaf_count=185 23 26 372 25 45 1214 679 157 26 64 34
internal_value=-0.00413854 -0.0148818 -0.0157323 -0.00137572 -0.0015363 -0.0029892 0.000252002 0.00527374 -0.00128913 0.008844 0.00140174
internal_weight=2850 583 557 2267 2242 1237 1005 236 769 90 191
internal_count=2850 583 557 2267 2242 1237 1005 236 769 90 191
is_linear=0
shrinkage=0.072361


Tree=90
num_leaves=12
num_cat=0
split_feature=81 23 104 77 11 8 25 100 41 14 38
split_gain=16.3181 1.34403 1.27701 1.03112 1.20629 1.80121 1.19464 1.49516 1.1658 2.81785 2.00305
threshold=0.38750000000000007 1.0000000180025095e-35 1045.7380952380954 1915.5000000000002 1.33125 14.22916666666667 0.6078576107927941 643.98055555555572 12.800000000000002 1.5000000000000002 8.4500000000000011
decision_type=2 2 2 2 2 2 2 2 2 2 2
left_child=1 -1 -3 4 -2 -6 7 -7 9 -8 -10
right_child=3 2 -4 -5 5 6 8 -9 10 -11 -12
leaf_value=-0.002995795175835844 -0.039880596888590206 -0.002995795175835844 -0.002995795175835844 0.039205990591444057 0.64291840183991089 0.60476629185381892 0.09324522072337145 -0.022647660282323363 -0.13965948784944077 -0.050941728736476635 0.011162311322523065
leaf_weight=200 223 350 39 85 28 26 67 1261 67 43 470
leaf_count=200 223 350 39 85 28 26 67 1261 67 43 470
internal_value=-0.00421916 -0.0149513 -0.0174298 -0.00143447 -0.00173865 -0.00116545 -0.00142926 -0.0027044 0.00110722 0.00789383 -0.000282975
internal_weight=2859 589 389 2270 2185 1962 1934 1287 647 110 537
internal_count=2859 589 389 2270 2185 1962 1934 1287 647 110 537
is_linear=0
shrinkage=0.072361


Tree=91
num_leaves=12
num_cat=0
split_feature=81 104 23 77 3 26 76 109 104 81 76
split_gain=16.3329 1.74715 1.37468 1.34756 1.77874 1.26753 0.983242 1.23352 1.16246 1.38033 1.25271
threshold=0.38750000000000007 1129.3809523809525 1.0000000180025095e-35 1915.5000000000002 22.500000000000004 1.0000000180025095e-35 1516.5000000000002 5.7057478788738134 1180.6190476190479 84.687500000000014 72.500000000000014
decision_type=2 2 2 2 2 2 2 2 2 2 2
left_child=1 2 -1 6 -5 -6 7 8 9 10 -2
right_child=3 -3 -4 4 5 -7 -8 -9 -10 -11 -12
leaf_value=-0.0027790164819733935 0.033910034821594714 0.002228021782070089 -0.0027790164819733935 0.3335970515318184 0.2873780405789626 -0.09367309820751997 -0.1530066518714015 0.14079606445487508 -0.35669109887299544 0.63066413717893999 -0.010636885693049086
leaf_weight=185 48 26 371 30 30 24 164 34 38 41 1873
leaf_count=185 48 26 371 30 30 24 164 34 38 41 1873
internal_value=-0.00417389 -0.0149944 -0.0158517 -0.00141424 0.00758056 -0.000267986 -0.001758 -0.00132342 -0.00155576 -0.00131297 -0.00159337
internal_weight=2864 582 556 2282 84 54 2198 2034 2000 1962 1921
internal_count=2864 582 556 2282 84 54 2198 2034 2000 1962 1921
is_linear=0
shrinkage=0.072361


Tree=92
num_leaves=12
num_cat=0
split_feature=81 23 104 20 10 8 11 13 108 109 11
split_gain=16.2142 1.46399 1.2704 0.853679 1.29639 0.930476 1.79206 2.07533 1.16038 1.87247 1.16579
threshold=0.38750000000000007 1.0000000180025095e-35 1045.7380952380954 1.0000000180025095e-35 44.594631508667824 62.750000000000007 4.6687500000000011 21.500000000000004 46.774114231393305 4.381563966631826 3.7000000000000006
decision_type=2 2 2 2 2 2 2 2 2 2 2
left_child=1 -1 -3 5 -5 6 8 -8 9 10 -2
right_child=3 2 -4 4 -6 -7 7 -9 -10 -11 -12
leaf_value=-0.0025779241082211279 -0.0085658294503822233 -0.0025779241082211279 -0.0025779241082211279 -0.27568062284789696 0.14737507940795244 -0.60990185676743358 -0.11459038814964884 1.2901458597362534 -0.054320405328322705 0.65665784431007135 0.16414892237314282
leaf_weight=198 1824 352 40 60 24 39 28 34 141 30 101
leaf_count=198 1824 352 40 60 24 39 28 34 141 30 101
internal_value=-0.00439307 -0.0150854 -0.0176472 -0.00162741 -0.00878656 -0.00135368 -0.00115348 0.0109706 -0.00151212 -0.00105488 -0.00133445
internal_weight=2871 590 392 2281 84 2197 2158 62 2096 1955 1925
internal_count=2871 590 392 2281 84 2197 2158 62 2096 1955 1925
is_linear=0
shrinkage=0.072361


Tree=93
num_leaves=12
num_cat=0
split_feature=81 23 104 1 104 104 78 1 2 77 76
split_gain=16.4939 1.3912 1.28979 1.27541 1.03707 1.40809 1.46481 1.12461 1.10015 1.49265 1.0599
threshold=0.38750000000000007 1.0000000180025095e-35 1045.7380952380954 228.50000000000003 1180.6190476190479 1056.1190476190479 2166.6000000000008 170.50000000000003 29.500000000000004 342.50000000000006 538.50000000000011
decision_type=2 2 2 2 2 2 2 2 2 2 2
left_child=1 -1 -3 4 5 7 10 -2 9 -9 -7
right_child=3 2 -4 -5 -6 6 -8 8 -10 -11 -12
leaf_value=-0.0023913829769834825 -0.007173980108463116 -0.0023913829769834825 -0.0023913829769834825 0.19396023269117427 -0.31139884031620879 0.029870602357823784 -0.35644653341070931 -0.43967829457678609 -0.59818436197252856 0.077777796490619402 0.67312346197115835
leaf_weight=195 1985 341 40 26 56 43 30 23 28 35 40
leaf_count=195 1985 341 40 26 56 43 30 23 28 35 40
internal_value=-0.00424185 -0.0151757 -0.0177198 -0.00146255 -0.0016475 -0.00139818 0.00646759 -0.00182737 -0.00992846 -0.00424175 0.0114207
internal_weight=2842 576 381 2266 2240 2184 113 2071 86 58 83
internal_count=2842 576 381 2266 2240 2184 113 2071 86 58 83
is_linear=0
shrinkage=0.072361


Tree=94
num_leaves=12
num_cat=0
split_feature=81 23 8 19 41 14 38 100 85 36 38
split_gain=16.6649 1.78325 1.102 2.35105 1.02289 1.7217 2.10776 2.03561 2.04115 1.41453 1.68867
threshold=0.38750000000000007 1.0000000180025095e-35 21.270833333333339 24.500000000000004 12.800000000000002 1.0000000180025095e-35 4.7500000000000009 827.96666666666681 2.2500000000000004 11.15 8.9500000000000011
decision_type=2 2 2 2 2 2 2 2 2 2 2
left_child=1 2 -1 -4 5 -2 -7 -8 -9 -6 -11
right_child=4 -3 3 -5 9 6 7 8 -10 10 -12
leaf_value=-0.0022183401459993043 -0.042556343006408731 -0.0022183401459993043 0.070142646216150198 -0.0022183401459993043 -0.019120260013592096 -0.012171769993694249 0.72685735403679153 -0.17454752321671965 0.30467359878367811 -0.051089102427393514 0.014544225863651845
leaf_weight=91 66 385 36 64 1075 151 35 37 71 144 709
leaf_count=91 66 385 36 64 1075 151 35 37 71 144 709
internal_value=-0.00430022 -0.0153013 -0.00958493 -0.0043416 -0.00153071 0.00201002 0.00438102 0.0106769 0.00576201 -0.00219185 8.48147e-06
internal_weight=2864 576 191 100 2288 360 294 143 108 1928 853
internal_count=2864 576 191 100 2288 360 294 143 108 1928 853
is_linear=0
shrinkage=0.072361


Tree=95
num_leaves=12
num_cat=0
split_feature=81 79 40 105 104 11 8 23 11 8 72
split_gain=16.6506 1.48009 2.85219 2.08718 1.55403 1.50203 1.63343 1.59035 1.64646 2.99503 1.50387
threshold=0.38750000000000007 0.87500000000000011 11.15 1.003864565753489 1240.5000000000002 1.7416666666666669 19.062500000000004 1.0000000180025095e-35 1.9729166666666671 21.270833333333339 1.0000000180025095e-35
decision_type=2 2 2 2 2 2 2 2 2 2 2
left_child=-1 2 3 -2 5 -3 -7 8 -8 -10 -11
right_child=1 4 -4 -5 -6 6 7 -9 9 10 -12
leaf_value=-0.0020578188649480397 0.0043414029830436632 -0.021621721375849324 -0.017350977597809097 0.05281873156638834 -0.25418356659260344 0.14289157493389049 -0.096187671790090315 -0.024224148077935055 0.59186512047645168 0.097339518205845216 -0.016740785351434338
leaf_weight=581 52 453 35 40 39 62 116 124 47 264 1039
leaf_count=581 52 453 35 40 39 62 116 124 47 264 1039
internal_value=-0.00417623 -0.00137967 0.00621045 0.012899 -0.00182927 -0.0015641 -0.000551906 -0.00100122 -0.000335645 0.000375203 -0.000272117
internal_weight=2852 2271 127 92 2144 2105 1652 1590 1466 1350 1303
internal_count=2852 2271 127 92 2144 2105 1652 1590 1466 1350 1303
is_linear=0
shrinkage=0.072361


Tree=96
num_leaves=12
num_cat=0
split_feature=81 23 104 11 76 10 8 10 36 92 100
split_gain=15.4196 1.39732 1.17324 1.16188 1.90039 2.17414 1.74046 1.73605 1.62938 1.40882 1.75757
threshold=0.38750000000000007 1.0000000180025095e-35 1045.7380952380954 1.7958333333333336 212.50000000000003 18.550872188085865 17.104166666666668 13.64651180964397 3.0500000000000003 1.0000000180025095e-35 701.19487179487191
decision_type=2 2 2 2 2 2 2 2 2 2 2
left_child=1 -1 -3 4 5 7 8 -2 -6 10 -5
right_child=3 2 -4 9 6 -7 -8 -9 -10 -11 -12
leaf_value=-0.0019089130621257606 0.023949421684694962 -0.0019089130621257606 -0.0019089130621257606 0.25754902634317312 -0.33637592240596836 0.12196843060232333 -0.1305864813812975 -0.020072238771334086 -0.0043639746074826636 -0.086510779353176318 -0.0067728570790188515
leaf_weight=196 32 345 41 58 23 31 160 40 263 49 1623
leaf_count=196 32 345 41 58 23 31 160 40 263 49 1623
internal_value=-0.00435785 -0.01487 -0.0173966 -0.00167329 -0.00457363 0.0042854 -0.00661955 -0.00261298 -0.00323852 -0.000752889 -0.000400332
internal_weight=2861 582 386 2279 549 103 446 72 286 1730 1681
internal_count=2861 582 386 2279 549 103 446 72 286 1730 1681
is_linear=0
shrinkage=0.072361


Tree=97
num_leaves=12
num_cat=0
split_feature=81 19 8 42 36 79 19 41 19 83 81
split_gain=16.7136 1.26094 2.10142 1.00604 1.11731 2.10122 1.91697 2.0101 1.91094 1.73981 1.70107
threshold=0.38750000000000007 5.5000000000000009 15.22916666666667 54.886916666666671 11.050000000000002 0.87500000000000011 44.500000000000007 38.350000000000009 43.500000000000007 1.0000000180025095e-35 35.645833333333336
decision_type=2 2 2 2 2 2 2 2 2 2 2
left_child=1 2 -1 4 5 9 8 -8 -6 -2 -7
right_child=3 -3 -4 -5 6 10 7 -9 -10 -11 -12
leaf_value=-0.0017707822300707494 0.030869433850025413 -0.0017707822300707494 0.070322722068893409 -0.11342336529056705 0.0031317590142857978 -0.028247864277042817 0.0096195480936017447 0.90670904503456562 -0.20706011649560255 -0.0030272844842852741 0.0010364422467755712
leaf_weight=41 43 505 28 68 856 711 39 26 27 23 480
leaf_count=41 43 505 28 68 856 711 39 26 27 23 480
internal_value=-0.00412003 -0.0151529 -0.00597753 -0.00133389 -0.00106655 -0.00248111 0.000809097 0.0128021 -7.37541e-05 0.0100865 -0.00317756
internal_weight=2847 574 69 2273 2205 1257 948 65 883 66 1191
internal_count=2847 574 69 2273 2205 1257 948 65 883 66 1191
is_linear=0
shrinkage=0.072361


Tree=98
num_leaves=12
num_cat=0
split_feature=81 106 1 78 78 12 8 10 2 79 11
split_gain=17.2512 1.38796 1.24114 1.8458 1.81671 1.72138 1.7152 2.00365 1.51849 1.96202 1.34939
threshold=0.38750000000000007 105.7309523809524 12.500000000000002 1033.9000000000003 2335.6000000000004 2.2330357142857147 29.937500000000004 32.12588459910581 30.500000000000004 2.6250000000000004 2.5458333333333338
decision_type=2 2 2 2 2 2 2 2 2 2 2
left_child=1 -1 3 -2 6 -6 7 -5 9 -8 -4
right_child=2 -3 10 4 5 -7 8 -9 -10 -11 -12
leaf_value=-0.0016426466812702631 0.087436977735069962 0.0021615555007328102 -0.047877405968448923 -0.0015271009484005454 -0.046851049404914448 0.30102336325100304 0.0021214685259118844 0.35488619006329991 0.010641033039859183 -0.40380882254014738 -0.0017071167663322403
leaf_weight=556 141 25 796 375 25 42 27 38 62 68 713
leaf_count=556 141 25 796 375 25 42 27 38 62 68 713
internal_value=-0.00409743 -0.0152319 -0.00126877 0.0010789 -0.000579341 0.0106919 -0.00190423 0.000543141 -0.00834219 -0.0140912 -0.00247917
internal_weight=2868 581 2287 778 637 67 570 413 157 95 1509
internal_count=2868 581 2287 778 637 67 570 413 157 95 1509
is_linear=0
shrinkage=0.072361


Tree=99
num_leaves=12
num_cat=0
split_feature=81 104 76 13 79 81 1 40 77 79 41
split_gain=17.678 1.34103 1.16845 2.29266 2.79217 2.3986 2.21892 2.01007 2.02113 1.48269 1.46934
threshold=0.38750000000000007 1129.3809523809525 257.50000000000006 21.500000000000004 70.875000000000014 7.4375000000000009 14.500000000000002 12.250000000000002 119.50000000000001 24.125000000000004 19.250000000000004
decision_type=2 2 2 2 2 2 2 2 2 2 2
left_child=1 -1 3 4 5 7 9 8 -2 -5 -10
right_child=2 -3 -4 6 -6 -7 -8 -9 10 -11 -12
leaf_value=-0.0015237831471690355 -0.010714033710846787 -0.0023807727624134498 -0.013481622124222463 0.31389352390644409 1.0721527215858899 -0.22171124372839049 -0.16262166197360819 -0.016132162232596944 0.0032591105621849301 -0.39449482246169737 0.060965946561985972
leaf_weight=545 31 26 1848 31 28 105 75 37 30 26 68
leaf_count=545 31 26 1848 31 28 105 75 37 30 26 68
internal_value=-0.00411315 -0.0154987 -0.00126052 0.00213221 0.00563881 0.00339107 -0.00581075 0.00880531 0.0130697 0.0049509 0.0181639
internal_weight=2850 571 2279 431 299 271 132 166 129 57 98
internal_count=2850 571 2279 431 299 271 132 166 129 57 98
is_linear=0
shrinkage=0.072361


Tree=100
num_leaves=12
num_cat=0
split_feature=81 104 23 36 37 40 8 11 3 12 12
split_gain=18.4326 1.35117 1.23612 1.2145 2.35352 1.76859 1.6876 2.87777 1.8862 1.57228 3.50071
threshold=0.38750000000000007 1129.3809523809525 1.0000000180025095e-35 11.050000000000002 0.35000000000000003 10.15 25.895833333333339 2.354166666666667 58.500000000000007 3.058333333333334 3.4220238095238096
decision_type=2 2 2 2 2 2 2 2 2 2 2
left_child=1 2 -1 -2 5 9 7 -7 -8 -5 -11
right_child=3 -3 -4 4 -6 6 8 -9 -10 10 -12
leaf_value=-0.0014135206956378636 -0.012504983306427575 -0.0022084976970210739 -0.0014135206956378636 0.50184158830735293 -0.11507549379155083 0.0064640293128705477 -0.038841453978242318 0.58192578008313256 0.16724875178146992 -0.057858701209765821 0.11111280278449344
leaf_weight=184 1267 26 367 46 77 196 347 50 102 71 121
leaf_count=184 1267 26 367 46 77 196 347 50 102 71 121
internal_value=-0.00401104 -0.0155632 -0.0163239 -0.00108367 0.000788088 0.00179157 -5.20581e-05 0.00476521 -0.00269137 0.00717525 0.0042964
internal_weight=2854 577 551 2277 1010 933 695 246 449 238 192
internal_count=2854 577 551 2277 1010 933 695 246 449 238 192
is_linear=0
shrinkage=0.072361


Tree=101
num_leaves=12
num_cat=0
split_feature=81 106 23 79 81 36 109 8 81 77 81
split_gain=17.0231 1.45027 1.29831 0.900956 1.12073 0.962798 0.803013 1.62834 0.788925 0.769647 0.765793
threshold=0.38750000000000007 105.7309523809524 1.0000000180025095e-35 104.37500000000001 84.687500000000014 18.150000000000002 3.9984292529983478 21.979166666666668 79.187500000000014 186.50000000000003 35.645833333333336
decision_type=2 2 2 2 2 2 2 2 2 2 2
left_child=1 2 6 4 5 8 7 -1 10 -9 -2
right_child=3 -3 -4 -5 -6 -7 -8 9 -10 -11 -12
leaf_value=-0.0013112369438581962 -0.010694634051750175 0.0055062061518312945 -0.0013112369438581962 -0.37229699044810444 0.37540086595135269 0.11223828821295945 -0.0013112369438581962 -0.0013112369438581962 -0.50505669995680857 0.066337246870074001 0.0049600779689919043
leaf_weight=94 1263 24 373 38 37 47 40 28 32 24 845
leaf_count=94 1263 24 373 38 37 47 40 28 32 24 845
internal_value=-0.00398049 -0.0150059 -0.0157537 -0.00113884 -0.000950063 -0.00116135 -0.0108152 -0.0083264 -0.00138636 0.00194812 -0.00121517
internal_weight=2845 583 559 2262 2224 2187 186 146 2140 52 2108
internal_count=2845 583 559 2262 2224 2187 186 146 2140 52 2108
is_linear=0
shrinkage=0.072361


Tree=102
num_leaves=12
num_cat=0
split_feature=81 23 104 1 72 41 41 38 24 48 36
split_gain=17.8672 1.26691 1.18078 0.957681 1.41309 1.60664 1.38183 1.36744 2.09985 1.34454 2.01729
threshold=0.38750000000000007 1.0000000180025095e-35 1045.7380952380954 12.500000000000002 14.500000000000002 34.750000000000007 11.700000000000001 25.550000000000004 0.98296291314453421 92449.000000000015 9.1500000000000004
decision_type=2 2 2 2 2 2 2 2 2 2 2
left_child=1 -1 -3 4 7 6 -6 9 -9 10 -2
right_child=3 2 -4 -5 5 -7 -8 8 -10 -11 -12
leaf_value=-0.0012163545452461265 -0.029948206784779111 -0.0012163545452461265 -0.0012163545452461265 -0.017457123219040645 -0.015875905642024433 -0.048336616286882121 0.16149273325380489 0.0013502314841943208 0.73959972403702368 -0.011434884875065986 0.039104302713141033
leaf_weight=197 30 349 41 1509 24 40 59 60 24 484 47
leaf_count=197 30 349 41 1509 24 40 59 60 24 484 47
internal_value=-0.00379491 -0.0150515 -0.0174408 -0.000892993 0.00118717 0.00829495 0.0140361 -0.000168281 0.00844199 -0.00145754 0.00742393
internal_weight=2864 587 390 2277 768 123 83 645 84 561 77
internal_count=2864 587 390 2277 768 123 83 645 84 561 77
is_linear=0
shrinkage=0.072361


Tree=103
num_leaves=12
num_cat=0
split_feature=81 104 23 104 81 76 76 79 53 76 84
split_gain=17.4386 1.45567 1.29134 0.982564 1.05437 1.59381 1.20122 1.34937 1.24939 1.04292 1.68591
threshold=0.38750000000000007 1129.3809523809525 1.0000000180025095e-35 1180.6190476190479 37.645833333333336 1516.5000000000002 140.50000000000003 100.25000000000001 869.50000000000011 532.50000000000011 1.5000000000000002
decision_type=2 2 2 2 2 2 2 2 2 2 2
left_child=1 2 -1 4 5 9 -6 8 -8 10 -2
right_child=3 -3 -4 -5 6 -7 7 -9 -10 -11 -12
leaf_value=-0.001128337930586033 -0.016097385773745032 0.0051957882582315427 -0.001128337930586033 -0.21822671656671025 1.0770123203665452 -0.20583529401602538 0.02662067912913231 -0.51563580909259943 -0.11147570326721364 0.0049392365309149583 0.05036230858389569
leaf_weight=187 745 24 375 62 34 86 666 30 157 383 128
leaf_count=187 745 24 375 62 34 86 666 30 157 383 128
internal_value=-0.003901 -0.0150402 -0.0157855 -0.00105178 -0.000801847 -0.00208132 0.00113395 0.000602299 0.00115179 -0.00142878 -0.00280989
internal_weight=2877 586 562 2291 2229 1342 887 853 823 1256 873
internal_count=2877 586 562 2291 2229 1342 887 853 823 1256 873
is_linear=0
shrinkage=0.072361


Tree=104
num_leaves=12
num_cat=0
split_feature=79 76 8 23 76 79 77 78 104 11 8
split_gain=13.79 1.87789 2.01488 1.24432 1.36343 1.14384 0.88425 1.59279 1.44644 1.50766 2.43242
threshold=0.29166666666666669 420.50000000000006 34.187500000000007 1.0000000180025095e-35 202.50000000000003 104.37500000000001 189.50000000000003 993.25000000000011 576.93303571428589 2.3895833333333338 25.645833333333339
decision_type=2 2 2 2 2 2 2 2 2 2 2
left_child=1 3 -3 4 -1 6 7 -2 -8 -10 -11
right_child=5 2 -4 -5 -6 -7 8 -9 9 10 -12
leaf_value=-0.001046690284979001 0.02621543866049722 -0.001046690284979001 0.0061024673567757039 -0.001046690284979001 -0.001046690284979001 -0.38402402057973301 0.2946614655272019 -0.0069401419180895943 -0.0095338579944331432 1.1205896582216319 0.0017032822038902623
leaf_weight=102 88 82 39 307 69 37 58 176 902 61 940
leaf_count=102 88 82 39 307 69 37 58 176 902 61 940
internal_value=-0.003852 -0.0136145 -0.00556157 -0.0156529 -0.010706 -0.0012668 -0.00105696 -0.0049885 -0.000527671 -0.000870765 0.00106264
internal_weight=2861 599 121 478 171 2262 2225 264 1961 1903 1001
internal_count=2861 599 121 478 171 2262 2225 264 1961 1903 1001
is_linear=0
shrinkage=0.072361


Tree=105
num_leaves=12
num_cat=0
split_feature=81 104 11 8 12 78 79 36 100 23 72
split_gain=17.3463 1.38796 1.18554 2.29705 2.04253 1.39995 1.2748 2.12845 2.00889 1.95004 1.44958
threshold=0.38750000000000007 1129.3809523809525 2.5875000000000008 28.895833333333339 3.5288690476190481 1279.2 5.1250000000000009 12.450000000000001 862.79444444444459 1.0000000180025095e-35 1.0000000180025095e-35
decision_type=2 2 2 2 2 2 2 2 2 2 2
left_child=1 -1 -2 4 5 -4 7 8 -5 10 -8
right_child=2 -3 3 6 -6 -7 9 -9 -10 -11 -12
leaf_value=-0.00097095074354224106 -0.014535069089288363 0.0012092565356772371 -0.06779436565838709 0.013972913611327534 0.7224611048876145 0.52398489754697208 0.14952662824807417 -0.0094025840504324519 0.09944324612663194 -0.43008047308855818 -0.042906228384367417
leaf_weight=556 1323 25 35 58 38 45 140 51 31 49 501
leaf_count=556 1323 25 35 58 38 45 140 51 31 49 501
internal_value=-0.00407474 -0.0152319 -0.00122035 0.000732767 0.0101795 0.00361799 -0.000610273 0.00568545 0.0124394 -0.00188767 -0.000824078
internal_weight=2852 581 2271 948 118 80 830 140 89 690 641
internal_count=2852 581 2271 948 118 80 830 140 89 690 641
is_linear=0
shrinkage=0.072361


Tree=106
num_leaves=12
num_cat=0
split_feature=81 23 104 46 38 10 38 10 18 79 79
split_gain=18.0638 1.56137 1.03743 0.849742 2.74281 2.33293 2.25388 1.15306 0.841386 2.44841 4.33731
threshold=0.38750000000000007 1.0000000180025095e-35 1045.7380952380954 0.62500000000000011 18.350000000000005 30.880789925510534 29.000000000000004 31.66706743023116 1.0000000180025095e-35 4.3750000000000009 50.375000000000007
decision_type=2 2 2 2 2 2 2 2 2 2 2
left_child=1 -1 -3 8 5 -5 7 -6 -2 -10 -11
right_child=3 2 -4 4 6 -7 -8 -9 9 10 -12
leaf_value=-0.00090069179003046196 -0.0073182422967037484 -0.00090069179003046196 -0.00090069179003046196 0.014437031789420181 0.099433306334962446 -0.40359264865886441 -0.0089201002926926325 1.440643482382677 0.21251441576458985 -0.33063547564206386 0.71284978493048567
leaf_weight=191 1876 349 37 37 29 38 27 23 25 99 93
leaf_count=191 1876 349 37 37 29 38 27 23 25 99 93
internal_value=-0.00351555 -0.0149362 -0.017584 -0.000582881 0.00460475 -0.00530638 0.014014 0.022821 -0.000964583 0.00330124 0.000527625
internal_weight=2824 577 386 2247 154 75 79 52 2093 217 192
internal_count=2824 577 386 2247 154 75 79 52 2093 217 192
is_linear=0
shrinkage=0.072361


Tree=107
num_leaves=12
num_cat=0
split_feature=81 23 8 13 25 11 1 107 46 40 76
split_gain=17.8124 1.40715 1.00887 0.952809 1.59162 1.81575 1.67785 2.36435 1.6101 1.22086 1.19751
threshold=0.38750000000000007 1.0000000180025095e-35 35.520833333333336 22.500000000000004 1.0000000180025095e-35 4.1854166666666677 20.500000000000004 1.1539049298979878 0.47500000000000003 11.750000000000002 267.50000000000006
decision_type=2 2 2 2 2 2 2 2 2 2 2
left_child=1 -1 -3 10 5 -5 8 9 -6 -8 -2
right_child=3 2 -4 4 6 -7 7 -9 -10 -11 -12
leaf_value=-0.00083551684369556774 0.018672154720419939 -0.00083551684369556774 -0.00083551684369556774 -0.25862899664420747 -0.067279852302415177 1.0196403877851288 0.29732380331805042 -0.19291275642854955 0.50044003850171703 0.072225068740345719 -0.0065032641624134073
leaf_weight=193 348 336 55 201 220 25 43 23 27 27 1369
leaf_count=193 348 336 55 201 220 25 43 23 27 27 1369
internal_value=-0.00386413 -0.0151413 -0.0176368 -0.000979393 -0.00355412 -0.00826063 -0.00042565 0.00785845 -0.00354479 0.0144719 -0.000130646
internal_weight=2867 584 391 2283 566 226 340 93 247 70 1717
internal_count=2867 584 391 2283 566 226 340 93 247 70 1717
is_linear=0
shrinkage=0.072361


Tree=108
num_leaves=12
num_cat=0
split_feature=81 23 104 42 78 79 81 38 76 38 41
split_gain=17.2158 1.40269 1.2732 0.933147 1.3251 0.966474 1.25036 0.908907 1.71203 1.34737 1.05409
threshold=0.38750000000000007 1.0000000180025095e-35 1045.7380952380954 37.550250000000005 1141.2500000000002 100.25000000000001 84.687500000000014 4.0500000000000007 848.00000000000011 4.7500000000000009 7.0000000000000009
decision_type=2 2 2 2 2 2 2 2 2 2 2
left_child=1 -1 -3 5 -5 6 7 8 10 -9 -2
right_child=3 2 -4 4 -6 -7 -8 9 -10 -11 -12
leaf_value=-0.00077505802076356656 -0.045600980478261596 -0.00077505802076356656 -0.00077505802076356656 0.019471072726153425 -0.30445471710751021 -0.3710497126769029 0.50406224769990116 -0.086291159397535566 0.35479125610598089 -0.0029496342270495723 0.18721047656605289
leaf_weight=196 55 348 39 24 54 47 38 54 29 1929 42
leaf_count=196 55 348 39 24 54 47 38 54 29 1929 42
internal_value=-0.00378913 -0.0148818 -0.0174077 -0.000942731 -0.00872029 -0.000666223 -0.000441514 -0.000675918 0.00528344 -0.00105458 0.000671375
internal_weight=2855 583 387 2272 78 2194 2147 2109 126 1983 97
internal_count=2855 583 387 2272 78 2194 2147 2109 126 1983 97
is_linear=0
shrinkage=0.072361


Tree=109
num_leaves=12
num_cat=0
split_feature=81 23 104 76 79 11 8 11 10 2 10
split_gain=17.2935 1.51921 1.19002 0.951015 1.05107 1.04625 2.3949 2.76505 1.86186 1.54648 1.76963
threshold=0.38750000000000007 1.0000000180025095e-35 1045.7380952380954 128.50000000000003 100.25000000000001 1.7416666666666669 17.104166666666668 1.4895833333333337 21.068811697115887 13.500000000000002 15.26466025920953
decision_type=2 2 2 2 2 2 2 2 2 2 2
left_child=1 -1 -3 -2 5 6 7 9 -7 -5 -11
right_child=3 2 -4 4 -6 8 -8 -9 -10 10 -12
leaf_value=-0.00071897405789321945 0.027362088028916952 -0.00071897405789321945 -0.00071897405789321945 -0.062295134637416982 -0.35284459998686152 0.56837949953600708 -0.177843928010083 0.069426310136422031 -0.0035142783390432375 0.1151970721191197 -0.3025064999706108
leaf_weight=192 161 354 41 123 36 27 128 55 1613 70 69
leaf_count=192 161 354 41 123 36 27 128 55 1613 70 69
internal_value=-0.00385135 -0.0149283 -0.0174948 -0.00100202 -0.00140901 -0.00119734 -0.00430913 -0.000935894 -0.000352981 -0.00403231 0.00119732
internal_weight=2869 587 395 2282 2121 2085 445 317 1640 262 139
internal_count=2869 587 395 2282 2121 2085 445 317 1640 262 139
is_linear=0
shrinkage=0.072361


Tree=110
num_leaves=12
num_cat=0
split_feature=81 23 104 42 81 79 81 81 11 8 76
split_gain=18.2608 1.24211 1.36145 1.0736 0.943938 0.933651 1.09694 0.909265 0.907637 1.91485 2.77885
threshold=0.38750000000000007 1.0000000180025095e-35 1045.7380952380954 54.886916666666671 46.812500000000007 104.37500000000001 84.687500000000014 79.187500000000014 2.1250000000000009 23.312500000000004 392.50000000000006
decision_type=2 2 2 2 2 2 2 2 2 2 2
left_child=1 -1 -3 5 -5 6 7 8 -2 10 -10
right_child=3 2 -4 4 -6 -7 -8 -9 9 -11 -12
leaf_value=-0.00066694838589526897 -0.0096886753938941785 -0.00066694838589526897 -0.00066694838589526897 -0.046750575502158234 -0.44009931398591723 -0.30325942269673972 0.31952852340084453 -0.46034610631423228 1.1951503836411648 0.00042049571852912612 0.010898863536903041
leaf_weight=193 784 347 38 44 23 37 39 32 28 1246 55
leaf_count=193 784 347 38 44 23 37 39 32 28 1246 55
internal_value=-0.00370642 -0.0151983 -0.0175733 -0.000803308 -0.00982795 -0.00053106 -0.00033795 -0.000556623 -0.000373278 0.0007786 0.0114207
internal_weight=2866 578 385 2288 67 2221 2184 2145 2113 1329 83
internal_count=2866 578 385 2288 67 2221 2184 2145 2113 1329 83
is_linear=0
shrinkage=0.072361


Tree=111
num_leaves=12
num_cat=0
split_feature=81 23 11 37 8 11 76 77 0 72 38
split_gain=18.2156 1.45334 1.11345 1.45244 1.38287 1.25889 1.21653 1.25009 1.39006 1.82042 2.49479
threshold=0.38750000000000007 1.0000000180025095e-35 2.5458333333333338 0.35000000000000003 26.229166666666668 2.5750000000000006 132.50000000000003 220.50000000000003 116.50000000000001 6.5000000000000009 16.650000000000002
decision_type=2 2 2 2 2 2 2 2 2 2 2
left_child=1 -1 -2 4 -4 -6 -7 -8 -9 -10 -11
right_child=2 -3 3 -5 5 6 7 8 9 10 -12
leaf_value=-0.00061868734283924379 -0.011199942477673022 -0.00061868734283924379 1.4896769200944571 -0.10053432793537727 0.081070743867859604 0.6257878409020291 -0.025626645243892864 -0.0024678384885008131 0.0095176296646162176 1.9336198700339278 0.0035376940177057094
leaf_weight=190 1262 376 25 76 26 44 122 561 94 33 28
leaf_count=190 1262 376 25 76 26 44 122 561 94 33 28
internal_value=-0.00344588 -0.0150603 -0.000551231 0.00124068 0.00202424 0.00156197 0.00109936 0.000483556 0.00163721 0.00770288 0.0174375
internal_weight=2837 566 2271 1009 933 908 882 838 716 155 61
internal_count=2837 566 2271 1009 933 908 882 838 716 155 61
is_linear=0
shrinkage=0.072361


Tree=112
num_leaves=12
num_cat=0
split_feature=81 104 100 40 81 23 2 79 78 8 11
split_gain=15.489 1.71562 1.03166 2.98897 1.71512 2.80482 2.19851 1.61077 1.08953 1.70982 3.01202
threshold=0.16250000000000003 1045.7380952380954 714.24444444444453 0.45000000000000007 22.375000000000004 -0.37940952255126098 1.5000000000000002 45.125000000000007 1161.9500000000003 59.416666666666679 4.6687500000000011
decision_type=2 2 2 2 2 2 2 2 2 2 2
left_child=1 -1 3 -2 5 -5 -7 -6 -4 10 -10
right_child=2 -3 8 4 7 6 -8 -9 9 -11 -12
leaf_value=-0.00057391851646161867 -0.22135591486286746 -0.00057391851646161867 -0.0024951611888214481 0.78277793795699513 -0.11866429079019875 0.088005280820709783 -0.023027991342786602 0.450585107117638 -0.0001474625432121154 -0.52056856322928891 1.209640866766746
leaf_weight=415 39 44 947 29 42 24 41 35 1178 41 31
leaf_count=415 39 44 947 29 42 24 41 35 1178 41 31
internal_value=-0.00337819 -0.0155599 -0.0010552 0.00379031 0.0079131 0.014472 0.00612273 -9.39662e-05 -0.00151836 -0.000115778 0.000377065
internal_weight=2866 459 2407 210 171 94 65 77 2197 1250 1209
internal_count=2866 459 2407 210 171 94 65 77 2197 1250 1209
is_linear=0
shrinkage=0.072361


Tree=113
num_leaves=12
num_cat=0
split_feature=81 104 11 10 109 77 0 104 11 19 36
split_gain=17.3383 1.30366 1.20563 2.06584 3.56558 2.14227 1.66559 1.5138 1.46971 1.67571 1.42016
threshold=0.16250000000000003 1045.7380952380954 2.8687500000000008 37.488228894159548 3.9831874417863369 272.50000000000006 45.500000000000007 945.7380952380953 3.1145833333333339 14.500000000000002 6.7500000000000009
decision_type=2 2 2 2 2 2 2 2 2 2 2
left_child=1 -1 -2 4 5 -4 -7 8 -5 10 -10
right_child=2 -3 3 7 -6 6 -8 -9 9 -11 -12
leaf_value=-0.00053238920651895447 -0.00056324798138331891 -0.00053238920651895447 -0.022315510949877982 0.28828267528317497 0.22076834549376953 0.045898581330415321 1.4414430463409962 -0.07815199028709377 0.073135130494768927 -0.0023660824211592314 1.5652061029028921
leaf_weight=412 1682 47 37 29 36 97 25 242 46 201 23
leaf_count=412 1682 47 37 29 36 97 25 242 46 201 23
internal_value=-0.00329737 -0.0161905 -0.000849898 0.00159272 0.00797821 0.0033222 0.00794776 -0.000708895 0.0027347 0.00107201 0.0108015
internal_weight=2877 459 2418 736 195 159 122 541 299 270 69
internal_count=2877 459 2418 736 195 159 122 541 299 270 69
is_linear=0
shrinkage=0.072361


Tree=114
num_leaves=12
num_cat=0
split_feature=81 104 101 105 77 102 46 38 104 8 78
split_gain=15.5147 1.68584 0.913536 1.15475 1.60073 1.45141 2.27371 2.29317 1.80494 2.21657 1.65679
threshold=0.16250000000000003 1129.3809523809525 0.9927406186779264 1.2769480404008398 334.50000000000006 78.741666666666674 0.70833333333333348 10.950000000000001 871.90476190476204 26.562500000000004 1357.6500000000003
decision_type=2 2 2 2 2 2 2 2 2 2 2
left_child=1 -1 -2 5 -5 6 7 10 -9 -10 -4
right_child=2 -3 3 4 -6 -7 -8 8 9 -11 -12
leaf_value=-0.00049386499840668079 -0.0037797959978390252 0.0054326534349209438 0.0081764516992459315 0.022272192352944215 -0.16429691857479062 -0.00052540213127845827 1.0009356506565781 -0.022655074191549905 0.25689674721487832 -0.010892849182680589 0.24944009948982673
leaf_weight=442 575 23 51 36 104 1258 31 198 35 60 51
leaf_count=442 575 23 51 36 104 1258 31 198 35 60 51
internal_value=-0.00354225 -0.0156393 -0.00119747 -0.00040465 -0.00671917 0.000120314 0.00377091 0.0022899 -0.000963161 0.007236 0.0116344
internal_weight=2864 465 2399 1824 140 1684 426 395 293 95 102
internal_count=2864 465 2399 1824 140 1684 426 395 293 95 102
is_linear=0
shrinkage=0.072361


Tree=115
num_leaves=12
num_cat=0
split_feature=81 104 1 103 101 108 13 79 9 10 12
split_gain=15.9166 1.65142 1.00266 1.37346 2.75382 2.16125 1.46929 1.78274 1.62191 2.59805 2.50349
threshold=0.16250000000000003 1129.3809523809525 12.500000000000002 1.0046073569752152 1.0237089192145334 61.351097652551111 22.500000000000004 72.875000000000014 33.380952380952387 19.052304383163783 3.3309523809523816
decision_type=2 2 2 2 2 2 2 2 2 2 2
left_child=1 -1 -2 5 -5 -4 7 8 9 -6 -10
right_child=2 -3 3 4 6 -7 -8 -9 10 -11 -12
leaf_value=-0.00045812843999223197 0.00034257549822873747 0.0043044469725806341 -0.037787296448638499 0.29462489585649765 -0.0294869871750933 0.14433469992520165 -0.11233525071787757 -0.32593470356036974 -0.32639563652133169 0.43662962503771108 0.064926329947912351
leaf_weight=438 878 24 1029 51 35 24 101 41 45 47 151
leaf_count=438 878 24 1029 51 35 24 101 41 45 47 151
internal_value=-0.00376964 -0.0160697 -0.00140384 -0.00252599 0.000722069 -0.00397882 -0.00120601 0.00120223 0.00327965 0.0118247 -0.000295347
internal_weight=2864 462 2402 1524 471 1053 420 319 278 82 196
internal_count=2864 462 2402 1524 471 1053 420 319 278 82 196
is_linear=0
shrinkage=0.072361


Tree=116
num_leaves=12
num_cat=0
split_feature=81 81 11 79 104 41 105 8 1 1 37
split_gain=15.5118 1.65815 1.83267 2.33805 1.6021 1.55957 1.2073 1.19082 0.9887 0.893671 1.24523
threshold=0.16250000000000003 1.1458333333333337 3.3104166666666672 0.29166666666666669 1119.6666666666667 22.850000000000005 0.98100774470645136 23.062500000000004 228.50000000000003 147.50000000000003 1.0000000180025095e-35
decision_type=2 2 2 2 2 2 2 2 2 2 2
left_child=4 2 3 -2 -1 7 -7 -5 9 -3 -11
right_child=1 8 -4 5 -6 6 -8 -9 -10 10 -12
leaf_value=-0.00042497781419384119 -0.00027377013618793165 -0.01435117415537222 0.022553708083258128 0.0091739265727503148 0.0039929729439011344 0.0021772287736214532 -0.0033599844362912847 0.0030630473720553468 0.44207685353540166 -0.022381409144530771 -0.37256950212819878
leaf_weight=441 88 1935 42 28 24 32 50 24 23 133 41
leaf_count=441 88 1935 42 28 24 32 50 24 23 133 41
internal_value=-0.00370025 -0.00135299 0.00405658 0.00143417 -0.0157949 0.00745203 0.0012354 0.0172549 -0.00202285 -0.00218558 -0.00715287
internal_weight=2861 2396 264 222 465 134 82 52 2132 2109 174
internal_count=2861 2396 264 222 465 134 82 52 2132 2109 174
is_linear=0
shrinkage=0.072361


Tree=117
num_leaves=12
num_cat=0
split_feature=81 104 11 8 79 79 76 72 13 1 104
split_gain=15.3381 1.6133 1.32637 2.60731 2.6781 2.56012 2.1013 1.98683 2.93884 1.49057 1.48164
threshold=0.16250000000000003 1129.3809523809525 2.3895833333333338 25.812500000000004 36.625000000000007 0.87500000000000011 411.50000000000006 -1.0000000180025095e-35 21.500000000000004 91.500000000000014 915.357142857143
decision_type=2 2 2 2 2 2 2 2 2 2 2
left_child=1 -1 9 4 -4 -5 -7 8 -8 -2 -9
right_child=2 -3 3 5 -6 6 7 10 -10 -11 -12
leaf_value=-0.00039422600037674455 -0.00031956921961475126 0.0037040374831630745 1.251561051054167 0.0042650338356722368 0.032177866277978903 -0.048666587424219712 -0.051291771795640699 0.03860808595064643 1.1779185445236013 -0.060873281210117487 -0.10220684649591065
leaf_weight=433 916 24 29 104 40 342 49 337 65 241 258
leaf_count=433 916 24 29 104 40 342 49 337 65 241 258
internal_value=-0.00370729 -0.0158497 -0.00137671 0.000283767 0.0139476 -0.000532526 -0.0016042 0.000642979 0.00939413 -0.00313335 -0.00103373
internal_weight=2838 457 2381 1224 69 1155 1051 709 114 1157 595
internal_count=2838 457 2381 1224 69 1155 1051 709 114 1157 595
is_linear=0
shrinkage=0.072361


Tree=118
num_leaves=12
num_cat=0
split_feature=81 11 10 101 81 77 37 40 104 78 19
split_gain=15.412 1.35617 2.06658 2.36932 1.87401 1.62485 1.43627 1.30614 1.21734 1.16617 1.43844
threshold=0.16250000000000003 2.8687500000000008 37.008306223789837 1.0504824224910048 2.5625000000000004 1371.5000000000002 1.0000000180025095e-35 9.4500000000000011 1129.3809523809525 1462.4000000000003 42.500000000000007
decision_type=2 2 2 2 2 2 2 2 2 2 2
left_child=8 -2 3 7 -4 6 9 -3 -1 10 -6
right_child=1 2 4 -5 5 -7 -8 -9 -10 -11 -12
leaf_value=-0.00036569941813987817 -0.003411330115131036 0.15104157062551141 0.0088713349189881909 1.0898687199351695 0.035681469286054833 0.60632648702407355 -0.39386733406664998 -0.0045739983189390775 -0.0055808565105018339 -0.29296350647918734 -0.26915447539781889
leaf_weight=439 1679 62 65 28 257 39 69 77 23 57 75
leaf_count=439 1679 62 65 28 257 39 69 77 23 57 75
internal_value=-0.00380715 -0.00148448 0.00112164 0.00818929 -0.000978545 -0.00248968 -0.00369704 0.00432079 -0.0159131 -0.00199039 -0.000348725
internal_weight=2870 2408 729 167 562 497 458 139 462 389 332
internal_count=2870 2408 729 167 562 497 458 139 462 389 332
is_linear=0
shrinkage=0.072361


Tree=119
num_leaves=12
num_cat=0
split_feature=81 81 104 101 81 105 41 104 40 77 1
split_gain=15.9178 3.59102 1.68372 1.53025 1.83788 2.00868 1.44871 1.38098 2.05329 1.74624 0.872211
threshold=0.16250000000000003 1.1458333333333337 1129.3809523809525 1.0841792909581345 0.2678571428571429 1.0827043164345129 24.650000000000002 915.357142857143 4.6500000000000012 307.50000000000006 12.500000000000002
decision_type=2 2 2 2 2 2 2 2 2 2 2
left_child=2 3 -1 4 6 7 -2 8 -6 -10 -3
right_child=1 10 -4 -5 5 -7 -8 -9 9 -11 -12
leaf_value=-0.00033923704753121246 1.6011696783219644e-05 0.0015895323581866128 0.0045749402604302724 -0.0010316749106837587 -0.0041690667042623341 0.034814477316461458 0.00040572064331824816 -0.0047989657266049209 0.0080185320423704423 -0.000479508669967621 -0.029995071825504913
leaf_weight=441 30 660 23 41 24 39 39 32 34 23 1462
leaf_count=441 30 660 23 41 24 39 39 32 34 23 1462
internal_value=-0.00336397 -0.000977359 -0.0156262 0.00701511 0.00939705 0.00495097 0.0191911 6.40289e-05 0.00509199 0.0125677 -0.00196418
internal_weight=2848 2384 464 262 221 152 69 113 81 57 2122
internal_count=2848 2384 464 262 221 152 69 113 81 57 2122
is_linear=0
shrinkage=0.072361


Tree=120
num_leaves=12
num_cat=0
split_feature=81 104 1 41 78 41 40 78 79 79 101
split_gain=16.2562 1.63757 1.12094 1.25647 1.15144 2.6172 2.53173 2.10944 1.54899 1.77003 1.54414
threshold=0.16250000000000003 1129.3809523809525 4.5000000000000009 5.6000000000000005 1216.1000000000001 22.150000000000002 16.350000000000005 1236.4000000000003 50.875000000000007 75.875000000000014 0.99796605113406411
decision_type=2 2 2 2 2 2 2 2 2 2 2
left_child=1 -1 3 -2 5 -4 -7 -6 -9 10 -10
right_child=2 -3 4 -5 7 6 -8 8 9 -11 -12
leaf_value=-0.0003146895201612705 -0.015023376588425496 0.0035087987694119192 -0.13585723657235663 0.0002512831287058197 0.12030439427658471 -0.011404429940475974 0.36144566231838471 -0.017175764995142659 -0.13354046237125261 -0.21229794357380866 0.45824176234807018
leaf_weight=445 23 24 316 659 38 577 23 566 29 54 123
leaf_count=445 23 24 316 659 38 577 23 566 29 54 123
internal_value=-0.00367464 -0.0159996 -0.00127413 0.00120955 -0.00225552 -0.00401303 -0.00120601 -0.000268003 -0.00108729 0.00428543 0.00828336
internal_weight=2877 469 2408 682 1726 916 600 810 772 206 152
internal_count=2877 469 2408 682 1726 916 600 810 772 206 152
is_linear=0
shrinkage=0.072361


Tree=121
num_leaves=12
num_cat=0
split_feature=81 81 19 40 104 36 42 38 106 36 104
split_gain=17.3284 2.75891 4.07924 2.1586 1.32516 0.891742 0.838412 0.920765 1.35706 1.57357 1.51186
threshold=0.16250000000000003 0.38750000000000007 16.500000000000004 9.0500000000000025 1045.7380952380954 18.750000000000004 37.550250000000005 28.450000000000003 85.64761904761906 12.950000000000001 919.26190476190493
decision_type=2 2 2 2 2 2 2 2 2 2 2
left_child=4 2 -2 -4 -1 6 7 8 9 -3 -10
right_child=1 5 3 -5 -6 -7 -8 -9 10 -11 -12
leaf_value=-0.00029191827608456944 -3.1529744204094714e-05 -0.0019488409423997009 0.0012382258315271251 0.00081150732514151272 -0.00029191827608456944 0.38327535852983297 -0.092253912637718191 -0.043765931683042845 -0.055009781007118022 0.094169633594317126 -0.016055742127120184
leaf_weight=415 44 1081 27 42 46 23 74 153 42 182 701
leaf_count=415 44 1081 27 42 46 23 74 153 42 182 701
internal_value=-0.00322173 -0.000723916 0.0103097 0.0212884 -0.0160575 -0.00127658 -0.00142259 -0.001163 -0.000750303 0.000693243 -0.00320414
internal_weight=2830 2369 113 69 461 2256 2233 2159 2006 1263 743
internal_count=2830 2369 113 69 461 2256 2233 2159 2006 1263 743
is_linear=0
shrinkage=0.072361


Tree=122
num_leaves=12
num_cat=0
split_feature=81 81 1 104 25 1 108 11 10 10 108
split_gain=16.3203 2.62629 3.46649 1.68798 1.32997 1.03597 1.14075 1.44028 1.86359 1.44092 1.3823
threshold=0.16250000000000003 0.2678571428571429 6.5000000000000009 1129.3809523809525 0.6078576107927941 130.50000000000003 48.972376197450465 3.6312500000000001 52.243669923542647 47.240576839468467 35.347924405116338
decision_type=2 2 2 2 2 2 2 2 2 2 2
left_child=3 2 4 -1 -2 6 7 8 9 -3 -9
right_child=1 5 -4 -5 -6 -7 -8 10 -10 -11 -12
leaf_value=-0.00027079478168995168 -2.9248220813740155e-05 -0.0026932016809258063 0.0094448488366137909 0.0040111164251313038 0.00024434876695886461 -0.044502631380456972 -0.13212282922272917 1.2890131644580505 0.18509209079330005 -0.53045346198935006 0.019027911597938759
leaf_weight=430 26 1664 28 23 38 293 113 25 25 24 164
leaf_count=430 26 1664 28 23 38 293 113 25 25 24 164
internal_value=-0.00304104 -0.000663309 0.0113259 -0.0156382 0.0020351 -0.00114122 -0.000556623 -0.000136961 -0.000798379 -0.00108884 0.00585775
internal_weight=2853 2400 92 453 64 2308 2015 1902 1713 1688 189
internal_count=2853 2400 92 453 64 2308 2015 1902 1713 1688 189
is_linear=0
shrinkage=0.072361


Tree=123
num_leaves=12
num_cat=0
split_feature=81 81 89 101 78 109 100 104 77 104 105
split_gain=17.6113 2.21754 1.85645 1.57438 1.84074 1.34946 1.26038 1.37763 1.19193 0.969354 0.881231
threshold=0.16250000000000003 1.1458333333333337 1.0000000180025095e-35 1.0841792909581345 938.70000000000016 3.5085071999760844 861.12777777777785 709.4761904761906 242.50000000000003 1045.7380952380954 1.2412577996946508
decision_type=2 2 2 2 2 2 2 2 2 2 2
left_child=9 2 3 4 -2 6 7 -6 -7 -1 -3
right_child=1 10 -4 -5 5 8 -8 -9 -10 -11 -12
leaf_value=-0.00025119980418514384 0.036493200240370914 -0.0087043869042069538 -0.00091407703783478013 -0.00074242491335799827 -2.7131790706319964e-05 0.0022689983426660218 -0.00018684007551540704 0.0012085760787372232 0.061069957602329458 -0.00025119980418514384 -0.05744353544370303
leaf_weight=409 28 1911 29 37 23 53 48 25 25 47 222
leaf_count=409 28 1911 29 37 23 53 48 25 25 47 222
internal_value=-0.00311783 -0.000641937 0.00556205 0.00765993 0.0101735 0.00740239 0.00165824 0.00994937 0.014472 -0.0161542 -0.00142144
internal_weight=2857 2401 268 239 202 174 96 48 78 456 2133
internal_count=2857 2401 268 239 202 174 96 48 78 456 2133
is_linear=0
shrinkage=0.072361


Tree=124
num_leaves=12
num_cat=0
split_feature=81 81 103 1 104 104 42 11 41 41 11
split_gain=17.2083 2.38945 2.3261 1.22591 1.10188 0.803303 0.755237 1.06937 0.749746 0.82251 0.738034
threshold=0.16250000000000003 0.2678571428571429 1.0383278654878678 1.5000000000000002 1045.7380952380954 1245.5238095238099 54.886916666666671 2.4187500000000006 58.500000000000007 65.000000000000014 1.33125
decision_type=2 2 2 2 2 2 2 2 2 2 2
left_child=4 2 3 -2 -1 6 8 -8 10 -10 -3
right_child=1 5 -4 -5 -6 -7 7 -9 9 -11 -12
leaf_value=-0.00023302273858032799 4.4591417327638484e-05 -0.018239390401988482 -0.0016898955587308024 0.0053185348554207704 -0.00023302273858032799 -0.17381264745211428 -0.24627045814264084 -0.016688311770109886 -0.16692151260431179 -0.0037042402467353428 -0.00045377085119069235
leaf_weight=402 41 209 26 25 45 37 29 38 52 43 1885
leaf_count=402 41 209 26 25 45 37 29 38 52 43 1885
internal_value=-0.00333699 -0.000895031 0.0105394 0.017761 -0.0163662 -0.00135381 -0.00118036 -0.00874795 -0.000948726 -0.007236 -0.000663482
internal_weight=2832 2385 92 66 447 2293 2256 67 2189 95 2094
internal_count=2832 2385 92 66 447 2293 2256 67 2189 95 2094
is_linear=0
shrinkage=0.072361


Tree=125
num_leaves=12
num_cat=0
split_feature=81 81 104 100 72 104 10 72 81 19 76
split_gain=16.8462 2.12827 2.09448 2.21323 2.64449 1.747 1.71239 1.88792 1.44522 1.42084 1.27677
threshold=0.16250000000000003 5.3125000000000009 879.78571428571433 880.71666666666681 4.5000000000000009 1129.3809523809525 35.879830641867734 5.5000000000000009 3.1875000000000004 32.500000000000007 309.50000000000006
decision_type=2 2 2 2 2 2 2 2 2 2 2
left_child=5 2 3 8 -5 -1 7 10 -2 -8 -4
right_child=1 -3 6 4 -6 -7 9 -9 -10 -11 -12
leaf_value=-0.00021616098337184618 8.9332406934776557e-05 -0.02134909944784209 0.006761087096469014 0.00023918058641789463 0.085820949233903668 0.003755906905008682 -0.0016970956773036403 -0.016255895573869729 0.020976433360774996 0.070793065899926413 -0.0044537342155438172
leaf_weight=431 186 1919 52 34 38 23 29 62 24 23 24
leaf_count=431 186 1919 52 34 38 23 29 62 24 23 24
internal_value=-0.00319202 -0.000765677 0.00358738 0.00754398 0.0184919 -0.0159704 -0.00228507 -0.00650194 0.00379031 0.00890575 0.00114251
internal_weight=2845 2391 472 282 72 454 190 138 210 52 76
internal_count=2845 2391 472 282 72 454 190 138 210 52 76
is_linear=0
shrinkage=0.072361


Tree=126
num_leaves=12
num_cat=0
split_feature=81 81 104 36 19 40 81 10 81 100 108
split_gain=16.3248 1.74919 1.69445 1.45471 2.95356 1.68432 2.01932 1.69906 1.57533 1.52448 1.34505
threshold=0.16250000000000003 5.3125000000000009 1129.3809523809525 12.450000000000001 33.500000000000007 4.4500000000000011 0.2678571428571429 33.147834646880973 0.38750000000000007 847.22222222222229 35.785492370790038
decision_type=2 2 2 2 2 2 2 2 2 2 2
left_child=2 3 -1 5 -5 8 -7 9 -2 -8 -10
right_child=1 -3 -4 4 -6 6 7 -9 10 -11 -12
leaf_value=-0.0002005193614020472 -0.0010488621615452102 -0.020921256971712557 0.0034841257766778434 -0.0058307302679053881 0.03721906925966241 0.0015299680556483343 0.024637684705690412 0.056002768485753404 0.010162789798841465 -0.013928137322132271 -0.0053328327877971956
leaf_weight=433 44 1915 23 84 43 47 49 46 42 65 60
leaf_count=433 44 1915 23 84 43 47 49 46 42 65 60
internal_value=-0.00312947 -0.000740227 -0.0156782 0.00316578 -0.00347557 0.00555517 0.00975294 0.00587928 -0.000396492 0.00114252 0.00454024
internal_weight=2851 2395 456 480 127 353 207 160 146 114 102
internal_count=2851 2395 456 480 127 353 207 160 146 114 102
is_linear=0
shrinkage=0.072361


Tree=127
num_leaves=12
num_cat=0
split_feature=81 81 36 101 38 38 78 108 78 9 109
split_gain=16.9643 1.65675 1.93787 1.4234 1.4853 1.88148 3.93598 2.36125 1.57933 1.39971 1.27241
threshold=0.16250000000000003 5.3125000000000009 12.450000000000001 1.0846990498304734 4.3500000000000005 17.750000000000004 1168.2500000000002 41.560441792115604 1402.7000000000003 41.952380952380956 2.9413461565977461
decision_type=2 2 2 2 2 2 2 2 2 2 2
left_child=-1 2 3 4 -2 8 7 -7 -6 -4 -5
right_child=1 -3 9 10 5 6 -8 -9 -10 -11 -12
leaf_value=-0.00018600958262628671 0.0052754381441429679 -0.024576722356978695 -0.004872981145393869 0.0066052633474177136 0.0011067918953326147 -0.0061502294149061573 0.039838683232931528 0.0540053121875336 -0.0022428806820472828 0.0020996270150568817 -0.01292208134851416
leaf_weight=457 27 1907 97 25 130 37 45 25 29 31 31
leaf_count=457 27 1907 97 25 130 37 45 25 29 31 31
internal_value=-0.00339518 -0.000947006 0.00286712 0.00566031 0.0076806 0.00603912 0.0134576 0.00163391 0.00104672 -0.00474864 -0.00491009
internal_weight=2841 2384 477 349 293 266 107 62 159 128 56
internal_count=2841 2384 477 349 293 266 107 62 159 128 56
is_linear=0
shrinkage=0.072361


Tree=128
num_leaves=12
num_cat=0
split_feature=81 104 46 46 104 60 78 100 8 11 76
split_gain=16.5787 1.63937 0.940143 1.13872 0.920527 0.809773 0.768042 0.9952 0.75373 1.94871 1.64832
threshold=0.16250000000000003 1119.6666666666667 1.5666666666666669 1.2250000000000003 1269.3571428571431 0.35000000000000003 1105.1000000000001 871.37222222222238 10.72916666666667 1.3270833333333336 1095.0000000000002
decision_type=2 2 2 2 2 2 2 2 2 2 2
left_child=1 6 3 4 5 8 7 -1 -2 10 -10
right_child=2 -3 -4 -5 -6 -7 -8 -9 9 -11 -12
leaf_value=-0.00017254974575463687 0.021518607347179357 0.0025103765345135792 0.46403398450731498 -0.30130985707768831 -0.20030828582766433 -0.35934910862305247 -0.00017254974575463687 -0.00017254974575463687 -0.059489225080300613 -0.00035326809923993691 0.21548381978136227
leaf_weight=38 95 24 25 26 28 31 287 107 105 2044 25
leaf_count=38 95 24 25 26 28 31 287 107 105 2044 25
internal_value=-0.00335643 -0.0159955 -0.000933788 -0.00108203 -0.000913837 -0.000755071 -0.0170182 -0.0127254 -0.000596364 -0.00087206 -0.0094625
internal_weight=2835 456 2379 2354 2328 2300 432 145 2269 2174 130
internal_count=2835 456 2379 2354 2328 2300 432 145 2269 2174 130
is_linear=0
shrinkage=0.072361


Tree=129
num_leaves=12
num_cat=0
split_feature=81 104 1 36 9 40 9 106 100 2 8
split_gain=17.3602 1.62557 1.027 1.26376 1.93283 1.46206 2.28888 1.36176 2.08638 1.33565 1.32401
threshold=0.16250000000000003 1129.3809523809525 12.500000000000002 9.1500000000000004 37.190476190476197 14.15 40.238095238095248 83.88333333333334 951.1500000000002 1.0000000180025095e-35 27.479166666666668
decision_type=2 2 2 2 2 2 2 2 2 2 2
left_child=1 -1 3 4 -2 6 7 -5 -9 -7 -8
right_child=2 -3 -4 5 -6 9 10 8 -10 -11 -12
leaf_value=-0.00016006387595529322 0.0001957343102842987 0.0023287232123357818 -0.012583905650781619 0.013110297874649693 -0.069281710752528591 -0.015848089363737227 0.22578607303181059 -0.01947804902246102 0.039824895537919645 0.0052076080968885335 0.13719921027870494
leaf_weight=439 310 24 1523 254 71 26 23 72 30 43 43
leaf_count=439 310 24 1523 254 71 26 23 72 30 43 43
internal_value=-0.00309901 -0.0159256 -0.000619374 0.00136091 -0.00176629 0.00378752 0.00538419 0.00308956 -0.00397271 -0.00597753 0.017761
internal_weight=2858 463 2395 872 381 491 422 356 102 69 66
internal_count=2858 463 2395 872 381 491 422 356 102 69 66
is_linear=0
shrinkage=0.072361


Tree=130
num_leaves=12
num_cat=0
split_feature=81 104 76 76 11 76 8 11 8 11 8
split_gain=16.7999 1.62759 0.884254 1.55135 1.45644 1.33725 1.18988 0.927253 0.882748 1.52178 1.94184
threshold=0.16250000000000003 1129.3809523809525 132.50000000000003 119.50000000000001 1.7104166666666669 168.50000000000003 23.520833333333339 0.87083333333333368 10.437500000000002 1.2812500000000002 14.22916666666667
decision_type=2 2 2 2 2 2 2 2 2 2 2
left_child=1 -1 3 4 -2 6 -4 -7 -9 -10 -11
right_child=2 -3 5 -5 -6 7 -8 8 9 10 -12
leaf_value=-0.00014848149601021945 0.026910697144416528 0.0021602145037267306 -0.00080601537353826508 0.21289786720644638 -0.002730581175838583 -0.074253068723674473 -0.064775807804946878 0.020522849720309887 -0.061459663107001496 0.25466942147757043 -0.0031323552861116403
leaf_weight=440 54 24 31 35 107 38 38 36 75 57 1917
leaf_count=440 54 24 31 35 107 38 38 36 75 57 1917
internal_value=-0.00333896 -0.0159381 -0.000890877 0.0037657 0.00076405 -0.00130725 -0.011221 -0.000985037 -0.000780874 -0.000978233 -0.000593844
internal_weight=2852 464 2388 196 161 2192 69 2123 2085 2049 1974
internal_count=2852 464 2388 196 161 2192 69 2123 2085 2049 1974
is_linear=0
shrinkage=0.072361


Tree=131
num_leaves=12
num_cat=0
split_feature=81 104 78 100 77 46 79 46 106 104 79
split_gain=17.0964 1.62759 0.885658 1.0517 0.864382 1.51779 2.16062 1.00468 0.785658 1.50755 1.45269
threshold=0.16250000000000003 1129.3809523809525 1105.1000000000001 871.37222222222238 1977.5000000000002 0.15833333333333335 47.625000000000007 1.2250000000000003 85.64761904761906 890.14285714285722 35.375000000000007
decision_type=2 2 2 2 2 2 2 2 2 2 2
left_child=1 2 3 -1 7 6 -6 8 9 -2 -11
right_child=4 -3 -4 -5 5 -7 -8 -9 -10 10 -12
leaf_value=-0.00013773722850239241 -0.0012847938163210082 0.0020038992514832439 -0.00013773722850239241 -0.00013773722850239241 -0.21352149876751611 0.17851011128416669 0.30932458464010965 -0.073166979829046797 -0.0084791927052309916 -0.0065680716969335551 0.6766510113481059
leaf_weight=36 1309 24 293 111 28 23 28 44 800 74 77
leaf_count=36 1309 24 293 111 28 23 28 44 800 74 77
internal_value=-0.00323045 -0.0159381 -0.016939 -0.0123554 -0.000756101 0.00668641 0.000258414 -0.0010113 -0.000800454 0.000198248 0.00704435
internal_weight=2847 464 440 147 2383 79 56 2304 2260 1460 151
internal_count=2847 464 440 147 2383 79 56 2304 2260 1460 151
is_linear=0
shrinkage=0.072361


Tree=132
num_leaves=12
num_cat=0
split_feature=81 104 81 36 100 40 46 108 77 41 102
split_gain=16.4947 1.59798 1.23936 2.05719 1.50999 0.963575 2.58358 4.18968 3.00939 1.6554 1.5683
threshold=0.16250000000000003 1129.3809523809525 5.3125000000000009 12.450000000000001 944.06111111111125 12.050000000000002 0.075000000000000011 39.584507535207813 697.50000000000011 20.350000000000005 85.257222222222239
decision_type=2 2 2 2 2 2 2 2 2 2 2
left_child=1 -1 3 -2 -5 -4 7 8 9 -7 -9
right_child=2 -3 5 4 -6 6 -8 10 -10 -11 -12
leaf_value=-0.00012777042678917052 0.0025613625335350072 0.0018588951250755423 -0.029038575471458373 -0.0073669598356660366 0.10042175235749562 0.19410164477526615 -0.18411592720883088 0.053098801076786176 -0.013566019911822734 0.81966577685035202 -0.26890645107442734
leaf_weight=439 348 24 1516 97 28 43 143 74 41 57 65
leaf_count=439 348 24 1516 97 28 43 143 74 41 57 65
internal_value=-0.00325939 -0.0157693 -0.000858012 0.00246302 -0.00549938 -0.00166815 0.00138563 0.00542705 0.0142155 0.0209844 -0.00348787
internal_weight=2875 463 2412 473 125 1939 423 280 141 100 139
internal_count=2875 463 2412 473 125 1939 423 280 141 100 139
is_linear=0
shrinkage=0.072361


Tree=133
num_leaves=12
num_cat=0
split_feature=81 104 79 36 104 0 2 84 77 77 79
split_gain=16.8447 1.61742 0.984329 1.46791 2.11579 1.41176 1.28139 2.01546 1.32129 1.96898 1.8891
threshold=0.16250000000000003 1129.3809523809525 5.8750000000000009 12.550000000000002 985.33333333333348 17.500000000000004 6.5000000000000009 1.5000000000000002 272.50000000000006 286.50000000000006 57.625000000000007
decision_type=2 2 2 2 2 2 2 2 2 2 2
left_child=1 -1 3 5 -5 -2 7 -4 10 -10 -8
right_child=2 -3 6 4 -6 -7 8 -9 9 -11 -12
leaf_value=-0.00011852483267879333 0.0034242537958818534 0.0017243836402812856 -0.23174228789269666 -0.0074042300139738173 0.043484688315940968 -0.22500789647929959 -0.27948584920169761 0.089593144707003608 0.13848652564822997 -0.0027104876328383864 0.26714381646959012
leaf_weight=435 395 24 191 102 27 40 149 35 24 1379 57
leaf_count=435 395 24 191 102 27 40 149 35 24 1379 57
internal_value=-0.00317497 -0.0158752 -0.000745026 0.00189883 -0.00488011 0.00390914 -0.00155763 -0.00665974 -0.000840988 -4.64187e-05 -0.00625251
internal_weight=2858 459 2399 564 129 435 1835 226 1609 1403 206
internal_count=2858 459 2399 564 129 435 1835 226 1609 1403 206
is_linear=0
shrinkage=0.072361


Tree=134
num_leaves=12
num_cat=0
split_feature=81 104 11 8 76 8 11 1 18 79 101
split_gain=16.3548 1.65262 0.810751 2.32631 2.97529 1.79848 1.73467 1.39551 1.27033 1.85145 1.25473
threshold=0.16250000000000003 1045.7380952380954 2.3208333333333337 25.104166666666668 366.50000000000006 24.062500000000004 2.1708333333333338 52.500000000000007 1.0000000180025095e-35 69.125000000000014 1.1745024456314144
decision_type=2 2 2 2 2 2 2 2 2 2 2
left_child=1 -1 5 4 -4 6 8 -8 9 -2 -5
right_child=2 -3 3 10 -6 -7 7 -9 -10 -11 -12
leaf_value=-0.0001099482588777471 -0.002155832479580276 -0.0001099482588777471 1.8980486503804197 0.00010577199569599255 0.022795440753868523 -0.13080210704146639 0.010004406325418614 0.245944689822303 0.42441383486598794 -0.4134206565845065 -0.086227149907125211
leaf_weight=410 819 46 25 1201 38 146 59 24 35 26 36
leaf_count=410 819 46 25 1201 38 146 59 24 35 26 36
internal_value=-0.00327077 -0.0158369 -0.000892122 0.000333972 0.0138976 -0.00232938 -0.00119474 0.00880524 -0.00213794 -0.00269748 -0.000356833
internal_weight=2865 456 2409 1300 63 1109 963 83 880 845 1237
internal_count=2865 456 2409 1300 63 1109 963 83 880 845 1237
is_linear=0
shrinkage=0.072361


Tree=135
num_leaves=12
num_cat=0
split_feature=81 104 84 81 2 102 19 38 38 1 23
split_gain=16.3003 1.59175 0.812686 1.491 1.39497 2.1771 1.40769 1.84241 2.00399 1.38949 1.36642
threshold=0.16250000000000003 1129.3809523809525 1.0000000180025095e-35 69.062500000000014 6.5000000000000009 82.228333333333339 7.5000000000000009 20.550000000000004 16.450000000000003 195.50000000000003 -0.60355339059327395
decision_type=2 2 2 2 2 2 2 2 2 2 2
left_child=1 -1 10 4 5 -4 7 8 -6 -8 -2
right_child=2 -3 3 -5 6 -7 9 -9 -10 -11 -12
leaf_value=-0.00010199229441655236 -0.037342675237745197 0.001607561503664976 -0.0023830434974914929 -0.57891218612076989 0.019480801214944037 -0.044162950341918118 -0.024028984890581719 -0.044069041886390929 0.37399447686606885 0.077409669618292598 0.0026459634083994391
leaf_weight=436 271 24 160 61 52 74 541 46 23 31 1132
leaf_count=436 271 24 160 61 52 74 541 46 23 31 1132
internal_value=-0.00325637 -0.0157306 -0.000856469 -0.00244621 -0.00172511 -0.00655575 -9.39751e-05 0.00699681 0.0139896 -0.00159396 0.000263036
internal_weight=2851 460 2391 988 927 234 693 121 75 572 1403
internal_count=2851 460 2391 988 927 234 693 121 75 572 1403
is_linear=0
shrinkage=0.072361


Tree=136
num_leaves=12
num_cat=0
split_feature=81 104 79 89 46 1 41 105 3 11 10
split_gain=16.4328 1.60667 0.982612 0.91601 1.68714 1.64884 1.37443 1.20636 0.886517 0.853943 2.55034
threshold=0.16250000000000003 1045.7380952380954 104.37500000000001 1.0000000180025095e-35 0.091666666666666674 70.500000000000014 11.350000000000001 1.0458045953240203 66.500000000000014 2.4187500000000006 28.148396535446686
decision_type=2 2 2 2 2 2 2 2 2 2 2
left_child=1 -1 3 9 6 7 -5 -6 -8 -2 -11
right_child=2 -3 -4 4 5 -7 8 -9 -10 10 -12
leaf_value=-9.461203139123188e-05 -0.0019815962743209019 -9.461203139123188e-05 -0.15276735070777422 0.01361091695164684 0.49827001655487069 -0.17948025824749947 -0.17647586393058035 -0.0136218048411847 0.0032168331967155914 0.96142241731524603 0.0019349354164194961
leaf_weight=408 1087 46 38 25 49 25 131 28 25 36 964
leaf_count=408 1087 46 38 25 49 25 131 28 25 36 964
internal_value=-0.00302389 -0.0156516 -0.000643075 -0.000457981 -0.00432118 0.00312141 -0.00851535 0.00836366 -0.0110396 6.58761e-05 0.00159194
internal_weight=2862 454 2408 2370 283 102 181 77 156 2087 1000
internal_count=2862 454 2408 2370 283 102 181 77 156 2087 1000
is_linear=0
shrinkage=0.072361


Tree=137
num_leaves=12
num_cat=0
split_feature=81 104 81 36 101 108 40 36 72 76 108
split_gain=17.0019 1.6021 1.02299 2.14735 1.67958 1.54726 1.57371 1.65387 1.39117 1.22925 1.87345
threshold=0.16250000000000003 1129.3809523809525 5.3125000000000009 12.450000000000001 0.88265389140238149 44.647357631100604 4.4500000000000011 8.6500000000000004 4.5000000000000009 226.50000000000003 36.033722175792079
decision_type=2 2 2 2 2 2 2 2 2 2 2
left_child=1 -1 3 4 -2 6 -6 -8 -7 -9 -11
right_child=2 -3 -4 -5 5 8 7 9 -10 10 -12
leaf_value=-8.7765811478035698e-05 0.011717131939977832 0.0014980829875351613 -0.012964870910268727 -0.0043982980282299671 -0.0026549431242220678 0.027497495924960539 0.0091294028016106876 -0.0032803098668547116 0.0062095663428103805 0.04528096609237988 -0.0026465562219483477
leaf_weight=441 28 24 1930 127 112 23 28 57 23 31 50
leaf_count=441 28 24 1930 127 112 23 28 57 23 31 50
internal_value=-0.00312708 -0.0157949 -0.000681858 0.00231131 0.00522148 0.00375203 0.00171791 0.00618987 0.0160448 0.00293636 0.00866532
internal_weight=2874 465 2409 479 352 324 278 166 46 138 81
internal_count=2874 465 2409 479 352 324 278 166 46 138 81
is_linear=0
shrinkage=0.072361


Tree=138
num_leaves=12
num_cat=0
split_feature=81 104 41 76 104 105 104 79 10 76 40
split_gain=17.1002 1.19395 0.798253 1.12333 1.35202 1.49367 1.44236 1.0266 0.974422 0.916898 0.803804
threshold=0.16250000000000003 1148.166666666667 7.0000000000000009 128.50000000000003 856.88095238095252 0.8571550881952994 975.92857142857156 100.25000000000001 31.779072034134238 728.50000000000011 -2.8499999999999992
decision_type=2 2 2 2 2 2 2 2 2 2 2
left_child=1 -1 9 4 5 -4 -6 10 -8 -2 -5
right_child=2 -3 3 7 6 -7 8 -9 -10 -11 -12
leaf_value=-8.141499079061057e-05 -0.010493847598328587 -0.007627185962956101 -0.00762846690970198 -0.18514126590841773 -0.031826297854653136 0.086087327753512674 -0.0059421500936350027 -0.17111653458749718 0.65084516238908074 0.28414220692521919 -0.0009699617084050077
leaf_weight=439 79 23 23 44 47 53 25 34 23 31 2046
leaf_count=439 79 23 23 44 47 53 25 34 23 31 2046
internal_value=-0.003006 -0.0157565 -0.000556623 -0.000268004 0.00537414 0.0125678 -0.000380836 -0.000722247 0.00844189 -0.0065782 -0.000519337
internal_weight=2867 462 2405 2295 171 76 95 2124 48 110 2090
internal_count=2867 462 2405 2295 171 76 95 2124 48 110 2090
is_linear=0
shrinkage=0.072361


Tree=139
num_leaves=12
num_cat=0
split_feature=81 104 81 36 36 1 100 101 11 41 77
split_gain=16.1394 1.56851 1.06583 2.25857 1.52223 2.01809 1.2997 1.15984 1.50399 1.15319 1.27829
threshold=0.16250000000000003 1129.3809523809525 5.3125000000000009 12.450000000000001 11.15 3.5000000000000004 901.48888888888905 0.88265389140238149 1.497916666666667 48.050000000000004 405.00000000000006
decision_type=2 2 2 2 2 2 2 2 2 2 2
left_child=1 -1 3 4 6 -6 7 -2 -9 10 -10
right_child=2 -3 -4 -5 5 -7 -8 8 9 -11 -12
leaf_value=-7.5523721752336677e-05 0.0076227508773032476 0.0018869891310192796 -0.020167289140540608 -0.0037135391523927287 0.075665489895089949 -0.00093839321599710306 0.015419260674836522 -0.0044199094024304471 0.003145475725361693 -0.0058522170232047357 -0.004933988141768258
leaf_weight=438 23 24 1920 125 44 30 42 38 105 36 28
leaf_count=438 23 24 1920 125 44 30 42 38 105 36 28
internal_value=-0.00321858 -0.0155999 -0.000826205 0.00225839 0.0052702 0.014472 0.00276673 0.000629219 -0.00108366 0.00184112 0.00495096
internal_weight=2853 462 2391 471 346 74 272 230 207 169 133
internal_count=2853 462 2391 471 346 74 272 230 207 169 133
is_linear=0
shrinkage=0.072361


Tree=140
num_leaves=12
num_cat=0
split_feature=81 104 11 77 79 13 8 19 36 72 36
split_gain=16.54 1.59132 0.79192 1.37694 1.69151 1.83485 4.27906 2.19443 2.08134 1.52717 1.75971
threshold=0.16250000000000003 1129.3809523809525 2.8687500000000008 197.50000000000003 1.6250000000000002 21.500000000000004 31.354166666666668 11.500000000000002 14.450000000000001 7.5000000000000009 13.450000000000001
decision_type=2 2 2 2 2 2 2 2 2 2 2
left_child=1 -1 -2 -4 -5 9 -7 -8 -9 -6 -11
right_child=2 -3 3 4 5 6 7 8 -10 10 -12
leaf_value=-7.0058750752597065e-05 -0.0046987482373151892 0.0017504447362440708 -0.0065923321908920515 0.02202978178051716 -0.15718008415817755 1.0647671826468241 2.5082089538420163 -0.07852365947114219 0.10182454207137884 0.22724829469603505 -0.11285746008324128
leaf_weight=449 1676 24 120 44 169 34 38 161 74 49 39
leaf_count=449 1676 24 120 44 169 34 38 161 74 49 39
internal_value=-0.00337282 -0.0157419 -0.000939128 0.0010536 0.0024517 0.00138563 0.00516188 0.00214696 -0.000461874 -0.0031253 0.00460472
internal_weight=2877 473 2404 728 608 564 307 273 235 257 88
internal_count=2877 473 2404 728 608 564 307 273 235 257 88
is_linear=0
shrinkage=0.072361


Tree=141
num_leaves=12
num_cat=0
split_feature=81 104 77 46 3 76 78 2 2 36 0
split_gain=17.4838 1.64943 0.773112 1.32075 1.13779 0.932126 1.55932 1.44811 1.28024 1.32663 1.09446
threshold=0.16250000000000003 1129.3809523809525 1977.5000000000002 0.15833333333333335 24.500000000000004 1516.5000000000002 2335.6000000000004 13.500000000000002 27.500000000000004 7.7500000000000009 20.500000000000004
decision_type=2 2 2 2 2 2 2 2 2 2 2
left_child=1 -1 5 4 -4 6 -2 -8 10 -10 -7
right_child=2 -3 3 -5 -6 8 7 -9 9 -11 -12
leaf_value=-6.4989230444839166e-05 -0.0019395876849837867 0.0016237808285570164 0.13993640017774966 0.13975568405292479 -0.11868265405119893 -0.012097592096173565 -0.0088817683148995595 1.1053578683203436 0.57081447493219606 -0.062400947440683294 -0.4042912424177556
leaf_weight=437 2094 24 26 24 33 40 26 23 26 46 63
leaf_count=437 2094 24 26 24 33 40 26 23 26 46 63
internal_value=-0.00315031 -0.0160575 -0.000672074 0.00618982 0.000367918 -0.00091778 -0.000503117 0.0122568 -0.00599558 0.00140699 -0.0111702
internal_weight=2862 461 2401 83 59 2318 2143 49 175 72 103
internal_count=2862 461 2401 83 59 2318 2143 49 175 72 103
is_linear=0
shrinkage=0.072361


Tree=142
num_leaves=12
num_cat=0
split_feature=81 104 104 76 23 108 104 79 78 38 78
split_gain=15.855 1.26408 1.14546 1.06515 0.932095 0.910147 1.60947 0.889093 0.821997 0.870746 1.82674
threshold=0.16250000000000003 1045.7380952380954 1180.6190476190479 326.50000000000006 1.0000000180025095e-35 39.584507535207813 867.4761904761906 44.125000000000007 728.1500000000002 15.050000000000002 1161.9500000000003
decision_type=2 2 2 2 2 2 2 2 2 2 2
left_child=1 4 8 -3 5 6 -1 -4 -2 10 -10
right_child=2 3 7 -5 -6 -7 -8 -9 9 -11 -12
leaf_value=-6.0286545626933566e-05 0.084100831071598936 -6.0286545626933566e-05 -0.053291429526890671 0.0036180727180147657 -6.0286545626933566e-05 -6.0286545626933566e-05 0.063348521450056788 -0.20529596435930003 -0.010170403269311581 0.0010418603797399178 0.00050520378712139765
leaf_weight=56 42 23 29 23 280 45 24 31 514 1088 691
leaf_count=56 42 23 29 23 280 45 24 31 514 1088 691
internal_value=-0.00332566 -0.0157718 -0.000981934 -0.00440445 -0.0170628 -0.0118671 -0.00723598 -0.0108539 -0.000728259 -0.000912007 -0.0022519
internal_weight=2846 451 2395 46 405 125 80 60 2335 2293 1205
internal_count=2846 451 2395 46 405 125 80 60 2335 2293 1205
is_linear=0
shrinkage=0.072361


Tree=143
num_leaves=12
num_cat=0
split_feature=81 104 84 0 13 9 108 11 84 77 38
split_gain=17.5034 1.60414 0.852702 1.68231 1.97978 2.62497 1.27284 1.65169 1.20395 1.52545 2.4393
threshold=0.16250000000000003 1129.3809523809525 1.0000000180025095e-35 125.50000000000001 22.500000000000004 39.068452380952387 52.771805354780163 3.71875 1.5000000000000002 487.50000000000006 6.4500000000000011
decision_type=2 2 2 2 2 2 2 2 2 2 2
left_child=1 -1 3 6 5 -5 7 -2 -4 10 -10
right_child=2 -3 8 4 -6 -7 -8 -9 9 -11 -12
leaf_value=-5.5924151721001921e-05 -0.00056231240688263547 0.0012444751355611568 -0.033590657442517144 0.73574244368827169 -0.18954630397833486 0.038377287434247127 -0.30459460765915619 0.046245048104326177 -0.16640571698966061 -0.013756800723997382 0.16252969769715297
leaf_weight=442 1173 24 683 25 29 26 40 114 28 179 103
leaf_count=442 1173 24 683 25 29 26 40 114 28 179 103
internal_value=-0.00297422 -0.0158076 -0.000482407 0.000663436 0.010854 0.0194377 4.90754e-05 0.000444172 -0.00210597 0.00163395 0.00756745
internal_weight=2866 466 2400 1407 80 51 1327 1287 993 310 131
internal_count=2866 466 2400 1407 80 51 1327 1287 993 310 131
is_linear=0
shrinkage=0.072361


Tree=144
num_leaves=12
num_cat=0
split_feature=81 104 79 2 77 84 40 101 105 109 81
split_gain=17.5234 1.0646 0.940115 1.6597 2.23276 2.08018 1.57621 1.8572 1.66551 1.60882 1.61278
threshold=0.16250000000000003 1045.7380952380954 5.8750000000000009 10.500000000000002 458.50000000000006 1.5000000000000002 10.750000000000002 0.87611838679546217 0.83887932543994426 2.919336665268542 1.8125000000000002
decision_type=2 2 2 2 2 2 2 2 2 2 2
left_child=1 -1 6 4 5 -4 7 -2 -9 10 -10
right_child=2 -3 3 -5 -6 -7 -8 8 9 -11 -12
leaf_value=-5.1877424941003716e-05 0.013979526301884046 -5.1877424941003716e-05 -0.076888325619388923 -0.0031165791088328064 -0.20785015591497522 0.98018117593979792 -0.0030402736823115111 -0.0066267630822426831 0.00023549655513988935 0.0022560888055275035 0.1399667251013863
leaf_weight=409 30 44 185 1497 124 28 139 66 31 264 31
leaf_count=409 30 44 185 1497 124 28 139 66 31 264 31
internal_value=-0.00290663 -0.0159577 -0.000438094 -0.001231 -0.00581892 -0.00132491 0.00215405 0.00435536 0.00302734 0.00514959 0.015639
internal_weight=2848 453 2395 1834 337 213 561 422 392 326 62
internal_count=2848 453 2395 1834 337 213 561 422 392 326 62
is_linear=0
shrinkage=0.072361


Tree=145
num_leaves=12
num_cat=0
split_feature=81 104 1 104 8 0 78 19 76 1 84
split_gain=17.6149 1.71549 0.874217 0.87892 1.38645 1.97115 0.937162 0.897693 1.28536 1.01154 0.766025
threshold=0.16250000000000003 1129.3809523809525 228.50000000000003 1155.0000000000002 9.3125000000000018 3.5000000000000004 728.1500000000002 49.500000000000007 680.50000000000011 183.50000000000003 1.0000000180025095e-35
decision_type=2 2 2 2 2 2 2 2 2 2 2
left_child=1 -1 3 4 5 -2 -6 9 -9 10 -8
right_child=2 -3 -4 -5 6 -7 7 8 -10 -11 -12
leaf_value=-4.8123523302344315e-05 -0.00079935350848273664 0.0017294660544814595 0.058976894529193635 -0.12752605740888825 0.077300130071282711 0.14846196367841477 0.00072734961509831871 -0.027139203326085177 0.43534076031374458 -0.068298171526827309 -0.016618040156710194
leaf_weight=443 26 23 25 67 38 24 1229 41 26 58 871
leaf_count=443 26 23 25 67 38 24 1229 41 26 58 871
internal_value=-0.00293124 -0.0158076 -0.000436272 -0.000577672 -0.000341001 0.0115775 -0.000604341 -0.000796784 0.00745196 -0.00105289 -0.000792525
internal_weight=2871 466 2405 2380 2313 50 2263 2225 67 2158 2100
internal_count=2871 466 2405 2380 2313 50 2263 2225 67 2158 2100
is_linear=0
shrinkage=0.072361


Tree=146
num_leaves=12
num_cat=0
split_feature=81 104 1 79 78 60 100 81 81 81 89
split_gain=17.4458 1.73306 1.30527 0.837956 0.741416 0.73112 0.696174 0.616035 1.05168 1.0586 0.939589
threshold=0.16250000000000003 1129.3809523809525 228.50000000000003 104.37500000000001 1105.1000000000001 0.35000000000000003 871.37222222222238 84.687500000000014 79.187500000000014 73.562500000000014 1.0000000180025095e-35
decision_type=2 2 2 2 2 2 2 2 2 2 2
left_child=1 4 3 5 6 7 -1 8 9 10 -2
right_child=2 -3 -4 -5 -6 -7 -8 -9 -10 -11 -12
leaf_value=-4.4641257688964793e-05 -0.00014068734677841603 0.0016043201848993281 0.14141196089341337 -0.10466002329726412 -4.4641257688964793e-05 -0.27296584190757167 -4.4641257688964793e-05 0.2927761124049863 -0.40787786289088185 0.47738177222092215 -0.025660789543169128
leaf_weight=37 1947 23 25 36 294 34 107 38 29 42 244
leaf_count=37 1947 23 25 36 294 34 107 38 29 42 244
internal_value=-0.00300997 -0.0159005 -0.000528734 -0.000702238 -0.0169172 -0.000533252 -0.0126631 -0.000377536 -0.000531031 -0.000353218 -0.000571358
internal_weight=2856 461 2395 2370 438 2334 144 2300 2262 2233 2191
internal_count=2856 461 2395 2370 438 2334 144 2300 2262 2233 2191
is_linear=0
shrinkage=0.072361


Tree=147
num_leaves=12
num_cat=0
split_feature=81 104 23 108 8 38 2 8 83 11 78
split_gain=16.8899 1.66183 0.797913 0.878982 2.21604 0.753533 1.5361 0.989013 1.72276 1.37122 1.58238
threshold=0.16250000000000003 1045.7380952380954 1.0000000180025095e-35 39.584507535207813 21.979166666666668 30.850000000000005 20.500000000000004 10.72916666666667 1.0000000180025095e-35 1.3270833333333336 1710.8000000000004
decision_type=2 2 2 2 2 2 2 2 2 2 2
left_child=1 2 3 4 -1 7 -7 8 -2 10 -9
right_child=5 -3 -4 -5 -6 6 -8 9 -10 -11 -12
leaf_value=-4.1410972250144412e-05 -0.00081040583184581396 -4.1410972250144412e-05 -4.1410972250144412e-05 -4.1410972250144412e-05 0.061159021605587657 -0.096654308801330371 0.032893735759512883 -0.045222534910194401 0.026809128696172586 -0.00064186891903792712 0.005778884546123529
leaf_weight=59 57 45 287 48 25 49 48 78 42 2071 48
leaf_count=59 57 45 287 48 25 49 48 78 42 2071 48
internal_value=-0.00299119 -0.0156262 -0.0170454 -0.012389 -0.00792513 -0.000541271 -0.00678842 -0.000277342 0.00679746 -0.000596147 -0.00792517
internal_weight=2857 464 419 132 84 2393 97 2296 99 2197 126
internal_count=2857 464 419 132 84 2393 97 2296 99 2197 126
is_linear=0
shrinkage=0.072361


Tree=148
num_leaves=12
num_cat=0
split_feature=81 104 81 14 38 36 1 81 76 1 38
split_gain=18.192 1.7392 0.890968 2.25233 1.61851 2.17548 1.58451 1.16884 1.39204 1.22409 2.1068
threshold=0.16250000000000003 1129.3809523809525 5.3125000000000009 3.5000000000000004 14.850000000000003 8.6500000000000004 8.5000000000000018 21.145833333333339 1473.5000000000002 6.5000000000000009 25.750000000000004
decision_type=2 2 2 2 2 2 2 2 2 2 2
left_child=1 -1 3 4 5 6 -2 8 -4 10 -9
right_child=2 -3 7 -5 -6 -7 -8 9 -10 -11 -12
leaf_value=-3.841443345190836e-05 0.0066534546536880417 0.001491226532677547 -0.036399161468629343 0.26429913816262851 0.0035113319183612676 -0.0041903599997016767 -0.004796608316481459 0.0097152898915607178 -0.37424988043842955 -0.007268302683384042 0.52245125316175378
leaf_weight=441 44 23 466 30 210 160 34 193 36 1189 29
leaf_count=441 44 23 466 30 210 160 34 193 36 1189 29
internal_value=-0.00282601 -0.0159381 -0.000281455 0.00251295 0.00122755 -0.00285794 0.00705044 -0.000979691 -0.0039784 8.71805e-05 0.00501961
internal_weight=2855 464 2391 478 448 238 78 1913 502 1411 222
internal_count=2855 464 2391 478 448 238 78 1913 502 1411 222
is_linear=0
shrinkage=0.072361


Tree=149
num_leaves=12
num_cat=0
split_feature=81 104 23 108 8 10 0 36 79 11 78
split_gain=17.1574 1.21309 0.794969 0.878982 2.41064 0.717756 2.0317 1.81075 1.23621 1.05965 2.9796
threshold=0.16250000000000003 1045.7380952380954 1.0000000180025095e-35 39.584507535207813 21.979166666666668 13.976623772338231 3.5000000000000004 5.5500000000000007 8.1250000000000018 1.33125 2209.1000000000004
decision_type=2 2 2 2 2 2 2 2 2 2 2
left_child=1 2 3 4 -1 6 8 -8 -2 10 -7
right_child=5 -3 -4 -5 -6 9 7 -9 -10 -11 -12
leaf_value=-3.5634727156785121e-05 0.0035169635206902914 -3.5634727156785121e-05 -3.5634727156785121e-05 -3.5634727156785121e-05 0.057476123057670393 -0.13676261490835381 0.0048094010216555459 0.065226418442607376 -0.10024813819504585 -0.001287234171639468 0.21206000346179371
leaf_weight=60 24 47 286 48 24 100 27 36 39 2145 26
leaf_count=60 24 47 286 48 24 100 27 36 39 2145 26
internal_value=-0.00307446 -0.0157949 -0.0170342 -0.012389 -0.00792513 -0.000606782 0.00470916 0.0138976 -0.0044794 -0.000901724 -0.00735088
internal_weight=2862 465 418 132 84 2397 126 63 63 2271 126
internal_count=2862 465 418 132 84 2397 126 63 63 2271 126
is_linear=0
shrinkage=0.072361


Tree=150
num_leaves=12
num_cat=0
split_feature=81 104 81 40 40 108 40 72 36 36 2
split_gain=16.6785 1.70717 1.10109 2.3785 1.62371 1.71039 1.98891 1.43186 1.28036 1.72012 1.96709
threshold=0.16250000000000003 1129.3809523809525 5.0625000000000009 7.6500000000000012 6.3500000000000005 33.74515436876684 3.3500000000000001 7.5000000000000009 11.050000000000002 11.950000000000001 1.0000000180025095e-35
decision_type=2 2 2 2 2 2 2 2 2 2 2
left_child=1 -1 3 4 5 6 -2 -7 -5 -10 -11
right_child=2 -3 -4 8 -6 7 -8 -9 9 10 -12
leaf_value=-3.3056163150974071e-05 0.0049086132917343971 0.0013858984738894004 -0.013190727460727424 -0.017545039457610528 0.034005674401124855 0.0024457744856829144 0.068379815433713367 -0.0064597819958247945 0.06306764348610934 -0.0049979461350942514 0.0022786807644359598
leaf_weight=439 46 23 1916 30 37 91 25 45 43 90 61
leaf_count=439 46 23 1916 30 37 91 25 45 43 90 61
internal_value=-0.0031731 -0.0157565 -0.000734537 0.00241202 0.00735468 0.00485899 0.0139624 0.000106407 -0.00297195 -0.000820581 -0.00445663
internal_weight=2846 462 2384 468 244 207 71 136 224 194 151
internal_count=2846 462 2384 468 244 207 71 136 224 194 151
is_linear=0
shrinkage=0.072361


Tree=151
num_leaves=12
num_cat=0
split_feature=81 104 81 2 41 41 58 2 76 105 8
split_gain=16.4233 1.59591 0.77002 1.94938 1.23269 1.89494 1.63883 1.74937 1.3364 1.66117 1.42491
threshold=0.16250000000000003 1129.3809523809525 37.645833333333336 51.500000000000007 11.350000000000001 8.4500000000000011 -0.73172553092486881 16.500000000000004 706.50000000000011 1.306217324764902 51.437500000000007
decision_type=2 2 2 2 2 2 2 2 2 2 2
left_child=1 -1 3 4 5 6 -2 -8 9 10 -6
right_child=2 -3 -4 -5 8 -7 7 -9 -10 -11 -12
leaf_value=-3.0664186580021449e-05 -0.031029642431558542 0.00071432502772694696 0.0045599057451161289 -0.26279123433887935 -0.0011494569876782613 0.070956072577470053 -0.0012605811254918419 0.80192092614325527 -0.022019485089774554 0.07561502372090162 -0.50710406886700643
leaf_weight=438 24 24 920 86 880 80 61 25 272 26 24
leaf_count=438 24 24 920 86 880 80 61 25 272 26 24
internal_value=-0.00326383 -0.0157565 -0.000856986 -0.00188001 -0.00122681 0.00418929 -0.00197345 0.00269246 -0.00208294 -0.000778074 -0.00129673
internal_weight=2860 462 2398 1478 1392 190 110 86 1202 930 904
internal_count=2860 462 2398 1478 1392 190 110 86 1202 930 904
is_linear=0
shrinkage=0.072361


Tree=152
num_leaves=12
num_cat=0
split_feature=81 104 105 108 77 19 36 38 8 10 101
split_gain=17.1174 1.73306 0.905838 2.66003 1.87895 1.25543 1.13386 0.980131 1.67456 1.44294 1.4405
threshold=0.16250000000000003 1129.3809523809525 1.2412577996946508 37.003489254727263 307.50000000000006 50.500000000000007 9.8500000000000032 15.050000000000002 10.437500000000002 57.183751422724747 1.1860685010486984
decision_type=2 2 2 2 2 2 2 2 2 2 2
left_child=1 -1 5 6 -5 7 -4 8 -2 -10 -9
right_child=2 -3 3 4 -6 -7 -8 10 9 -11 -12
leaf_value=-2.8445295793098107e-05 0.022829414418989325 0.0012339242297314762 0.10380459444741502 0.042925341347251053 -0.26355611224418435 0.67897081211782262 -0.027908634313452519 0.0016971080016974088 -0.0065184334630221837 0.28541987489715953 0.035809727518493373
leaf_weight=438 32 23 39 43 130 25 25 962 1053 48 30
leaf_count=438 32 23 39 43 130 25 25 962 1053 48 30
internal_value=-0.0031353 -0.0159005 -0.000669953 -0.00491564 -0.00957835 -0.000201938 0.0076882 -0.000391601 -0.00184575 -0.00232002 0.00126923
internal_weight=2848 461 2387 237 173 2150 64 2125 1133 1101 992
internal_count=2848 461 2387 237 173 2150 64 2125 1133 1101 992
is_linear=0
shrinkage=0.072361


Tree=153
num_leaves=12
num_cat=0
split_feature=81 104 81 0 36 78 77 36 40 8 19
split_gain=15.9613 1.71356 0.798873 1.61318 1.88459 1.65465 1.43418 1.40988 1.88293 1.7221 2.31041
threshold=0.16250000000000003 1045.7380952380954 1.1458333333333337 2.5000000000000004 10.65 1388.9500000000003 104.50000000000001 11.050000000000002 10.15 25.729166666666668 20.500000000000004
decision_type=2 2 2 2 2 2 2 2 2 2 2
left_child=1 -1 3 4 5 -2 -6 -4 -9 10 -10
right_child=2 -3 7 -5 6 -7 -8 8 9 -11 -12
leaf_value=-2.6386966132146424e-05 0.0058533898870786723 -2.6386966132146424e-05 -0.01809446111783021 -0.012819861847025132 0.012001599134658231 0.00013633349093258005 -0.003044771697713511 0.035741537805096708 -0.13868458906315392 -0.029373854480069971 0.061474930543243315
leaf_weight=401 72 44 1193 31 24 45 93 229 52 476 182
leaf_count=401 72 44 1193 31 24 45 93 229 52 476 182
internal_value=-0.00294332 -0.0155291 -0.000606782 0.00314018 0.00519512 0.011689 -0.00129877 -0.00107252 0.00102492 -0.000815334 0.00426742
internal_weight=2842 445 2397 265 234 117 117 2132 939 710 234
internal_count=2842 445 2397 265 234 117 117 2132 939 710 234
is_linear=0
shrinkage=0.072361


Tree=154
num_leaves=12
num_cat=0
split_feature=81 104 76 100 81 3 49 76 12 76 41
split_gain=17.1983 1.60004 1.03657 1.5775 1.48397 1.88278 1.75248 1.50403 1.04995 1.25532 1.02189
threshold=0.16250000000000003 1129.3809523809525 128.50000000000003 771.21666666666681 68.562500000000014 1.5000000000000002 101939.50000000001 80.500000000000014 2.1595238095238103 165.50000000000003 21.800000000000004
decision_type=2 2 2 2 2 2 2 2 2 2 2
left_child=1 -1 3 -2 5 6 7 -5 -4 -10 -11
right_child=2 -3 8 4 -6 -7 -8 -9 9 10 -12
leaf_value=-2.4477579235719674e-05 0.066923317367786367 0.00057525717667435562 -0.061254297615365293 0.068288892488044345 1.0444762236472858 -0.098189131179313438 -0.02257122891252103 0.0090409945521472967 -0.016122597191006824 -0.0068021808863898943 0.0012975276186808747
leaf_weight=440 23 24 89 24 23 51 29 40 65 718 1326
leaf_count=440 23 24 89 24 23 51 29 40 65 718 1326
internal_value=-0.00303449 -0.0157821 -0.000557556 0.00457013 0.00212315 -0.000603 0.00552425 0.0122107 -0.00100081 -0.000675918 -0.000361097
internal_weight=2852 464 2388 190 167 144 93 64 2198 2109 2044
internal_count=2852 464 2388 190 167 144 93 64 2198 2109 2044
is_linear=0
shrinkage=0.072361


Tree=155
num_leaves=12
num_cat=0
split_feature=81 104 79 41 11 76 8 10 40 72 41
split_gain=16.825 1.69872 0.983287 1.07705 1.3939 1.92871 1.3644 1.32503 1.41164 1.16986 1.10765
threshold=0.16250000000000003 1129.3809523809525 100.25000000000001 12.800000000000002 2.8333333333333339 958.50000000000011 24.562500000000004 24.109765490773793 10.65 10.500000000000002 5.2000000000000011
decision_type=2 2 2 2 2 2 2 2 2 2 2
left_child=1 -1 3 4 6 -6 7 10 -9 -8 -2
right_child=2 -3 -4 -5 5 -7 9 8 -10 -11 -12
leaf_value=-2.270635745846533e-05 -0.010238229720105725 0.0011049194655523122 -0.092376176865628892 -0.002331267137618324 0.015863381039874822 0.91533562479695663 -0.20535343176277027 0.44978704642752876 0.002878212551076227 0.1123083531030766 0.0056436576737210666
leaf_weight=435 26 23 47 1971 89 23 54 24 27 31 104
leaf_count=435 26 23 47 1971 89 23 54 24 27 31 104
internal_value=-0.00299687 -0.0157045 -0.000567774 -0.000360419 0.00317774 0.00994952 0.000326436 0.00387788 0.0137624 -0.00723599 0
internal_weight=2854 458 2396 2349 378 112 266 181 51 85 130
internal_count=2854 458 2396 2349 378 112 266 181 51 85 130
is_linear=0
shrinkage=0.072361


Tree=156
num_leaves=12
num_cat=0
split_feature=81 104 105 108 11 1 77 9 10 78 23
split_gain=16.7605 1.60914 1.28755 1.36084 1.05473 1.04446 2.00202 2.81091 2.29519 1.34706 1.44811
threshold=0.16250000000000003 1129.3809523809525 1.2654196184520767 37.003489254727263 4.616666666666668 130.50000000000003 352.50000000000006 44.383928571428577 20.926435414321318 761.65000000000009 -0.37940952255126098
decision_type=2 2 2 2 2 2 2 2 2 2 2
left_child=1 -1 5 -4 -5 9 -7 8 -8 10 -2
right_child=2 -3 3 4 -6 6 7 -9 -10 -11 -12
leaf_value=-2.1063303036079226e-05 0.24382663760656106 0.00045367793758018372 0.05487730319365898 -0.11618779572901292 0.058906119392003062 -0.29124263699150332 0.05055465836059686 0.08674081354003986 -0.10528835113034879 0.0001126650914680234 0.017879963446398313
leaf_weight=431 23 24 59 107 27 92 25 29 118 1881 26
leaf_count=431 23 24 59 107 27 92 25 29 118 1881 26
internal_value=-0.00309609 -0.015824 -0.000669953 -0.00633623 -0.010368 -0.000171503 -0.00444031 0.000168276 -0.00399753 0.000412419 0.0122568
internal_weight=2842 455 2387 193 134 2194 264 172 143 1930 49
internal_count=2842 455 2387 193 134 2194 264 172 143 1930 49
is_linear=0
shrinkage=0.072361


Tree=157
num_leaves=12
num_cat=0
split_feature=81 104 38 23 1 105 1 3 40 76 101
split_gain=17.8767 1.71549 0.929568 1.01797 1.656 1.38667 1.33538 1.17604 1.16342 1.11607 1.06174
threshold=0.16250000000000003 1129.3809523809525 1.3500000000000003 -0.60355339059327395 54.500000000000007 0.97671058296354174 91.500000000000014 18.500000000000004 12.450000000000001 1886.0000000000002 1.0373755702089573
decision_type=2 2 2 2 2 2 2 2 2 2 2
left_child=1 -1 -2 4 7 6 -6 -4 10 -5 -9
right_child=2 -3 3 9 5 -7 -8 8 -10 -11 -12
leaf_value=-1.9539141652343677e-05 -0.0079817010861032607 0.00099213782012015422 0.044720346435051052 0.0013972444760452997 0.2181120776934404 -0.02391723614608884 0.0054416024846267964 -0.23630979260174345 -0.0029038807150012186 -0.078274500673168976 -0.0052512181362061282
leaf_weight=443 27 23 48 1726 37 178 45 151 63 78 42
leaf_count=443 27 23 48 1726 37 178 45 151 63 78 42
internal_value=-0.00284031 -0.0158076 -0.000317241 -0.000165013 -0.00284825 0.00139155 0.00917735 -0.00647438 -0.00842323 0.00067387 -0.0112103
internal_weight=2861 466 2395 2368 564 260 82 304 256 1804 193
internal_count=2861 466 2395 2368 564 260 82 304 256 1804 193
is_linear=0
shrinkage=0.072361


Tree=158
num_leaves=12
num_cat=0
split_feature=81 104 79 37 76 28 78 1 105 72 1
split_gain=17.5242 1.56426 1.07427 1.66822 1.54577 1.59072 1.99372 1.20036 1.20109 1.28348 0.923873
threshold=0.16250000000000003 1129.3809523809525 1.8750000000000002 0.55000000000000016 162.50000000000003 -0.5 1626.3000000000004 41.500000000000007 0.91472168488458394 5.5000000000000009 228.50000000000003
decision_type=2 2 2 2 2 2 2 2 2 2 2
left_child=1 -1 3 4 -2 -6 7 8 -7 -10 -4
right_child=2 -3 10 -5 5 6 -8 -9 9 -11 -12
leaf_value=-1.8125270089710329e-05 -0.0028814182568660273 0.00034905728325504285 -0.0075253619313473191 0.013813255250359721 -0.0017129141787262775 -0.0019428308907889224 -0.002814791627056906 0.013098162136107181 0.022227779667001395 0.0084533278560682233 0.11211540355140695
leaf_weight=436 98 24 2010 23 81 27 44 37 23 29 25
leaf_count=436 98 24 2010 23 81 27 44 37 23 29 25
internal_value=-0.0026366 -0.0155733 -0.00015396 0.00347811 0.00219857 0.00531445 0.0094973 0.014472 0.00943426 0.0158634 -0.00080006
internal_weight=2857 460 2397 362 339 241 160 116 79 52 2035
internal_count=2857 460 2397 362 339 241 160 116 79 52 2035
is_linear=0
shrinkage=0.072361


Tree=159
num_leaves=12
num_cat=0
split_feature=81 104 106 109 38 12 81 104 105 41 81
split_gain=17.8408 1.6316 0.747825 1.10865 1.54348 0.877872 0.856113 1.08629 1.20314 0.898127 0.779323
threshold=0.16250000000000003 1129.3809523809525 92.530952380952399 3.3582881483984695 18.250000000000004 3.5288690476190481 1.1458333333333337 1056.1190476190479 1.2553522297176551 32.95000000000001 37.937500000000007
decision_type=2 2 2 2 2 2 2 2 2 2 2
left_child=1 -1 10 4 -4 -5 -7 -8 9 -9 -2
right_child=2 -3 3 5 -6 6 7 8 -10 -11 -12
leaf_value=-1.6813707667938524e-05 -0.0010808921273250218 0.00032379915394181361 0.2518555514642038 -0.11676021492399266 -0.011698978189173733 0.012132202191793234 -0.17243962418588601 -0.014968165103273088 -0.064659295951413093 0.67775338812232011 0.014266502118553941
leaf_weight=442 1289 24 27 42 34 26 135 27 77 23 721
leaf_count=442 1289 24 27 42 34 26 135 27 77 23 721
internal_value=-0.003006 -0.0159629 -0.000491247 -0.00338671 0.00557523 -0.00504332 -0.00361803 -0.00486087 -5.69723e-05 0.0086831 7.19997e-05
internal_weight=2867 466 2401 391 61 330 288 262 127 50 2010
internal_count=2867 466 2401 391 61 330 288 262 127 50 2010
is_linear=0
shrinkage=0.072361


Tree=160
num_leaves=12
num_cat=0
split_feature=81 104 105 108 101 11 72 85 41 108 1
split_gain=17.7886 1.71342 1.03798 2.03494 1.11438 1.05473 0.867769 1.87753 1.58663 1.13215 1.03897
threshold=0.16250000000000003 1129.3809523809525 1.2654196184520767 37.003489254727263 0.97942657126519073 4.616666666666668 -1.0000000180025095e-35 1.2500000000000002 35.45000000000001 37.923927978616121 8.5000000000000018
decision_type=2 2 2 2 2 2 2 2 2 2 2
left_child=1 -1 4 -4 -2 -5 7 8 -6 10 -9
right_child=2 -3 3 5 6 -7 -8 9 -10 -11 -12
leaf_value=-1.5597051196681653e-05 -0.0068923943345483114 0.00087165719337337912 0.071951881429848208 -0.11220931709253706 0.09147435603700535 0.017353437381324496 0.00063955203893232399 0.00099192725261668959 1.0639785251046368 0.034147045100697895 -0.144022700474707
leaf_weight=442 433 23 61 107 27 27 1554 33 25 87 28
leaf_count=442 433 23 61 107 27 27 1554 33 25 87 28
internal_value=-0.0028492 -0.0157949 -0.00032201 -0.00538065 0.000129038 -0.010368 0.000940608 0.00542704 0.0172549 0.00127119 -0.00628697
internal_weight=2847 465 2382 195 2187 134 1754 200 52 148 61
internal_count=2847 465 2382 195 2187 134 1754 200 52 148 61
is_linear=0
shrinkage=0.072361


Tree=161
num_leaves=12
num_cat=0
split_feature=81 104 79 81 23 0 41 38 108 77 102
split_gain=17.0219 1.62354 1.01345 1.69037 1.34241 1.26768 1.38106 2.1244 1.27907 1.69931 1.48413
threshold=0.16250000000000003 1129.3809523809525 5.8750000000000009 6.9375000000000009 1.0000000180025095e-35 17.500000000000004 6.6500000000000012 5.0500000000000007 44.520123218400919 132.50000000000003 86.428888888888906
decision_type=2 2 2 2 2 2 2 2 2 2 2
left_child=1 -1 5 -4 -5 6 -2 -8 10 -10 -9
right_child=2 -3 3 4 -6 -7 7 8 9 -11 -12
leaf_value=-1.4468433187748824e-05 -0.0025551124001223493 0.00023729475349720024 -0.26606270228702816 -0.0071838290869894773 -0.31906764018360328 -0.20425317413733488 0.10725865150118391 -0.00029111259566174335 -0.002206262789558803 0.048227852137607795 0.0094400087913796542
leaf_weight=438 34 24 40 1732 64 51 23 323 23 38 71
leaf_count=438 34 24 40 1732 64 51 23 323 23 38 71
internal_value=-0.0031944 -0.0159131 -0.000745026 -0.00156861 -0.00124093 0.00194076 0.00302445 0.00402677 0.00294214 0.0126926 0.00143252
internal_weight=2861 462 2399 1836 1796 563 512 478 455 61 394
internal_count=2861 462 2399 1836 1796 563 512 478 455 61 394
is_linear=0
shrinkage=0.072361


Tree=162
num_leaves=12
num_cat=0
split_feature=81 104 36 8 11 76 76 76 0 72 13
split_gain=16.9955 1.20807 1.04108 1.10732 1.88483 1.5843 0.862601 1.09554 1.56637 1.82385 1.65076
threshold=0.16250000000000003 1045.7380952380954 1.0000000180025095e-35 10.72916666666667 0.88958333333333361 306.50000000000006 1516.5000000000002 1170.5000000000002 34.500000000000007 6.5000000000000009 21.500000000000004
decision_type=2 2 2 2 2 2 2 2 2 2 2
left_child=1 -1 -2 4 5 -4 7 -5 10 -10 -9
right_child=2 -3 3 6 -6 -7 -8 8 9 -11 -12
leaf_value=-1.3421483091168462e-05 -0.055127523082667995 -1.3421483091168462e-05 0.037124996499346266 -0.0012096849388907496 0.036180357643561888 -0.056579393131149035 -0.053083180654163682 0.015471295045556723 -0.2061051785324601 0.25995682088911887 0.99154543575123866
leaf_weight=416 34 47 24 1913 34 40 214 33 41 35 24
leaf_count=416 34 47 24 1913 34 40 214 33 41 35 24
internal_value=-0.00307946 -0.0157693 -0.000623176 -0.0004419 0.00708833 -0.000226114 -0.000768435 -0.00031123 0.00603909 -0.000761675 0.0151066
internal_weight=2855 463 2392 2358 98 64 2260 2046 133 76 57
internal_count=2855 463 2392 2358 98 64 2260 2046 133 76 57
is_linear=0
shrinkage=0.072361


Tree=163
num_leaves=12
num_cat=0
split_feature=81 104 41 1 41 0 0 108 40 9 1
split_gain=17.1732 1.20451 0.807075 1.13589 0.706546 1.49242 1.98859 1.54082 1.01681 1.0058 1.37612
threshold=0.16250000000000003 1129.3809523809525 7.0000000000000009 10.500000000000002 12.800000000000002 17.500000000000004 33.500000000000007 28.143437728912073 11.050000000000002 41.035714285714299 123.50000000000001
decision_type=2 2 2 2 2 2 2 2 2 2 2
left_child=1 -1 3 -2 5 7 -7 -4 -9 10 -8
right_child=2 -3 4 -5 -6 6 9 8 -10 -11 -12
leaf_value=-1.2450291336248599e-05 -0.011473388564244928 -0.0087411693316978411 0.17926154303001601 -0.00020688926368103594 -0.0021338550519960993 -0.23808343944085467 0.094826648308655184 -0.0022321668476638257 0.087398252826994233 0.40468821721705917 -0.23348965487868412
leaf_weight=445 46 23 23 61 2028 34 60 66 48 23 24
leaf_count=445 46 23 23 61 2028 34 60 66 48 23 24
internal_value=-0.00314711 -0.0158328 -0.000686725 -0.00683025 -0.000401657 0.00301936 -0.00220673 0.00839802 0.00495096 0.00263742 -0.00103371
internal_weight=2881 468 2413 107 2306 278 141 137 114 107 84
internal_count=2881 468 2413 107 2306 278 141 137 114 107 84
is_linear=0
shrinkage=0.072361


Tree=164
num_leaves=12
num_cat=0
split_feature=81 104 105 84 77 46 0 77 101 76 10
split_gain=16.7571 1.33403 1.19353 0.972122 1.35856 2.16664 1.40731 1.3399 1.32494 2.08608 1.14592
threshold=0.16250000000000003 1045.7380952380954 1.3541104975307945 1.0000000180025095e-35 1453.0000000000002 1.1583333333333337 27.500000000000004 948.50000000000011 0.87611838679546217 291.50000000000006 43.916326033752036
decision_type=2 2 2 2 2 2 2 2 2 2 2
left_child=1 -1 3 4 5 7 -6 8 9 -2 -10
right_child=2 -3 -4 -5 6 -7 -8 -9 10 -11 -12
leaf_value=-1.1549375974661527e-05 0.029797299487863884 -1.1549375974661527e-05 -0.064774583285909057 -0.012438831748073108 0.0083263216235413117 -0.30572068508187122 0.47653939061580808 -0.093520228286646176 -9.7140135962215683e-05 -0.0022773163728516013 0.05300150665937256
leaf_weight=412 29 45 46 988 26 23 25 81 1004 29 139
leaf_count=412 29 45 46 988 26 23 25 81 1004 29 139
internal_value=-0.0031542 -0.0158497 -0.000726638 -0.000500106 0.000757761 0.000304968 0.0123436 0.000699901 0.00130744 0.0119767 0.000766024
internal_weight=2847 457 2390 2344 1356 1305 51 1282 1201 58 1143
internal_count=2847 457 2390 2344 1356 1305 51 1282 1201 58 1143
is_linear=0
shrinkage=0.072361


Tree=165
num_leaves=12
num_cat=0
split_feature=81 106 105 77 100 108 108 0 60 10 8
split_gain=17.3564 1.61826 0.988305 2.60705 2.19309 1.29413 1.26395 0.820304 0.813281 0.851232 1.35288
threshold=0.16250000000000003 105.7309523809524 1.2412577996946508 323.50000000000006 925.09444444444455 37.003489254727263 34.228359057327516 112.50000000000001 0.35000000000000003 44.314126842948014 41.354166666666679
decision_type=2 2 2 2 2 2 2 2 2 2 2
left_child=1 -1 8 4 -4 6 -5 -7 9 10 -2
right_child=2 -3 3 5 -6 7 -8 -9 -10 -11 -12
leaf_value=-1.0713651737267707e-05 -0.00091951247500675478 0.00085445042186812299 0.14789549022816803 -0.018656464985653737 -0.19988936873283264 -0.19731868781545389 0.56769398834470364 -0.12047580287363092 -0.26634051994861352 0.032735767447111888 -0.39852907229802981
leaf_weight=449 1819 24 35 30 23 98 23 31 30 264 33
leaf_count=449 1819 24 35 30 23 98 23 31 30 264 33
internal_value=-0.00323207 -0.0158949 -0.00072179 -0.00512554 0.008234 -0.00938301 0.000136514 -0.0132941 -0.00022929 -6.15552e-05 -0.00060952
internal_weight=2859 473 2386 240 58 182 53 129 2146 2116 1852
internal_count=2859 473 2386 240 58 182 53 129 2146 2116 1852
is_linear=0
shrinkage=0.072361


Tree=166
num_leaves=12
num_cat=0
split_feature=81 104 79 40 81 0 23 105 3 108 108
split_gain=17.3789 1.70296 1.13285 1.53683 1.44071 1.28754 1.13702 1.14525 1.26288 1.20177 1.23071
threshold=0.16250000000000003 1129.3809523809525 5.8750000000000009 12.450000000000001 6.9375000000000009 17.500000000000004 1.0000000180025095e-35 1.2467936317316941 1.0000000180025095e-35 37.003489254727263 34.228359057327516
decision_type=2 2 2 2 2 2 2 2 2 2 2
left_child=1 -1 3 5 -4 -2 7 8 -6 10 -9
right_child=2 -3 4 -5 6 -7 -8 9 -10 -11 -12
leaf_value=-9.9384013300184602e-06 0.0036191183152186248 0.0013639100121382094 -0.22119408113923611 -0.0068139912024686071 -0.15810636371634168 -0.17250996839966748 -0.29566408318627524 -0.051799394874388574 0.0042535788974639452 -0.21713551434320191 0.49855950197489884
leaf_weight=437 436 23 41 71 49 46 64 26 1500 132 26
leaf_count=437 436 23 41 71 49 46 64 26 1500 132 26
internal_value=-0.00285028 -0.0157306 -0.000372246 0.00249926 -0.0012362 0.00396333 -0.000930183 -0.000580391 6.07277e-05 -0.00597761 0.00333965
internal_weight=2851 460 2391 553 1838 482 1797 1733 1549 184 52
internal_count=2851 460 2391 553 1838 482 1797 1733 1549 184 52
is_linear=0
shrinkage=0.072361


Tree=167
num_leaves=12
num_cat=0
split_feature=81 104 72 9 81 109 81 1 9 38 12
split_gain=17.2485 1.579 0.773337 0.993704 1.87387 1.80275 1.75063 1.77474 2.29707 2.21134 2.10124
threshold=0.16250000000000003 1129.3809523809525 18.500000000000004 34.074404761904766 10.145833333333334 3.0953943996314908 7.8125000000000009 74.500000000000014 30.413690476190478 18.850000000000005 3.0136904761904764
decision_type=2 2 2 2 2 2 2 2 2 2 2
left_child=1 -1 3 4 6 -5 7 8 9 -2 -10
right_child=2 -3 -4 5 -6 -7 -8 -9 10 -11 -12
leaf_value=-9.2192488069154266e-06 -0.0036880571813467525 0.0006939276727566567 -0.011231623025240211 -0.06133218724336395 -0.0029419357348649819 -0.0019874839164725462 0.08567188989463051 -0.041510372256362012 0.050754266763251142 0.007388101380911556 0.0055436137579823715
leaf_weight=443 69 24 81 144 686 1202 33 41 49 34 59
leaf_count=443 69 24 81 144 686 1202 33 41 49 34 59
internal_value=-0.00294243 -0.0156653 -0.000464704 -0.000221737 0.0015426 -0.00149453 0.00647437 0.00442204 0.00709888 -0.000632268 0.014472
internal_weight=2865 467 2398 2317 971 1346 285 252 211 103 108
internal_count=2865 467 2398 2317 971 1346 285 252 211 103 108
is_linear=0
shrinkage=0.072361


Tree=168
num_leaves=12
num_cat=0
split_feature=81 104 78 100 81 1 10 41 1 11 41
split_gain=18.2035 1.7392 0.858197 0.938465 0.800188 1.93968 0.849341 0.798127 1.1447 0.813272 0.801199
threshold=0.16250000000000003 1129.3809523809525 1105.1000000000001 876.01666666666677 0.2678571428571429 6.5000000000000009 10.825635502614833 7.0000000000000009 34.500000000000007 0.93750000000000033 12.800000000000002
decision_type=2 2 2 2 2 2 2 2 2 2 2
left_child=1 2 3 -1 5 -2 -6 8 -8 -9 -11
right_child=4 -3 -4 -5 6 -7 7 9 -10 10 -12
leaf_value=-8.5521348697289566e-06 -0.00043856244556650603 0.0012150028474860143 -8.5521348697289566e-06 -8.5521348697289566e-06 0.034764077017814261 0.0081280929691365661 -0.062855686821505621 -0.039870649223562676 0.0028416703821338104 0.013515773809249062 -0.0020939990339259159
leaf_weight=38 65 23 292 111 47 28 51 44 44 255 1860
leaf_count=38 65 23 292 111 47 28 51 44 44 255 1860
internal_value=-0.00282051 -0.0159381 -0.0169498 -0.012481 -0.000278079 0.00630232 -0.000544044 -0.000744798 -0.007236 -0.000459169 -0.0002566
internal_weight=2858 464 441 149 2394 93 2301 2254 95 2159 2115
internal_count=2858 464 441 149 2394 93 2301 2254 95 2159 2115
is_linear=0
shrinkage=0.072361


Tree=169
num_leaves=12
num_cat=0
split_feature=81 104 11 8 11 18 79 108 36 77 40
split_gain=17.177 1.68159 0.878806 1.36022 1.54022 1.43262 1.82964 1.39102 1.51054 1.74048 1.19563
threshold=0.16250000000000003 1129.3809523809525 2.5458333333333338 24.479166666666668 2.3145833333333337 1.0000000180025095e-35 66.625000000000014 29.892585646391794 9.6500000000000004 802.50000000000011 -2.8499999999999992
decision_type=2 2 2 2 2 2 2 2 2 2 2
left_child=1 -1 3 4 5 6 10 -5 -9 -10 -2
right_child=2 -3 -4 7 -6 -7 -8 8 9 -11 -12
leaf_value=-7.9332939550532361e-06 -0.19092567809731459 0.0011270840430091078 0.0055878779995878888 0.10857760393973423 1.1764301214069803 0.33985561237916684 -0.28024339789744857 -0.23352007336175074 -0.035460444928319651 0.11912067731452061 -0.00011969974496308351
leaf_weight=440 36 23 1036 40 31 40 29 88 200 24 865
leaf_count=440 36 23 1036 40 31 40 29 88 200 24 865
internal_value=-0.00285689 -0.0156131 -0.000384674 -0.00159911 -0.000238553 -0.000745989 -0.00132273 -0.00546817 -0.00709691 -0.00394107 -0.000746899
internal_weight=2852 463 2389 1353 1001 970 930 352 312 224 901
internal_count=2852 463 2389 1353 1001 970 930 352 312 224 901
is_linear=0
shrinkage=0.072361


Tree=170
num_leaves=12
num_cat=0
split_feature=81 104 8 79 11 8 11 11 38 100 41
split_gain=19.2096 1.76528 1.58045 1.51184 1.03239 1.23665 2.04253 1.97707 1.59569 1.59121 1.35866
threshold=0.16250000000000003 1129.3809523809525 9.9791666666666696 10.875000000000002 1.3270833333333336 19.062500000000004 1.935416666666667 1.7416666666666669 18.850000000000005 835.83333333333337 31.850000000000005
decision_type=2 2 2 2 2 2 2 2 2 2 2
left_child=1 -1 3 -2 -4 7 -7 8 10 -10 -6
right_child=2 -3 4 -5 5 6 -8 -9 9 -11 -12
leaf_value=-7.3592329793647054e-06 0.010414772124929561 0.0010455271299439301 -0.0094114076631349516 0.0078658836785766018 8.5888400467651175e-05 -0.038639202778505438 0.00013199701163893655 0.10484796307015809 0.00058267107309936856 0.33892890993515296 -0.025689095352522097
leaf_weight=440 23 23 149 65 145 138 1701 64 39 33 34
leaf_count=440 23 23 149 65 145 138 1701 64 39 33 34
internal_value=-0.0025912 -0.0160819 2.11836e-05 0.00953836 -0.000342482 6.04676e-05 -0.000657112 0.00424975 0.00135496 0.010452 -0.00230421
internal_weight=2854 463 2391 88 2303 2154 1839 315 251 72 179
internal_count=2854 463 2391 88 2303 2154 1839 315 251 72 179
is_linear=0
shrinkage=0.072361


Tree=171
num_leaves=12
num_cat=0
split_feature=81 104 8 76 45 108 81 19 76 105 76
split_gain=18.1691 1.22552 1.16178 1.10931 0.826131 2.03734 1.88888 1.59744 2.20102 1.5206 1.71869
threshold=0.16250000000000003 1045.7380952380954 9.3125000000000018 825.50000000000011 1.0000000180025095e-35 30.720330907500692 1.1458333333333337 47.500000000000007 869.50000000000011 0.87944552523647634 415.50000000000006
decision_type=2 2 2 2 2 2 2 2 2 2 2
left_child=1 -1 3 -2 -4 9 -7 -8 -9 10 -6
right_child=2 -3 4 -5 5 6 7 8 -10 -11 -12
leaf_value=-6.8267116221090151e-06 0.042858711169142638 -6.8267116221090151e-06 0.00058220243848449576 -0.024432001375445066 -0.05547959337400702 0.0091948741808046183 -0.093459452958360126 0.61571506819952426 -0.23239557647437376 0.27742808126914609 0.0074365954433823099
leaf_weight=423 37 47 1631 23 24 60 411 31 26 78 68
leaf_count=423 37 47 1631 23 24 60 411 31 26 78 68
internal_value=-0.00285242 -0.0158578 -0.000293806 0.00964793 -0.000549931 -0.00263319 -0.00485146 -0.00640115 0.0049509 0.00425649 -0.00204495
internal_weight=2859 470 2389 60 2329 698 528 468 57 170 92
internal_count=2859 470 2389 60 2329 698 528 468 57 170 92
is_linear=0
shrinkage=0.072361


Tree=172
num_leaves=12
num_cat=0
split_feature=81 79 104 88 8 81 89 0 0 38 38
split_gain=17.8751 1.3324 1.28465 1.18547 1.13143 1.05359 1.33842 1.24495 1.46184 1.21198 1.67973
threshold=0.16250000000000003 3.8750000000000004 1045.7380952380954 1.0000000180025095e-35 13.812500000000002 83.562500000000014 1.0000000180025095e-35 25.500000000000004 110.50000000000001 13.450000000000001 20.350000000000005
decision_type=2 2 2 2 2 2 2 2 2 2 2
left_child=2 3 -1 4 -2 6 -3 -8 9 -9 -11
right_child=1 5 -4 -5 -6 -7 7 8 -10 10 -12
leaf_value=-6.3327240355232576e-06 0.0056956073478405863 -0.0058115948955587467 -6.3327240355232576e-06 0.014387117206467325 3.2247701449015495e-05 0.026009542831488364 -0.22646706198523867 -0.17819795295632732 -0.67446404932543524 1.0726742437542194 -0.016792410205908038
leaf_weight=413 42 1651 46 79 344 69 98 32 27 26 27
leaf_count=413 42 1651 46 79 344 69 98 32 27 26 27
internal_value=-0.00279404 -0.000287027 -0.0158752 0.0031901 0.00153719 -0.00112478 -0.00145033 -0.00689148 -0.00167979 0.00297952 0.00969341
internal_weight=2854 2395 459 465 386 1930 1861 210 112 85 53
internal_count=2854 2395 459 465 386 1930 1861 210 112 85 53
is_linear=0
shrinkage=0.072361


Tree=173
num_leaves=12
num_cat=0
split_feature=81 8 84 79 0 104 77 81 81 11 10
split_gain=18.4522 1.50308 1.21821 1.30935 1.29805 1.21559 1.20402 1.7755 1.47893 1.40411 1.93563
threshold=0.16250000000000003 10.72916666666667 1.0000000180025095e-35 88.125000000000014 158.50000000000003 1129.3809523809525 677.50000000000011 73.062500000000014 61.812500000000007 2.2229166666666678 34.250607930763188
decision_type=2 2 2 2 2 2 2 2 2 2 2
left_child=5 -2 4 -4 6 -1 -3 8 9 -8 -11
right_child=1 2 3 -5 -6 -7 7 -9 -10 10 -12
leaf_value=-5.8744818779535021e-06 0.007079018573158246 0.0033882417330028053 -0.014593774902003023 -0.90987006331176234 0.43004164189798022 -0.0078010114503891835 -0.023777536425442843 0.65594465152503378 -0.33764685208306172 0.23729649296786939 -0.080675271089783118
leaf_weight=438 106 1042 923 25 41 23 74 35 28 62 68
leaf_count=438 106 1042 923 25 41 23 74 35 28 62 68
internal_value=-0.00263934 -9.63213e-05 -0.000484926 -0.00247309 0.00091121 -0.0159005 0.000514098 -0.00382129 -0.00611322 -0.00397273 0.000556612
internal_weight=2865 2404 2298 948 1350 461 1309 267 232 204 130
internal_count=2865 2404 2298 948 1350 461 1309 267 232 204 130
is_linear=0
shrinkage=0.072361


Tree=174
num_leaves=12
num_cat=0
split_feature=81 10 104 2 81 79 79 40 12 79 79
split_gain=17.64 1.2949 1.27701 1.04702 1.02619 1.4001 1.08339 1.21189 2.61871 1.36068 1.50774
threshold=0.16250000000000003 10.825635502614833 1045.7380952380954 27.500000000000004 83.562500000000014 99.125000000000014 5.3750000000000009 12.350000000000003 3.2241071428571435 77.125000000000014 49.625000000000007
decision_type=2 2 2 2 2 2 2 2 2 2 2
left_child=2 3 -1 -2 5 6 -3 -8 -9 10 -10
right_child=1 4 -4 -5 -6 -7 7 8 9 -11 -12
leaf_value=-5.4493985748982141e-06 0.035616233090966114 0.0025753971564243801 -5.4493985748982141e-06 -0.0086793783873249705 0.15077553063180144 -1.0290129162388222 -0.024910567972524226 0.45127403358213714 0.015487092111065984 0.33893086361038277 -0.24307508262545993
leaf_weight=410 25 522 46 23 62 23 1373 52 200 25 89
leaf_count=410 25 522 46 23 62 23 1373 52 200 25 89
internal_value=-0.00279288 -0.000308305 -0.0158369 0.0114569 -0.000549031 -0.000798379 -0.000617677 -0.0014855 0.00221432 -0.000276537 -0.00167756
internal_weight=2850 2394 456 48 2346 2284 2261 1739 366 314 289
internal_count=2850 2394 456 48 2346 2284 2261 1739 366 314 289
is_linear=0
shrinkage=0.072361


end of trees

feature_importances:
orders_count_same_wd_hour_roll8=270
food_tickets_count_roll_mean_24=230
orders_count_trend_21d=158
orders_count_roll_mean_24=111
orders_count_same_slot_4w_avg=76
orders_count_roll_std_24=59
hour=59
suffolk_footfall_lag_24h=57
hour_sin=55
orders_count_lag_48h=52
orders_count_ewma_168=52
temp_c=50
suffolk_footfall_lag_168h=48
suffolk_footfall_roll_24h=46
apparent_temp_c=43
orders_count_trend_90d=43
wind_gusts_kmh=40
wind_speed_kmh=39
orders_count_lag_24h=38
orders_count_trend_ratio_21_90=37
orders_count_lag_168h=33
afternoon_rain_mm=31
days_from_payday=28
week_of_year=27
orders_count_lag_336h=26
food_tickets_count_roll_mean_168=22
orders_count_yoy_ratio=22
orders_count_roll_mean_168=17
food_tickets_count_ewma_168=14
weekday_sin=12
weekday_cos=12
is_friday_saturday=10
food_tickets_count_trend_21d=10
tv_sports_intensity=9
food_tickets_count_trend_ratio_21_90=9
weekday=8
sunshine_duration_min=8
rain_mm=7
match_kickoff_proximity=7
st_patricks_week_flag=5
tv_sports_flag=5
bank_holiday_flag=4
is_match_in_2_days=4
food_tickets_count_trend_90d=4
food_tickets_count_yoy_ratio=4
month_sin=3
month_cos=3
rain_x_weekend=3
school_holiday_flag=2
airport_arrivals=2
airport_arrivals_lag1=2
christmas_market_flag=2
hour_cos=1
rainy_day_flag=1
cruise_passenger_estimate=1
tourism_pressure=1
days_until_next_match=1
is_match_tomorrow=1
rag_week_flag=1

parameters:
[boosting: gbdt]
[objective: quantile]
[metric: quantile]
[tree_learner: serial]
[device_type: cpu]
[data_sample_strategy: bagging]
[data: ]
[valid: ]
[num_iterations: 1000]
[learning_rate: 0.072361]
[num_leaves: 12]
[num_threads: 0]
[seed: 42]
[deterministic: 0]
[force_col_wise: 0]
[force_row_wise: 0]
[histogram_pool_size: -1]
[max_depth: -1]
[min_data_in_leaf: 23]
[min_sum_hessian_in_leaf: 0.001]
[bagging_fraction: 0.957267]
[pos_bagging_fraction: 1]
[neg_bagging_fraction: 1]
[bagging_freq: 1]
[bagging_seed: 400]
[bagging_by_query: 0]
[feature_fraction: 0.970309]
[feature_fraction_bynode: 1]
[feature_fraction_seed: 30056]
[extra_trees: 0]
[extra_seed: 12879]
[early_stopping_round: 0]
[early_stopping_min_delta: 0]
[first_metric_only: 0]
[max_delta_step: 0]
[lambda_l1: 9.09219e-06]
[lambda_l2: 0.00119092]
[linear_lambda: 0]
[min_gain_to_split: 0.179915]
[drop_rate: 0.1]
[max_drop: 50]
[skip_drop: 0.5]
[xgboost_dart_mode: 0]
[uniform_drop: 0]
[drop_seed: 17869]
[top_rate: 0.2]
[other_rate: 0.1]
[min_data_per_group: 100]
[max_cat_threshold: 32]
[cat_l2: 10]
[cat_smooth: 10]
[max_cat_to_onehot: 4]
[top_k: 20]
[monotone_constraints: ]
[monotone_constraints_method: basic]
[monotone_penalty: 0]
[feature_contri: ]
[forcedsplits_filename: ]
[refit_decay_rate: 0.9]
[cegb_tradeoff: 1]
[cegb_penalty_split: 0]
[cegb_penalty_feature_lazy: ]
[cegb_penalty_feature_coupled: ]
[path_smooth: 0]
[interaction_constraints: ]
[verbosity: -1]
[saved_feature_importance_type: 0]
[use_quantized_grad: 0]
[num_grad_quant_bins: 4]
[quant_train_renew_leaf: 0]
[stochastic_rounding: 1]
[linear_tree: 0]
[max_bin: 255]
[max_bin_by_feature: ]
[min_data_in_bin: 3]
[bin_construct_sample_cnt: 200000]
[data_random_seed: 175]
[is_enable_sparse: 1]
[enable_bundle: 1]
[use_missing: 1]
[zero_as_missing: 0]
[feature_pre_filter: 1]
[pre_partition: 0]
[two_round: 0]
[header: 0]
[label_column: ]
[weight_column: ]
[group_column: ]
[ignore_column: ]
[categorical_feature: ]
[forcedbins_filename: ]
[precise_float_parser: 0]
[parser_config_file: ]
[objective_seed: 16083]
[num_class: 1]
[is_unbalance: 0]
[scale_pos_weight: 1]
[sigmoid: 1]
[boost_from_average: 1]
[reg_sqrt: 0]
[alpha: 0.7]
[fair_c: 1]
[poisson_max_delta_step: 0.7]
[tweedie_variance_power: 1.5]
[lambdarank_truncation_level: 30]
[lambdarank_norm: 1]
[label_gain: ]
[lambdarank_position_bias_regularization: 0]
[eval_at: ]
[multi_error_top_k: 1]
[auc_mu_weights: ]
[num_machines: 1]
[local_listen_port: 12400]
[time_out: 120]
[machine_list_filename: ]
[machines: ]
[gpu_platform_id: -1]
[gpu_device_id: -1]
[gpu_device_id_list: ]
[gpu_use_dp: 0]
[num_gpu: 1]

end of parameters

pandas_categorical:null
