tree
version=v4
num_class=1
num_tree_per_iteration=1
label_index=0
max_feature_idx=105
objective=quantile
feature_names=orders_count_lag_24h orders_count_lag_48h orders_count_lag_168h orders_count_lag_336h food_tickets_count_lag_24h food_tickets_count_lag_48h food_tickets_count_lag_168h food_tickets_count_lag_336h orders_count_roll_mean_24 orders_count_roll_mean_168 orders_count_roll_std_24 food_tickets_count_roll_mean_24 food_tickets_count_roll_mean_168 hour weekday month quarter is_weekend is_friday_saturday week_of_year bank_holiday_flag school_holiday_flag payday_period_flag hour_sin hour_cos weekday_sin weekday_cos month_sin month_cos is_food_service is_breakfast_window is_lunch_window is_dinner_window is_after_food_close hours_since_food_close is_live_music_window temp_c rain_mm wind_speed_kmh weather_severity_flag apparent_temp_c wind_gusts_kmh sunshine_duration_min uv_index precip_probability rainy_day_flag afternoon_rain_mm outdoor_weather_flag airport_arrivals airport_arrivals_lag1 airport_arrivals_zscore cruise_ship_flag ships_in_port_count cruise_passenger_estimate major_sports_event_flag city_event_flag st_patricks_week_flag event_intensity tourism_pressure weekend_x_music rain_x_weekend aviva_event_flag croke_park_event_flag nearby_venue_event_flag event_impact_score bloomsday_flag bloomsday_week_flag summer_tourism_flag christmas_market_flag new_years_eve_flag new_years_day_flag college_term_flag days_from_payday failte_event_count failte_free_event_count failte_festival_count suffolk_footfall_lag_24h suffolk_footfall_lag_168h suffolk_footfall_roll_24h orders_count_same_slot_4w_avg food_tickets_count_same_slot_4w_avg orders_count_same_wd_hour_roll8 food_tickets_count_same_wd_hour_roll8 tv_sports_flag tv_sports_intensity match_kickoff_proximity is_ireland_match_window days_until_next_match is_match_tomorrow is_match_in_2_days post_lecture_window fresher_week_flag rag_week_flag exam_period_flag is_business_lunch_hour is_after_work_window budget_day_flag cheltenham_festival_flag sunny_afternoon late_night_x_fri_sat orders_count_trend_90d orders_count_yoy_ratio food_tickets_count_trend_90d food_tickets_count_yoy_ratio orders_count_ewma_168 food_tickets_count_ewma_168
feature_infos=[0:325] [0:325] [0:325] [0:325] [0:48.299999999999997] [0:48.299999999999997] [0:48.299999999999997] [0:48.299999999999997] [1.1666666666666667:143.08333333333334] [16.482142857142858:72.68452380952381] [3.9963751691673188:553.40272831830612] [0:13.158333333333331] [1.4958333333333331:6.6583333333333341] [12:15] [0:6] [1:12] [1:4] [0:1] [0:1] [1:52] [0:1] [0:1] [0:1] [-0.70710678118654713:1.2246467991473532e-16] [-1:-0.70710678118654791] [-0.97492791218182362:0.97492791218182362] [-0.90096886790241903:1] [-1:1] [-1:1] none [0:1] [0:1] none none none none [0.29999999999999999:25.899999999999999] [0:6.9000000000000004] [0.29999999999999999:60.600000000000001] [0:1] [-4.5:26.899999999999999] [4.2999999999999998:108.7] [0:60] none none [0:1] [0:2.0666666666666664] [0:1] [92076:104600] [92076:104600] [-1.3882908791173396:1.2346356086620247] [0:1] [0:2] [0:3592] none none [0:1] [0:2] [-1.3882908791173396:1.7474967544161926] none [0:5.7999999999999998] none none none none none [0:1] [0:1] [0:1] none none [0:1] [-4:19] none none none [79:5345] [79:5345] [89.299999999999997:2839.0999999999999] [7:151.25] [1.7749999999999999:35.100000000000001] [14:132.5] [1.9750000000000001:29.824999999999999] [0:1] [0:3] [0:99] [0:1] [0:7] [0:1] [0:1] [0:1] [0:1] [0:1] [0:1] [0:1] none none [0:1] [0:1] none [552.44444444444446:985.56666666666672] [0.78467064901517591:1.72744513997161] [51.944444444444443:92.695555555555558] [0.78461076302463306:1.7277682902682903] [15.056071598804618:71.818481570634262] [1.364566808881279:6.9530172411586211]
tree_sizes=3223 3278 3262 3282 3331 3310 3282 3253 3305 3254 3309 3330 3237 3328 3228 3287 3250 3206 3325 3308 3288 3261 3304 3393 3265 3275 3359 3241 3357 3357 3259 3298 3339 3275 3261 3385 3324 3320 3417 3400 3420 3361 3260 3349 3269 3281 3340 3298 3348 3299 3404 3384

Tree=0
num_leaves=36
num_cat=0
split_feature=8 25 80 11 8 24 11 25 8 80 8 2 11 102 11 41 12 41 11 19 0 0 7 7 12 28 4 7 0 12 41 6 53 2 24
split_gain=112.364 25.9119 15.0035 9.16883 5.43735 3.35542 2.64278 2.26611 1.84964 2.17214 1.64327 1.60623 1.57089 1.56906 1.43889 1.3367 1.27711 1.22658 1.39922 1.17798 1.07412 1.06314 1.26188 1.02961 1.02078 0.996361 1.21989 1.14494 1.07572 0.918694 0.902479 0.948009 1.27833 1.26325 0.899996
threshold=40.312500000000007 -0.8783796973249266 6.8625000000000016 2.3312500000000007 58.250000000000007 -0.9159756150367534 3.0354166666666673 1.0000000180025095e-35 39.104166666666679 7.6875000000000009 20.479166666666668 68.500000000000014 2.1687500000000006 88.639444444444464 3.5020833333333337 50.600000000000001 2.8684523809523816 30.050000000000001 4.2937500000000011 51.500000000000007 32.500000000000007 33.500000000000007 7.7500000000000009 6.2500000000000009 3.667559523809524 0.6830127018922193 17.950000000000003 8.3500000000000032 43.500000000000007 3.4842261904761913 42.300000000000004 13.550000000000002 1499.0000000000002 76.500000000000014 -0.98296291314453399
decision_type=2 2 2 2 2 2 2 2 2 2 2 2 2 2 2 2 2 2 2 2 2 2 2 2 2 2 2 2 2 2 2 2 2 2 2
left_child=2 20 -1 10 13 6 21 8 9 -8 -4 24 -13 19 23 -16 -6 29 -19 25 -2 -5 -23 -7 -12 26 28 -28 -3 -15 31 32 -24 -33 -11
right_child=1 4 3 5 16 14 7 -9 -10 34 11 12 -14 17 15 -17 -18 18 -20 -21 -22 22 30 -25 -26 -27 27 -29 -30 -31 -32 33 -34 -35 -36
leaf_value=69.943319686357782 76.993550230374098 75.119084174426064 70.237078956760911 73.034789818055259 73.972022871042753 75.063129999889853 73.160686681579335 73.664274452513098 73.020801236900979 75.594694749699954 72.04160260720721 75.594694966483473 72.727041599633452 74.279770989410636 75.538740808622919 72.06957955273225 77.706966101622768 73.020801270252292 75.762557440065137 77.357252506602535 79.315650066151875 72.181487835102047 73.020801303603605 72.685075739441046 74.419656534142916 73.160686831660229 73.594331946957425 78.560268167954248 73.748205839384823 77.2453441241788 72.741030197463388 77.748932095220411 75.258969752509657 72.321373663320458 77.497138201415709
leaf_weight=788 22 15.999999999999998 204 24 14.999999999999998 8.9999999999999982 10.999999999999998 29 8.9999999999999982 27.999999999999993 95 17 20 9.0000000000000018 28 8.9999999999999982 236 21 33 10.999999999999998 319 37 51 179 15.999999999999998 46 13.999999999999998 29 127 20 31 18.000000000000004 22 10.999999999999998 45.000000000000007
leaf_count=788 22 16 204 24 15 9 11 29 9 28 95 17 20 9 28 9 236 21 33 11 319 37 51 179 16 46 14 29 127 20 31 18 22 11 45
internal_value=73.9992 74.0383 73.9777 73.9902 74.0198 74.0017 74.0109 74.0264 74.0364 74.0426 73.9729 73.9852 74.0092 74.0076 73.9889 74.0123 74.035 74.0234 74.0087 74.0017 74.0686 74.0006 74.0047 73.984 73.9772 73.9991 74.0038 74.0225 73.9973 74.0435 74.0111 74.0171 74.0071 74.0358 74.0507
internal_weight=2599 918 1681 893 577 541 316 122 93 84 352 148 37 326 225 37 251 83 54 243 341 194 170 188 111 232 186 43 143 29 133 102 73 29 73
internal_count=2599 918 1681 893 577 541 316 122 93 84 352 148 37 326 225 37 251 83 54 243 341 194 170 188 111 232 186 43 143 29 133 102 73 29 73
is_linear=0
shrinkage=1


Tree=1
num_leaves=36
num_cat=0
split_feature=8 25 79 80 8 8 15 8 80 81 0 7 47 15 27 80 3 1 7 80 80 8 1 105 8 81 81 1 0 8 81 81 3 8 8
split_gain=91.4784 18.3973 18.0042 5.35882 4.25341 4.11882 2.60169 2.50979 2.16217 1.81584 1.7096 1.58314 1.37742 1.75854 1.33936 1.32386 1.30515 1.25316 1.89551 1.67164 2.08321 1.17946 1.17146 1.06814 1.0402 1.73199 1.03996 1.03159 1.00931 0.970456 0.870413 0.864877 0.796733 0.776414 1.06602
threshold=42.020833333333336 -0.8783796973249266 61.125000000000007 15.362500000000002 20.479166666666668 57.854166666666679 7.5000000000000009 20.645833333333339 6.5291666666666677 79.312500000000014 104.50000000000001 10.750000000000002 1.0000000180025095e-35 11.500000000000002 -0.6830127018922193 11.312500000000002 95.500000000000014 35.500000000000007 14.15 8.5875000000000039 14.137500000000003 34.854166666666679 64.500000000000014 3.3329688399241815 55.604166666666679 77.937500000000014 86.562500000000014 70.500000000000014 104.50000000000001 55.062500000000007 70.187500000000014 72.562500000000014 38.500000000000007 89.145833333333357 64.229166666666671
decision_type=2 2 2 2 2 2 2 2 2 2 2 2 2 2 2 2 2 2 2 2 2 2 2 2 2 2 2 2 2 2 2 2 2 2 2
left_child=2 24 4 7 -1 6 15 14 -6 22 21 12 13 26 -4 -3 17 18 -9 27 32 -10 -5 30 -2 -26 33 -19 -25 -17 -8 -18 -21 34 -7
right_child=1 5 3 9 8 11 23 16 10 -11 -12 -13 -14 -15 -16 29 31 19 -20 20 -22 -23 -24 28 25 -27 -28 -29 -30 -31 -32 -33 -34 -35 -36
leaf_value=-4.2297297567564645 3.4529833252309432 -0.80409080922054044 1.2118171562438385 -0.51548876574038083 -2.3701252213584243 0.9082811153699516 -0.76593842550845692 -2.1630277009855754 -1.3510090920059488 2.9296087708374232 1.4208819115340225 3.1184728188588147 4.1923702471730682 3.4541978660760839 -4.9530253693123436 -0.088889321466673665 0.74348079154188251 -1.8105831091319111 2.0329562808877553 -0.56303894450969216 -1.9143440629823185 0.083630078763842 2.3403728670533503 2.5253448188814818 1.9142424499054143 6.2506938863635098 -1.7635321319958648 0.25438352800384417 0.16823358207000313 3.9500095035091931 6.4004138563399238 -2.149130389272413 1.5032769706306774 -1.7075779741353074 3.3283007857684956
leaf_weight=513 216 112 11.999999999999998 36 328 55 14.000000000000002 39 310 45 15.999999999999998 96 23 23 48 29 21 21 17 11.999999999999998 10.999999999999998 70 15.999999999999998 79 10.999999999999998 112 13.999999999999998 51 22 21 10.999999999999998 24 100 9.9999999999999982 40
leaf_count=513 216 112 12 36 328 55 14 39 310 45 16 96 23 23 48 29 21 21 17 12 11 70 16 79 11 112 14 51 22 21 11 24 100 10 40
internal_value=0.000789969 0.0369665 -0.0182962 0.00550034 -0.0269918 0.0206941 0.00881029 -0.00261813 -0.0197399 0.0333885 -0.0124166 0.033209 0.0231354 0.0163004 -0.0270122 -0.00297415 0.00285931 0.00687726 -0.0106038 0.0120995 0.0215751 -0.0144464 0.0127336 0.023293 0.0623245 0.0763177 0.00808383 -0.00458515 0.0293145 0.0146421 -0.00216395 -0.0173782 0.0274327 0.0130767 0.0170889
internal_weight=2578 888 1690 453 1237 549 288 356 724 97 396 261 165 142 60 162 296 251 56 195 123 380 52 126 339 123 119 72 101 50 25 45 112 105 95
internal_count=2578 888 1690 453 1237 549 288 356 724 97 396 261 165 142 60 162 296 251 56 195 123 380 52 126 339 123 119 72 101 50 25 45 112 105 95
is_linear=0
shrinkage=0.139886


Tree=2
num_leaves=36
num_cat=0
split_feature=25 25 1 7 12 1 19 27 1 101 100 36 13 13 101 72 41 72 72 42 72 27 72 36 7 82 105 19 82 78 7 78 82 25 38
split_gain=67.9308 23.0362 7.76243 7.18932 6.46554 3.88921 2.89358 2.77284 3.67523 2.43373 2.11824 1.98723 1.82528 3.64107 1.91985 1.82539 1.82421 2.09323 1.77008 1.63469 2.31095 1.96443 1.54951 1.53752 1.47078 1.30354 2.39232 1.85916 1.2638 1.2567 1.16348 1.9094 1.26045 1.15289 1.12962
threshold=-0.8783796973249266 -1.0000000180025095e-35 36.500000000000007 7.0500000000000007 5.8729166666666677 46.500000000000007 5.5000000000000009 -0.5 68.500000000000014 1.093121480054132 914.42222222222233 16.750000000000004 12.500000000000002 13.500000000000002 1.0111969418520028 1.0000000180025095e-35 54.900000000000013 1.0000000180025095e-35 7.5000000000000009 58.739833333333344 3.5000000000000004 0.93301270189221952 1.0000000180025095e-35 4.8500000000000005 9.7500000000000018 6.6267857142857149 2.7351091228472968 25.500000000000004 13.168750000000001 1311.8500000000001 8.5500000000000025 1157.6000000000001 8.0437500000000028 0.6078576107927941 10.550000000000002
decision_type=2 2 2 2 2 2 2 2 2 2 2 2 2 2 2 2 2 2 2 2 2 2 2 2 2 2 2 2 2 2 2 2 2 2 2
left_child=23 2 19 4 25 -5 -4 8 11 10 24 -8 33 15 -15 -14 17 -10 22 34 21 -21 -9 -1 30 -3 -27 -28 -24 -30 32 -32 -7 -12 -2
right_child=1 3 6 5 -6 9 7 18 16 -11 12 -13 13 14 -16 -17 -18 -19 -20 20 -22 -23 28 -25 -26 26 27 -29 29 -31 31 -33 -34 -35 -36
leaf_value=0.32011098250033698 0.16430408892418275 -3.0177776996047667 -0.54564428546325472 -2.1198182220300441 5.1672085291459959 -1.5994253656685469 -0.72621466899750398 3.5998193769476381 -2.0179937586247525 -3.0941420850086283 0.83259181219156397 1.4134050222850332 -0.27962838954515212 -0.86516938835858703 3.7620393198740261 2.5187662664458146 -0.36583523794765338 4.4842494759592437 3.1862805804591847 1.447389910642261 -0.70412083676331749 -2.0822884166928528 1.413120527150177 3.6693885696934219 -1.4265928920504085 -3.5969591055338799 0.64109919807909943 -1.0198036051705326 -0.85003498546553358 1.6049420132894141 2.6395172190569633 -0.90991609251474359 0.60282355200135984 -2.77204020406176 -1.8394289597968787
leaf_weight=11.999999999999998 10.999999999999998 627 39 175 11.999999999999998 74 74 43 9.9999999999999982 43 22 32 14.999999999999998 44 17 62 19 41 109 30 92 10.999999999999998 75 357 54 85 49 86 29 9.9999999999999982 19 29 31 24 93
leaf_count=12 11 627 39 175 12 74 74 43 10 43 22 32 15 44 17 62 19 41 109 30 92 11 75 357 54 85 49 86 29 10 19 29 31 24 93
internal_value=-0.000900791 -0.0103193 0.0101444 -0.0203288 -0.0285319 -0.00855671 0.0202528 0.023474 0.00930933 -0.00133127 0.00235295 -0.00715958 0.0130145 0.020792 -0.00470914 0.0396489 0.0325644 0.0448522 0.0323456 -0.0103631 9.96875e-05 0.0251854 0.0211971 0.0540106 -0.00724485 -0.0301443 -0.0196916 -0.00737162 0.0112995 -0.00815364 8.72513e-05 0.0166886 -0.0080951 -0.00996901 -0.0228699
internal_weight=2555 2186 718 1468 859 609 481 442 176 434 391 106 184 138 61 77 70 51 266 237 133 41 157 369 207 847 220 135 114 39 153 48 105 46 104
internal_count=2555 2186 718 1468 859 609 481 442 176 434 391 106 184 138 61 77 70 51 266 237 133 41 157 369 207 847 220 135 114 39 153 48 105 46 104
is_linear=0
shrinkage=0.139886


Tree=3
num_leaves=36
num_cat=0
split_feature=81 81 6 5 82 5 80 81 103 82 79 5 6 27 72 12 12 82 79 6 103 82 81 2 2 79 103 12 80 5 80 87 82 82 72
split_gain=54.2316 12.9097 8.61772 4.06685 3.79894 2.65323 3.01136 2.27131 2.17973 2.16836 1.81192 1.79873 1.70712 1.70655 1.66832 1.61005 1.54952 1.45511 1.3565 1.26548 1.24231 1.23191 1.21591 1.2108 1.15892 1.09904 1.07046 1.71125 1.06119 1.63184 1.60643 1.05859 1.07084 1.34699 1.01258
threshold=67.062500000000014 86.937500000000014 5.7500000000000009 7.2500000000000009 13.281250000000002 10.15 10.912500000000003 69.187500000000014 0.82570551200576403 9.8812500000000032 86.125000000000014 14.65 19.050000000000004 -0.93301270189221919 -1.0000000180025095e-35 3.667559523809524 5.0291666666666677 18.600000000000005 43.875000000000007 7.5500000000000007 0.90476342462173087 11.106250000000003 96.687500000000014 111.50000000000001 106.50000000000001 89.875000000000014 0.87381155169842151 2.874107142857143 6.3125000000000018 11.950000000000001 10.837500000000004 4.5000000000000009 7.3062500000000012 6.9687500000000009 5.5000000000000009
decision_type=2 2 2 2 2 2 2 2 2 2 2 2 2 2 2 2 2 2 2 2 2 2 2 2 2 2 2 2 2 2 2 2 2 2 2
left_child=2 3 8 -2 7 6 23 -5 -1 15 22 21 -6 -13 24 -9 -10 -14 -8 -17 -16 -11 -3 26 -12 -15 27 -4 29 -7 31 32 33 -30 -33
right_child=1 10 5 4 12 28 18 9 16 11 14 13 17 25 20 19 -18 -19 -20 -21 -22 -23 -24 -25 -26 -27 -28 -29 30 -31 -32 34 -34 -35 -36
leaf_value=3.3271678391878909 -0.33607234451066692 2.0341444733245004 -2.5995430413431988 2.5178951322314642 2.9017806229299459 0.90164557633631293 1.007701964905636 -1.5726481790496023 -3.0230225903717205 1.471453945848368 -0.3588581241806742 -0.8044974835533929 -1.3732573303028728 3.5359146106012003 2.0720543863227441 1.7213031618406287 3.7699417421227945 3.6207062546395501 -0.078895203640926961 -0.043708225143938274 3.8811340193452168 -0.91185474510849529 -1.1059549781023643 0.43793671655234112 1.3655591927118496 0.21265764182126023 -1.8328630128575572 1.2527438537924029 1.50294080446514 -1.2759267480152165 -0.53755686527764734 0.52059742980716794 1.483756616943138 -2.5442850135652226 -0.8078746794337589
leaf_weight=10.999999999999998 130 38 15.000000000000002 44 82 15.999999999999998 18 89 627 33 21 8.9999999999999982 22 38 23 11.999999999999998 10.999999999999998 19 155 41 258 37 10.999999999999998 8.9999999999999982 13.999999999999998 9.9999999999999982 484 10.999999999999998 38 53 45 42 61 17 42
leaf_count=11 130 38 15 44 82 16 18 89 627 33 21 9 22 38 23 12 11 19 155 41 258 37 11 9 14 10 484 11 38 53 45 42 61 17 42
internal_value=-0.00338748 0.02351 -0.0185552 0.0100524 0.0164712 -0.0103259 -0.0151223 0.00790433 -0.0310539 0.00268308 0.0437704 0.0155172 0.0366025 0.0324042 0.0476782 -0.00899334 -0.0321685 0.010711 0.000853329 0.00950785 0.0512826 -1.36977e-09 0.0156472 -0.0203853 0.0148738 0.0419744 -0.0213619 0.00503762 0.000348274 -0.0141129 0.00471234 0.0101209 0.0183759 0.00336685 -0.00183815
internal_weight=2586 931 1655 566 436 1006 692 313 649 269 365 127 123 57 316 142 638 41 173 53 281 70 49 519 35 48 510 26 314 69 245 200 116 55 84
internal_count=2586 931 1655 566 436 1006 692 313 649 269 365 127 123 57 316 142 638 41 173 53 281 70 49 519 35 48 510 26 314 69 245 200 116 55 84
is_linear=0
shrinkage=0.139886


Tree=4
num_leaves=36
num_cat=0
split_feature=11 25 7 11 11 94 11 11 7 25 41 41 27 41 12 101 28 11 72 3 11 7 15 7 87 94 72 103 11 46 41 27 41 41 12
split_gain=48.8716 11.8384 10.4273 4.31226 3.85911 4.05614 2.91226 2.7139 2.52111 2.34602 1.70489 1.82997 1.59303 1.41833 1.15881 1.15842 1.13269 1.0784 0.971654 1.05735 1.16435 0.938567 0.903953 1.26786 1.2422 0.878494 1.12107 0.898571 0.854543 0.777469 0.923818 0.880687 0.895081 0.980201 0.857115
threshold=3.4604166666666671 -0.8783796973249266 7.1500000000000012 7.1208333333333345 1.7395833333333335 1.0000000180025095e-35 5.3062500000000012 2.2562500000000005 12.050000000000002 0.6078576107927941 67.500000000000014 29.000000000000004 -0.5 61.400000000000013 2.6738095238095241 1.0066587530312356 -0.5 2.8812500000000005 8.5000000000000018 83.500000000000014 4.2354166666666675 19.150000000000002 9.5000000000000018 10.750000000000002 4.5000000000000009 1.0000000180025095e-35 11.500000000000002 0.89027388147191111 2.964583333333334 0.12500000000000003 50.95000000000001 0.68301270189221941 21.800000000000004 31.500000000000004 3.4163690476190482
decision_type=2 2 2 2 2 2 2 2 2 2 2 2 2 2 2 2 2 2 2 2 2 2 2 2 2 2 2 2 2 2 2 2 2 2 2
left_child=2 6 7 9 -4 14 18 -1 22 13 11 -10 -5 -3 17 -13 -16 -6 19 20 -2 -22 23 29 -24 27 -27 28 -9 31 34 32 -7 -34 -31
right_child=1 3 4 12 5 8 -8 25 10 -11 -12 15 -14 -15 16 -17 -18 -19 -20 -21 21 -23 24 -25 -26 26 -28 -29 -30 30 -32 -33 33 -35 -36
leaf_value=-3.3114806793123988 2.1355339722821811 0.49711925718577171 -2.4960177362286582 -0.62030091738913362 -0.92668369183220101 1.1475294553386379 4.0648481816360826 -1.1520105914589049 -0.25201322447848162 2.5065632191169755 -0.6695498487994006 2.097959718612973 4.2741392006787216 -0.47418665103347285 -0.32752448113540816 -0.0093340249101069375 -1.5932964764436275 1.2820671623587543 2.9286208944893715 1.3387184421546918 -0.71661808481543909 2.4584391563320516 -2.8079948204665093 -0.75239139186178317 1.9451532978429318 0.052893048531214501 -1.3957516824707357 -1.7701885090596994 0.39832105705432325 0.2713415297390433 -1.7396247627934041 1.0808965353654614 -1.2427079439460358 0.0073309489149158639 1.6210423708478887
leaf_weight=526 14.999999999999998 532 120 10.999999999999998 16.000000000000004 9.9999999999999982 118 16.000000000000004 29 35 8.9999999999999982 71 45 54 95 18 131 8.9999999999999982 84 89 21.000000000000004 9.9999999999999982 27 32 13.999999999999998 75 31 186 9.9999999999999982 20 13.999999999999998 24 37 46 22
leaf_count=526 15 532 120 11 16 10 118 16 29 35 9 71 45 54 95 18 131 9 84 89 21 10 27 32 14 75 31 186 10 20 14 24 37 46 22
internal_value=-0.00324876 0.0206543 -0.0185366 0.00979147 -0.00636756 -0.00181692 0.0418046 -0.0291167 0.00739295 0.00616695 0.0228071 0.0274588 0.0446243 0.00381942 -0.0153249 0.0367425 -0.0184658 0.0108198 0.0304715 0.021132 0.00314811 -0.012046 -0.00099397 0.00296477 -0.0182377 -0.0182316 -0.00715958 -0.0233438 0.000839603 0.00783512 0.0203239 0.00101267 -0.00543804 -0.0106864 0.0294963
internal_weight=2602 1014 1588 677 744 624 337 844 373 621 127 118 56 586 251 89 226 25 219 135 46 31 246 205 41 318 106 212 26 173 56 117 93 83 42
internal_count=2602 1014 1588 677 744 624 337 844 373 621 127 118 56 586 251 89 226 25 219 135 46 31 246 205 41 318 106 212 26 173 56 117 93 83 42
is_linear=0
shrinkage=0.139886


Tree=5
num_leaves=36
num_cat=0
split_feature=11 25 8 56 81 6 9 8 82 105 8 15 82 87 81 9 6 105 6 101 72 72 11 9 9 9 9 72 105 40 101 101 105 81 6
split_gain=41.4419 10.6733 8.46251 3.85086 3.84418 2.59005 2.27043 1.95376 1.85728 2.77814 1.82385 1.64954 1.56225 1.85766 1.42016 2.03632 1.28895 1.24262 1.26272 1.24021 1.31041 1.25523 1.20035 1.1977 2.02723 1.18746 2.32714 1.50703 1.29889 1.54745 1.0572 1.04704 1.51497 1.14074 1.11927
threshold=3.0604166666666672 -0.8783796973249266 20.479166666666668 1.0000000180025095e-35 81.437500000000014 4.9500000000000011 59.511904761904766 65.250000000000014 16.293750000000003 3.209363656249931 56.479166666666679 8.5000000000000018 6.2437500000000012 1.0000000180025095e-35 68.562500000000014 39.238095238095248 6.8500000000000005 3.5483136994140714 5.5500000000000007 0.97825142546530197 10.500000000000002 -1.0000000180025095e-35 6.1437500000000007 36.288690476190482 37.232142857142868 28.502976190476193 29.538690476190478 -2.4999999999999996 4.0146493941279369 16.550000000000004 1.0272441333440157 0.88493895548186241 2.406617975378087 67.062500000000014 14.250000000000002
decision_type=2 2 2 2 2 2 2 2 2 2 2 2 2 2 2 2 2 2 2 2 2 2 2 2 2 2 2 2 2 2 2 2 2 2 2
left_child=2 4 16 6 -2 -4 8 25 9 10 -3 -10 13 -11 15 19 -1 30 -19 -14 21 -21 -17 -18 -25 -6 -27 -28 29 -29 -16 32 -7 -33 -35
right_child=1 3 5 -5 7 31 -8 -9 11 12 -12 -13 14 -15 17 22 23 18 -20 20 -22 -23 -24 24 -26 26 27 28 -30 -31 -32 33 -34 34 -36
leaf_value=-3.1280235119507185 0.71503921269659887 -0.66577238064464728 -2.0045912628679043 5.9558350213109144 3.1962021705255839 -0.75369570032286626 4.322440943119739 5.5700018622560217 3.6863507924488652 0.9967884548254623 3.3015553225693224 -0.072076244151793048 -0.076141345767432894 -0.7014619268394624 -1.5765601489833292 -0.0094914253433109677 -1.8966589470031481 -2.4321871561801038 0.91861229874597761 0.0035016324859892122 0.43907995894167129 3.7180463027812771 5.1873107652232493 1.9945742817919865 -1.654234836311899 -0.37959037135992374 -0.058455749973070709 2.3195981776679897 -0.46033101455175279 0.55144598788551968 0.96342275563884283 -0.84684760505862089 1.493764269877945 -0.24668088904506533 1.0055802152648308
leaf_weight=413 67 166 142 17 29 24 15.999999999999998 48 25 29 9.9999999999999982 18 19 84 44 102 135 11.999999999999998 215 10.999999999999998 19 43 9.9999999999999982 12.999999999999998 40 18 10.999999999999998 151 11.999999999999998 23 8.9999999999999982 471 22 89 36
leaf_count=413 67 166 142 17 29 24 16 48 25 29 10 18 19 84 44 102 135 12 215 11 19 43 10 13 40 18 11 151 12 23 9 471 22 89 36
internal_value=-0.00246921 0.0164135 -0.0189385 0.00772675 0.0363917 -0.00922763 0.0060666 0.0431824 0.00479129 0.00306545 -0.0120564 0.030856 0.00761553 -0.00685931 0.0110468 0.0197263 -0.0313426 0.00438174 0.00889501 0.0343651 0.0419717 0.0520107 0.00633063 -0.0203395 -0.00208709 0.0360676 0.0305163 0.0348478 0.0377713 0.040734 -0.013682 -0.00529966 0.0136418 -0.0069094 0.00475723
internal_weight=2593 1208 1385 849 359 784 832 292 816 773 176 43 597 113 484 204 601 280 227 92 73 54 112 188 53 244 215 197 186 174 53 642 46 596 125
internal_count=2593 1208 1385 849 359 784 832 292 816 773 176 43 597 113 484 204 601 280 227 92 73 54 112 188 53 244 215 197 186 174 53 642 46 596 125
is_linear=0
shrinkage=0.139886


Tree=6
num_leaves=36
num_cat=0
split_feature=6 0 17 72 101 6 21 76 76 3 26 101 28 101 21 46 101 77 0 72 3 76 101 0 85 12 101 42 85 0 72 12 0 26 85
split_gain=28.2009 7.99168 5.63444 5.97236 3.76353 3.54942 3.21765 2.50816 2.31561 2.2713 2.11025 1.92021 1.64902 1.47192 1.33603 1.31235 1.31213 1.21627 1.20815 1.20713 1.19962 1.12832 1.63767 1.12198 1.33883 1.11836 1.11495 1.07561 1.16088 1.04142 1.03316 0.996223 0.989571 1.22093 0.988619
threshold=9.1500000000000004 52.500000000000007 1.0000000180025095e-35 6.5000000000000009 1.0822365967916181 5.0500000000000007 1.0000000180025095e-35 2556.5000000000005 1987.0000000000002 73.500000000000014 1.0000000180025095e-35 0.87186424585848921 -0.5 0.90941711886449894 1.0000000180025095e-35 0.041666666666666671 0.97825142546530197 2115.5000000000005 127.50000000000001 1.5000000000000002 53.500000000000007 2615.5000000000005 0.9995634560312916 86.500000000000014 2.9000000000000004 2.9752976190476192 1.005071378048384 59.978750000000012 0.75000000000000011 86.500000000000014 4.5000000000000009 4.7098214285714297 87.500000000000014 0.81174490092936691 1.0000000180025095e-35
decision_type=2 2 2 2 2 2 2 2 2 2 2 2 2 2 2 2 2 2 2 2 2 2 2 2 2 2 2 2 2 2 2 2 2 2 2
left_child=1 25 4 6 9 11 10 8 32 15 12 -3 30 -5 -13 17 -10 -2 -15 -12 -8 -19 -23 24 -11 -1 27 29 -29 -18 -4 -17 33 -7 -9
right_child=2 5 3 13 -6 7 20 34 16 23 19 14 -14 18 -16 31 26 21 -20 -21 -22 22 -24 -25 -26 -27 -28 28 -30 -31 -32 -33 -34 -35 -36
leaf_value=-2.8323373642579144 1.1231142496776909 3.5012494697337648 0.84188614134569384 1.391446304503605 -1.7754273797601305 -1.3855126516342773 2.9367229808600017 0.24587667542596814 2.0312891521023326 1.3954222679657056 -0.72224493854122274 -1.9502007954482339 2.3639042491209405 2.8783867245600119 -0.10157602229154972 -0.45396704533811677 1.5510911902220008 -0.641311484064501 2.9408886907531495 0.87470892241637732 -0.41650532695929193 -2.9116082378131152 1.0944525928069595 2.961224622072669 0.25455491767027633 -1.2360966492628216 0.85485278784814744 1.8631854928917582 -0.76621505924393685 -0.54520909804057816 -2.2019501830896804 2.2925527904284406 0.26039410439538691 0.56079838709859142 -0.78968663450847443
leaf_weight=338 90 15.999999999999998 16.000000000000004 38 74 78 8.9999999999999982 27 35 17 26 133 105 193 44 131 47 58 19 43 108 15.999999999999998 27 21 118 406 31 13.999999999999998 81 27 10.999999999999998 15.999999999999998 35 25 110
leaf_count=338 90 16 16 38 74 78 9 27 35 17 26 133 105 193 44 131 47 58 19 43 108 16 27 21 118 406 31 14 81 27 11 16 35 25 110
internal_value=-0.00296477 -0.0158803 0.013483 0.0232445 0.00354989 -0.00510056 0.0101478 0.00108161 0.00702514 0.00803616 0.0206147 -0.0208793 0.030523 0.0391407 -0.0251203 0.00145831 0.0152977 0.0089579 0.0436262 0.00054985 -0.00798885 -0.00167881 0.0141771 0.0215839 0.0152347 -0.0259171 0.0101209 0.00499813 -0.0047849 0.0168575 -0.000407572 -0.00824873 -0.00712318 -0.013821 -0.0146358
internal_weight=2583 1447 1136 568 568 703 318 510 373 494 201 193 132 250 177 338 235 191 212 69 117 101 43 156 135 744 200 169 95 74 27 147 138 103 137
internal_count=2583 1447 1136 568 568 703 318 510 373 494 201 193 132 250 177 338 235 191 212 69 117 101 43 156 135 744 200 169 95 74 27 147 138 103 137
is_linear=0
shrinkage=0.139886


Tree=7
num_leaves=36
num_cat=0
split_feature=8 8 26 5 82 8 12 82 8 5 72 26 12 41 41 5 79 41 79 72 79 85 41 41 72 12 27 41 87 12 72 103 82 8 8
split_gain=27.1154 7.08337 4.62818 3.71626 3.51878 2.95791 2.76899 2.15964 2.08204 1.75498 1.59697 2.10992 1.58314 1.4688 1.34145 1.30136 1.14453 1.2119 1.6064 1.14118 1.12675 1.10584 1.08325 1.49867 1.06667 1.05505 1.02068 1.54009 1.09769 1.80337 1.01 0.990244 0.879183 0.912581 0.858755
threshold=34.354166666666679 18.562500000000004 1.0000000180025095e-35 9.1500000000000004 6.6267857142857149 49.520833333333336 2.3639880952380961 19.256250000000005 61.437500000000007 16.150000000000002 5.5000000000000009 -0.56174490092936669 3.6169642857142863 43.400000000000013 58.850000000000009 23.350000000000005 70.375000000000014 46.600000000000001 47.625000000000007 -2.4999999999999996 61.375000000000007 1.1000000000000003 50.20000000000001 39.800000000000004 -1.4999999999999998 3.3687500000000004 -0.6830127018922193 27.900000000000002 5.5000000000000009 3.7398809523809526 4.5000000000000009 0.97419117265970667 8.9687500000000018 28.395833333333339 22.833333333333339
decision_type=2 2 2 2 2 2 2 2 2 2 2 2 2 2 2 2 2 2 2 2 2 2 2 2 2 2 2 2 2 2 2 2 2 2 2
left_child=1 21 3 5 -3 6 -2 14 26 13 16 20 22 30 -7 -11 17 18 -6 -5 -12 -1 23 -8 -20 -18 27 -4 -29 -30 -10 -26 -27 -34 -19
right_child=2 4 8 19 10 7 12 -9 9 15 11 -13 -14 -15 -16 -17 25 34 24 -21 -22 -23 -24 -25 31 32 -28 28 29 -31 -32 -33 33 -35 -36
leaf_value=0.78065352634694463 1.1482166046506403 -1.281711214054627 3.4313704675104097 -0.092649089947414207 -0.096552916113739493 2.3237304029161501 0.070349699001444638 -0.11682237854087063 -0.76536488715624651 2.0210044425405629 -1.2078155230251206 0.057380101855902234 -1.0602857856932082 3.8965418667187324 -0.081218883715152013 -0.11533344376253168 -1.357124839007821 1.0819050763103779 0.0032880665881619073 3.204369724910245 -0.1246224378409659 -2.4426881932938591 -1.0614895021978488 1.9000268228777117 -0.89380805831739574 -3.1056772682255231 -0.19427439934492505 -1.4591272131460469 2.2219462752079546 -0.47242990540060414 1.0556222251246588 0.82652836449011269 1.1615080792556545 -0.21184996216580856 -1.0205470713628573
leaf_weight=8.9999999999999982 20 388 9.9999999999999982 15.999999999999998 53 109 105 28 29 62 100 150 61 21 17 18 31 21 27 174 60 436 27 36 11.999999999999998 8.9999999999999982 289 28 31 17 30 79 14.999999999999998 17 40
leaf_count=9 20 388 10 16 53 109 105 28 29 62 100 150 61 21 17 18 31 21 27 174 60 436 27 36 12 9 289 28 31 17 30 79 15 17 40
internal_value=-0.00295229 -0.0155918 0.0132576 0.0216939 -0.00895315 0.0136708 0.00398391 0.0284416 0.0037401 0.0167205 -0.00229645 -0.00925747 -0.00100628 0.00160195 0.0358837 0.0304371 0.00485274 0.00958593 0.0154538 0.0375728 -0.0200647 -0.030153 0.00606388 0.0110345 0.0241102 -0.00987571 -0.00201237 0.0107925 0.00201463 0.01416 -0.00991322 0.0308733 0.00492129 0.0156528 -0.00675659
internal_weight=2575 1447 1128 593 1002 403 249 154 535 160 614 310 229 80 126 80 304 232 171 190 160 445 168 141 118 72 375 86 76 48 59 91 41 32 61
internal_count=2575 1447 1128 593 1002 403 249 154 535 160 614 310 229 80 126 80 304 232 171 190 160 445 168 141 118 72 375 86 76 48 59 91 41 32 61
is_linear=0
shrinkage=0.139886


Tree=8
num_leaves=36
num_cat=0
split_feature=82 9 2 23 80 72 7 26 9 20 100 28 72 87 84 28 72 9 80 2 38 2 9 2 2 37 100 9 100 80 87 82 9 72 23
split_gain=17.1469 5.73722 4.60445 4.88135 2.45236 1.97879 2.64594 1.90818 1.78588 2.52216 1.88737 1.6235 2.09884 1.52437 1.42425 1.30586 1.23418 1.24352 2.10543 1.29281 1.22529 1.22048 1.69152 1.49636 1.2144 1.19913 1.16982 1.16174 1.13652 1.08218 1.13888 1.20839 1.5721 1.07833 1.0545
threshold=9.9187500000000028 30.294642857142861 45.500000000000007 1.0000000180025095e-35 4.9125000000000005 7.5000000000000009 11.850000000000003 -0.56174490092936669 52.773809523809526 1.0000000180025095e-35 695.16111111111115 0.25000000000000017 9.5000000000000018 1.5000000000000002 1.5000000000000002 -0.68301270189221952 12.500000000000002 37.232142857142868 5.4875000000000016 52.500000000000007 19.950000000000003 83.500000000000014 37.485119047619058 66.500000000000014 58.500000000000007 0.65000000000000002 953.41666666666686 27.190476190476193 963.47222222222229 5.9625000000000012 3.5000000000000004 6.1187500000000012 35.407738095238102 10.500000000000002 -0.3794095225512602
decision_type=2 2 2 2 2 2 2 2 2 2 2 2 2 2 2 2 2 2 2 2 2 2 2 2 2 2 2 2 2 2 2 2 2 2 2
left_child=1 -1 27 5 14 13 7 -7 9 10 -6 12 -5 20 -3 -9 17 18 -12 -19 21 23 -23 24 -4 28 -14 -2 -15 -20 31 -31 -33 -16 -29
right_child=2 4 3 11 8 6 -8 15 -10 -11 16 -13 26 25 33 -17 -18 19 29 -21 -22 22 -24 -25 -26 -27 -28 34 -30 30 -32 32 -34 -35 -36
leaf_value=-1.8378697386931235 -2.5966959477298146 -1.2756176213311865 -0.11735567250688211 -0.22340003666374253 2.0157335818089166 -0.85745860270868557 2.8477212702475589 -0.94786499207891473 1.0284162986747627 2.4994371114857477 0.57078530709522002 -0.65460707740662061 2.852518215073073 1.1534123661212159 0.59534340313378664 1.5838484503337944 -1.0927634652735885 -1.2062658811516711 -2.0055803546851028 -0.060797236885136233 1.2146133159930437 1.0462852538843814 -0.2833673980298026 -1.1635599761146234 1.5162692597348955 -0.32260071153135395 -0.65639961368093369 -0.98010584950463386 -0.43476534938834083 0.58947631124546818 0.34230717854086995 -1.2137486978339584 0.39005832699815574 -2.1877827432660886 0.46330492301948484
leaf_weight=370 36 227 14.000000000000002 94 29 22 175 15.999999999999998 47 30 44 86 32 176 18.000000000000004 51 198 147 30 194 71 46 30 37 8.9999999999999982 9.9999999999999982 9.9999999999999982 43 8.9999999999999982 21 116 87 41 11.999999999999998 61
leaf_count=370 36 227 14 94 29 22 175 16 47 30 44 86 32 176 18 51 198 147 30 194 71 46 30 37 9 10 10 43 9 21 116 87 41 12 61
internal_value=-0.00331435 -0.0123002 0.010755 0.0144679 -0.00765362 0.0204015 0.0298 0.00914932 -0.00440264 -0.00579201 -0.00720601 -0.00341598 0.00605135 0.0138067 -0.0196342 0.0205156 -0.00843748 -0.00549511 0.000525091 -0.0113652 0.00515624 -0.00273287 0.00873007 -0.0166229 0.00968807 0.0224705 0.0294963 -0.0123438 0.0250936 -0.00393299 -0.000770518 -0.00868011 -0.0138519 0.00749619 -0.00402108
internal_weight=2639 1611 1028 888 1241 666 264 89 984 937 907 222 136 402 257 67 878 680 339 341 207 136 76 60 23 195 42 140 185 295 265 149 128 30 104
internal_count=2639 1611 1028 888 1241 666 264 89 984 937 907 222 136 402 257 67 878 680 339 341 207 136 76 60 23 195 42 140 185 295 265 149 128 30 104
is_linear=0
shrinkage=0.139886


Tree=9
num_leaves=36
num_cat=0
split_feature=25 6 57 104 2 15 46 104 7 13 2 36 6 36 15 36 72 46 5 15 50 104 2 2 5 104 104 36 15 5 2 5 87 7 72
split_gain=14.7187 5.2228 3.69892 3.18863 2.97735 2.84947 2.5946 2.5881 2.21093 2.656 1.99422 1.80811 2.48888 2.28722 1.59305 1.93761 1.48604 1.45641 1.40499 1.51727 1.38241 1.38094 1.35558 1.35166 1.30987 1.26303 2.05739 1.53789 1.2754 1.21358 1.33872 1.22676 1.50729 1.33713 1.20609
threshold=-1.0000000180025095e-35 5.5500000000000007 1.0000000180025095e-35 33.548075314723995 43.500000000000007 3.5000000000000004 0.025000000000000005 44.129867707916091 11.550000000000002 12.500000000000002 56.500000000000007 11.050000000000002 13.550000000000002 15.65 3.5000000000000004 5.9500000000000011 1.0000000180025095e-35 0.44166666666666671 4.2500000000000009 1.5000000000000002 1.0000000180025095e-35 29.617397517775895 66.500000000000014 52.500000000000007 6.5500000000000007 31.00252387060706 33.923434048710199 7.9500000000000011 6.5000000000000009 6.1500000000000012 24.500000000000004 14.950000000000001 1.5000000000000002 5.4500000000000011 11.500000000000002
decision_type=2 2 2 2 2 2 2 2 2 2 2 2 2 2 2 2 2 2 2 2 2 2 2 2 2 2 2 2 2 2 2 2 2 2 2
left_child=2 7 3 4 -1 -3 14 25 11 23 -11 12 -5 17 15 -6 -17 -13 -12 -20 -15 -4 -16 -10 -8 -2 28 -28 -27 -7 -31 32 33 -32 -34
right_child=1 5 21 8 6 29 24 -9 9 10 18 13 -14 20 22 16 -18 -19 19 -21 -22 -23 -24 -25 -26 26 27 -29 -30 30 31 -33 34 -35 -36
leaf_value=-0.98606602846323332 -2.3617973306647961 -1.393136259472038 0.63541812728746883 2.0377807420102183 -0.61659879246600413 -1.0714512749841585 -0.61307047832966699 0.61995593251371506 3.1768041387963941 -0.17675084733256274 -0.23262450518709932 -0.97654898838434512 -2.1345043131498773 2.5018927185537914 0.924995240057367 0.5510621910962562 2.1488794120873238 0.65331992138937034 -0.39095857763826308 2.0785395054835138 -0.127014185851961 5.7519977600962191 -0.34702406659948487 -0.37384964554212696 0.24427405234010055 0.59552750138973043 0.28076340404170735 -1.1819558103023429 -1.2879922017980379 -0.99981045098409171 0.63268750365095405 -0.29209264747602764 0.55159439819693123 -0.4892354804744673 -0.81903281072076173
leaf_weight=69 312 142 9.0000000000000018 57 15.999999999999998 124 85 42 11.999999999999998 29 8.9999999999999982 95 18 37 39 15.999999999999998 46 17 8.9999999999999982 241 44 21 72 71 86 50 27 123 34 33 25 198 201 96 66
leaf_count=69 312 142 9 57 16 124 85 42 12 29 9 95 18 37 39 16 46 17 9 241 44 21 72 71 86 50 27 123 34 33 25 198 201 96 66
internal_value=-0.00316304 -0.0122751 0.00906144 0.00749302 -0.00182743 -0.00540842 0.00342743 -0.0224166 0.0137002 0.0205952 0.0268098 0.00386141 0.0212407 -0.00342169 0.0144644 0.0288553 0.0391476 -0.0159438 0.0306221 0.0326173 0.0137792 0.0524733 0.00319206 -0.00139387 -0.00886435 -0.0249777 -0.0163465 -0.0257859 0.00122543 -0.0018457 0.000737035 0.00240482 0.0069355 -0.00577761 0.0126973
internal_weight=2571 1473 1098 1068 429 885 360 588 639 371 288 268 75 193 189 78 62 112 259 250 81 30 111 83 171 546 234 150 84 743 619 586 388 121 267
internal_count=2571 1473 1098 1068 429 885 360 588 639 371 288 268 75 193 189 78 62 112 259 250 81 30 111 83 171 546 234 150 84 743 619 586 388 121 267
is_linear=0
shrinkage=0.139886


Tree=10
num_leaves=36
num_cat=0
split_feature=10 10 26 24 77 49 40 10 10 38 15 19 76 58 19 9 10 9 0 77 105 9 105 5 60 76 10 38 78 76 76 0 0 1 101
split_gain=11.3786 7.74 3.10379 3.10041 2.3884 2.09901 2 2.2238 1.99722 1.86409 1.6609 1.57978 2.09872 1.43343 1.41941 1.48199 1.3309 1.64275 1.32881 1.30966 1.19196 1.12471 1.57227 1.09748 1.05184 1.05055 1.27636 1.13068 1.05039 1.03201 1.47425 1.21472 1.02152 1.02123 0.996909
threshold=53.062471661630646 20.011590202076288 1.0000000180025095e-35 -0.78656609248549325 3003.0000000000005 93361.500000000015 4.1500000000000012 65.648858217355382 34.669035470037649 30.850000000000005 4.5000000000000009 35.500000000000007 2395.5000000000005 -0.66030521387292307 18.500000000000004 32.416666666666679 30.198601571084264 34.008928571428577 14.500000000000002 2291.5000000000005 4.1651372264002404 37.604166666666671 3.0263008630120249 12.050000000000002 1.0000000180025095e-35 2081.5000000000005 43.323845791658592 18.450000000000003 1097.5500000000002 2538.5000000000005 2093.0000000000005 49.500000000000007 67.500000000000014 100.50000000000001 0.99607737682359165
decision_type=2 2 2 2 2 2 2 2 2 2 2 2 2 2 2 2 2 2 2 2 2 2 2 2 2 2 2 2 2 2 2 2 2 2 2
left_child=1 -1 5 9 6 28 -4 10 -5 11 -8 12 13 16 15 -15 32 -18 -14 20 -9 22 -10 -19 -7 -17 27 -27 -2 30 31 -24 -3 -25 -20
right_child=2 3 4 8 -6 24 7 19 21 -11 -12 -13 18 14 -16 25 17 23 34 -21 -22 -23 29 33 -26 26 -28 -29 -30 -31 -32 -33 -34 -35 -36
leaf_value=-1.8813116433926078 -0.97358857612583261 -0.96479344605291384 2.9348200828923008 -0.96076110851408525 -0.53059512565055378 3.2666940359621641 -0.29467535055544097 -0.26499427459589497 -1.1169878352318059 -0.49687680650805649 1.7768403503878063 -0.33239723050013198 1.77296796214343 2.3021369499844 0.42258615464940602 -1.2784025864554172 1.0780535394497115 -0.71446975768785859 -0.42393966049663379 -1.1504521838430921 2.0047366930656376 -0.22470618164525263 0.36467601481624534 3.3591424590639454 2.3099115829126542 2.3316630884520007 -0.98273632844974368 -0.069090953785446371 2.0866700561048548 -0.41465124294851091 1.7006572792372143 -1.571106158562815 1.0937696859122104 -0.39639707909914673 0.001109138833313356
leaf_weight=363 13.999999999999998 47 29 244 37 76 34 40 34 98 112 366 11.999999999999998 25 277 13.999999999999998 29 29 155 29 28 75 9.0000000000000018 11.000000000000002 22 20 8.9999999999999982 12.999999999999998 20 25 29 14.999999999999998 13.999999999999998 11.999999999999998 233
leaf_count=363 14 47 29 244 37 76 34 40 34 98 112 366 12 25 277 14 29 29 155 29 28 75 9 11 22 20 9 13 20 25 29 15 14 12 233
internal_value=-0.00417029 -0.00835958 0.0161315 -0.00454042 0.00809272 0.0335351 0.0127204 0.0078794 -0.0147761 -0.0012445 0.0184298 0.000241688 0.00339183 0.00937493 0.0140145 0.0296174 -0.0024357 0.00902776 -0.00412113 -0.00817952 0.00297147 -0.00367132 0.00515829 -0.00613101 0.0432984 0.0136966 0.0238239 0.0350392 0.00270822 0.0157393 0.0257408 -0.000893217 -0.0169938 0.0143014 -0.00580318
internal_weight=2599 2158 441 1795 309 132 272 243 431 1364 146 1266 900 500 358 81 142 81 400 97 68 187 112 52 98 56 42 33 34 78 53 24 61 23 388
internal_count=2599 2158 441 1795 309 132 272 243 431 1364 146 1266 900 500 358 81 142 81 400 97 68 187 112 52 98 56 42 33 34 78 53 24 61 23 388
is_linear=0
shrinkage=0.139886


Tree=11
num_leaves=36
num_cat=0
split_feature=11 11 76 23 23 19 5 36 12 85 53 11 12 5 105 76 104 41 9 12 9 41 105 12 41 105 11 102 26 5 9 12 76 18 104
split_gain=11.0476 5.69139 3.0782 2.79524 3.30861 2.4392 1.81539 1.74394 1.61967 1.74411 1.53613 1.5047 1.38001 1.36841 1.35969 1.70823 1.35711 1.27797 1.12903 1.76208 1.46296 1.11612 1.11394 1.1039 1.03852 1.1956 1.03346 1.03046 1.02966 1.11016 1.01361 1.98571 1.00217 0.974857 0.93577
threshold=1.7562500000000001 4.6020833333333346 2596.5000000000005 -0.3794095225512602 1.0000000180025095e-35 11.500000000000002 20.450000000000003 18.250000000000004 4.0068452380952388 1.1000000000000003 1289.5000000000002 1.8937500000000003 2.7208333333333337 8.4500000000000011 3.78746271022893 1685.5000000000002 45.047791201709813 46.250000000000007 37.419642857142868 3.20327380952381 32.080357142857146 49.500000000000007 4.1651372264002404 2.8440476190476196 49.500000000000007 2.4833898406800272 3.2625000000000006 77.142777777777795 1.0000000180025095e-35 23.350000000000005 38.032738095238102 3.4163690476190482 1923.5000000000002 1.0000000180025095e-35 29.395827936200746
decision_type=2 2 2 2 2 2 2 2 2 2 2 2 2 2 2 2 2 2 2 2 2 2 2 2 2 2 2 2 2 2 2 2 2 2 2
left_child=17 3 5 34 7 12 10 30 14 21 11 -6 -3 -9 18 -16 -11 -1 19 20 -7 -10 -17 26 25 -19 -13 -21 -18 -30 31 -5 -33 -4 -2
right_child=1 2 33 4 6 8 -8 13 9 16 -12 23 -14 -15 15 22 28 24 -20 27 -22 -23 -24 -25 -26 -27 -28 -29 29 -31 -32 32 -34 -35 -36
leaf_value=-1.6962010872187048 -0.08242272672582468 -0.083891739183855424 -0.27485987367960985 0.24036921443966139 0.72178752681396829 2.2835734359511259 0.51716324773162303 -1.9545955433442428 3.4540806854751702 3.3132713252022921 0.30984475865336469 -1.2066122906894081 2.9070235786512564 1.2167297962256862 2.0042791436826159 -0.66894540833622029 -1.673895407177475 -0.79034080707674148 -0.18732191623066707 -0.61491284827045989 -1.2541481412271136 1.2766209742349202 1.1969526129251622 -0.84104642966159682 -2.0198817399212809 3.1220440251364256 1.415571817951172 2.4341365112124671 2.6100557482176572 -0.47967776728475942 -0.082885443279899704 -0.42067296253042608 1.0258171386789081 0.81663135325941694 -0.48755829590946365
leaf_weight=293 185 10.999999999999998 119 182 14.999999999999998 17 19 12.999999999999998 27 10.999999999999998 72 33 49 45 19 84 12.999999999999998 17.000000000000004 45 8.9999999999999982 35 14.999999999999998 24 237 68 10.999999999999998 22 63 32 11.999999999999998 88 8.9999999999999982 44 62 612
leaf_count=293 185 11 119 182 15 17 19 13 27 11 72 33 49 45 19 84 13 17 45 9 35 15 24 237 68 11 22 63 32 12 88 9 44 62 612
internal_value=-0.00414425 -0.000307329 0.010668 -0.00484155 0.00112076 0.0166093 -0.00773074 0.0103386 0.0122516 0.0262311 -0.0100301 -0.0142858 0.0415573 0.0312657 0.00654874 -0.00426983 0.0104002 -0.0256602 0.0145184 0.0210912 0.000943231 0.0465134 -0.0114022 -0.0166374 -0.0105603 0.0102968 0.00112228 0.0342123 -0.000217479 0.0103575 0.0059711 0.0106795 0.0326977 -0.00467965 -0.0106264
internal_weight=2612 2223 647 1576 779 466 398 381 406 110 379 307 60 58 296 127 68 389 169 124 52 42 108 292 96 28 55 72 57 44 323 235 53 181 797
internal_count=2612 2223 647 1576 779 466 398 381 406 110 379 307 60 58 296 127 68 389 169 124 52 42 108 292 96 28 55 72 57 44 323 235 53 181 797
is_linear=0
shrinkage=0.139886


Tree=12
num_leaves=36
num_cat=0
split_feature=4 8 72 78 100 11 38 100 12 79 4 82 11 8 77 8 5 1 5 82 101 1 78 38 42 101 79 1 78 5 79 101 79 38 82
split_gain=10.1587 2.94396 3.54519 2.29626 2.34241 1.73717 1.71653 1.49567 1.79404 1.46582 1.41631 1.81431 2.42959 1.32479 1.34548 1.67441 1.27734 1.25528 1.58872 1.38552 1.78496 1.24704 1.5612 1.23747 1.55665 1.74515 1.73259 1.20741 2.05583 2.10636 1.13196 1.1183 1.08815 1.07744 1.07148
threshold=5.2500000000000009 38.354166666666679 10.500000000000002 1431.7 804.31111111111125 2.6854166666666672 32.100000000000009 850.19444444444446 3.2193452380952388 54.125000000000007 11.450000000000001 15.456250000000002 3.9562500000000007 36.895833333333336 2456.5000000000005 34.354166666666679 17.650000000000002 74.500000000000014 5.5500000000000007 10.743750000000002 1.0066587530312356 93.500000000000014 1213.0000000000002 17.350000000000005 6.3617499999999998 1.0253470588636873 69.625000000000014 133.50000000000003 1269.6500000000003 21.550000000000004 50.291666666666679 1.0094250062358361 76.875000000000014 29.650000000000002 18.406250000000004
decision_type=2 2 2 2 2 2 2 2 2 2 2 2 2 2 2 2 2 2 2 2 2 2 2 2 2 2 2 2 2 2 2 2 2 2 2
left_child=5 3 7 4 6 -1 21 8 -3 -6 11 12 -9 14 15 -11 33 18 -4 -20 -21 22 30 24 25 -5 -26 28 29 -19 -2 -16 -14 -10 -12
right_child=1 2 17 23 9 -7 -8 10 16 13 34 -13 32 -15 31 -17 -18 27 19 20 -22 -23 -24 -25 26 -27 -28 -29 -30 -31 -32 -33 -34 -35 -36
leaf_value=-1.3324541480763892 -0.85153193210023859 -0.1294450667006817 1.0837387116858221 -0.44200317893319596 -0.61811485847861414 0.20964839495436577 -1.9615286696160015 -0.66758188921712713 1.440082053854663 0.26649200624852976 -0.34924553460965152 1.3561886542252894 2.6346248398330943 -0.73426773919144539 -0.40770387285629306 2.6362076091516498 -0.71056864939674313 5.1482038438274724 -0.47961174433563564 1.1215292126502041 -0.76152839747237011 -0.1161205816010203 1.472842135766923 -0.8502005310156866 -1.035115551838121 1.1603777225622167 0.76926647904060974 -0.16024079428800048 0.22766597528981711 0.39096219043481528 0.82000818603500525 0.21633543814172615 0.00071254881504691648 -0.81267799067740476 0.2544346917297361
leaf_weight=528 25 124 37 14.999999999999998 316 40 12.999999999999998 49 72 237 239 13.999999999999998 23 23 47 18 9.9999999999999982 40 59 80 35 38 68 83 72 17 24 18 23 19 21 8.9999999999999982 41 12.999999999999998 86
leaf_count=528 25 124 37 15 316 40 13 49 72 237 239 14 23 23 47 18 10 40 59 80 35 38 68 83 72 17 24 18 23 19 21 9 41 13 86
internal_value=-0.00486262 -0.000166588 0.00528819 -0.00538791 -0.00195627 -0.0212507 0.0125824 -0.000474314 0.00883858 -0.00574591 -0.0050555 0.0071858 0.000116258 0.000737701 0.00338374 0.00773226 0.0225574 0.017446 0.0107002 0.00447456 0.0131512 0.0170333 0.0239827 -0.0181327 -0.00868329 0.0156528 -0.0173297 0.0299787 0.0366464 0.0491442 0.00314811 -0.015022 0.0172597 0.0280311 -0.00989195
internal_weight=2576 2008 982 1026 815 568 165 671 219 650 452 127 113 334 311 255 95 311 211 174 115 152 114 211 128 32 96 100 82 59 46 56 64 85 325
internal_count=2576 2008 982 1026 815 568 165 671 219 650 452 127 113 334 311 255 95 311 211 174 115 152 114 211 128 32 96 100 82 59 46 56 64 85 325
is_linear=0
shrinkage=0.139886


Tree=13
num_leaves=36
num_cat=0
split_feature=4 80 103 76 100 41 0 104 48 19 0 17 41 80 79 80 0 79 7 100 4 7 80 0 0 104 104 7 41 0 41 80 0 80 79
split_gain=7.69141 2.16767 1.99814 1.69676 1.6225 1.95452 1.63614 1.5423 1.16456 1.10548 1.7502 1.26888 1.22228 1.30902 1.14585 1.06946 1.0542 1.29852 1.08419 1.02039 1.00289 1.08038 2.05561 1.10863 1.09862 1.54846 1.03898 0.973066 1.2201 1.66857 0.992142 1.10788 1.07432 1.03194 0.948086
threshold=6.4500000000000011 4.2875000000000014 1.1320572314916173 3140.5000000000005 806.33333333333337 39.800000000000004 61.500000000000007 44.464642741048394 92449.000000000015 35.500000000000007 44.500000000000007 1.0000000180025095e-35 26.450000000000006 18.187500000000004 39.125000000000007 11.787500000000003 42.500000000000007 82.875000000000014 3.8500000000000001 949.85555555555572 21.350000000000005 11.550000000000002 13.562500000000002 114.50000000000001 71.500000000000014 35.702480039921021 37.762935065798267 8.9500000000000011 34.400000000000013 19.500000000000004 35.800000000000004 10.712500000000004 45.500000000000007 10.837500000000004 41.375000000000007
decision_type=2 2 2 2 2 2 2 2 2 2 2 2 2 2 2 2 2 2 2 2 2 2 2 2 2 2 2 2 2 2 2 2 2 2 2
left_child=1 -1 27 4 16 7 8 9 -7 10 -6 -11 -13 15 -12 -14 17 -2 -18 -16 21 24 -23 26 25 -8 -24 28 29 34 33 -32 -33 -29 -3
right_child=3 2 -4 -5 5 6 20 -9 -10 11 14 12 13 -15 19 -17 18 -19 -20 -21 -22 22 23 -25 -26 -27 -28 30 -30 -31 31 32 -34 -35 -36
leaf_value=-1.550938464005541 -0.44003631884483274 0.8402901623761273 -2.1118492186677491 -0.22141301016104883 0.86820391661394902 0.30284196685076814 -2.5605593693080615 0.8001857720456137 -0.87697327266080016 -0.55107836035431101 0.9638214913981018 2.0425976088287845 -0.41116061891718186 -1.1250796389678042 -0.064090166001511586 1.7486349215477006 -2.6045305609383633 4.9897595592780819 0.77397922226732641 2.2943145780427003 -1.1631246060835918 2.3868775293513673 0.73477075801207237 4.0551980354132455 -0.26826987525511103 1.6569863866884074 -1.2366190900513345 0.54996423211616774 -0.2211464101490159 -1.2341635987027491 -1.3895547075191945 -0.34533802111408018 0.85835898694402002 -0.32260186017915338 -0.99507291241757734
leaf_weight=211 40 27 74 192 72 42 11.999999999999998 114 152 166 10.999999999999998 34 20 18 268 15.999999999999998 11.999999999999998 8.9999999999999982 265 20 37 28 31 9.9999999999999982 121 25 31 40 225 173 41 19.000000000000004 10.999999999999998 15.999999999999998 15.999999999999998
leaf_count=211 40 27 74 192 72 42 12 114 152 166 11 34 20 18 268 16 12 9 265 20 37 28 31 10 121 25 31 40 225 173 41 19 11 16 16
internal_value=-0.00411662 -0.0149426 -0.0106855 0.0012127 0.0027595 0.000407656 -0.00639787 0.00492949 -0.0161202 0.00210164 0.00691438 -0.00492476 0.00821805 -0.00501858 0.00196365 0.0103328 0.0114151 -0.00670595 0.0147107 -0.00018947 0.00023135 0.00347971 0.0143376 0.000705406 -0.00372302 0.0154651 -0.0072645 -0.0076347 -0.0107023 -0.0180399 0.00302012 -0.00767996 0.0112443 0.0159057 0.00583762
internal_weight=2599 853 642 1746 1554 1228 489 739 194 625 371 254 88 54 299 36 326 49 277 288 295 258 100 72 158 37 62 568 441 216 127 71 30 56 43
internal_count=2599 853 642 1746 1554 1228 489 739 194 625 371 254 88 54 299 36 326 49 277 288 295 258 100 72 158 37 62 568 441 216 127 71 30 56 43
is_linear=0
shrinkage=0.139886


Tree=14
num_leaves=36
num_cat=0
split_feature=4 81 76 72 26 42 9 4 5 85 0 76 41 76 41 36 36 0 9 76 72 0 103 0 76 36 41 58 76 36 46 5 72 9 81
split_gain=8.13901 2.02632 2.41728 1.7075 1.65615 1.55443 1.41383 1.37804 1.83516 1.43338 1.53445 1.41138 1.37297 2.00526 1.59268 1.7391 2.01059 1.80064 1.64937 1.68942 1.30396 1.29061 1.28423 1.27574 1.23928 1.62658 1.2231 1.21346 1.17792 1.1554 1.15854 1.15466 1.10357 1.83501 1.91756
threshold=5.2500000000000009 80.187500000000014 3140.5000000000005 7.5000000000000009 -0.22252093395631442 20.184750000000001 25.997023809523814 7.5500000000000007 6.2500000000000009 51.000000000000007 48.500000000000007 1863.5000000000002 50.20000000000001 2945.0000000000005 32.600000000000001 18.850000000000005 15.15 72.500000000000014 30.595238095238098 2464.5000000000005 -1.0000000180025095e-35 89.500000000000014 0.90015746795812257 55.500000000000007 2054.5000000000005 10.65 43.400000000000013 1.457766492018435 1664.5000000000002 8.3500000000000032 0.47500000000000003 7.5500000000000007 8.5000000000000018 38.032738095238102 50.062500000000007
decision_type=2 2 2 2 2 2 2 2 2 2 2 2 2 2 2 2 2 2 2 2 2 2 2 2 2 2 2 2 2 2 2 2 2 2 2
left_child=4 2 12 7 6 -5 -1 -3 -9 10 -10 -11 13 14 18 16 -16 26 -2 21 -4 -20 -8 -14 28 -26 -17 -6 -7 -23 -31 -15 33 34 -25
right_child=1 3 20 5 27 24 22 8 9 11 -12 -13 23 31 15 17 -18 -19 19 -21 -22 29 -24 32 25 -27 -28 -29 -30 30 -32 -33 -34 -35 -36
leaf_value=-1.1702156231848626 0.62584889670469501 1.3228892324704611 0.064386891337011781 2.0621586688789586 -1.1607263946150441 0.009736090870679507 0.51218320363403202 -0.47403593242150138 1.1085538053551289 -0.27245478977096144 -0.23760667238868291 1.4944161269894269 -0.69398700607364305 -0.83348080691780546 0.39232207778279049 1.8833145601939456 -0.49316568289955859 0.051277450592426721 -0.38368651129713349 -1.1127104957086598 -0.68823869628604739 1.5452230301536916 -0.35236885744943897 -0.52810039030795608 0.8869477179334766 -0.62542017023428376 0.47519934773959838 0.6328635837643507 5.1767591762128671 -0.10217425752845573 0.37034712536084852 1.0840846068021035 -0.72982533324299603 -0.50441439077639683 2.283989096340882
leaf_weight=49 55 17 35 68 340 17 33 48 27 25 145 50 99 9.9999999999999982 332 27 165 33 287 78 116 8.9999999999999982 123 19 35 62 11.999999999999998 13.999999999999998 20 61 8.9999999999999982 34 52 41 33
leaf_count=49 55 17 35 68 340 17 33 48 27 25 145 50 99 10 332 27 165 33 287 78 116 9 123 19 35 62 12 14 20 61 9 34 52 41 33
internal_value=-0.00313582 0.0010138 -0.00157961 0.00853285 -0.0179574 0.0183109 -0.00757663 0.00192751 -0.000694058 0.00434526 -0.00280829 0.0195414 0.000328339 0.00242448 0.00111875 0.00614085 0.00302337 0.0253947 -0.00461384 -0.0075007 -0.0179361 -0.00329741 -0.000685204 -0.00901691 0.00871056 -0.000134092 0.0431841 -0.0236935 0.0280896 0.0118297 0.00361827 0.0294371 -0.000459179 0.00850565 0.024524
internal_weight=2580 2021 1507 514 559 202 205 312 295 247 172 75 1356 1112 1068 569 497 72 499 444 151 366 156 244 134 97 39 354 37 79 70 44 145 93 52
internal_count=2580 2021 1507 514 559 202 205 312 295 247 172 75 1356 1112 1068 569 497 72 499 444 151 366 156 244 134 97 39 354 37 79 70 44 145 93 52
is_linear=0
shrinkage=0.139886


Tree=15
num_leaves=36
num_cat=0
split_feature=79 56 80 52 80 77 15 41 41 38 49 41 80 105 49 7 79 80 72 79 7 19 105 37 105 38 86 77 49 41 13 79 72 49 7
split_gain=6.17925 2.9893 1.88418 1.51654 1.97182 1.88999 1.59197 1.40196 1.31005 1.21532 1.13335 1.3638 1.16218 1.17168 1.74375 1.63776 1.12256 1.28623 1.943 1.77459 1.65358 1.62839 1.41451 1.10088 1.06384 1.05776 1.09971 1.21786 1.036 1.03188 1.10263 1.02044 1.26991 1.39091 0.971329
threshold=51.875000000000007 1.0000000180025095e-35 4.1875000000000009 1.0000000180025095e-35 11.012500000000001 2312.5000000000005 11.500000000000002 35.100000000000001 50.20000000000001 9.6500000000000004 103437.00000000001 49.500000000000007 10.912500000000003 3.3945693058058275 93361.500000000015 4.6500000000000012 115.37500000000001 13.312500000000002 15.500000000000002 83.875000000000014 16.050000000000004 17.500000000000004 3.5944284362795069 0.15000000000000005 3.138515368662683 12.950000000000001 1.0000000180025095e-35 1930.5000000000002 95552.000000000015 44.45000000000001 13.500000000000002 92.125000000000014 1.0000000180025095e-35 102115.00000000001 7.6500000000000012
decision_type=2 2 2 2 2 2 2 2 2 2 2 2 2 2 2 2 2 2 2 2 2 2 2 2 2 2 2 2 2 2 2 2 2 2 2
left_child=2 3 -1 6 5 28 16 -8 25 -4 11 12 13 14 -11 -15 17 21 19 -19 -21 31 -20 29 -22 26 27 -6 -5 30 -16 32 33 -2 -31
right_child=1 -3 9 4 8 -7 7 -9 -10 10 -12 -13 -14 15 23 -17 -18 18 22 20 24 -23 -24 -25 -26 -27 -28 -29 -30 34 -32 -33 -34 -35 -36
leaf_value=-1.1507958352943695 1.5793266745297228 4.1285433388945263 -0.72485959136867073 -0.21583448590160476 -0.42138885228743267 -0.71944305104276485 1.1047304580534925 0.11813690707959522 -0.23836285874487609 -0.35983626884709796 -1.049305095664044 -0.66943714133403243 0.8473532123531573 0.86164923910542768 0.41364576604198372 -0.74178802782173225 -0.61470350627659021 -0.19872292132087582 1.7874776350791557 1.4022176342204209 -0.37619031564526639 0.0038830338677234245 -1.0067901863149298 1.3487622754411999 1.3638130269705266 1.604289792882666 -0.63427836834524609 1.6710016046883471 1.1756236508515119 1.5241015174396026 -0.58173312928986687 0.073609383736633019 -0.89003402221995032 -0.75785055118921962 -0.98858076529879235
leaf_weight=249 26 19 128 45 15.999999999999998 58 44 62 26 106 55 142 32 27 80 122 30 163 37 30 61 393 10.999999999999998 34 50 100 9.9999999999999982 27 71 23 91 29 173 15.999999999999998 9.9999999999999982
leaf_count=249 26 19 128 45 16 58 44 62 26 106 55 142 32 27 80 122 30 163 37 30 61 393 11 34 50 100 10 27 71 23 91 29 173 16 10
internal_value=-0.00315953 0.00268738 -0.011089 0.0018459 0.00974442 -0.000925774 -0.000679464 0.0150598 0.0197454 -0.00783196 -0.00548554 -0.00375478 -0.000394177 -0.00220877 0.00230938 -0.0122595 -0.00241247 -0.0015023 0.00521668 0.000808788 0.0119776 -0.00523223 0.0293315 0.00889531 0.00319206 0.0245181 0.00718886 0.0169569 0.00930137 0.00450129 -0.000235338 -0.0140263 -0.0173031 0.00397065 0.0246315
internal_weight=2596 1497 1099 1478 353 174 1125 106 179 850 722 667 525 493 344 149 1019 989 352 304 141 637 48 238 111 153 53 43 116 204 171 244 215 42 33
internal_count=2596 1497 1099 1478 353 174 1125 106 179 850 722 667 525 493 344 149 1019 989 352 304 141 637 48 238 111 153 53 43 116 204 171 244 215 42 33
is_linear=0
shrinkage=0.139886


Tree=16
num_leaves=36
num_cat=0
split_feature=11 82 5 8 12 9 72 19 101 8 19 72 9 9 8 87 5 72 101 3 9 82 11 8 11 8 85 5 1 1 11 11 2 3 101
split_gain=5.1705 2.66811 2.26601 1.99207 1.71772 2.11298 1.47041 1.51671 1.45135 1.37535 1.27888 1.2222 1.41475 1.18932 1.8421 1.56735 1.33557 1.62549 1.23129 1.60316 1.11943 1.69322 1.64392 1.36902 1.4715 2.75042 1.25066 1.06638 1.05639 1.03614 1.00712 1.15479 1.77807 0.947456 1.44181
threshold=2.2812500000000004 8.4437500000000032 7.4500000000000011 13.770833333333334 3.5133928571428581 36.931547619047628 17.500000000000004 29.500000000000004 1.1142709069058563 23.145833333333339 11.500000000000002 5.5000000000000009 35.407738095238102 24.309523809523814 38.562500000000007 6.5000000000000009 5.5500000000000007 1.5000000000000002 0.99404198738774696 32.500000000000007 40.110119047619058 9.0687500000000032 6.0687500000000014 47.229166666666679 5.572916666666667 75.270833333333357 0.75000000000000011 9.5500000000000025 62.500000000000007 63.500000000000007 4.8791666666666673 2.5854166666666671 58.500000000000007 59.500000000000007 0.94464103078776929
decision_type=2 2 2 2 2 2 2 2 2 2 2 2 2 2 2 2 2 2 2 2 2 2 2 2 2 2 2 2 2 2 2 2 2 2 2
left_child=1 3 13 -1 5 11 10 -8 9 -3 -6 12 -4 14 -2 18 -17 -18 19 -15 -12 22 -22 28 -25 -26 -27 -9 -23 -14 31 32 -13 -21 -35
right_child=2 8 4 -5 6 -7 7 27 -10 -11 20 30 29 15 -16 16 17 -19 -20 33 21 23 -24 24 25 26 -28 -29 -30 -31 -32 -33 -34 34 -36
leaf_value=-1.6305593708831521 -0.1847551900224122 0.38042943496157217 0.21725316622020679 -0.6492051685344995 2.2799689066460651 1.5421894660078728 -0.39969546810925455 -1.075412294382347 -1.1322576573261744 -0.78878725792597137 -0.30806221651438437 0.67643590715705859 0.071317737773678239 1.8209931447750658 1.1864716663309169 1.2009111914660342 1.1207465905123197 -0.58288606783888619 -0.57281396207405477 -0.52054600404645235 -0.49661267413091809 0.0093622095216903262 1.3828565180280705 -0.85886943556124584 2.0795389519099658 1.0212128392891442 -0.94016022009977684 1.8079832242108731 1.2001702970136188 -1.4223173015141164 1.3726284605836752 0.044779513612571972 -1.0056339512929831 -0.20054437685201648 1.4129689717587579
leaf_weight=158 19 113 176 468 25 47 13.999999999999998 8.9999999999999982 35 38 201 32 19 14.999999999999998 21 42 9.9999999999999982 54 323 37 125 23 29 50 28 15.999999999999998 35 29 37 40 78 151 15.999999999999998 42 18
leaf_count=158 19 113 176 468 25 47 14 9 35 38 201 32 19 15 21 42 10 54 323 37 125 23 29 50 28 16 35 29 37 40 78 151 16 42 18
internal_value=-0.00389788 -0.0130782 0.000371798 -0.017405 0.00388793 0.00946037 -0.00117996 0.0198079 0.00159189 0.0076869 -0.00332528 0.00657243 -0.000865909 -0.00672891 0.0147802 -0.00849536 0.00641893 -0.00627626 -0.0121757 0.000468934 -0.00487157 3.99289e-05 -0.0105789 0.00876414 0.000307841 0.0118297 -0.00791509 0.0327169 0.0249344 -0.01835 0.0127427 0.00698337 0.0242744 -0.00683861 0.00415573
internal_weight=2573 812 1761 626 1180 559 621 52 186 151 569 512 235 581 40 541 106 64 435 112 544 343 154 189 129 79 51 38 60 59 277 199 48 97 60
internal_count=2573 812 1761 626 1180 559 621 52 186 151 569 512 235 581 40 541 106 64 435 112 544 343 154 189 129 79 51 38 60 59 277 199 48 97 60
is_linear=0
shrinkage=0.139886


Tree=17
num_leaves=36
num_cat=0
split_feature=78 56 1 13 6 1 12 12 4 15 53 3 0 0 79 79 13 0 0 79 12 104 6 104 12 100 4 4 53 4 12 78 12 0 4
split_gain=3.60963 2.57126 2.01554 1.91465 2.28144 1.83929 1.58959 1.53096 1.82743 1.42958 1.34215 2.02343 1.95859 1.44342 2.10166 1.3959 1.29038 2.27601 4.08981 1.74096 1.367 1.43987 1.79376 1.32275 1.86176 1.28507 1.25383 1.24013 1.22745 1.20956 1.17311 1.09959 1.33812 1.50117 1.24356
threshold=1634.5500000000004 1.0000000180025095e-35 34.500000000000007 12.500000000000002 13.15 42.500000000000007 3.3098214285714289 5.3627976190476199 20.750000000000004 10.500000000000002 1499.0000000000002 133.50000000000003 62.500000000000007 34.500000000000007 98.875000000000014 94.875000000000014 13.500000000000002 87.500000000000014 51.500000000000007 59.875000000000007 3.4741071428571431 35.21543411822713 9.3500000000000032 33.923434048710199 3.0922619047619051 712.50833333333344 3.6500000000000008 9.9500000000000011 1201.0000000000002 9.5500000000000025 2.445535714285715 1075.0500000000002 3.086011904761905 47.500000000000007 16.350000000000005
decision_type=2 2 2 2 2 2 2 2 2 2 2 2 2 2 2 2 2 2 2 2 2 2 2 2 2 2 2 2 2 2 2 2 2 2 2
left_child=1 2 30 9 5 -5 -3 8 16 31 11 12 13 -6 29 -14 17 18 19 -7 21 23 -23 24 25 -18 -22 -2 -20 -15 -1 34 33 -33 -4
right_child=27 6 3 4 10 7 -8 -9 -10 -11 -12 -13 15 14 -16 -17 20 -19 28 -21 26 22 -24 -25 -26 -27 -28 -29 -30 -31 -32 32 -34 -35 -36
leaf_value=-1.7081532599877318 -0.74786057927149219 0.073968031715463192 -1.0258487216649497 -0.6505909364327237 -0.42198841970917977 0.22577045851111421 5.6044621686561911 2.8200799191713206 -0.79750195215833197 -1.0157048086388003 1.9830093416568737 1.6037205744133531 -0.3221399479821857 0.33511308480942087 -0.50219945976214753 0.79011790686601169 0.45151072318621382 0.74262880696967426 -0.43421496707109553 1.6052804804351528 0.61832804135806541 0.91019508713392761 -0.68430664859305956 -1.3718190281417111 0.27190476027243354 -0.87740967331416675 -0.47785311085337639 -0.044537977580672787 0.39778049440860613 1.8371694307875213 -0.19004718909966697 -0.1020696551725631 -0.080338061252988036 1.5310539229511286 1.4004183457793247
leaf_weight=64 265 16.000000000000004 93 112 27 42 14.999999999999998 18 68 72 44 18 89 22 23 47 18 57 88 23 10.999999999999998 89 20 33 72 76 247 102 27 49 400 31 179 37 21
leaf_count=64 265 16 93 112 27 42 15 18 68 72 44 18 89 22 23 47 18 57 88 23 11 89 20 33 72 76 247 102 27 49 400 31 179 37 21
internal_value=-0.00264054 -0.000521009 -0.00113829 0.001041 0.00368862 0.000374572 0.0354078 0.00254388 0.00154486 -0.0069574 0.0138462 0.00966191 0.00576854 0.0182049 0.0259554 -0.00566094 0.00346985 0.0119662 0.00373383 0.0299803 -0.000195195 0.00603334 0.0183994 -0.0011526 0.00419684 -0.00855976 -0.00759211 -0.0153592 -0.0120077 0.0369709 -0.00925998 -0.00315227 0.00214513 0.0178289 -0.0140668
internal_weight=2615 2248 2217 1753 1320 1001 31 889 871 433 319 275 257 121 94 136 803 237 180 65 566 308 109 199 166 94 258 367 115 71 464 361 247 68 114
internal_count=2615 2248 2217 1753 1320 1001 31 889 871 433 319 275 257 121 94 136 803 237 180 65 566 308 109 199 166 94 258 367 115 71 464 361 247 68 114
is_linear=0
shrinkage=0.139886


Tree=18
num_leaves=36
num_cat=0
split_feature=2 8 56 38 76 100 80 80 103 5 78 1 78 28 78 76 78 80 0 2 80 11 76 2 2 0 11 2 78 28 1 53 80 5 85
split_gain=2.90456 1.83769 1.6253 1.68963 2.20104 1.78918 2.29949 1.75013 1.64897 1.60888 1.82666 1.86172 1.64566 1.68466 2.49266 1.54588 1.49096 1.48121 1.46601 1.3292 1.80983 1.24763 1.96052 1.72 1.21079 1.13823 1.58919 1.14967 1.61152 1.1701 1.13659 1.10673 1.6921 1.09871 1.09671
threshold=22.500000000000004 50.604166666666679 1.0000000180025095e-35 18.950000000000003 2512.5000000000005 677.40497448979602 14.312500000000002 18.625000000000004 0.87753026510615639 8.4500000000000011 856.70000000000016 106.50000000000001 1230.6000000000001 -0.68301270189221952 896.60000000000014 2285.5000000000005 1297.4500000000003 8.6375000000000028 69.500000000000014 127.50000000000001 13.037500000000003 4.9437500000000005 2296.5000000000005 110.50000000000001 64.500000000000014 119.50000000000001 5.0687500000000014 47.500000000000007 1300.3500000000001 0.25000000000000017 25.500000000000004 1499.0000000000002 8.5875000000000039 25.850000000000005 0.75000000000000011
decision_type=2 2 2 2 2 2 2 2 2 2 2 2 2 2 2 2 2 2 2 2 2 2 2 2 2 2 2 2 2 2 2 2 2 2 2
left_child=1 -1 3 4 9 -6 31 -8 -5 12 -11 21 13 30 17 -4 -9 -15 -19 25 -21 -12 23 24 -23 26 27 28 -10 -30 -2 -7 -33 -29 -26
right_child=2 -3 15 8 5 6 7 16 19 10 11 -13 -14 14 -16 -17 -18 18 -20 20 -22 22 -24 -25 34 -27 -28 33 29 -31 -32 32 -34 -35 -36
leaf_value=-0.85980889713263464 1.3262115566651527 2.0369396602043892 -0.26693269269279851 1.0406945678244954 1.5069398455570211 -0.44907100084593626 0.73999460947515217 0.76093648890654564 -0.33060127680157325 -0.29219593858228754 0.87621316411845029 -0.25880903457181165 0.30969853205751829 -1.2791328060347729 -0.56545042501230935 3.8856303709893063 -0.34976001491607023 0.58238967830611965 -0.85414110580988567 -2.4382175446155481 1.922341280848296 -0.62404060073104384 -0.87407820141681714 -1.0136271452706482 1.1530662596135444 -0.70834500221085561 0.25237980353183453 -0.3228764210631212 0.6969762880442828 -0.057572059086108504 0.029399194810494429 -0.76812029569226103 0.62676809192990357 1.699024302933513 1.5092128565516771
leaf_weight=270 13.999999999999998 10.999999999999998 11.000000000000002 27 15.999999999999998 278 40 10.999999999999998 148 47 202 76 132 20 174 18 42 29 8.9999999999999982 9.9999999999999982 29 25 21 10.999999999999998 18 52 131 407 40 82 86 20 11.999999999999998 10.999999999999998 36
leaf_count=270 14 11 11 27 16 278 40 11 148 47 202 76 132 20 174 18 42 29 9 10 29 25 21 11 18 52 131 407 40 82 86 20 12 11 36
internal_value=-0.00292456 -0.0161562 -0.00125098 -0.00171819 0.0015082 -0.00679213 -0.00882974 0.00990002 -0.00623641 0.00539609 0.0114225 0.0145772 -0.000356155 -0.00560661 -0.0120409 0.0281144 -0.00672507 0.0119923 0.0265439 -0.00731969 0.0160053 0.0192586 0.0067388 0.0158109 0.0231733 -0.0084888 -0.00705927 -0.00973716 -0.00252208 0.00908616 0.00912395 -0.0145475 0.0085379 -0.014274 0.0337613
internal_weight=2566 281 2285 2256 1319 419 403 93 937 900 436 389 464 332 232 29 53 58 38 910 39 313 111 90 79 871 819 688 270 122 100 310 32 418 54
internal_count=2566 281 2285 2256 1319 419 403 93 937 900 436 389 464 332 232 29 53 58 38 910 39 313 111 90 79 871 819 688 270 122 100 310 32 418 54
is_linear=0
shrinkage=0.139886


Tree=19
num_leaves=36
num_cat=0
split_feature=6 1 1 26 82 6 26 77 6 82 100 46 1 77 1 38 72 19 80 1 46 77 41 77 1 77 82 80 77 6 77 77 40 6 49
split_gain=2.64112 2.67407 1.94853 2.40728 1.56819 1.52288 1.49148 1.48094 1.30455 2.58552 1.26913 1.52095 1.20149 1.08034 1.11602 1.1725 1.18149 1.12388 1.22892 1.07662 1.28327 1.05328 1.03012 1.22124 1.01923 0.937129 0.902861 1.95013 1.24619 1.21539 1.1895 1.18535 1.2284 1.17432 1.18927
threshold=2.8500000000000001 81.500000000000014 43.500000000000007 -0.22252093395631442 20.706250000000001 18.950000000000003 -0.56174490092936669 2146.5000000000005 20.650000000000002 14.725000000000003 891.02222222222224 0.041666666666666671 102.50000000000001 1167.0000000000002 119.50000000000001 12.450000000000001 9.5000000000000018 47.500000000000007 14.062500000000002 46.500000000000007 0.12500000000000003 3090.0000000000005 20.700000000000003 2140.5000000000005 33.500000000000007 2575.5000000000005 8.0437500000000028 9.6875000000000018 1584.5000000000002 9.1500000000000004 2763.5000000000005 2346.5000000000005 16.350000000000005 8.1500000000000004 95552.000000000015
decision_type=2 2 2 2 2 2 2 2 2 2 2 2 2 2 2 2 2 2 2 2 2 2 2 2 2 2 2 2 2 2 2 2 2 2 2
left_child=1 -1 3 4 5 6 10 -3 9 13 11 22 21 -4 17 16 -16 18 19 20 -15 -11 -2 -24 -13 -25 -21 30 -29 -30 31 32 33 34 -28
right_child=2 7 8 -5 -6 -7 -8 -9 -10 12 -12 24 -14 14 15 -17 -18 -19 -20 26 -22 -23 23 25 -26 -27 27 28 29 -31 -32 -33 -34 -35 -36
leaf_value=-1.5831227898227764 -0.38110854979643094 1.3599636593431952 -0.76341762251257272 -0.92087312242620989 0.85550622388080155 -0.49652299978552045 0.75191482254092479 -0.74154452042086993 -0.21971841604591336 0.9675714426922104 -0.36918102391732849 -0.73272344752067686 -0.19723719387767735 0.59484203601282304 0.55404882497799479 -0.39102045239425759 -0.70178553813767119 0.63876056237010459 -0.73799055814168402 -0.05694968204846599 -0.84313346320999027 -0.96764857154862638 1.7295126390340452 -0.27519934554953351 0.14096368224501438 0.26666914558833399 -0.97746940512358338 1.5748172917560788 -0.33303202461156389 -0.0047782652710206854 1.195409645962257 -0.24305881271691995 1.2645740980764493 -1.0315744980556008 1.2931940367781887
leaf_weight=88 22 9.0000000000000018 15.999999999999998 216 49 57 93 15.999999999999998 107 141 112 87 17 43 22 78 15.999999999999998 123 40 583 15.999999999999998 8.9999999999999982 56 45 29 65 11.999999999999998 17 47 178 35 34 34 32 26
leaf_count=88 22 9 16 216 49 57 93 16 107 141 112 87 17 43 22 78 16 123 40 583 16 9 56 45 29 65 12 17 47 178 35 34 34 32 26
internal_value=-0.00173682 -0.0219731 -0.000743614 -0.00622402 -0.00168585 -0.00385506 -0.00127336 0.0151477 0.0020726 0.00314355 -0.00489062 -8.98672e-05 0.0191787 0.00107024 0.00158284 -0.0111163 0.00802489 0.0028494 0.00138071 0.00235262 0.0196155 0.0231184 0.00759151 0.0114606 -0.0122506 0.00238465 0.00119665 0.00612775 -0.00201983 -0.00511802 0.0171442 0.0102035 0.0173409 0.0054274 0.0203709
internal_weight=2570 113 2457 831 615 566 509 25 1626 1519 416 304 167 1352 1336 116 38 1220 1097 1057 59 150 188 166 116 110 998 415 242 225 173 138 104 70 38
internal_count=2570 113 2457 831 615 566 509 25 1626 1519 416 304 167 1352 1336 116 38 1220 1097 1057 59 150 188 166 116 110 998 415 242 225 173 138 104 70 38
is_linear=0
shrinkage=0.139886


Tree=20
num_leaves=36
num_cat=0
split_feature=82 10 4 40 12 12 103 103 15 40 12 105 40 40 1 12 79 12 1 38 12 12 103 1 15 105 105 38 57 51 1 38 38 12 38
split_gain=2.43998 2.30678 1.74566 1.92843 1.39064 1.9252 1.15082 1.68786 1.17503 1.90734 1.78515 2.10229 1.44998 1.20734 1.12982 1.35688 1.78835 1.72526 1.55222 1.31919 1.21533 1.79366 1.76896 1.20225 1.67249 1.16258 2.57209 1.88574 1.12561 1.08252 1.30422 1.06961 1.17977 1.47031 1.31464
threshold=7.9937500000000012 53.988994928389793 12.450000000000001 3.6500000000000008 3.9973214285714289 2.5824404761904769 0.89180719723610402 0.9278933608540979 2.5000000000000004 8.8500000000000032 3.355059523809524 3.3248445221871448 10.850000000000003 11.550000000000002 39.500000000000007 2.883035714285715 78.875000000000014 2.1026785714285716 43.500000000000007 17.950000000000003 3.7270833333333342 3.5252976190476195 1.0740279676995772 30.500000000000004 1.5000000000000002 3.5807484916319132 3.78746271022893 18.850000000000005 1.0000000180025095e-35 1.0000000180025095e-35 58.500000000000007 10.15 14.050000000000002 3.1151785714285722 17.150000000000002
decision_type=2 2 2 2 2 2 2 2 2 2 2 2 2 2 2 2 2 2 2 2 2 2 2 2 2 2 2 2 2 2 2 2 2 2 2
left_child=1 4 -3 -4 5 -1 -7 -8 12 10 31 -12 -9 -11 19 16 17 -16 -19 23 21 25 -22 24 -2 28 27 -27 29 -17 -31 -10 -33 34 -34
right_child=14 2 3 -5 -6 6 7 8 9 13 11 -13 -14 -15 15 20 -18 18 -20 -21 22 -23 -24 -25 -26 26 -28 -29 -30 30 -32 32 33 -35 -36
leaf_value=-0.89157590896707006 -0.13023908166179035 1.1831023459422099 3.0570531978140165 -0.86971457431013599 -0.88064849465109785 0.13896172277221674 -1.0610694588177783 -1.0041914118585609 -0.36694760385991709 -0.75066374906101285 0.6166367090368795 -0.10626386366728242 1.5826472323041958 -0.11189271222897035 -0.97990308436747342 -0.21075005596384258 -0.37020439919898179 -2.1127828626905036 1.3397869755732494 -0.25262206651183655 0.40053948816182805 -0.44179566681655086 -0.50549543376455874 -0.25480514385519232 0.46157663156486051 1.19148511171873 -0.22705040429416748 0.040689067211135937 1.2954626637490412 -0.28375094035501475 1.3135605623335058 1.8747254354333767 -1.572258931400196 -0.56216651446989385 0.83643367894255793
leaf_weight=143 47 29 14.999999999999998 61 127 100 48 101 29 88 30 28 10.999999999999998 247 8.9999999999999982 219 30 8.9999999999999982 37 230 274 148 36 93 128 30 33 25 14.999999999999998 26 39 14.999999999999998 12.999999999999998 35 45
leaf_count=143 47 29 15 61 127 100 48 101 29 88 30 28 11 247 9 219 30 9 37 230 274 148 36 93 128 30 33 25 15 26 39 15 13 35 45
internal_value=-0.00392169 -0.00865095 0.0105859 -0.00134309 -0.010616 -0.00861341 -0.00578966 -0.00782356 -0.00573053 -0.00286372 0.00795111 0.0269827 -0.0182885 -0.00919435 -3.89854e-05 0.00283555 0.0189399 0.0325463 0.0424994 -0.0053704 0.0010668 -0.00296629 0.00793497 0.00132101 0.00805607 0.00209302 0.0155556 0.0325463 -0.00214631 -0.00441761 0.0106382 -0.00106619 0.00557981 -0.00125493 0.0119923
internal_weight=2593 1165 105 76 1060 933 790 690 642 530 195 58 112 335 1428 930 85 55 46 498 845 535 310 268 175 387 88 55 299 284 65 137 108 93 58
internal_count=2593 1165 105 76 1060 933 790 690 642 530 195 58 112 335 1428 930 85 55 46 498 845 535 310 268 175 387 88 55 299 284 65 137 108 93 58
is_linear=0
shrinkage=0.139886


Tree=21
num_leaves=36
num_cat=0
split_feature=7 1 53 101 41 101 76 8 41 2 76 7 76 7 8 102 1 76 2 41 7 2 19 10 101 41 1 7 7 28 7 8 7 10 4
split_gain=3.50427 1.72306 1.56357 1.27464 1.26117 1.2596 1.23423 1.15474 1.02972 1.19304 0.944986 1.66197 2.2054 1.98039 1.50715 1.13821 1.15702 1.09489 1.04263 1.63774 1.03995 1.27101 1.17519 1.21993 1.03995 1.05628 1.03599 1.03435 1.00457 1.18313 0.936359 0.923975 0.918542 0.897849 1.08667
threshold=3.4500000000000006 81.500000000000014 2006.0000000000002 1.1142709069058563 29.350000000000005 1.0993963640490836 3123.0000000000005 9.8125000000000018 46.250000000000007 38.500000000000007 2157.5000000000005 5.7500000000000009 2512.5000000000005 11.850000000000003 18.312500000000004 64.907727272727286 22.500000000000004 2498.5000000000005 89.500000000000014 24.650000000000002 21.650000000000002 37.500000000000007 47.500000000000007 55.983646797586132 0.99054969350452271 31.850000000000005 89.500000000000014 8.2500000000000018 5.6500000000000012 -0.68301270189221952 8.3500000000000032 50.229166666666679 10.15 34.669035470037649 6.9500000000000011
decision_type=2 2 2 2 2 2 2 2 2 2 2 2 2 2 2 2 2 2 2 2 2 2 2 2 2 2 2 2 2 2 2 2 2 2 2
left_child=1 -1 3 5 -4 6 7 -2 30 -10 20 12 14 15 -12 16 -13 -15 33 -20 21 24 28 -24 25 -9 -26 -21 29 -23 -8 -5 -32 34 -17
right_child=2 -3 4 31 -6 -7 8 10 9 -11 11 13 -14 17 -16 18 -18 -19 19 27 -22 22 23 -25 26 -27 -28 -29 -30 -31 32 -33 -34 -35 -36
leaf_value=-1.1496964145447406 0.8974049204117811 0.10212643581861859 -0.83288097147711859 -0.49198310336466061 0.58084753950584722 0.96874870868034635 -0.87691643715084622 0.90839249502711872 1.0659291204638257 -0.18616708649479816 -0.15625334629065626 -0.63403108072249614 -0.080701044567888555 0.52975680346460985 0.99520193367829057 -0.40598226366231593 1.2978416603786331 -0.074786452381596757 2.7962925737582851 0.78300506641801748 -0.33880551952252447 0.70328102449576746 0.098939510096912126 1.7075837024203373 -0.89514125210935758 -0.21992996227095171 0.086749846180603885 -0.28073702464049261 -0.018163547199280157 -0.54965057445656729 1.2879456528686579 0.13646203683789812 -0.30789550449218556 -0.47076206906043605 0.069931521681928954
leaf_weight=151 19 51 21 105 69 59 82 14.999999999999998 17 45 24 13.999999999999998 89 163 93 98 27 152 8.9999999999999982 25 42 12.999999999999998 51 23 114 22 22 35 545 56 9.9999999999999982 17 55 168 94
leaf_count=151 19 51 21 105 69 59 82 15 17 45 24 14 89 163 93 98 27 152 9 25 42 13 51 23 114 22 22 35 545 56 10 17 55 168 94
internal_value=-0.00309086 -0.0204494 -0.00156768 -0.00229477 0.0158109 -0.00148942 -0.00207596 -0.0009397 -0.0120924 0.00282508 -0.00133903 0.00163941 0.0125904 -0.00132414 0.0246416 -0.00703352 0.0136059 0.00716089 -0.00920127 0.00604837 -0.00459462 -0.0034314 -0.000684017 0.0151373 -0.013886 0.00599666 -0.0193253 -0.00415573 -0.00274673 -0.0177785 -0.0182197 -0.0157926 -0.00483553 -0.0121864 -0.00533374
internal_weight=2595 202 2393 2303 90 2181 2122 1913 209 62 1894 991 206 785 117 470 41 315 429 69 903 861 688 74 173 37 136 60 614 69 147 122 65 360 192
internal_count=2595 202 2393 2303 90 2181 2122 1913 209 62 1894 991 206 785 117 470 41 315 429 69 903 861 688 74 173 37 136 60 614 69 147 122 65 360 192
is_linear=0
shrinkage=0.139886


Tree=22
num_leaves=36
num_cat=0
split_feature=8 41 8 8 2 8 79 9 79 41 8 8 76 76 26 9 24 40 7 40 40 2 40 41 79 76 9 9 2 2 105 76 76 8 79
split_gain=2.35252 1.04854 1.31086 1.07709 1.38467 1.2736 1.10031 1.16267 1.07478 0.997214 0.975689 1.03124 0.927928 1.57473 1.12828 1.02034 1.08113 1.76494 1.64621 1.55387 1.18527 1.46468 1.80166 1.46881 1.65215 1.3226 1.15696 2.19499 1.33577 1.13721 1.17117 1.09904 1.06186 1.00657 0.983369
threshold=15.10416666666667 49.850000000000009 40.562500000000007 68.604166666666671 99.500000000000014 75.270833333333357 22.125000000000004 34.395833333333343 99.125000000000014 48.400000000000013 37.645833333333336 25.562500000000004 3101.5000000000005 2971.5000000000005 -0.22252093395631442 46.282738095238109 -0.9159756150367534 19.900000000000002 8.7500000000000018 1.8500000000000003 10.65 89.500000000000014 8.3500000000000032 41.20000000000001 76.875000000000014 2437.0000000000005 35.229166666666679 37.419642857142868 112.50000000000001 68.500000000000014 3.2255554644452298 1767.5000000000002 2399.5000000000005 27.020833333333339 51.375000000000007
decision_type=2 2 2 2 2 2 2 2 2 2 2 2 2 2 2 2 2 2 2 2 2 2 2 2 2 2 2 2 2 2 2 2 2 2 2
left_child=-1 3 -3 6 5 -5 7 -2 -6 12 11 -11 13 15 -15 16 17 20 -19 -18 21 22 23 29 -25 31 33 32 -29 -8 -31 -24 -28 -22 -14
right_child=1 2 -4 4 8 -7 9 -9 -10 10 -12 -13 34 14 -16 -17 19 18 -20 -21 26 -23 25 24 -26 -27 27 28 -30 30 -32 -33 -34 -35 -36
leaf_value=-0.76311400481769276 1.059823618390122 -0.24451846824783299 0.016267691476520397 2.0538485998763987 -0.59281742659917236 0.18989278378328706 -0.20261101022619979 -0.17222575500467976 0.71519433811594202 0.95226047681805492 1.0511427011159624 -1.873979230451065 -0.70543367082047315 -0.11039733476176147 1.234447789848194 -0.38950011879178797 0.98675364974740143 -0.15356288751851258 1.2928656867368802 -0.19811475775199006 -0.08980859839063722 -0.28338155129823656 -0.68667536234833548 2.1371019397985442 -0.51148685355274037 -0.078008403124584638 1.2509654272928286 -0.20891356779039638 1.0975196948125561 -0.048759719382996301 2.1079046868471036 0.97756983109028384 -0.84534708301792483 -0.86935132028296713 -0.052546234437597684
leaf_weight=252 21 249 198 43 21.000000000000004 43 90 13.999999999999998 8.9999999999999982 21 20 14.999999999999998 79 24 26 85 24 12.999999999999998 20 652 74 57 9.9999999999999982 31 9.9999999999999982 20 61 145 19 25 8.9999999999999982 38 8.9999999999999982 63 113
leaf_count=252 21 249 198 43 21 43 90 14 9 21 20 15 79 24 26 85 24 13 20 652 74 57 10 31 10 20 61 145 19 25 9 38 9 63 113
internal_value=-0.00278129 -0.00138206 -0.00742038 5.85486e-05 0.0127043 0.0212852 -0.000810335 0.0214844 -0.0112443 -0.00134298 0.0159057 0.000645796 -0.00197806 -0.000786228 0.0219632 -0.00167405 -0.000710946 0.00315146 0.03157 -0.00466748 0.00140237 0.00799825 0.0128639 0.00446473 0.0251854 0.0308291 -0.00380846 0.00220272 -0.00669536 -0.00340868 0.0162493 0.0419744 0.0217096 -0.0136666 -0.0109482
internal_weight=2603 2351 447 1904 116 86 1788 35 30 1753 56 36 1697 1505 50 1455 1370 694 33 676 661 290 233 165 41 68 371 234 164 124 34 48 70 137 192
internal_count=2603 2351 447 1904 116 86 1788 35 30 1753 56 36 1697 1505 50 1455 1370 694 33 676 661 290 233 165 41 68 371 234 164 124 34 48 70 137 192
is_linear=0
shrinkage=0.139886


Tree=23
num_leaves=36
num_cat=0
split_feature=101 76 13 28 5 105 36 76 51 40 5 36 19 84 76 36 14 40 5 28 0 36 40 76 22 105 76 40 40 19 105 5 76 19 21
split_gain=2.08811 1.43741 1.48344 1.72969 1.43993 1.3442 1.83224 1.31455 1.6224 1.4759 2.34022 1.5049 1.43402 1.69543 1.2469 1.29919 1.11336 1.76442 1.10529 1.06954 0.906141 0.925125 1.4543 0.832041 1.02581 1.56285 1.0254 0.826508 1.05902 1.24384 1.44695 0.732514 0.83586 0.810454 1.16013
threshold=1.1142709069058563 3686.5000000000005 12.500000000000002 0.6830127018922193 21.950000000000003 5.0538220100737563 9.7500000000000018 1747.5000000000002 1.0000000180025095e-35 8.7500000000000018 11.550000000000002 9.1500000000000004 3.5000000000000004 1.0000000180025095e-35 3489.5000000000005 12.65 3.5000000000000004 14.850000000000003 22.650000000000002 -0.68301270189221952 27.500000000000004 8.5500000000000025 3.9500000000000006 2556.5000000000005 1.0000000180025095e-35 3.1143140617433276 2470.5000000000005 -0.24999999999999997 1.6500000000000001 7.5000000000000009 3.5053128793966115 21.950000000000003 1824.5000000000002 32.500000000000007 1.0000000180025095e-35
decision_type=2 2 2 2 2 2 2 2 2 2 2 2 2 2 2 2 2 2 2 2 2 2 2 2 2 2 2 2 2 2 2 2 2 2 2
left_child=1 2 3 4 23 7 -7 8 9 10 11 -4 13 -9 27 -16 17 -10 -8 -11 -2 22 -22 24 -1 -26 -27 -14 29 -29 -31 32 -30 -34 -35
right_child=20 -3 5 -5 -6 6 18 12 16 19 -12 -13 14 -15 15 -17 -18 -19 -20 -21 21 -23 -24 -25 25 26 -28 28 31 30 -32 -33 33 34 -36
leaf_value=-0.087229699027917523 -0.91797256980677711 -0.59715285488901482 0.010257547995128381 -0.6492220501818079 0.88693453211323892 2.5282393618507291 0.84095864433989109 1.1404498286576064 -0.047170969397806808 1.0515777494682808 -0.97543771523782652 1.8825226757401532 -0.9562787967189329 -0.88364580776425383 1.4246805653691306 -0.21498835875819486 0.60195836658072566 1.1129341430980479 -0.42403683809969861 -0.45192089645180245 -0.47202713841276489 -0.99298595111745924 0.98101660801950918 -0.37497872176594943 0.87489107427480894 -0.58597357726031563 2.7906566875880818 -0.51175692969474462 -0.49923184688963301 1.9549175877630969 -0.83562465691749899 -0.257356624507524 -0.075266806365977892 0.0067938462276457001 1.2226230281510593
leaf_weight=211 64 84 20 131 10.999999999999998 19 16.000000000000004 25 11.999999999999998 14.999999999999998 10.999999999999998 18 21 12.999999999999998 23 8.9999999999999982 37 29 11.999999999999998 105 29 42 21 110 53 69 8.9999999999999982 12.999999999999998 61 19.000000000000004 9.9999999999999982 65 843 293 65
leaf_count=211 64 84 20 131 11 19 16 25 12 15 11 18 21 13 23 9 37 29 12 105 29 42 21 110 53 69 9 13 61 19 10 65 843 293 65
internal_value=-0.00250092 -0.00146806 -0.000795845 -0.0067928 -0.00264709 0.00125485 0.0229186 0.000563026 0.0098456 0.00182471 0.0206146 0.0358034 -0.00104867 0.0234574 -0.00182036 0.0227677 0.0255763 0.0396598 -0.00158413 -0.00659206 -0.0178153 -0.00788708 0.00488071 -0.00414185 -0.00064072 0.00879835 -0.00393481 -0.00250275 -0.00200226 0.0181516 0.0319657 -0.00273623 -0.00193961 -0.00107665 0.00444176
internal_weight=2588 2432 2348 594 463 1754 47 1707 247 169 49 38 1460 38 1422 32 78 41 28 120 156 92 50 452 342 131 78 1390 1369 42 29 1327 1262 1201 358
internal_count=2588 2432 2348 594 463 1754 47 1707 247 169 49 38 1460 38 1422 32 78 41 28 120 156 92 50 452 342 131 78 1390 1369 42 29 1327 1262 1201 358
is_linear=0
shrinkage=0.139886


Tree=24
num_leaves=36
num_cat=0
split_feature=36 36 38 38 38 100 100 1 10 80 13 10 38 58 103 13 45 100 10 7 9 1 36 9 7 12 1 22 10 36 80 36 9 10 80
split_gain=1.41635 1.61989 1.70323 2.47973 1.93831 1.56608 1.52413 1.54857 1.3678 1.35008 1.32718 1.31918 1.35892 1.28372 1.58212 1.2739 2.1398 1.40334 1.26405 1.36214 1.56131 1.35893 1.19671 1.24501 1.14598 1.33124 2.48057 1.46731 1.30951 1.09885 1.68483 1.10353 1.05446 1.16554 1.09303
threshold=6.7500000000000009 8.2500000000000018 18.550000000000004 14.850000000000003 23.350000000000005 942.47777777777787 910.37777777777785 60.500000000000007 57.831995027322677 5.9625000000000012 12.500000000000002 75.777844199588273 10.950000000000001 0.51804506510482839 1.0984274393347819 13.500000000000002 1.0000000180025095e-35 899.85555555555572 57.164886631989013 9.8500000000000032 37.032738095238102 29.500000000000004 17.550000000000004 31.979166666666668 3.7500000000000004 3.5752976190476193 49.500000000000007 1.0000000180025095e-35 61.670488010659007 16.450000000000003 4.4375000000000009 18.450000000000003 52.773809523809526 23.115925253857132 10.762500000000001
decision_type=2 2 2 2 2 2 2 2 2 2 2 2 2 2 2 2 2 2 2 2 2 2 2 2 2 2 2 2 2 2 2 2 2 2 2
left_child=10 8 3 9 22 6 15 -8 -2 29 -1 12 18 -12 -15 17 -17 -5 19 20 21 -11 23 -4 -6 26 27 -26 -28 30 -3 -31 33 -27 -35
right_child=1 2 4 5 24 -7 7 -9 -10 11 13 -13 -14 14 -16 16 -18 -19 -20 -21 -22 -23 -24 -25 25 32 28 -29 -30 31 -32 -33 -34 34 -36
leaf_value=-0.8305334415566421 0.086600922571898387 -0.025163458666924671 -0.02913676127776953 0.73824195071624954 -0.694716456441269 -0.14547517622331876 0.072393307896270076 3.4032889055666327 0.93681845004024711 -1.1951618180967096 -0.31861699383403613 2.564236794358723 -0.19735476484322925 1.2777821055830729 -0.54971555421958584 -0.30832360149900923 1.0262286804158043 -0.82435151317021693 -0.59755080920877435 0.3517920788888636 -0.33577333750223032 0.38300980377894434 -0.086255048995813488 -0.61957867675150735 -0.25043201993381325 0.57441379294209149 0.94010665253510284 0.18267988339959895 -0.71909492367460703 0.85113913619249548 -1.1052399810977558 -0.78800634342653142 1.1493120725637542 -0.93810292410392604 -0.059162418023134891
leaf_weight=76 226 69 79 129 41 68 17 17 32 13.999999999999998 108 12.999999999999998 310 44 22 96 36 14.999999999999998 30 121 60 68 114 227 64 15.999999999999998 120 43 17 17 89 22 18 69 80
leaf_count=76 226 69 79 129 41 68 17 17 32 14 108 13 310 44 22 96 36 15 30 121 60 68 114 227 64 16 120 43 17 17 89 22 18 69 80
internal_value=-0.00210827 -0.00102036 -0.0023266 0.00113232 -0.00693708 0.0103828 0.0145474 0.0399462 0.00927924 -0.00322293 -0.0119597 4.48822e-05 -0.00112308 -0.00478316 0.00992072 0.0104672 0.000401617 0.019228 0.005636 0.00884887 -0.000562085 0.011589 -0.0137489 -0.0182156 -0.000706313 0.00157818 0.00823767 -0.00746404 0.0202576 -0.0130765 -0.0181074 0.00694569 -0.00727645 -0.0109589 -0.0149441
internal_weight=2587 2337 2079 1191 888 378 310 34 258 813 250 616 603 174 66 276 132 144 293 263 142 82 420 306 468 427 244 107 137 197 158 39 183 165 149
internal_count=2587 2337 2079 1191 888 378 310 34 258 813 250 616 603 174 66 276 132 144 293 263 142 82 420 306 468 427 244 107 137 197 158 39 183 165 149
is_linear=0
shrinkage=0.139886


Tree=25
num_leaves=36
num_cat=0
split_feature=11 104 4 105 104 105 78 4 103 105 105 76 103 9 13 4 103 103 78 0 11 4 76 11 19 19 103 8 83 79 11 8 19 78 105
split_gain=2.23111 2.57418 1.65574 1.38894 1.249 1.73475 1.6218 1.20735 1.09884 1.49764 1.89673 1.017 1.40921 1.50664 0.99047 0.97574 0.909878 1.78708 1.03417 0.976822 1.13339 2.09967 1.47635 1.35755 0.995106 1.273 0.959507 0.922743 0.906341 1.41408 1.28709 1.19277 1.47092 1.24044 1.47923
threshold=2.8145833333333337 24.613975867076849 24.450000000000003 4.7969974009907075 48.160272024101225 4.1485652172892786 1132.5500000000004 12.350000000000003 1.1320572314916173 2.0370926799340405 2.1826871854818806 3790.5000000000005 0.9920597040278234 23.145833333333339 13.500000000000002 23.450000000000003 1.0993751736549042 1.1069633816268931 1207.4500000000003 74.500000000000014 4.6479166666666671 11.550000000000002 2831.5000000000005 3.7854166666666669 27.500000000000004 16.500000000000004 0.88049780218688956 33.020833333333336 1.0000000180025095e-35 82.875000000000014 2.4854166666666671 12.895833333333334 8.5000000000000018 1349.3000000000004 2.5020526251744086
decision_type=2 2 2 2 2 2 2 2 2 2 2 2 2 2 2 2 2 2 2 2 2 2 2 2 2 2 2 2 2 2 2 2 2 2 2
left_child=8 -2 3 4 5 15 7 -7 9 11 -11 12 -1 -14 -5 16 18 -18 -3 20 21 23 -22 24 25 27 -21 -20 29 31 -30 -12 33 -33 -35
right_child=1 2 -4 14 -6 6 -8 -9 -10 10 28 -13 13 -15 -16 -17 17 -19 19 26 22 -23 -24 -25 -26 -27 -28 -29 30 -31 -32 32 -34 34 -36
leaf_value=1.435652402571191 0.90109952779543467 0.062769281245890068 -0.40717393673220209 -0.52813700992459334 -0.65004092399591251 0.33547974637157441 2.650008983389692 -1.2243704755780045 -0.73805154129423423 -0.40281681217254889 -1.104824177974306 -1.4124846764006542 0.49169463146996839 -0.93916338215756323 2.9144854332356824 0.40808844112079029 4.7323203100491718 -0.04708591547819347 1.2836812746952819 0.53791823204179912 0.77522023919261662 -0.60665799982434476 -1.3549180613014957 1.261954547500608 -0.28668088018262516 0.35467782026195044 -0.21163576593276004 -0.32025935190642657 0.48467366764049957 0.66645108901500605 -0.76483787612022558 -0.20212451787113955 -0.15461835999686163 1.8781499411777454 0.10251340116326409
leaf_weight=21 35 532 62 12.999999999999998 47 25 34 20 91 64 47 19 15.999999999999998 33 29 9.9999999999999982 14.999999999999998 42 11.999999999999998 19 63 57 28 23 57 42 176 38 64 18 30 33 707 20 32
leaf_count=21 35 532 62 13 47 25 34 20 91 64 47 19 16 33 29 10 15 42 12 19 63 57 28 23 57 42 176 38 64 18 30 33 707 20 32
internal_value=-0.00309975 0.000736598 -0.000331258 0.000802865 -0.00011215 0.000827433 0.0199323 0.00133678 -0.00750433 -0.00619296 -0.00773097 0.0106016 0.0180913 0.00322879 0.0238239 -0.000648705 -0.00115803 0.015006 -0.00213612 -0.00656147 -0.00170946 -0.00692556 0.010955 0.00109211 -0.00420583 0.00478858 -0.0141737 -0.00976142 -0.00602853 -0.00746102 0.00662691 -0.00838003 -0.00693021 0.00984877 0.022166
internal_weight=2574 1379 1344 1282 1240 1193 79 45 1195 1104 1015 89 70 49 42 1114 1104 57 1047 515 320 229 91 172 149 92 195 50 951 857 94 839 792 85 52
internal_count=2574 1379 1344 1282 1240 1193 79 45 1195 1104 1015 89 70 49 42 1114 1104 57 1047 515 320 229 91 172 149 92 195 50 951 857 94 839 792 85 52
is_linear=0
shrinkage=0.139886


Tree=26
num_leaves=36
num_cat=0
split_feature=53 82 82 82 5 77 9 7 5 7 13 13 58 77 77 7 7 77 11 12 19 19 5 82 7 77 48 19 11 82 11 11 82 11 19
split_gain=2.21875 1.80536 1.29845 0.913273 2.27043 1.0819 1.00043 0.868711 0.825181 0.763115 0.915505 0.750612 0.824823 1.49747 0.809236 1.13808 1.10418 0.759628 1.46816 1.37927 0.832735 0.783073 0.751669 0.740071 0.736055 0.702803 0.691245 0.650783 0.969798 0.834552 0.645238 0.796632 0.655071 0.657112 0.940643
threshold=2006.0000000000002 10.743750000000002 7.2062500000000016 11.668750000000003 14.750000000000002 1469.5000000000002 22.973214285714288 9.3500000000000032 33.850000000000001 10.850000000000003 13.500000000000002 12.500000000000002 0.33969478612707688 2967.0000000000005 1746.5000000000002 16.250000000000004 15.450000000000001 2370.0000000000005 5.3604166666666684 4.0300595238095243 17.500000000000004 22.500000000000004 10.450000000000001 14.256250000000003 14.15 2603.0000000000005 93361.500000000015 29.500000000000004 4.5645833333333341 14.537500000000001 5.4520833333333343 4.7895833333333346 17.256250000000005 4.2354166666666675 9.5000000000000018
decision_type=2 2 2 2 2 2 2 2 2 2 2 2 2 2 2 2 2 2 2 2 2 2 2 2 2 2 2 2 2 2 2 2 2 2 2
left_child=1 8 -2 4 7 24 -7 -3 -1 -9 -11 14 13 17 23 16 -16 19 26 20 -13 -22 -20 -8 -5 -14 -19 -23 -29 -30 31 32 33 34 -27
right_child=2 3 -4 5 -6 6 11 9 -10 10 -12 12 25 -15 15 -17 -18 18 22 -21 21 27 -24 -25 -26 30 -28 28 29 -31 -32 -33 -34 -35 -36
leaf_value=-0.13579756142351077 -0.27415974019833794 -0.42055631435180435 0.48079519596065146 -0.049666036971288754 3.2133585296970124 0.48985360032865288 -1.0090358777293893 1.3884569251353265 0.59186155408806651 -2.6929283965322659 0.37907118664127526 -1.1083430373324532 -0.24693792646265547 -0.29570122259070608 -0.074325388714548787 -0.60371857147643093 1.0319920591894729 0.078709970890437103 -0.73820913130690213 2.4810747633699646 0.45091641702883478 -0.87744409669270851 0.75803380611339988 1.0974932314969474 0.74535444473379109 -0.1455807355826525 1.1545994402599291 -0.23490933617283302 -0.3117468922041039 0.98824147803279472 -0.38635264103703482 1.3212454231136597 -0.30194944284227548 -0.71233673374366702 0.81168030278988978
leaf_weight=1646 23 22 66 9.0000000000000018 12.999999999999998 23 9.0000000000000018 18 9.9999999999999982 14.999999999999998 28 20 145 20 76 62 10.999999999999998 34 13.000000000000002 20 10.999999999999998 21 10.999999999999998 15.999999999999998 18 10.999999999999998 40 32 19 19 28 15.999999999999998 28 8.9999999999999982 23
leaf_count=1646 23 22 66 9 13 23 9 18 10 15 28 20 145 20 76 62 11 34 13 20 11 21 11 16 18 11 40 32 19 19 28 16 28 9 23
internal_value=-0.00299486 -0.00378866 0.017863 0.00148582 0.0138096 -0.000223425 -0.0013712 0.00325237 -0.00645889 0.0116705 0.00027798 -0.00243341 0.000265274 0.00575614 -0.0101835 -0.0140492 -0.00311444 0.00904962 0.0180632 0.00224833 -0.00389407 0.0017914 -0.00982538 0.0108198 0.0240467 -0.00523285 0.0271783 -0.00327228 0.00361827 0.0172844 0.00285896 0.00875009 0.00125022 0.0113973 0.0196346
internal_weight=2585 2496 89 840 96 744 717 83 1656 61 43 694 520 260 174 149 87 240 98 142 122 102 24 25 27 260 74 91 70 38 115 87 71 43 34
internal_count=2585 2496 89 840 96 744 717 83 1656 61 43 694 520 260 174 149 87 240 98 142 122 102 24 25 27 260 74 91 70 38 115 87 71 43 34
is_linear=0
shrinkage=0.139886


Tree=27
num_leaves=36
num_cat=0
split_feature=8 103 8 2 12 6 38 38 103 103 13 6 3 6 6 6 79 3 79 4 52 3 37 9 72 8 38 79 2 2 38 2 2 10 10
split_gain=1.31642 1.49624 1.25736 1.29577 1.81815 1.3189 1.69776 2.60076 1.26825 1.6339 1.37573 1.68219 1.7134 1.7817 2.42613 1.34404 1.49195 1.45865 1.31701 1.83436 1.25805 1.23393 1.59063 1.67257 1.26758 1.18115 1.44606 1.14527 1.14235 1.13576 1.33837 1.12034 1.52096 1.10528 1.09969
threshold=16.270833333333339 0.89107697152762966 17.104166666666668 55.500000000000007 2.5247023809523816 8.0500000000000025 14.350000000000003 15.850000000000003 0.93370712571399839 0.94044541729195552 12.500000000000002 6.7500000000000009 68.500000000000014 12.65 19.750000000000004 13.250000000000002 61.125000000000007 105.50000000000001 76.375000000000014 5.5500000000000007 1.0000000180025095e-35 57.500000000000007 0.15000000000000005 28.919642857142861 12.500000000000002 9.2916666666666696 19.850000000000005 94.125000000000014 25.500000000000004 34.500000000000007 14.350000000000003 101.50000000000001 91.500000000000014 29.169962519642983 17.40174892453842
decision_type=2 2 2 2 2 2 2 2 2 2 2 2 2 2 2 2 2 2 2 2 2 2 2 2 2 2 2 2 2 2 2 2 2 2 2
left_child=1 34 -2 5 -5 21 -7 -8 -6 -10 15 -12 18 33 -15 16 20 -17 19 -13 -11 24 23 -23 -4 26 -3 -19 -27 30 -25 32 -21 -14 -1
right_child=2 25 3 4 8 6 7 -9 9 10 11 12 13 14 -16 17 -18 27 -20 31 -22 22 -24 29 -26 28 -28 -29 -30 -31 -32 -33 -34 -35 -36
leaf_value=-0.63196353997138588 0.61492030836742173 0.49597004893998342 -0.038504391597925666 0.61731349893802034 -0.34413397370437115 -0.52308084350090889 2.783068723438709 -0.14951686552428611 1.566069454327548 -1.3843488350609672 -0.34847715676675572 -0.29710774268302947 0.13038105527000751 0.67449948640363433 -0.13770602239702148 -0.63780820926871107 0.4071941289216473 1.0775860059269506 -0.10331580897215469 0.70305340801278982 0.55151397993367135 -0.92040471283604752 -0.17811283947206277 0.13639265161994121 -0.51273708195150869 -0.19362366230075564 -1.1694556439846087 -2.5947517790793309 -0.68188827584581668 0.91423367443664316 -0.82797361058112051 3.8350489675377819 -0.7549743006034485 -0.25264356792107806 0.47021194878807021
leaf_weight=28 39 27 381 61 126 103 20 188 10.999999999999998 33 83 13.999999999999998 19 151 101 81 99 12.000000000000002 64 158 17 19 18 21 122 99 23 10.999999999999998 130 82 24 18 19 153 17
leaf_count=28 39 27 381 61 126 103 20 188 11 33 83 14 19 151 101 81 99 12 64 158 17 19 18 21 122 99 23 11 130 82 24 18 19 153 17
internal_value=-0.00198495 -0.0102173 -0.000769107 -0.00124339 0.00177353 -0.00502572 -0.0124363 -0.00480747 0.000475265 0.0021023 0.00135808 0.00426414 0.00653428 0.000908089 0.0083072 -0.00746925 0.00116331 -0.0191001 0.0150204 0.0202403 -0.0170825 -0.00147287 0.00881828 0.013868 -0.00490661 -0.0140217 0.00488071 0.00968807 -0.0181722 0.0196829 0.00133678 0.0238533 0.0188971 -0.00982902 0.012031
internal_weight=2572 324 2248 2209 1231 978 311 208 1170 1044 1033 780 697 424 252 253 149 104 273 209 50 667 164 146 503 279 50 23 229 127 45 195 177 172 45
internal_count=2572 324 2248 2209 1231 978 311 208 1170 1044 1033 780 697 424 252 253 149 104 273 209 50 667 164 146 503 279 50 23 229 127 45 195 177 172 45
is_linear=0
shrinkage=0.139886


Tree=28
num_leaves=36
num_cat=0
split_feature=40 77 9 38 8 10 53 81 89 1 105 82 105 105 8 8 76 9 105 5 5 5 1 5 105 81 81 1 81 10 48 9 76 1 1
split_gain=1.11683 0.961743 1.06326 1.29441 1.04159 1.74458 1.20318 1.3387 1.26192 1.62273 2.19012 1.30768 1.21008 1.35071 1.10128 1.70155 1.12172 1.0835 1.00982 1.0015 0.914434 0.785366 0.779351 0.756822 0.745133 1.05685 2.83343 1.05554 1.3521 1.44436 0.942821 0.942197 1.84283 1.74004 1.21226
threshold=-2.4499999999999997 1322.0000000000002 44.482142857142868 24.450000000000003 40.562500000000007 40.757090048389813 2635.0000000000005 65.437500000000014 1.0000000180025095e-35 39.500000000000007 2.0845557632607545 6.2437500000000012 3.8114652110676093 2.4268753365889197 22.229166666666668 35.520833333333336 1931.5000000000002 62.967261904761912 2.5768008503739663 6.2500000000000009 4.6500000000000012 7.6500000000000012 83.500000000000014 10.15 3.7689135225473671 68.812500000000014 66.437500000000014 49.500000000000007 43.437500000000007 35.342115993644413 98791.000000000015 32.342261904761912 2233.5000000000005 76.500000000000014 69.500000000000014
decision_type=2 2 2 2 2 2 2 2 2 2 2 2 2 2 2 2 2 2 2 2 2 2 2 2 2 2 2 2 2 2 2 2 2 2 2
left_child=-1 2 3 -2 6 -6 8 23 9 -3 -11 -10 13 -12 -13 16 -16 20 19 -15 -7 -14 -21 -8 25 26 27 28 -20 30 -30 32 33 -29 -34
right_child=1 4 -4 -5 5 17 7 -9 11 10 12 14 21 18 15 -17 -18 -19 24 22 -22 -23 -24 -25 -26 -27 -28 31 29 -31 -32 -33 34 -35 -36
leaf_value=-1.2935386028652589 0.35882395348689777 -0.28577942530475736 -0.48381143678745403 -1.4409922567248188 1.3360529085455943 0.65000646586792099 0.98234609695998176 -0.60212594249730889 -0.19507259589563286 0.56571373605988395 -0.63766879146685929 1.0072885716540168 0.019541184388966886 -0.23280856503314387 0.59200835537943797 0.63855664857499961 -0.93798000400195902 1.9064399340382954 -0.41663018642575944 0.26930303505896319 -0.056029714638831697 -0.50288991034208064 -0.48765805569396126 -0.098376190017324477 1.1110116479222187 -0.23103456113242468 2.107713311771898 -0.4004115561305569 0.94191605803006706 -0.47354540184364879 -0.019430128412651067 -0.1573157452152063 0.86900512539444041 0.60948190941508662 -0.94727382033106111
leaf_weight=26 45 407 14.999999999999998 12.999999999999998 45 32 32 8.9999999999999982 52 23 64 63 11.999999999999998 19 8.9999999999999982 24 41 11.999999999999998 44 29 808 97 8.9999999999999982 11.999999999999998 14.999999999999998 104 24 17 26 12.999999999999998 14.999999999999998 343 15.999999999999998 21 54
leaf_count=26 45 407 15 13 45 32 32 9 52 23 64 63 12 19 9 24 41 12 44 29 808 97 9 12 15 104 24 17 26 13 15 343 16 21 54
internal_value=-0.00306989 -0.00273099 0.0123651 0.0205582 -0.00320833 0.000603272 -0.00534621 0.0141458 -0.00608032 -0.00757405 -0.00433323 0.00448895 -0.00550919 -0.00356398 0.0115342 -0.000344031 -0.0146421 -0.000911603 -0.00179407 0.015006 -0.00165092 -0.0188804 0.0265439 0.0239858 -0.0033205 -0.00410874 -0.00166323 -0.00394772 0.00876594 0.0223555 0.03387 -0.00680624 0.00436681 0.0265439 -0.00904568
internal_weight=2590 2564 73 58 2491 897 1594 53 1541 1352 945 189 922 813 137 74 50 852 749 57 840 109 38 44 692 677 573 549 98 54 41 451 108 38 70
internal_count=2590 2564 73 58 2491 897 1594 53 1541 1352 945 189 922 813 137 74 50 852 749 57 840 109 38 44 692 677 573 549 98 54 41 451 108 38 70
is_linear=0
shrinkage=0.139886


Tree=29
num_leaves=36
num_cat=0
split_feature=103 36 58 103 103 103 78 80 80 76 36 3 3 41 78 78 80 3 85 41 10 80 102 76 41 80 76 3 76 41 8 41 8 80 9
split_gain=1.12385 1.10286 0.946693 1.10574 1.04965 1.55033 0.972666 1.12133 1.44632 0.95385 0.913947 1.62185 1.50279 1.60961 1.48293 2.09989 0.996405 0.908633 1.31541 1.51729 1.52913 1.18767 1.06486 1.04265 1.03904 0.954199 1.00666 0.904797 0.904961 0.891007 0.848779 0.827188 0.822787 0.814346 1.01792
threshold=1.1142628079578965 3.0500000000000003 0.71419706489551882 0.87753026510615639 0.89027388147191111 0.89180719723610402 940.50000000000011 7.6875000000000009 18.312500000000004 3140.5000000000005 14.15 14.500000000000002 45.500000000000007 52.750000000000007 1219.4000000000003 1476.6000000000001 16.887500000000003 94.500000000000014 1.7500000000000002 43.400000000000013 64.412985287229205 3.8625000000000007 86.104444444444454 2569.5000000000005 62.45000000000001 8.4125000000000032 2238.5000000000005 79.500000000000014 2098.5000000000005 33.300000000000004 22.520833333333339 36.550000000000004 69.062500000000014 12.762500000000003 35.229166666666679
decision_type=2 2 2 2 2 2 2 2 2 2 2 2 2 2 2 2 2 2 2 2 2 2 2 2 2 2 2 2 2 2 2 2 2 2 2
left_child=1 -1 3 29 -5 30 7 -4 -9 17 11 -8 14 -14 -12 -16 -13 18 19 25 23 22 -20 -21 -23 -7 27 28 -27 -3 -6 -28 -22 -19 -35
right_child=-2 2 6 4 5 9 10 8 -10 -11 12 16 13 -15 15 -17 -18 33 21 20 32 24 -24 -25 -26 26 31 -29 -30 -31 -32 -33 -34 34 -36
leaf_value=0.15395726934133622 -0.25336835277646474 -0.051941313990063395 -0.89912731863003581 -1.1026707393560375 1.1588934445144503 -0.67443235414507807 -0.71412840167919778 1.1071651943595611 -0.39730799635065245 -0.53258351907793977 -0.43414843336392678 0.2130156108954831 -0.29825803884797797 0.14798083270836407 1.6481356198076611 -0.026782464837926317 -0.33218091031117852 -0.71269575348133385 -1.0274121131319449 1.4524013770632676 -1.6823853467124152 -0.049174498296574699 0.267066423110558 0.1005737871474663 -0.26732101125478608 1.0072997627273375 0.72959905604133268 -0.40262034425492194 -1.360755397702905 0.71607949556012429 -0.82454756718765176 -0.89653597024520892 0.67655900686624781 -0.70480070071748835 0.036837277857982055
leaf_weight=23 155 40 13.999999999999998 50 15.000000000000002 42 30 49 9.9999999999999982 53 31 210 144 28 18 23 28 104 70 39 12.000000000000002 985 10.999999999999998 15.999999999999998 65 34 35 21 12.999999999999998 54 8.9999999999999982 10.999999999999998 15.999999999999998 39 120
leaf_count=23 155 40 14 50 15 42 30 49 10 53 31 210 144 28 18 23 28 104 70 39 12 985 11 16 65 34 35 21 13 54 9 11 16 39 120
internal_value=-0.00378988 -0.00303641 -0.00335658 -0.00490003 -0.00569888 -0.00505025 0.00153507 0.0158482 0.0238339 -0.00560097 -0.000700343 0.00487757 -0.00679051 -0.0137294 0.00952301 0.0251854 0.00889531 -0.00493767 -0.00345316 0.00584934 0.0202886 -0.00544392 -0.0210648 0.0325463 -0.00410136 -0.00239821 0.00438145 -0.00631439 0.00489274 0.00938812 0.0259033 0.0188886 -0.00554445 -0.0123677 -0.00563506
internal_weight=2617 2462 2439 1854 1760 1710 585 73 59 1686 512 268 244 172 72 41 238 1633 1370 239 83 1131 81 55 1050 156 114 68 47 94 24 46 28 263 159
internal_count=2617 2462 2439 1854 1760 1710 585 73 59 1686 512 268 244 172 72 41 238 1633 1370 239 83 1131 81 55 1050 156 114 68 47 94 24 46 28 263 159
is_linear=0
shrinkage=0.139886


Tree=30
num_leaves=36
num_cat=0
split_feature=41 49 13 80 8 8 9 68 49 72 80 9 13 16 80 5 41 80 9 8 8 8 41 87 40 46 41 80 46 8 9 87 41 85 80
split_gain=1.46745 0.875923 0.854684 0.812977 1.27716 1.18867 1.17389 1.69386 1.16313 1.98354 1.71964 1.54732 1.80932 1.4565 1.41727 1.18762 1.08173 1.09318 1.06487 1.05912 1.08256 1.03536 1.01832 1.05914 0.99014 0.946444 0.983421 0.933758 0.906808 0.871388 0.913013 1.32734 0.846633 0.978405 1.26604
threshold=68.600000000000009 101939.50000000001 13.500000000000002 8.4125000000000032 16.541666666666668 9.2916666666666696 37.232142857142868 1.0000000180025095e-35 93361.500000000015 6.5000000000000009 12.212500000000002 42.973214285714292 13.500000000000002 2.5000000000000004 13.037500000000003 4.0500000000000007 22.500000000000004 21.762500000000003 47.529761904761912 49.770833333333336 31.625000000000004 15.937500000000002 28.600000000000005 3.5000000000000004 15.850000000000003 0.14166666666666669 30.800000000000004 3.1625000000000005 0.15833333333333335 31.312500000000004 44.482142857142868 1.0000000180025095e-35 25.750000000000004 0.75000000000000011 6.9125000000000014
decision_type=2 2 2 2 2 2 2 2 2 2 2 2 2 2 2 2 2 2 2 2 2 2 2 2 2 2 2 2 2 2 2 2 2 2 2
left_child=3 -2 -3 6 5 -5 7 27 14 10 15 12 25 -14 28 -10 -12 -18 -13 20 22 -9 -17 -24 -22 -11 -27 -1 -6 -8 31 -31 -29 34 -34
right_child=1 2 -4 4 8 -7 29 21 9 11 16 18 13 -15 -16 19 17 -19 -20 -21 24 -23 23 -25 -26 26 -28 32 -30 30 -32 -33 33 -35 -36
leaf_value=-0.96134727740726889 -0.46987668867056787 2.648660252752407 -0.76751263073691112 0.33459049539473557 -0.30090983959493312 -0.69167992601939332 -0.37764550259942264 1.592424608841047 1.2998283063870575 0.5889759768785211 0.22169210880897011 2.249322777936515 0.1069176618065493 -0.46432375083594613 0.067384803328834814 -1.2388852174733243 -0.30890462905758909 0.20638410570734805 0.10973442686025434 -0.12590108132547165 0.30891630539211801 0.30814849749920475 0.64511059461133013 -0.15956713278549575 0.306122056718304 -0.37884414093904872 1.1490451179359893 -0.15489826122392769 0.021585814460919353 -0.56677387070772323 -0.24289260817906386 0.25939113390129975 0.73095706291378959 -0.01597256013157174 -1.1438252748677129
leaf_weight=59 81 12 15 17 103 45 219 10.999999999999998 15.999999999999998 145 21 37 83 66 114 18 251 29 30 75 42 28 47 43 27 20 39 155 13.999999999999998 20 64 71 35 521 12.999999999999998
leaf_count=59 81 12 15 17 103 45 219 11 16 145 21 37 83 66 114 18 251 29 30 75 42 28 47 43 27 20 39 155 14 20 64 71 35 521 13
internal_value=-0.00203896 -0.0174672 0.00366814 -0.00131706 0.00112835 -0.0173541 -0.00392923 -0.000944579 0.00216555 0.00425418 -0.00114079 0.0114574 0.00741508 -0.00420583 -0.00663266 0.00690989 -0.00830271 -0.0107109 0.0299264 0.00399177 0.00979007 0.0250649 0.000727799 0.00718675 0.0225439 0.0157545 0.000632757 -0.00246028 -0.0169904 -0.010345 -0.00215445 0.00668684 -0.000994646 0.00152914 0.0192172
internal_weight=2586 108 27 2478 1282 62 1196 822 1220 989 569 420 353 149 231 268 301 280 67 252 177 39 108 90 69 204 59 783 117 374 155 91 724 569 48
internal_count=2586 108 27 2478 1282 62 1196 822 1220 989 569 420 353 149 231 268 301 280 67 252 177 39 108 90 69 204 59 783 117 374 155 91 724 569 48
is_linear=0
shrinkage=0.139886


Tree=31
num_leaves=36
num_cat=0
split_feature=1 25 38 80 102 5 46 1 12 19 105 76 105 105 28 5 5 105 105 76 5 5 28 1 12 102 41 102 41 46 80 38 12 80 80
split_gain=1.43396 1.87569 1.84114 1.66076 1.32823 1.2332 1.21482 1.53008 1.15382 1.59038 2.40137 1.52765 1.13573 1.55392 1.46884 1.76095 1.34781 1.26979 2.38755 1.15961 1.08955 1.07333 1.04369 1.19287 1.00787 1.07122 0.979493 0.936884 0.971572 0.934263 0.920161 1.14466 0.896491 0.88983 1.11454
threshold=64.500000000000014 -0.8783796973249266 4.6000000000000005 15.737500000000002 54.975349650349656 15.050000000000002 0.24166666666666672 97.500000000000014 3.2967261904761913 10.500000000000002 2.8416409690809661 2157.5000000000005 2.679586074637315 2.8184341442632128 1.0000000180025095e-35 8.9500000000000011 12.050000000000002 3.0903603932384427 3.2803418147110888 2262.5000000000005 3.5500000000000003 9.2500000000000018 0.25000000000000017 70.500000000000014 3.3175595238095243 78.226666666666674 27.900000000000002 75.640555555555565 32.95000000000001 0.041666666666666671 18.750000000000004 23.750000000000004 3.5752976190476193 10.412500000000003 7.4625000000000012
decision_type=2 2 2 2 2 2 2 2 2 2 2 2 2 2 2 2 2 2 2 2 2 2 2 2 2 2 2 2 2 2 2 2 2 2 2
left_child=1 3 -2 27 -3 12 22 -8 -6 -10 11 -11 21 -14 17 32 -17 -15 26 -18 -12 -4 -7 -24 25 -21 -19 28 -1 30 -5 -32 -16 34 -25
right_child=2 4 5 29 8 6 7 -9 9 10 20 -13 13 14 15 16 19 18 -20 24 -22 -23 23 33 -26 -27 -28 -29 -30 -31 31 -33 -34 -35 -36
leaf_value=1.2789230923533637 0.47424349530548227 0.77114927206580852 -0.35096532643086276 -0.27359927270349638 -0.21118076110827599 -0.29894914720483845 1.2211044665784252 -0.1611846159333209 -0.3926415400726706 0.056117170271725671 0.47243036222008489 1.1186445437387633 0.4485496739612469 -0.50637018560404345 0.95744323450808522 -0.30951420185105288 0.86801409711966637 -0.074644564282586187 -0.086471704890476175 -0.87776250608769446 -0.09927420741774054 0.16865512466108695 1.9034724444257058 -0.13585040484126593 -2.7896209637875384 2.8571752083357329 0.92748800551012045 0.57227697173841652 -1.0841701061009843 -0.37314456531871038 0.6373504258745335 -0.46226992440642922 0.14091649664484038 -0.57471847201573745 0.56389055655822684
leaf_weight=10.000000000000002 26 21 53 42 677 190 24 24 31 37 15.999999999999998 27 53 56 37 76 29 9.9999999999999982 216 9.0000000000000018 436 18 13.999999999999998 84 14.999999999999998 14.999999999999998 44 67 18 77 57 24 22 21 25
leaf_count=10 26 21 53 42 677 190 24 24 31 37 16 27 53 56 37 76 29 10 216 9 436 18 14 84 15 15 44 67 18 77 57 24 22 21 25
internal_value=-0.00189316 -0.00461065 0.00205575 0.0053211 -0.00698131 0.00100654 -0.00524586 0.01416 -0.00763432 -0.00280114 -0.00074845 0.0231437 0.00468176 0.00674122 0.00425143 0.0133686 0.00443724 -0.00159475 0.00252208 0.0178289 -0.0044464 -0.011252 -0.00827866 0.000739538 0.000905958 0.0169711 0.0269178 0.0198232 -0.00158413 -0.00202418 0.00547427 0.0137792 0.0322707 -0.00407468 0.00156334
internal_weight=2601 1540 1061 295 1245 1035 382 48 1224 547 516 64 653 582 529 203 144 326 270 68 452 71 334 144 39 24 54 95 28 200 123 81 59 130 109
internal_count=2601 1540 1061 295 1245 1035 382 48 1224 547 516 64 653 582 529 203 144 326 270 68 452 71 334 144 39 24 54 95 28 200 123 81 59 130 109
is_linear=0
shrinkage=0.139886


Tree=32
num_leaves=36
num_cat=0
split_feature=77 85 57 11 12 6 11 76 11 27 41 76 12 9 12 8 0 8 10 27 23 76 6 45 46 6 11 77 103 46 6 76 6 19 15
split_gain=1.25533 1.31708 1.12999 1.05319 1.04589 1.34586 1.22805 1.26509 1.13356 1.39578 1.51553 1.0704 1.01357 0.957467 1.61869 0.943556 0.811538 1.6232 1.32898 1.52366 1.29083 1.18745 1.50055 1.31482 1.18363 1.07009 1.8468 1.25925 1.04518 1.04479 1.01983 0.929993 1.12471 1.53714 1.14915
threshold=1878.5000000000002 0.75000000000000011 1.0000000180025095e-35 8.033333333333335 3.1404761904761913 8.1500000000000004 1.8937500000000003 2491.5000000000005 2.4229166666666671 -0.24999999999999997 42.300000000000004 2656.5000000000005 5.0291666666666677 56.636904761904766 3.4949404761904765 35.520833333333336 125.50000000000001 63.895833333333336 64.412985287229205 -0.24999999999999997 -0.3794095225512602 1767.5000000000002 8.2500000000000018 1.0000000180025095e-35 0.058333333333333341 5.5500000000000007 1.9604166666666667 2546.5000000000005 1.0184124769924499 1.0000000180025095e-35 20.450000000000003 2464.5000000000005 17.350000000000005 8.5000000000000018 9.5000000000000018
decision_type=2 2 2 2 2 2 2 2 2 2 2 2 2 2 2 2 2 2 2 2 2 2 2 2 2 2 2 2 2 2 2 2 2 2 2
left_child=1 -1 3 16 5 11 -6 8 -8 15 12 -3 -11 14 -4 -10 17 20 30 -20 -2 -22 23 24 25 27 -27 -23 -26 -21 -19 -24 34 -34 -33
right_child=2 4 13 -5 6 -7 7 -9 9 10 -12 -13 -14 -15 -16 -17 -18 18 19 29 21 22 31 -25 28 26 -28 -29 -30 -31 -32 32 33 -35 -36
leaf_value=1.7881677248627794 -0.12407932376897708 -0.57305608291111498 0.025681224702393833 -0.36187743573508468 0.51338553604072767 0.72832535069771309 -0.1963152836601785 -0.47004448748990874 0.20466925823086055 1.021812407433196 -0.3395188652458026 0.17094575878500173 -0.60211736951849304 -0.93072105532212401 2.4720830491448296 -0.23135892064411137 -0.48684218936486651 1.9488014985731337 -0.49592265818215686 -0.48257413991447862 -0.78266801606907621 -0.92971408269649225 0.020813966674396563 -0.040635683765055421 0.78419637889927007 0.81747733683489243 0.0094927363912385085 0.10118308745670361 -0.70586993765355799 0.99123486097731983 -0.26058472699982588 -0.24989830970157056 1.2902146066868838 -0.54118401427721907 0.31557043726702461
leaf_weight=44 912 71 49 34 24 19 73 39 104 31 25 13.999999999999998 9.9999999999999982 11.999999999999998 23 88 54 26 42 13.000000000000002 79 32 251 119 31 43 71 54 8.9999999999999982 14.999999999999998 8.9999999999999982 143 14.999999999999998 38 8.9999999999999982
leaf_count=44 912 71 49 34 24 19 73 39 104 31 25 14 10 12 23 88 54 26 42 13 79 32 251 119 31 43 71 54 9 15 9 143 15 38 9
internal_value=-0.00332135 0.00264837 -0.00487851 -0.00555688 0.000442918 -0.0115606 0.00376447 0.00148293 0.00442412 0.00875201 0.0251834 -0.0189399 0.0396598 0.0104162 0.0165771 0.00238614 -0.00507109 -0.00454297 0.0118313 -1.36977e-09 -0.00553889 -0.00173825 -8.50569e-05 0.00660627 0.0124432 0.00742199 0.0159116 -0.00419709 0.0325165 0.0221778 0.0314002 -0.00537416 -0.0121885 0.00486988 -0.0180869
internal_weight=2625 542 2083 1999 498 104 394 370 331 258 66 85 41 84 72 192 1965 1911 105 70 1806 894 815 359 240 200 114 86 40 28 35 456 205 53 152
internal_count=2625 542 2083 1999 498 104 394 370 331 258 66 85 41 84 72 192 1965 1911 105 70 1806 894 815 359 240 200 114 86 40 28 35 456 205 53 152
is_linear=0
shrinkage=0.139886


Tree=33
num_leaves=36
num_cat=0
split_feature=19 101 101 105 81 78 78 38 38 53 41 102 80 57 78 6 81 38 102 7 102 78 3 36 6 105 78 81 81 78 41 7 102 101 81
split_gain=0.904786 1.08433 1.30622 1.60579 1.22975 1.02226 2.19443 1.04199 1.00385 0.997076 1.63546 0.883247 0.874772 0.800748 0.765925 1.12755 1.14104 1.13848 1.00897 1.35923 1.17329 1.22945 1.15969 1.10581 1.04881 1.01893 1.49267 1.21546 1.00476 0.954929 2.54936 1.83233 0.943715 0.897867 1.6918
threshold=47.500000000000007 1.0272441333440157 1.019321145834976 3.9005950183493101 47.187500000000007 1117.6500000000003 1113.6500000000003 6.1500000000000012 7.3500000000000005 2006.0000000000002 30.800000000000004 90.39666666666669 12.837500000000004 1.5000000000000002 1186.9500000000003 21.450000000000003 112.68750000000001 25.050000000000004 62.181297134238314 3.1500000000000008 71.820000000000022 1529.8500000000001 13.500000000000002 12.350000000000003 2.8500000000000001 3.78746271022893 1403.2500000000002 91.562500000000014 43.187500000000007 1223.3000000000002 40.150000000000006 7.4500000000000011 72.448888888888902 0.99054969350452271 42.187500000000007
decision_type=2 2 2 2 2 2 2 2 2 2 2 2 2 2 2 2 2 2 2 2 2 2 2 2 2 2 2 2 2 2 2 2 2 2 2
left_child=5 2 3 4 -2 6 7 -1 -9 -10 -11 13 -13 14 -7 16 18 -17 19 -16 21 -20 -22 -23 -21 27 -27 29 -26 30 31 -24 -31 34 -34
right_child=1 -3 -4 -5 -6 11 -8 8 9 10 -12 12 -14 -15 15 17 -18 -19 20 24 22 23 25 -25 28 26 -28 -29 -30 32 -32 -33 33 -35 -36
leaf_value=-0.29932889019603132 -0.054925579914035995 -0.19864415680726005 0.58542606438632883 -0.19307087678630075 0.569074472643886 -0.11192933875503411 1.2627428459976322 0.57931852636516656 -0.039407832144060989 -0.4015683692166494 0.99321450181097137 -1.1110316887698726 0.18663506264001514 8.3256791878817502 -1.1020469211582467 -0.68278515780652582 0.68320304974630508 0.19181496640896964 -0.32984290512503411 -0.71001596157702496 -0.94731079419191166 0.38248508085973287 0.054219794469887027 -0.59459781627311414 2.0088999454303984 -0.64546928944092086 0.16468695709246661 -0.12926935723272456 0.14782250577509368 0.6273654385916797 -0.8813852925072253 0.85689949099340401 0.12555877205311181 0.035660665100418119 -0.38710915063915102
leaf_weight=39 41 34 53 61 34 319 27 24 657 10.999999999999998 27 41 12.999999999999998 11.999999999999998 17 43 22 10.999999999999998 139 8.9999999999999982 60 35 20 26 21 64 30 62 34 37 19 30 52 389 89
leaf_count=39 41 34 53 61 34 319 27 24 657 11 27 41 13 12 17 43 22 11 139 9 60 35 20 26 21 64 30 62 34 37 19 30 52 389 89
internal_value=-0.00164047 0.00674156 0.0109017 0.00312328 0.0161429 -0.00244444 0.00167724 0.000109666 0.00140594 0.000298762 0.0203709 -0.00447264 -0.0209868 -0.00379701 -0.00413647 -0.00249565 -0.00150438 -0.0209868 -0.00219583 0.0121954 -0.00338053 -0.0128198 -0.00107439 0.00348067 0.0211824 0.000420011 -0.0127016 0.00230061 0.0280571 0.0041749 0.0188782 0.034165 0.00216774 0.000520675 -0.00877104
internal_weight=2602 223 189 136 75 2379 785 758 719 695 38 1594 54 1540 1528 1209 1155 54 1133 81 1052 200 852 61 64 792 94 698 55 636 69 50 567 530 141
internal_count=2602 223 189 136 75 2379 785 758 719 695 38 1594 54 1540 1528 1209 1155 54 1133 81 1052 200 852 61 64 792 94 698 55 636 69 50 567 530 141
is_linear=0
shrinkage=0.139886


Tree=34
num_leaves=36
num_cat=0
split_feature=11 85 11 102 5 102 102 1 38 1 103 102 80 102 11 5 1 3 72 11 5 72 46 1 102 38 1 1 5 3 82 11 8 1 1
split_gain=0.950371 2.7872 1.3779 1.57001 1.18762 1.1745 1.13459 1.35278 1.42239 1.08515 1.53635 1.209 1.03918 1.15768 1.30467 1.00398 1.23063 1.10615 1.23473 1.21062 1.10743 1.16524 1.21899 0.970636 1.31698 0.979565 1.17113 1.03752 1.18896 0.96977 0.958284 1.50195 1.5993 1.56284 1.09466
threshold=2.0375000000000005 2.6500000000000004 2.0854166666666671 89.456666666666692 16.750000000000004 56.413095238095245 87.613333333333344 97.500000000000014 24.350000000000005 73.500000000000014 1.0964105484831266 87.252222222222244 9.6125000000000025 84.959444444444458 2.2979166666666671 7.8500000000000005 36.500000000000007 77.500000000000014 5.5000000000000009 4.1187500000000012 5.5500000000000007 1.5000000000000002 0.12500000000000003 106.50000000000001 68.670000000000002 20.050000000000004 82.500000000000014 81.500000000000014 10.350000000000003 76.500000000000014 9.2312500000000011 5.0104166666666679 60.437500000000007 26.500000000000004 17.500000000000004
decision_type=2 2 2 2 2 2 2 2 2 2 2 2 2 2 2 2 2 2 2 2 2 2 2 2 2 2 2 2 2 2 2 2 2 2 2
left_child=1 -1 -2 4 9 -3 -7 8 -8 10 12 23 30 14 -14 17 -17 20 -19 -20 -16 22 -22 24 -11 27 -27 -26 -29 -6 31 33 -33 34 -4
right_child=2 5 3 -5 29 6 7 -9 -10 11 -12 -13 13 -15 15 16 -18 18 19 -21 21 -23 -24 -25 25 26 -28 28 -30 -31 -32 32 -34 -35 -36
leaf_value=1.0512165946289775 0.19266495485105462 0.31666534054356904 -0.57949370511458642 -0.21467475714211606 -0.12729504624995275 -0.29477671973954733 -0.47779317549532896 1.076883471725381 0.25027273247296938 -0.50474040758921723 0.67054669448018656 0.84781941916951042 0.55520882494326862 -0.20045512978503019 0.28648702506193674 -0.95379141390498734 0.5178786058521051 -0.57479056506710668 -0.68656696766722114 0.39862887009483111 0.30181226353538831 -0.13944917272447038 -0.5951060785328729 -0.20269095953318139 0.73894256904861633 -0.51515556638556459 0.3123264417696357 -0.11278679430914358 0.48919640109970414 -0.39803414877117271 -0.86099285639859924 1.5607396087793319 -0.21440655860737715 -0.20942287424025899 1.4272011600709995
leaf_weight=25 36 24 23 302 197 460 61 12.999999999999998 15.999999999999998 20 56 38 15.999999999999998 132 60 35 161 56 20 33 17.000000000000004 54 9.9999999999999982 63 59 34 43 34 39 66 50 20 22 260 29
leaf_count=25 36 24 23 302 197 460 61 13 16 20 56 38 16 132 60 35 161 56 20 33 17 54 10 63 59 34 43 34 39 66 50 20 22 260 29
internal_value=-0.00292584 -0.00777499 -0.00143935 -0.00198067 -0.00026213 -0.0099141 -0.0112948 0.0028747 -0.00514274 0.00138747 -0.000817181 0.00829389 -0.00214284 0.00158188 0.00488816 0.0031475 0.0104576 -0.00271811 -0.0128675 0.00255089 0.00537579 -0.0052266 0.0158953 0.00486035 0.0090565 0.0124804 -0.000165896 0.0194785 0.00714041 -0.00874538 -0.00754995 -0.00472322 0.0181516 -0.00814812 0.0127336
internal_weight=2584 599 1985 1949 1647 574 550 90 77 1384 1054 330 998 594 462 446 196 250 109 53 141 81 27 292 229 209 77 132 73 263 404 354 42 312 52
internal_count=2584 599 1985 1949 1647 574 550 90 77 1384 1054 330 998 594 462 446 196 250 109 53 141 81 27 292 229 209 77 132 73 263 404 354 42 312 52
is_linear=0
shrinkage=0.139886


Tree=35
num_leaves=36
num_cat=0
split_feature=19 78 100 4 100 101 80 100 101 101 40 23 19 78 36 19 80 85 4 10 80 9 100 50 19 40 36 4 4 80 40 40 80 10 100
split_gain=0.87801 1.07653 1.31109 1.05638 0.891301 1.0132 0.833925 0.767218 0.76244 1.74032 1.04099 0.746909 1.66896 1.35329 1.06612 1.2144 1.49958 0.944572 1.53172 0.940744 0.893168 0.883626 0.866419 0.84343 0.827074 0.822028 1.54002 1.07017 0.819602 0.811619 0.967411 1.08606 0.858128 1.4006 1.20763
threshold=6.5000000000000009 1255.0500000000002 584.55069930069942 4.0500000000000007 918.27777777777794 1.5824207189414565 9.3375000000000021 828.79444444444459 1.0993963640490836 1.0574115037089931 9.7500000000000018 -0.3794095225512602 47.500000000000007 1400.3500000000001 18.050000000000004 29.500000000000004 16.312500000000004 0.35000000000000003 12.050000000000002 51.213657990154353 24.187500000000004 34.312500000000007 933.22222222222229 1.0000000180025095e-35 36.500000000000007 12.950000000000001 16.750000000000004 7.6500000000000012 23.050000000000004 4.9125000000000005 6.9500000000000011 4.7500000000000009 7.4625000000000012 27.408008052463703 935.88888888888903
decision_type=2 2 2 2 2 2 2 2 2 2 2 2 2 2 2 2 2 2 2 2 2 2 2 2 2 2 2 2 2 2 2 2 2 2 2
left_child=1 4 -3 -2 5 -1 -6 -4 9 11 -10 12 17 -14 19 -16 -17 18 21 25 -21 23 -18 -5 -23 29 -27 -28 -20 30 31 -13 -31 34 -34
right_child=3 2 7 8 6 -7 -8 -9 10 -11 -12 14 13 -15 15 16 22 -19 28 20 -22 24 -24 -25 -26 26 27 -29 -30 32 -32 -33 33 -35 -36
leaf_value=-0.55313558063807466 0.15809282024056107 1.4641763249171715 -0.53365063241173294 1.9408714136971654 -0.16258485929791158 0.3948819394495296 0.60402021094431335 -0.042749724216356769 1.0313897560334941 -0.27087171212401356 -0.031122646698466899 -0.33864091268753271 0.0088583165107609611 1.5051167859918995 0.83266656627585678 -0.13215214788002785 1.2667725762457276 -0.1602241871081945 -0.27807353517099903 -0.26841793018995841 0.70866994030392416 0.94288713077716624 -0.067484434552794598 -0.79699968243833941 -0.42541028667501929 -0.33265105774185671 0.89523901538478112 -0.00396039345576721 0.73670827995051746 0.20448613354361861 -1.7483089157861935 0.45689731764368985 -0.35399964494289582 0.22550080916568677 0.34022765895832119
leaf_weight=103 165 11.999999999999998 42 14 10.000000000000002 11.999999999999998 8.9999999999999982 163 19 153 45 27 85 19 30 64 14.000000000000002 645 68 178 10.999999999999998 27 10.999999999999998 14 10.999999999999998 109 9.9999999999999982 47 8.9999999999999982 152 20 12.999999999999998 75 200 17
leaf_count=103 165 12 42 14 10 12 9 163 19 153 45 27 85 19 30 64 14 645 68 178 11 27 11 14 11 109 10 47 9 152 20 13 75 200 17
internal_value=-0.00304924 -0.0094865 -0.00318033 -0.00201843 -0.0190049 -0.0234435 0.00690877 -0.00625896 -0.00287877 -0.00336912 0.0113757 -0.00216089 -0.00507079 0.011058 0.000511088 0.0125133 0.00334023 -0.00728166 0.00288478 -0.00124333 -0.00976169 0.017552 0.0281314 -0.00158413 0.0296304 0.00123916 -0.00710236 0.0106564 -0.0101196 0.00404893 -0.0103893 0.00295605 0.00613694 0.00158896 -0.0121123
internal_weight=2603 351 217 2252 134 115 19 205 2087 2023 64 1870 892 104 978 119 89 788 143 859 189 66 25 28 38 670 166 57 77 504 60 40 444 292 92
internal_count=2603 351 217 2252 134 115 19 205 2087 2023 64 1870 892 104 978 119 89 788 143 859 189 66 25 28 38 670 166 57 77 504 60 40 444 292 92
is_linear=0
shrinkage=0.139886


Tree=36
num_leaves=36
num_cat=0
split_feature=60 104 6 104 104 80 80 6 3 102 6 3 78 102 78 78 3 104 80 6 102 102 104 3 104 76 3 10 76 13 104 76 80 3 3
split_gain=1.17506 1.07799 1.06422 1.05587 0.939355 0.911854 1.17896 1.50254 1.22326 1.45592 1.07465 0.988373 0.890378 0.971329 0.777815 1.09803 1.05784 1.548 1.28691 1.06019 1.05792 1.00484 0.989281 0.924436 0.903688 1.13092 0.900413 0.856856 1.25632 1.67843 1.5467 1.05459 1.00208 1.11456 1.05734
threshold=1.0000000180025095e-35 48.644769695079837 9.7500000000000018 33.603423123739169 46.497417693347877 15.437500000000002 19.112500000000004 18.450000000000003 94.500000000000014 89.690555555555576 23.450000000000003 105.50000000000001 1300.3500000000001 88.791111111111135 1484.5500000000002 1509.9000000000003 72.500000000000014 41.651239885484181 13.837500000000002 14.15 89.070000000000007 90.667222222222236 43.705282158813681 112.50000000000001 40.25432325001978 1955.5000000000002 47.500000000000007 36.463352656253299 3247.5000000000005 12.500000000000002 37.323193304137071 2893.5000000000005 12.837500000000004 34.500000000000007 26.500000000000004
decision_type=2 2 2 2 2 2 2 2 2 2 2 2 2 2 2 2 2 2 2 2 2 2 2 2 2 2 2 2 2 2 2 2 2 2 2
left_child=1 5 -2 -4 -5 14 7 8 9 -7 -8 -10 13 -12 16 -16 17 18 24 21 -19 22 23 -18 -1 -26 -20 31 29 -29 -30 -17 33 34 -33
right_child=2 -3 3 4 -6 6 10 -9 11 -11 12 -13 -14 -15 15 27 19 20 26 -21 -22 -23 -24 -25 25 -27 -28 28 30 -31 -32 32 -34 -35 -36
leaf_value=0.005960419379970534 0.11123244285167766 -0.30821942031335109 0.34055795763845403 -0.34681120989461367 0.027404213029387257 0.75337388476699751 -0.2779255842226811 -0.28456445907732281 -1.7976124271985094 -0.18754640743136197 0.52337742967994183 0.33785442878209032 -0.45053363439124905 -0.32620382985529073 -0.76940533313975223 -0.50618600603641684 0.031494131812129796 -0.36398825261493084 0.27284975328433442 0.74907662218081283 0.086822229629685291 1.0083540533102315 0.78766867567458398 -1.1488986643523817 2.1803624890227611 0.039760809225693132 -0.83143003525223846 -2.5857826347277713 0.083917941258122491 1.6443773351888815 -0.43193498250533846 -0.073000182258719279 0.71043209506413596 -0.20941691685550454 1.1186403534172464
leaf_weight=965 56 128 32 117 11.999999999999998 69 89 47 10.999999999999998 10.999999999999998 23 22 15.999999999999998 9.9999999999999982 29 56 222 100 17 35 35 18 27 29 11.999999999999998 31 34 9.9999999999999982 34 27 25 87 10.999999999999998 114 32
leaf_count=965 56 128 32 117 12 69 89 47 11 11 23 22 16 10 29 56 222 100 17 35 35 18 27 29 12 31 34 10 34 27 25 87 11 114 32
internal_value=-0.00160849 -0.000692585 -0.011287 -0.0168705 -0.0222673 3.72131e-05 0.00714726 0.0150485 0.0233682 0.0320391 -0.00231022 0.000346921 0.0131635 0.0246315 -0.00107202 -0.00630958 0.000410803 -0.00153705 0.000301724 0.0073184 -0.0152347 0.00424284 0.00176498 -0.00124549 0.00146041 0.0197367 -0.0199077 -0.00409264 0.00704019 0.0249335 -0.00569483 -0.007738 -0.00345092 -0.00576255 0.00365433
internal_weight=2593 2376 217 161 129 2248 298 160 113 80 138 33 49 33 1950 425 1525 1194 1059 331 135 296 278 251 1008 43 51 396 96 37 59 300 244 233 119
internal_count=2593 2376 217 161 129 2248 298 160 113 80 138 33 49 33 1950 425 1525 1194 1059 331 135 296 278 251 1008 43 51 396 96 37 59 300 244 233 119
is_linear=0
shrinkage=0.139886


Tree=37
num_leaves=36
num_cat=0
split_feature=81 2 2 0 6 4 87 42 81 6 4 0 6 82 81 4 81 82 8 8 87 0 0 25 4 82 2 8 82 6 101 101 10 82 10
split_gain=1.15655 1.54789 1.8955 1.37732 1.31465 1.17396 2.44366 2.34754 1.63989 1.16964 1.1613 1.07785 0.979746 1.59865 0.943371 0.942244 0.943883 1.40619 1.60191 1.67817 0.855191 0.811888 1.0472 0.760388 0.735791 0.727017 0.723825 0.713438 0.691343 0.821817 0.739055 0.751488 0.867548 0.888218 0.86201
threshold=28.312500000000004 6.5000000000000009 16.500000000000004 16.500000000000004 2.0500000000000003 19.450000000000003 5.5000000000000009 37.810500000000012 97.812500000000014 9.6500000000000004 4.6500000000000012 9.5000000000000018 19.350000000000005 20.156250000000004 104.06250000000001 2.6500000000000008 39.937500000000007 7.1562500000000009 23.937500000000004 16.687500000000004 2.5000000000000004 35.500000000000007 10.500000000000002 1.0000000180025095e-35 2.7500000000000004 7.8625000000000007 23.500000000000004 62.062500000000007 4.8937500000000007 2.7500000000000004 1.1641466798353515 0.85445722509946709 25.4817844089667 7.3062500000000012 24.147324842991416
decision_type=2 2 2 2 2 2 2 2 2 2 2 2 2 2 2 2 2 2 2 2 2 2 2 2 2 2 2 2 2 2 2 2 2 2 2
left_child=20 -2 4 9 -3 8 25 27 15 11 -11 -4 -10 -14 -15 -5 17 18 19 26 21 22 -1 -13 -6 -7 -17 -8 29 -18 31 -30 33 -33 -35
right_child=1 2 3 5 24 6 7 -9 12 10 -12 23 13 14 -16 16 28 -19 -20 -21 -22 -23 -24 -25 -26 -27 -28 -29 30 -31 -32 32 -34 34 -36
leaf_value=-1.6419447243012484 0.3966433987042971 0.65551377162060143 -0.23163915828657261 -0.58338652782523304 0.020499070176999819 0.21811530827385761 0.36199778756750856 1.250632358207818 0.430319903807451 -1.181638937897866 0.17025928882889771 -0.012798362895800483 -0.29574183862616543 1.9200590627821219 -0.1618274805348407 1.9272056209234874 0.0506769182333719 -0.37653225628622206 0.52979074911283741 -0.2178508284396696 -0.836999779641035 -0.32267253134434376 0.33952289540654901 0.86650207928004552 -1.1096064717680436 -0.39596182477508812 0.14459956927877801 -0.69611303585987583 -0.60760139406703084 -0.44968202655682243 -0.3935537881781761 -0.058221183031359251 -0.03574744973886021 0.049026016748393311 0.24322591135687605
leaf_weight=9.9999999999999982 27 8.9999999999999982 20 17 10.999999999999998 13.999999999999998 8.9999999999999982 35 98 20 17 10.999999999999998 26 19 23 12.999999999999998 10.999999999999998 31 102 102 62 36 44 52 77 117 26 23 33 58 47 92 1112 143 39
leaf_count=10 27 9 20 17 11 14 9 35 98 20 17 11 26 19 23 13 11 31 102 102 62 36 44 52 77 117 26 23 33 58 47 92 1112 143 39
internal_value=-0.00214684 -0.00138664 -0.00180193 -0.000965844 -0.0202477 -0.00178253 -0.0118546 0.00922259 -0.000741646 0.0131841 -0.00662789 0.0218373 0.0122677 -0.00074287 0.0153154 -0.00196858 -0.00159423 0.00586748 0.00955587 -0.000282938 -0.0136969 -0.00431205 0.00638728 0.0300372 -0.0255347 -0.0225521 0.022045 -0.0163643 -0.00294769 -0.0159457 -0.00225971 -0.00163784 -0.00108429 0.00586748 0.0113787
internal_weight=2586 2434 2407 2310 97 2190 198 67 1992 120 37 83 166 68 42 1826 1809 274 243 141 152 90 54 63 88 131 39 32 1535 69 1466 1419 1386 274 182
internal_count=2586 2434 2407 2310 97 2190 198 67 1992 120 37 83 166 68 42 1826 1809 274 243 141 152 90 54 63 88 131 39 32 1535 69 1466 1419 1386 274 182
is_linear=0
shrinkage=0.139886


Tree=38
num_leaves=36
num_cat=0
split_feature=6 79 105 77 105 79 79 5 5 94 36 103 36 40 79 78 105 79 6 82 6 78 105 53 49 78 40 77 77 49 78 103 105 78 77
split_gain=0.907556 1.31863 0.77359 0.765536 1.61488 0.938886 1.13031 0.796715 1.20555 0.876751 1.25598 1.54645 0.928332 1.10753 1.09593 1.05359 1.11748 0.868009 0.854782 1.36692 0.901807 0.839854 0.825066 0.822147 0.812131 0.84761 0.786643 0.768957 0.796851 0.764298 0.72637 0.721662 1.14473 1.07055 0.890152
threshold=2.8500000000000001 37.125000000000007 1.9483759395670288 3487.5000000000005 2.0845557632607545 83.375000000000014 44.875000000000007 6.3500000000000005 6.5500000000000007 1.0000000180025095e-35 6.8500000000000005 1.0075330352040448 14.550000000000002 10.950000000000001 98.875000000000014 1066.0000000000002 2.7997271522015232 57.375000000000007 20.050000000000004 22.256250000000005 19.150000000000002 980.25000000000011 2.1506586842386701 2006.0000000000002 93361.500000000015 1304.2500000000002 3.7500000000000004 1167.0000000000002 3361.0000000000005 95552.000000000015 1788.1500000000003 0.90476342462173087 2.1665219576319719 1283.6000000000001 2696.5000000000005
decision_type=2 2 2 2 2 2 2 2 2 2 2 2 2 2 2 2 2 2 2 2 2 2 2 2 2 2 2 2 2 2 2 2 2 2 2
left_child=1 -1 -3 7 26 6 30 9 29 12 17 22 13 31 23 -15 -17 -11 20 -20 27 -21 -12 -14 25 -24 -5 -10 -29 -9 -6 32 -2 -33 -34
right_child=3 2 -4 4 5 -7 -8 8 18 10 11 -13 14 15 -16 16 -18 -19 19 21 -22 -23 24 -25 -26 -27 -28 28 -30 -31 -32 33 34 -35 -36
leaf_value=-0.83208603490705757 -0.70473319068135021 -0.72102504743307572 0.14312780503365766 0.14415783188904549 -0.71679357686464762 0.056074748837987222 -0.16976679504198564 -0.032304852197496708 -0.55956856353626794 -1.2272591822149854 0.50134440291561266 -0.35076677902065934 -0.52674162548096948 -0.57202592670993557 0.31469774162593667 -0.19519324744556996 1.044072688536829 0.60419491712555928 -0.32059594858214163 -0.92269473416394421 0.19110792486026487 0.38114519534316454 0.032031478025715064 0.46518333075016394 0.22126994588054177 -0.95521013970803836 0.70083408872034714 0.0090219098891812632 -0.56685360518992178 0.7047749157681803 0.58541675864709797 -0.22321432001483962 0.57426234061369519 -0.027975544642742125 -0.95242735084554364
leaf_weight=76 8.9999999999999982 10.999999999999998 28 17 14.999999999999998 27 58 19 12.999999999999998 42 31 37 138 12.999999999999998 8.9999999999999982 12.000000000000002 17 10.999999999999998 115 10.999999999999998 25 37 23 15.999999999999998 68 19 20 1390 31 17 20 113 18.000000000000004 104 9.9999999999999982
leaf_count=76 9 11 28 17 15 27 58 19 13 42 31 37 138 13 9 12 17 11 115 11 25 37 23 16 68 19 20 1390 31 17 20 113 18 104 10
internal_value=-0.00138431 -0.0131512 0.00694569 -0.000807358 0.00842777 -1.48672e-09 -0.00683241 -0.00144915 0.000218396 -0.00541631 0.00158479 0.00724632 -0.0089093 -0.00405837 -0.0171652 0.0153154 0.0281144 -0.016001 -0.000394935 -0.00977349 0.000696411 0.00910289 0.0138639 -0.0201172 0.00715394 -0.00737407 0.0312457 0.000174695 0.000558239 0.0232487 0.0115685 -0.00760126 0.00915279 -0.0106634 0.0221778
internal_weight=2620 115 39 2505 157 120 93 2348 1658 690 231 178 459 296 163 42 29 53 1622 163 1459 48 141 154 110 42 37 1434 1421 36 35 254 37 217 28
internal_count=2620 115 39 2505 157 120 93 2348 1658 690 231 178 459 296 163 42 29 53 1622 163 1459 48 141 154 110 42 37 1434 1421 36 35 254 37 217 28
is_linear=0
shrinkage=0.139886


Tree=39
num_leaves=36
num_cat=0
split_feature=36 36 81 77 58 82 82 72 78 77 28 81 78 72 100 82 100 105 46 82 78 105 38 10 3 82 36 77 81 10 77 105 100 19 10
split_gain=0.948668 1.33859 1.53352 1.28852 1.52626 1.06896 1.78502 1.03152 1.00672 1.48069 1.4285 1.3153 1.05296 1.27958 1.04831 1.23897 1.15379 1.15272 1.51058 1.2989 1.03019 1.15881 1.02999 1.02052 0.972186 0.948896 0.947142 0.938944 0.928818 0.977531 0.90476 0.903684 1.04937 0.902991 0.902297
threshold=6.5500000000000007 8.0500000000000025 74.437500000000014 1790.5000000000002 -1.1190660308228348 12.506250000000003 21.656250000000004 11.500000000000002 1452.6000000000001 1850.5000000000002 -0.24999999999999997 29.464285714285719 1384.3500000000001 13.500000000000002 690.22222222222229 4.6062500000000011 836.35555555555572 3.4102573687469464 0.24166666666666672 7.356250000000002 1995.5500000000004 2.4158559685723531 16.950000000000003 31.717238911900029 26.500000000000004 19.475000000000005 20.050000000000004 2285.5000000000005 69.187500000000014 53.541029267146008 2382.5000000000005 4.1651372264002404 812.16666666666674 27.500000000000004 34.669035470037649
decision_type=2 2 2 2 2 2 2 2 2 2 2 2 2 2 2 2 2 2 2 2 2 2 2 2 2 2 2 2 2 2 2 2 2 2 2
left_child=3 2 28 4 -1 -4 -7 25 11 10 -10 -3 14 22 -13 -16 17 18 -17 -20 21 -11 -14 30 -9 -5 27 -25 29 34 -23 -19 -33 -24 -2
right_child=1 8 5 7 -6 6 -8 24 9 20 -12 12 13 -15 15 16 -18 31 19 -21 -22 23 33 26 -26 -27 -28 -29 -30 -31 -32 32 -34 -35 -36
leaf_value=-0.061959193321452007 0.13366229425352866 -0.63389543023219297 -0.48593726853130775 -0.60126043711447741 1.0240800126747782 1.800053225214453 -0.12040842411989973 -0.93151310036051127 -0.035749867039119101 -0.6545264244148159 1.9016661483150834 -0.52905955758009193 0.032854060800862991 -0.42498910065349926 0.083985338130749931 0.27514310490167532 -0.038080351659702479 -0.30698908486573873 0.15280601534130986 -1.0223489465894278 0.004833218146662533 -0.59318943193116147 1.2017798407423383 0.077674344959533473 0.083481924885692643 0.029304868918465173 0.13907585773425066 -0.34115566438317457 -1.4145768430341361 0.30449079787109123 0.13022064701984659 0.84561433312849477 -0.69538517225268925 0.10387797735109904 -0.41185717696878499
leaf_weight=18 121 95 13.999999999999998 127 15.999999999999998 20.000000000000004 8.9999999999999982 9.9999999999999982 17.000000000000004 48 9.9999999999999982 49 46 20 82 139 1050 88 13.999999999999998 23 116 26 22 21 32 14.999999999999998 13.999999999999998 86 11.999999999999998 20 49 20 15.999999999999998 30 47
leaf_count=18 121 95 14 127 16 20 9 10 17 48 10 49 46 20 82 139 1050 88 14 23 116 26 22 21 32 15 14 86 12 20 49 20 16 30 47
internal_value=-0.00151446 -0.000672032 0.00899705 -0.0101815 0.012864 0.030856 0.0435195 -0.0147693 -0.00182868 -0.00819472 0.019971 -0.000345333 0.000635714 0.012948 -0.000404153 0.000330439 -0.000721421 0.00682764 0.0138877 -0.00978402 -0.0106631 -0.0156961 0.0193913 -0.0101824 0.00397065 -0.020235 -0.0177689 -0.0221474 0.00337363 0.00615915 0.00254888 -0.00340868 0.0135618 0.0315983 0.00207448
internal_weight=2542 2324 243 218 34 43 29 184 2081 387 27 1694 1599 118 1481 1432 1350 300 176 37 360 244 98 196 42 142 121 107 200 188 75 124 36 52 168
internal_count=2542 2324 243 218 34 43 29 184 2081 387 27 1694 1599 118 1481 1432 1350 300 176 37 360 244 98 196 42 142 121 107 200 188 75 124 36 52 168
is_linear=0
shrinkage=0.139886


Tree=40
num_leaves=36
num_cat=0
split_feature=38 5 4 10 2 40 38 38 38 38 38 38 2 2 40 4 9 9 9 4 9 40 2 2 22 38 0 39 15 0 9 9 10 9 10
split_gain=1.04056 0.964708 0.898336 1.46421 0.855951 1.00151 0.797848 1.42453 1.34864 0.795957 1.55417 1.60319 1.26791 1.1336 0.731398 0.948856 1.0624 1.06624 0.866414 0.988142 0.857456 1.31837 0.782271 0.69957 0.688579 0.863985 0.681194 0.677681 1.80337 1.06836 1.03872 1.2585 1.88294 1.25142 1.0414
threshold=10.450000000000001 33.850000000000001 4.0500000000000007 15.952911773689589 19.500000000000004 1.5500000000000003 29.650000000000002 25.550000000000004 21.450000000000003 13.350000000000003 17.050000000000004 19.850000000000005 25.500000000000004 19.500000000000004 18.850000000000005 6.4500000000000011 37.032738095238102 36.125000000000007 41.264880952380956 14.350000000000003 27.044642857142861 14.550000000000002 89.500000000000014 56.500000000000007 1.0000000180025095e-35 16.250000000000004 53.500000000000007 1.0000000180025095e-35 3.5000000000000004 103.50000000000001 33.032738095238102 34.702380952380956 27.53334604264667 32.723214285714292 23.986239087597088
decision_type=2 2 2 2 2 2 2 2 2 2 2 2 2 2 2 2 2 2 2 2 2 2 2 2 2 2 2 2 2 2 2 2 2 2 2
left_child=14 2 3 9 5 -4 7 8 24 -2 -11 -12 13 -13 15 -1 17 20 -18 23 -17 26 -16 -20 -5 -26 -22 30 -29 -30 33 32 34 -6 -32
right_child=1 -3 4 6 27 -7 -8 -9 -10 10 11 12 -14 -15 22 16 18 -19 19 -21 21 -23 -24 -25 25 -27 -28 28 29 -31 31 -33 -34 -35 -36
leaf_value=-0.18039895333289888 0.62012148393180977 0.6259971879160745 0.41984533080569958 0.38868679862769884 0.018639705231102248 -0.53177180319291084 -0.47005528626968573 1.7018343273756025 -0.54767304949397133 -0.99229583436416813 1.0467713704225661 -0.66419117709404663 -0.49639312986062872 1.0017761585763287 -0.63230435082581082 0.68507006010782701 -0.42963460146004762 0.73348154778920582 -0.026865031931985559 -0.82002414115173539 0.0731911483428173 0.61170152385407439 0.23703527572762351 0.63718079381758763 -0.59602262085692581 0.24795225948235594 -0.32839416421174616 -0.58798989022747994 0.67379497550479661 -0.41709939450679606 -0.18328007881296587 -0.021327434503085104 -0.30032005067019357 1.1836629870719282 0.75849320301897016
leaf_weight=145 15.999999999999998 9.9999999999999982 11.999999999999998 44 478 95 14.999999999999998 12.999999999999998 29 28 14.999999999999998 20.000000000000004 21 8.9999999999999982 42 12.999999999999998 46 19 19 19 26 24 9.9999999999999982 15.999999999999998 12.000000000000002 9.9999999999999982 48 17 22.000000000000004 8.9999999999999982 27 1073 145 36 21
leaf_count=145 16 10 12 44 478 95 15 13 29 28 15 20 21 9 42 13 46 19 19 19 26 24 10 16 12 10 48 17 22 9 27 1073 145 36 21
internal_value=-0.00183206 -0.000582772 -0.000842793 0.0072479 -0.00183651 -0.0135821 0.0172815 0.0213488 0.0129876 -0.00444952 -0.00962114 0.00290131 -0.00976142 0.00885796 -0.00808416 -0.00567121 -1.57054e-09 0.00814936 -0.0104274 0.00182494 0.00200982 -0.00318762 -0.0226376 0.0148738 0.0232755 0.00190828 -0.0123851 -0.00109755 0.01416 0.0317575 -0.00156531 -0.00371323 -0.0138963 0.00370293 0.00910289
internal_weight=2604 2177 2167 232 1935 107 123 108 95 109 93 65 50 29 427 375 230 130 100 54 111 98 52 35 66 22 74 1828 48 31 1780 1266 193 514 48
internal_count=2604 2177 2167 232 1935 107 123 108 95 109 93 65 50 29 427 375 230 130 100 54 111 98 52 35 66 22 74 1828 48 31 1780 1266 193 514 48
is_linear=0
shrinkage=0.139886


Tree=41
num_leaves=36
num_cat=0
split_feature=8 102 2 9 10 105 105 37 37 81 81 78 79 23 102 105 102 78 78 105 41 102 25 79 79 105 41 9 2 8 81 82 82 49 7
split_gain=1.30996 1.86635 0.941114 0.898725 1.55817 1.46513 1.14292 1.12272 1.56583 0.978968 1.50698 1.46861 1.31475 1.01478 0.885908 0.877182 1.08897 2.09938 1.42667 1.02003 1.01843 0.916163 0.861822 0.952688 0.851331 1.17822 1.24872 1.00944 0.96389 1.1912 1.19109 0.944901 1.09015 1.07514 1.03097
threshold=12.895833333333334 56.413095238095245 9.5000000000000018 33.032738095238102 20.248878525794016 2.9719682842914428 3.4102573687469464 0.55000000000000016 1.2500000000000002 97.437500000000014 102.43750000000001 1097.5500000000002 99.125000000000014 -0.6035533905932734 88.88000000000001 5.6278085334549663 89.335555555555558 919.6500000000002 838.05000000000007 3.8916201524724277 29.350000000000005 86.706111111111127 0.6078576107927941 35.375000000000007 39.875000000000007 3.49961169553869 35.45000000000001 35.357142857142868 59.500000000000007 66.250000000000014 92.062500000000014 7.8187500000000005 9.0312500000000018 94673.000000000015 14.450000000000001
decision_type=2 2 2 2 2 2 2 2 2 2 2 2 2 2 2 2 2 2 2 2 2 2 2 2 2 2 2 2 2 2 2 2 2 2 2
left_child=1 -1 -3 7 6 22 -5 -2 -9 15 12 -12 -11 -13 -15 16 17 18 -7 21 -20 24 23 -6 25 27 -27 -19 -26 30 31 -30 -33 34 -34
right_child=3 2 -4 4 5 9 -8 8 -10 10 11 13 -14 14 -16 -17 -18 19 20 -21 -22 -23 -24 -25 28 26 -28 -29 29 -31 -32 32 33 -35 -36
leaf_value=0.22585674228357391 0.0050175172132606773 0.3417876697166044 -0.51975869789089124 0.30490034021990164 0.89030731752903014 -0.049729388894010573 -1.0435730054326215 0.64317200339838543 -0.4768588937955287 2.0645081499466285 -0.43529492198852821 0.73046329683182709 0.035351503712957422 -0.44692970091786849 0.85615159708930055 0.084864213109870676 -0.13743165514413908 0.4393082863300446 -0.096451341263828524 -0.20099276337872785 1.2282945718816487 0.1505994381752882 -1.0061277338508063 -0.16581368910029301 -0.18975733020558525 1.5630895716376876 -0.91860605924520078 -0.43728796293147493 -0.29556654939444654 0.58574205951756775 -0.84103379881969176 0.62429022347975449 -0.061649691323508102 -0.10126993693814872 1.1916416003240717
leaf_weight=20 734 14.999999999999998 126 43 15.999999999999998 28 12.999999999999998 25 18 21 36 17 27 29 9.9999999999999982 28 248 20 15.999999999999998 222 34 66 72 210 182 10.000000000000002 10.999999999999998 42 57 8.9999999999999982 19 34 10.000000000000002 103 12.999999999999998
leaf_count=20 734 15 126 43 16 28 13 25 18 21 36 17 27 29 10 28 248 20 16 222 34 66 72 210 182 10 11 42 57 9 19 34 10 103 13
internal_value=-0.00244 -0.0143773 -0.0200885 -0.00160588 -0.00345204 -0.00429118 0.0181148 0.00230074 0.0225165 -0.00221781 0.00854571 -0.00225345 0.0268029 0.0114874 -0.00211391 -0.00357158 -0.00422876 -0.00186869 0.0190183 -0.00406461 0.0317246 -0.000911274 -0.0130117 -0.00827364 -0.00297444 0.00944735 0.0330923 -0.00121075 -0.00550754 0.000277195 -0.00218462 0.00118483 0.00668821 0.000209845 0.0235282
internal_weight=2584 161 141 2423 1646 1590 56 777 43 1292 140 92 48 56 39 1152 1124 876 78 798 50 576 298 226 510 83 21 62 427 245 236 217 160 126 23
internal_count=2584 161 141 2423 1646 1590 56 777 43 1292 140 92 48 56 39 1152 1124 876 78 798 50 576 298 226 510 83 21 62 427 245 236 217 160 126 23
is_linear=0
shrinkage=0.139886


Tree=42
num_leaves=36
num_cat=0
split_feature=101 1 40 11 79 5 105 1 40 40 101 5 11 102 76 50 102 101 40 11 11 1 3 3 40 101 79 76 87 3 5 3 40 79 76
split_gain=0.942787 1.11129 2.0153 1.27164 1.41743 1.21419 0.772436 2.30464 0.947177 1.07852 1.53314 1.17978 1.04647 1.02209 0.93948 2.04368 1.33827 1.91485 1.80935 1.62213 1.6778 1.46259 1.38889 1.34686 1.25407 1.53092 1.39885 1.2361 1.18629 1.08036 1.47359 1.79752 1.18316 1.06285 1.59547
threshold=1.0800376415142821 20.500000000000004 1.0500000000000003 5.0395833333333346 83.375000000000014 4.1500000000000012 2.8184341442632128 56.500000000000007 9.2500000000000018 3.8500000000000001 0.9047639150503215 3.2500000000000004 2.4354166666666672 78.387222222222235 1959.5000000000002 -0.84439595027966707 87.961111111111123 0.99607737682359165 16.850000000000005 6.7770833333333336 4.8791666666666673 71.500000000000014 56.500000000000007 34.500000000000007 15.850000000000003 0.94974166447506347 51.875000000000007 2123.5000000000005 1.0000000180025095e-35 29.500000000000004 7.5500000000000007 46.500000000000007 17.850000000000005 34.625000000000007 2607.0000000000005
decision_type=2 2 2 2 2 2 2 2 2 2 2 2 2 2 2 2 2 2 2 2 2 2 2 2 2 2 2 2 2 2 2 2 2 2 2
left_child=6 2 -2 -3 -5 -4 7 8 9 11 -11 -1 -12 -13 15 -8 18 24 19 20 22 -20 23 -17 26 -26 -18 29 -19 -16 -31 -32 -33 -29 -35
right_child=1 3 5 4 -6 -7 14 -9 -10 10 12 13 -14 -15 27 16 17 28 21 -21 -22 -23 -24 -25 25 -27 -28 33 -30 30 31 32 -34 34 -36
leaf_value=0.13698020365394403 -1.5399663925916824 -0.30710093301267954 0.84468630929579314 2.6621422101424783 -0.85726669977043624 -0.73524301077326237 -0.44507414522336564 0.24356881032403488 -0.16639470745475732 0.78481484631114884 0.15352763533066424 -0.37549056679575843 -0.55132017901523733 0.0032212598525578544 -0.63363104799490311 0.045967783606239591 -0.18836753504253106 0.095064953668253502 -0.97253199521744105 -1.2646278385568412 1.919358986653763 0.39451998944593697 -0.12806394320130965 0.86091051943690011 0.92072185375751925 -0.13670268056701243 1.366980666018349 0.13671070828665191 -0.23126021988295936 -0.58591426403357116 0.72076100835350398 -0.17524584045218763 1.2259281539262701 0.025175781682519379 -0.17956387779607827
leaf_weight=50 18 208 28 20 15.999999999999998 10.999999999999998 57 147 199 56 63 65 40 34 38 30 17 30 32 11.999999999999998 39 18 39 32 11.999999999999998 36 22 106 100 70 32 99 18 509 305
leaf_count=50 18 208 28 20 16 11 57 147 199 56 63 65 40 34 38 30 17 30 32 12 39 18 39 32 12 36 22 106 100 70 32 99 18 509 305
internal_value=-0.00103765 -0.00830271 0.00848163 -0.0123565 0.0103328 0.0250649 -6.64894e-05 0.00397665 -0.000571161 0.00425883 0.0120271 -0.00420583 0.00139477 -0.0127621 -0.00167662 0.00353099 0.006989 -0.000685954 0.0149695 0.0223014 0.0265867 -0.00732107 0.0151092 0.0270401 0.0146824 -0.00101143 0.0311046 -0.00379148 -0.0112054 -0.0122251 -0.00784965 0.000268455 -0.00798885 -0.00135764 -0.00309978
internal_weight=2608 301 57 244 36 39 2307 654 507 308 159 149 103 99 1653 476 419 217 202 152 140 50 101 62 87 48 39 1177 130 257 219 149 117 920 814
internal_count=2608 301 57 244 36 39 2307 654 507 308 159 149 103 99 1653 476 419 217 202 152 140 50 101 62 87 48 39 1177 130 257 219 149 117 920 814
is_linear=0
shrinkage=0.139886


Tree=43
num_leaves=36
num_cat=0
split_feature=78 94 72 8 8 5 12 104 104 101 6 102 102 8 101 8 46 12 102 72 40 5 40 104 5 8 72 101 8 78 12 12 8 72 46
split_gain=1.20941 1.38405 1.1189 1.07737 1.25021 1.21934 1.03492 1.0852 1.00821 1.00112 1.25991 1.03241 1.08245 0.953596 1.0991 1.29344 1.19205 1.11891 0.997143 1.09439 1.32538 1.01535 1.23553 1.13601 1.70408 2.48967 1.1181 1.11629 0.926927 1.28948 1.47346 1.09025 0.901433 1.70697 0.890513
threshold=1060.1500000000003 1.0000000180025095e-35 -2.4999999999999996 61.437500000000007 16.895833333333339 3.8500000000000001 3.9476190476190482 43.106131259804663 40.533455109723768 0.99668480405901361 7.8500000000000005 87.252222222222244 84.959444444444458 16.145833333333339 1.0205180406911905 16.687500000000004 1.0000000180025095e-35 3.1657738095238099 71.28451388888891 1.0000000180025095e-35 1.7500000000000002 20.450000000000003 9.5500000000000025 38.134626718052829 8.4500000000000011 25.750000000000004 5.5000000000000009 1.0012140070184903 25.562500000000004 1202.3000000000004 3.0380952380952384 3.2282738095238104 9.2916666666666696 3.5000000000000004 0.3083333333333334
decision_type=2 2 2 2 2 2 2 2 2 2 2 2 2 2 2 2 2 2 2 2 2 2 2 2 2 2 2 2 2 2 2 2 2 2 2
left_child=1 2 -1 4 5 -4 7 8 -5 10 -3 12 -11 32 15 16 -15 -16 19 -17 -21 23 -23 24 26 -26 -20 -27 29 30 -28 -30 33 -2 -25
right_child=13 9 3 6 -6 -7 -8 -9 -10 11 -12 -13 -14 14 17 18 -18 -19 21 20 -22 22 -24 34 25 27 28 -29 31 -31 -32 -33 -34 -35 -36
leaf_value=0.22527470444037404 -1.0542271909844512 -0.21756326700991474 -0.83779538938013498 -1.8864803512782087 -0.327446097398984 0.2996407598402363 1.3171333131959821 -0.80050259893582154 2.0488460344148649 -0.057282928550307061 0.76329817941727029 -0.13991973040723579 0.28677495222373844 -0.22519241027624395 -0.045233012172601679 -0.065445239164784064 1.3683462682520584 0.13063639840404859 0.0053773122849010849 1.0389665435678155 0.093306623423010743 0.40490694338739047 -0.28051884001342647 -0.23985600487448758 -0.18331191599828414 0.28696960868883603 -0.72043797821361544 -0.65455757630725431 -0.096450080546322273 -0.37549633303643781 0.56031859533812001 -0.41108711784616103 -0.098931546565548811 0.63011081875158015 0.18556337863862324
leaf_weight=22 15.999999999999998 22 9.9999999999999982 10.000000000000002 267 26 29 19 9.9999999999999982 57 37 63 28 12.000000000000002 99 51 12.999999999999998 273 253 15.999999999999998 211 45 18 225 83 159 11.999999999999998 13.999999999999998 57 64 30 70 232 18 28
leaf_count=22 16 22 10 10 267 26 29 19 10 57 37 63 28 12 99 51 13 273 253 16 211 45 18 225 83 159 12 14 57 64 30 70 232 18 28
internal_value=-0.000520616 -0.00598863 -0.0107975 -0.0126825 -0.0161829 0.00710377 0.00297147 -0.0111735 0.0102399 0.00319818 0.0175063 -0.0030621 0.00681838 0.00113647 0.00233903 0.000480486 0.0281314 0.00899818 -0.000187443 0.00715798 0.0112829 -0.00215346 0.0141235 -0.0032797 -0.000485377 0.00860599 -0.0053309 0.0179199 -0.0121654 -0.00222194 0.0153154 -0.0198911 -0.00655102 0.012864 -0.0112307
internal_weight=2599 600 393 371 303 36 68 39 20 207 59 148 85 1999 1733 1361 25 372 1336 278 227 1058 63 995 742 256 486 173 233 106 42 127 266 34 253
internal_count=2599 600 393 371 303 36 68 39 20 207 59 148 85 1999 1733 1361 25 372 1336 278 227 1058 63 995 742 256 486 173 233 106 42 127 266 34 253
is_linear=0
shrinkage=0.139886


Tree=44
num_leaves=36
num_cat=0
split_feature=15 105 103 103 38 12 5 103 24 12 8 100 103 103 100 100 80 100 36 5 105 93 12 37 22 80 38 84 103 104 104 100 84 85 5
split_gain=1.13523 1.22871 1.09843 1.22261 1.3806 1.17318 1.42783 1.11689 1.56189 1.82346 1.25112 1.79738 1.1864 1.15941 1.06355 1.03966 1.01468 0.989879 0.964033 0.962909 0.936247 0.929756 1.25201 1.04125 1.39205 1.75022 1.22837 1.02922 0.948981 1.63474 0.834693 0.833472 0.820719 0.966247 0.888333
threshold=1.5000000000000002 1.5044512772860876 1.0204166957827461 1.0012537666336729 28.750000000000004 4.3761904761904775 31.000000000000004 1.0799758650239182 -0.98296291314453399 3.1577380952380958 26.645833333333339 957.13333333333344 1.0993751736549042 1.1069633816268931 599.88333333333344 878.62222222222238 8.6875000000000018 865.3611111111112 12.65 11.15 3.9429204825112403 1.0000000180025095e-35 3.4455357142857146 1.0000000180025095e-35 1.0000000180025095e-35 8.0125000000000011 22.050000000000004 1.5000000000000002 0.9995172490623494 36.882499627379069 35.275759661229863 885.58888888888907 1.0000000180025095e-35 1.1000000000000003 11.050000000000002
decision_type=2 2 2 2 2 2 2 2 2 2 2 2 2 2 2 2 2 2 2 2 2 2 2 2 2 2 2 2 2 2 2 2 2 2 2
left_child=1 -1 3 5 20 21 -7 8 15 -10 -11 16 18 -14 -3 19 -12 -16 -9 -4 -5 23 -23 28 32 27 -27 -26 29 30 31 -2 -25 34 -34
right_child=2 14 7 4 -6 6 -8 12 9 10 11 -13 13 -15 17 -17 -18 -19 -20 -21 -22 22 -24 24 25 26 -28 -29 -30 -31 -32 -33 33 -35 -36
leaf_value=0.2356929689139444 0.062439413134434407 0.22075088955789496 -0.079108472144024014 -0.41486565510306006 0.34089872188975662 -0.22937993557023234 0.5020216464607008 -0.83269560858640534 -0.21340052780932037 0.42808024718702503 -0.18358896944477129 1.4977204640938528 1.0227228864328499 -0.19890198917289892 -0.73725409190017821 -1.1558574289055084 0.12322847573892437 -0.04191714093309034 -0.041589952292185636 0.56333612976958802 0.59588476716736116 -0.16317928058896686 0.10283878881722314 -0.15210353923254336 0.56591286973539701 0.021475414666633243 -0.21558381182620986 -0.14386088684724196 0.10078009088287691 -0.2139239567928061 0.92341368327819062 -0.43983911642510359 0.030572529550601302 0.16438433493318746 -0.79234170105792368
leaf_weight=11.999999999999998 211 31 27 86 17 145 8.9999999999999982 32 34 49 39 18 24 42 64 31 69 146 56 17 15.999999999999998 126 62 192 80 73 37 15.999999999999998 621 78 17 49 38 24 22
leaf_count=12 211 31 27 86 17 145 9 32 34 49 39 18 24 42 64 31 69 146 56 17 16 126 62 192 80 73 37 16 621 78 17 49 38 24 22
internal_value=-0.0013896 -0.010156 -0.000420074 -0.00186628 -0.015171 -0.000928794 -0.0123131 0.00584267 0.010948 0.017007 0.0226337 0.0138499 -0.00364191 0.00992072 -0.0125621 -0.00594739 0.00557981 -0.016092 -0.0137946 0.00763184 -0.021241 0.000186138 -0.00888063 0.00139377 -0.00388792 0.00472139 -0.00715394 0.0178712 0.00401168 -0.00173737 0.00339478 0.00104657 -0.0102697 0.00122543 -0.00831146
internal_weight=2610 253 2357 1919 119 1800 154 438 284 209 175 126 154 66 241 75 108 210 88 44 102 1646 188 1458 482 206 110 96 976 355 277 260 276 84 60
internal_count=2610 253 2357 1919 119 1800 154 438 284 209 175 126 154 66 241 75 108 210 88 44 102 1646 188 1458 482 206 110 96 976 355 277 260 276 84 60
is_linear=0
shrinkage=0.139886


Tree=45
num_leaves=36
num_cat=0
split_feature=9 36 12 12 5 5 41 4 104 80 26 78 4 41 102 9 5 5 104 104 102 102 78 36 104 104 72 5 5 72 4 9 80 82 4
split_gain=0.915005 2.05974 1.66714 1.84956 1.31501 1.28576 1.71193 1.4501 1.22235 0.843142 0.944082 1.07987 1.246 1.20095 0.964435 1.06895 0.97885 0.907254 1.45927 1.90836 1.00864 0.853767 0.803743 1.5336 1.70987 1.03941 0.955092 1.05068 0.957546 0.773026 1.04981 1.3803 1.02842 1.22551 1.58863
threshold=37.663690476190489 17.650000000000002 3.4348214285714289 3.4895833333333339 12.450000000000001 13.950000000000001 32.95000000000001 9.2500000000000018 31.59993905100384 3.2375000000000007 -0.56174490092936669 1283.6000000000001 8.2500000000000018 54.20000000000001 88.88000000000001 39.238095238095248 8.4500000000000011 10.050000000000002 42.168660077207029 35.056581318317434 76.379444444444459 89.615000000000009 1009.4000000000002 8.0500000000000025 34.922906311210788 37.929780052429315 9.5000000000000018 9.9500000000000011 6.6500000000000012 1.5000000000000002 9.5500000000000025 47.529761904761912 8.6375000000000028 11.725000000000003 14.350000000000003
decision_type=2 2 2 2 2 2 2 2 2 2 2 2 2 2 2 2 2 2 2 2 2 2 2 2 2 2 2 2 2 2 2 2 2 2 2
left_child=1 2 22 4 -4 6 7 -3 -2 -10 11 12 13 -11 15 -14 -17 18 19 -12 -20 -22 25 24 26 -1 27 28 -24 -19 31 -31 -32 34 -34
right_child=8 5 3 -5 -6 -7 -8 -9 9 10 17 -13 14 -15 -16 16 -18 29 20 -21 21 -23 23 -25 -26 -27 -28 -29 -30 30 32 -33 33 -35 -36
leaf_value=-0.55692410460407893 -0.97656449171781834 -0.17774301809689244 0.521735539422997 -0.06500008910019886 -0.22009972210603951 -0.16444475693026336 0.95480970892943451 1.2153084867297452 0.81710487324330883 0.2882365830865416 0.028970772212510015 -0.072768157165426936 -0.32056076163371067 -0.88608550506912331 -0.41454276866102552 -0.31322831599764128 0.96189156378005769 -0.15790098980164344 -1.3178920446764606 -0.39031096209453836 1.0708773031040419 -0.097238260148146877 -0.037890365318698833 -0.036682493053099084 1.5907111227390409 0.68939308251025855 0.13090074512916011 -0.38429525598634273 0.33856944540341949 0.41618024261944253 -0.296608227444772 -0.18234615358248252 -0.59433005114225634 -0.095406665568580809 0.6602939503514399
leaf_weight=153 45 31 71 83 20 20 46 10.999999999999998 8.9999999999999982 56 40 85 8.9999999999999982 8.9999999999999982 26 22 22 112 8.9999999999999982 125 24 10.999999999999998 127 908 20 20 116 35 27 56 80 19 20 106 33
leaf_count=153 45 31 71 83 20 20 46 11 9 56 40 85 9 9 26 22 22 112 9 125 24 11 127 908 20 20 116 35 27 56 80 19 20 106 33
internal_value=-0.00105985 0.000874633 -0.000440635 0.0121893 0.0251824 0.0189228 0.0258282 0.00397065 -0.00459572 -0.00332107 -0.00388517 0.00372915 0.0109082 0.0241776 -0.00113436 0.00950785 0.0185345 -0.00664232 -0.0140324 -0.0198883 0.00763184 0.0181791 -0.00205871 -0.000778195 0.00736634 -0.010783 0.00425495 -0.00192384 0.00329506 -0.00284083 0.000783618 0.0144436 -0.00380492 0.00277548 0.0187838
internal_weight=2606 1688 1580 174 91 108 88 42 918 873 864 229 144 65 79 53 44 635 209 165 44 35 1406 1233 325 173 305 189 154 426 314 75 239 159 53
internal_count=2606 1688 1580 174 91 108 88 42 918 873 864 229 144 65 79 53 44 635 209 165 44 35 1406 1233 325 173 305 189 154 426 314 75 239 159 53
is_linear=0
shrinkage=0.139886


Tree=46
num_leaves=36
num_cat=0
split_feature=2 40 3 78 11 8 76 81 87 78 2 41 81 3 76 78 78 81 41 2 76 81 40 38 40 40 41 8 76 76 81 8 76 8 76
split_gain=1.6126 1.08865 0.992493 1.56335 1.73426 1.005 1.13757 0.977416 1.11191 2.69614 1.68234 1.73725 1.32643 1.52265 1.31166 1.48954 1.20191 0.938528 0.90287 0.898549 1.35866 1.33253 0.991586 0.939595 1.58948 1.23266 0.983083 0.884339 1.27924 1.26399 0.883102 0.849675 1.08728 0.857099 1.33466
threshold=103.50000000000001 16.450000000000003 23.500000000000004 1371.3000000000002 1.9729166666666669 67.812500000000014 2596.5000000000005 111.43750000000001 1.0000000180025095e-35 2106.6000000000004 43.500000000000007 30.050000000000001 29.464285714285719 85.500000000000014 2206.5000000000005 1185.5000000000002 1311.8500000000001 77.437500000000014 22.150000000000002 52.500000000000007 1997.5000000000002 41.062500000000007 13.350000000000003 17.450000000000003 14.750000000000002 15.350000000000003 27.200000000000003 46.354166666666679 2433.5000000000005 2324.5000000000005 41.687500000000007 56.062500000000007 2107.5000000000005 21.020833333333339 2107.5000000000005
decision_type=2 2 2 2 2 2 2 2 2 2 2 2 2 2 2 2 2 2 2 2 2 2 2 2 2 2 2 2 2 2 2 2 2 2 2
left_child=2 17 3 -1 -5 7 -7 8 9 10 11 -4 -10 14 31 -16 27 -2 -12 20 -20 -21 -23 25 -25 -24 -27 29 -29 -17 -31 33 -33 34 -14
right_child=1 -3 5 4 -6 6 -8 -9 12 -11 18 -13 13 -15 15 16 -18 -19 19 21 -22 22 23 24 -26 26 -28 28 -30 30 -32 32 -34 -35 -36
leaf_value=-0.4042001361097517 -0.26732361396589671 -0.82257824409561919 -0.021950287755933329 -0.082572391669487433 0.67666902641218185 0.57922016440785495 -0.37241666054198652 0.35511521252827966 -0.54449636128041112 0.62556498650580039 0.17401736015723146 0.79987987045415698 0.29894520702741884 -0.092698584994996197 -0.17873846099263374 -0.13652627088182664 -0.049143507460904352 -0.025102070741172752 0.08221381607310041 0.31037854381616165 -0.78825683085645348 -0.11420927572002713 2.0889617983255926 -1.3681819312647263 2.332709159748251 0.12823668155969992 -1.7487773720146689 1.137070755285166 -0.96649343670989418 0.1189620437214836 1.1499293433645417 1.5514508620466918 -0.14940090224252606 0.012849667822526327 -0.6232623524095765
leaf_weight=171 66 36 61 99 38 73 27 22 47 34 31 77 90 223 151 15.999999999999998 298 185 9.9999999999999982 8.9999999999999982 39 144 17 9.0000000000000018 17 10.999999999999998 27 10.000000000000002 19 23 37 20.000000000000004 9.9999999999999982 423 15.999999999999998
leaf_count=171 66 36 61 99 38 73 27 22 47 34 31 77 90 223 151 16 298 185 10 9 39 144 17 9 17 11 27 10 19 23 37 20 10 423 16
internal_value=-0.00122985 -0.010979 1.81943e-05 -0.0072755 0.00378012 0.00116902 0.0143376 0.000420026 2.23643e-05 0.00572788 0.0025582 0.0150164 -0.00200222 -0.00112465 0.00101138 -0.00378795 0.000715923 -0.00720217 -0.00313448 -0.00573377 -0.0216081 -0.00185493 -0.0045159 0.00744394 0.0260277 -0.00336685 -0.0166671 0.0130767 -0.00654719 0.0204821 0.0290901 0.00575526 0.0262367 0.00425143 0.0150598
internal_weight=2586 287 2299 308 137 1991 100 1891 1869 486 452 138 1383 1336 1113 554 403 251 314 283 49 234 225 81 26 55 38 105 29 76 60 559 30 529 106
internal_count=2586 287 2299 308 137 1991 100 1891 1869 486 452 138 1383 1336 1113 554 403 251 314 283 49 234 225 81 26 55 38 105 29 76 60 559 30 529 106
is_linear=0
shrinkage=0.139886


Tree=47
num_leaves=36
num_cat=0
split_feature=5 5 104 6 9 100 104 77 36 98 76 40 77 24 77 104 6 6 40 98 104 36 77 84 24 60 40 5 76 6 9 76 5 76 76
split_gain=1.1565 0.997295 1.24745 1.58137 1.52435 1.18009 1.50286 1.42451 1.21808 1.43619 1.14748 1.96632 2.08447 1.81294 2.09045 1.3758 1.12825 1.06758 1.27853 0.966017 1.20381 1.51733 1.18105 1.16168 1.1272 1.3462 0.95968 0.948176 0.921555 0.91759 0.909693 0.89407 0.879804 0.875585 0.864104
threshold=3.5500000000000003 4.2500000000000009 33.923434048710199 5.4500000000000011 29.479166666666668 951.60555555555572 34.178668669891017 1959.5000000000002 13.65 1.0000000180025095e-35 2128.5000000000005 0.35000000000000003 2456.5000000000005 -0.98296291314453399 2324.5000000000005 28.659153993490346 14.65 7.6500000000000012 18.050000000000004 1.0000000180025095e-35 37.055385456934111 13.950000000000001 2048.5000000000005 1.5000000000000002 -0.98296291314453399 1.0000000180025095e-35 10.750000000000002 4.6500000000000012 2551.5000000000005 7.3500000000000005 33.949404761904766 1747.5000000000002 13.65 3543.0000000000005 2009.5000000000002
decision_type=2 2 2 2 2 2 2 2 2 2 2 2 2 2 2 2 2 2 2 2 2 2 2 2 2 2 2 2 2 2 2 2 2 2 2
left_child=33 -2 4 -4 29 6 -5 8 -8 31 17 -12 13 -13 16 27 28 -6 -19 20 22 -22 -9 -23 30 34 -18 -14 -15 -3 -24 -10 -11 -1 -26
right_child=1 2 3 5 10 -7 7 19 9 32 11 12 15 14 -16 -17 26 18 -20 -21 21 23 24 -25 25 -27 -28 -29 -30 -31 -32 -33 -34 -35 -36
leaf_value=0.11895667344990492 -0.12130428776860956 -0.048006524265305335 -0.15819558462315819 -0.17328305241988004 0.09988113439726784 -0.090317260502752614 0.30031398727178971 -0.20399721219321537 0.55298100889411173 0.51509196334927521 -0.19290301592731871 0.42030266431852875 0.2268165269781397 -1.135296058183304 0.25100812530601085 0.11179647195966348 2.3404453258953071 -0.14696307770562225 0.76240535719158786 -0.13680065745450695 -0.12320259335576432 0.45914461299335513 0.11153434355386989 -0.25478424406014383 -0.17985695314371689 -0.19091720379447868 -0.16512523576457716 -0.1527368816622596 0.52707809796557437 -0.120934085643417 -0.50996064230474059 -0.50671465994912956 -0.067488164379882601 -0.14382434456460066 0.9638908126847181
leaf_weight=169 142 161 211 27 133 199 63 17 9.9999999999999982 58 21 56 11.999999999999998 45 44 125 9.0000000000000018 169 13.999999999999998 189 237 68 12.000000000000002 15.999999999999998 10.999999999999998 26 11.999999999999998 65 22 84 17 43 22 27 59
leaf_count=169 142 161 211 27 133 199 63 17 10 58 21 56 12 45 44 125 9 169 14 189 237 68 12 16 11 26 12 65 22 84 17 43 22 27 59
internal_value=-0.00174701 -0.00259852 -0.00185952 -0.0047086 0.00191404 -0.00248382 -0.000237815 0.000915863 0.0111456 0.00309036 0.00512435 0.00993159 0.0123225 0.0226313 0.0124502 0.00227215 -0.000587005 -0.00121142 -0.00801145 -0.00224896 0.00121944 -0.00353632 0.0116164 0.0119479 0.016386 0.0232868 0.023214 -0.0117785 -0.00959902 -0.00748431 -0.00654719 -0.013682 0.0144176 0.00839361 0.0325644
internal_weight=2595 2399 2257 1285 972 1074 875 848 196 133 727 411 390 188 132 202 88 316 183 652 463 321 142 84 125 96 21 77 67 245 29 53 80 196 70
internal_count=2595 2399 2257 1285 972 1074 875 848 196 133 727 411 390 188 132 202 88 316 183 652 463 321 142 84 125 96 21 77 67 245 29 53 80 196 70
is_linear=0
shrinkage=0.139886


Tree=48
num_leaves=36
num_cat=0
split_feature=11 76 3 11 4 3 13 3 3 104 87 79 79 79 85 10 10 3 3 22 87 3 10 72 84 10 79 28 93 104 19 72 4 100 100
split_gain=1.07357 1.09986 1.4168 1.26637 0.875034 1.17052 1.11632 1.11668 1.66926 1.2988 1.76023 1.0549 1.34636 1.20725 1.30244 0.982487 1.10599 0.956742 1.97051 2.15968 2.06198 1.61398 1.54109 1.11039 1.097 1.02846 1.33118 1.01199 0.882108 0.867638 0.839595 1.19066 0.813893 1.1359 1.04582
threshold=0.88541666666666674 1292.5000000000002 39.500000000000007 1.0166666666666668 4.1500000000000012 66.500000000000014 13.500000000000002 29.500000000000004 17.500000000000004 36.515445000262368 1.0000000180025095e-35 94.875000000000014 97.875000000000014 88.875000000000014 1.1000000000000003 40.965775271437799 52.093073968308396 78.500000000000014 71.500000000000014 1.0000000180025095e-35 3.5000000000000004 105.50000000000001 41.906123130677749 -1.4999999999999998 1.5000000000000002 49.396337168377315 86.125000000000014 -0.68301270189221952 1.0000000180025095e-35 21.28891270469828 45.500000000000007 1.5000000000000002 10.550000000000002 884.72222222222229 855.96666666666681
decision_type=2 2 2 2 2 2 2 2 2 2 2 2 2 2 2 2 2 2 2 2 2 2 2 2 2 2 2 2 2 2 2 2 2 2 2
left_child=29 2 -2 -3 5 28 7 8 9 10 -6 13 -13 14 -8 -14 -17 18 19 -9 30 -19 32 -24 25 -23 -27 -26 -5 -1 31 -20 34 -34 -21
right_child=1 3 -4 4 6 -7 11 17 -10 -11 -12 12 15 -15 -16 16 -18 21 20 22 -22 24 23 -25 27 26 -28 -29 -30 -31 -32 -33 33 -35 -36
leaf_value=0.53234168230750445 -1.2846333203875497 -0.84504279492718892 0.29985924519636992 0.1278729757241385 -0.46974484603099342 -0.10868971194635728 0.051869880372292163 -0.068758493523240372 -0.23296903865608168 -1.2625474123264577 0.72692495418710357 0.84960614923519617 0.27425757641289639 -0.40052117459020486 -0.12249057744384748 -0.33773722115623184 0.34610381390682199 -0.066453868019907256 0.53733476267481806 0.27871194309994451 -0.13176933592976664 -0.14536666999142972 0.20040644027205753 -0.39727561697653935 -1.2736804031085811 -1.134948144412818 0.65460934658213044 1.533947580558539 -0.27602331749304182 -0.058632633689796765 -0.43460687901291256 0.80638883522974147 -0.28357336269806976 0.83271639452474633 0.10987000486590157
leaf_weight=20 11.999999999999998 32 46 212 14.999999999999998 21 202 341 91 10.999999999999998 29 21 10.999999999999998 51 674 50 36 244 11.999999999999998 56 34 56 18 47 9.0000000000000018 10.999999999999998 30 19 20 21 9.9999999999999982 38 12.000000000000002 12.999999999999998 67
leaf_count=20 12 32 46 212 15 21 202 341 91 11 29 21 11 51 674 50 36 244 12 56 34 56 18 47 9 11 30 19 20 21 10 38 12 13 67
internal_value=-0.00127006 -0.00165676 0.0162753 -0.00212039 -0.00171717 0.00596465 -0.00261419 0.000370533 -0.0107659 0.00785599 0.0185345 -0.0059154 0.00625078 -0.00750091 -0.00614449 -0.001475 -0.00719501 0.0020348 0.00525113 0.00194382 0.0231942 -0.00360566 0.0127618 -0.00483553 0.00898587 0.00120681 0.0165008 0.0300984 0.00900142 0.0193957 0.0374016 0.0439264 0.020354 -0.00216395 0.0247952
internal_weight=2592 2551 58 2493 2461 253 2208 1163 146 55 44 1045 118 927 876 97 86 1017 648 554 94 369 213 65 125 97 41 28 232 41 60 50 148 25 123
internal_count=2592 2551 58 2493 2461 253 2208 1163 146 55 44 1045 118 927 876 97 86 1017 648 554 94 369 213 65 125 97 41 28 232 41 60 50 148 25 123
is_linear=0
shrinkage=0.139886


Tree=49
num_leaves=36
num_cat=0
split_feature=1 4 1 7 1 76 12 1 76 7 78 1 11 11 76 4 14 12 12 12 105 78 12 4 11 4 7 7 7 78 76 12 4 11 1
split_gain=1.06585 1.81122 1.90915 1.90558 1.54165 1.84877 1.52647 1.74049 1.35954 1.25616 1.20473 1.54021 1.15885 1.17972 1.15711 1.08583 1.05589 1.01869 1.54642 1.46876 1.12095 0.940784 0.917672 1.28125 1.67563 1.4014 1.28717 1.67605 1.23423 0.957923 0.854944 0.820959 0.811016 1.13287 0.851007
threshold=39.500000000000007 4.7500000000000009 117.50000000000001 3.8500000000000001 80.500000000000014 2847.0000000000005 2.6738095238095241 16.500000000000004 2157.5000000000005 4.0500000000000007 1026.4000000000003 20.500000000000004 1.5854166666666669 1.1187500000000001 2669.5000000000005 11.350000000000003 1.5000000000000002 3.3514880952380954 3.2485119047619051 3.4348214285714289 2.6697967506243567 2207.4500000000003 3.1151785714285722 9.4500000000000011 3.322916666666667 7.2500000000000009 9.4500000000000011 12.050000000000002 16.150000000000002 1123.6500000000003 3101.5000000000005 2.6377976190476198 20.450000000000003 6.2312500000000011 95.500000000000014
decision_type=2 2 2 2 2 2 2 2 2 2 2 2 2 2 2 2 2 2 2 2 2 2 2 2 2 2 2 2 2 2 2 2 2 2 2
left_child=6 4 3 21 5 9 7 8 -1 -2 11 -8 13 -12 -6 -13 -7 18 22 -19 -20 -3 23 25 -25 30 31 -28 -29 -24 -5 -26 33 34 -21
right_child=1 2 -4 17 14 16 10 -9 -10 -11 12 15 -14 -15 -16 -17 -18 19 20 32 -22 -23 29 24 26 -27 27 28 -30 -31 -32 -33 -34 -35 -36
leaf_value=0.60043512935650489 -0.36708944271599797 -0.98787951850532074 -0.16234102767418349 0.18688299955227766 0.55765390703158524 0.15348340782131281 -0.27779233215505889 -0.20483500788805353 -0.064601266611313157 0.017545975487120759 -1.1662808576067476 0.77825517394511745 -0.12251144166571272 0.17793951785576034 -0.040298805813830038 -0.013615842722845243 1.1263658123216893 -0.13642823283589786 -0.11805282329244073 -0.015120188891899426 0.20525859726214613 0.21636916138661683 0.093605642390937549 0.90768154726955352 0.38564109930308826 -0.12405025517697418 1.7946752206934531 -0.15358306896365004 0.63203023193659091 -0.15181729405216671 -0.88799017548107451 -0.16014128619778217 -0.13499550791336876 1.4593860039707158 0.079501705143679699
leaf_weight=13.999999999999998 51 63 127 92 38 23 17 137 65 73 12.999999999999998 31 400 57 17 23 15.999999999999998 102 9.9999999999999982 521 96 15.999999999999998 46 24 8.9999999999999982 60 24 30 31 97 12.999999999999998 44 95 28 100
leaf_count=14 51 63 127 92 38 23 17 137 65 73 13 31 400 57 17 23 16 102 10 521 96 16 46 24 9 60 24 30 31 97 13 44 95 28 100
internal_value=-0.00203104 -0.000211341 -0.00183056 -0.000398794 0.0115474 0.00418864 -0.00642397 -0.0161607 0.000486152 -0.00447389 -0.00237258 0.0137525 -0.00498208 0.0108548 0.0303017 0.0246367 0.0280847 0.000822093 0.00532375 -0.00226224 0.0199974 -0.0205805 0.00175838 0.00581598 0.014375 -0.00284119 0.00731569 0.0174247 0.00348067 -0.00735154 0.0068497 -0.00904406 -3.72388e-05 0.00176902 0.000378475
internal_weight=2603 1846 1628 1501 218 163 757 216 79 124 541 71 470 70 55 54 39 1422 576 846 106 79 470 327 162 165 138 85 61 143 105 53 744 649 621
internal_count=2603 1846 1628 1501 218 163 757 216 79 124 541 71 470 70 55 54 39 1422 576 846 106 79 470 327 162 165 138 85 61 143 105 53 744 649 621
is_linear=0
shrinkage=0.139886


Tree=50
num_leaves=36
num_cat=0
split_feature=27 77 82 3 101 77 82 41 77 72 5 5 94 40 41 72 82 79 41 79 79 5 41 82 79 41 20 77 3 77 82 82 40 40 79
split_gain=1.28833 1.28556 1.1916 1.03992 1.37141 1.17506 0.933319 1.40453 1.06 1.21786 0.908483 0.973332 0.924229 0.906649 0.762775 0.749703 0.712626 1.79894 1.04143 1.32204 1.19802 1.72162 1.45736 1.11208 1.93922 1.38411 1.18048 1.05789 0.840271 0.971448 0.815327 1.02526 0.899555 0.834194 0.799823
threshold=0.25000000000000011 3833.0000000000005 3.5625000000000004 34.500000000000007 0.89184323766518248 1950.5000000000002 5.4812500000000011 34.000000000000007 1966.5000000000002 2.5000000000000004 14.850000000000003 4.8500000000000005 1.0000000180025095e-35 11.450000000000001 25.750000000000004 6.5000000000000009 5.6187500000000012 34.125000000000007 26.100000000000005 44.583333333333336 54.625000000000007 4.6500000000000012 32.20000000000001 19.356250000000003 86.125000000000014 27.200000000000003 1.0000000180025095e-35 1978.5000000000002 64.500000000000014 1966.5000000000002 7.7812500000000009 14.256250000000003 8.1500000000000004 10.850000000000003 107.37500000000001
decision_type=2 2 2 2 2 2 2 2 2 2 2 2 2 2 2 2 2 2 2 2 2 2 2 2 2 2 2 2 2 2 2 2 2 2 2
left_child=2 3 -1 4 10 13 7 8 14 -10 11 -2 -13 -6 -4 -14 -5 -18 34 -20 21 -21 -23 25 -25 -22 28 -24 29 -27 32 -32 -30 -33 -19
right_child=1 -3 6 16 5 -7 -8 -9 9 -11 -12 12 15 -15 -16 -17 17 18 19 20 23 22 27 24 -26 26 -28 -29 30 -31 31 33 -34 -35 -36
leaf_value=0.097464768024596818 -0.019817134487473357 0.064289929410508595 -0.39751452923114639 -0.3061723336090369 0.74920513456888427 -0.10600162157943649 0.011740900661839977 -0.37349183209771103 -0.37112590303641163 0.38575291041836623 -3.048837452710679 1.2107782030395493 0.53621252583885259 -0.82621377877183855 0.05768160432347879 -0.17984015448988047 1.0130308766832623 -0.18170732179900961 -0.32440981626782017 -0.26484974565957736 0.41564459074170634 -0.096670231647844274 -0.089428385408620498 0.95916858756099732 -0.31405949021567736 0.030551195538183772 4.143622371853974 0.56350282990025191 -0.046814977379448133 -0.60176157150894838 -0.30448529346638842 0.25449081972536819 0.8567131913303373 -0.065673737830732618 0.049741523926347141
leaf_weight=18 31 74 22 132 12.000000000000002 230 1241 74 15.999999999999998 27 13.999999999999998 25 14.000000000000002 9.9999999999999982 26 12.999999999999998 27 90 38 17 13.999999999999998 20 11.999999999999998 13.999999999999998 28 8.9999999999999982 9.9999999999999982 41 22 78 115 42 11.999999999999998 18 12.999999999999998
leaf_count=18 31 74 22 132 12 230 1241 74 16 27 14 25 14 10 26 13 27 90 38 17 14 20 12 14 28 9 10 41 22 78 115 42 12 18 13
internal_value=-0.00196975 -0.0053833 0.000860037 -0.00660098 -0.000274809 -0.00571794 0.000316723 -0.00933535 0.00241864 0.0169569 0.013275 0.0187398 0.0292402 0.0209911 -0.0111258 0.00774384 -0.00950598 -0.00735862 -0.00906439 -0.00618811 -0.00383731 0.0100615 0.0193314 -0.00742376 0.0124792 -0.0102567 -0.0124116 0.0303788 -0.0142043 -0.0253605 -0.00885917 -0.0126595 0.00947877 0.00207786 -0.0214288
internal_weight=2599 1175 1424 1101 349 252 1406 165 91 43 97 83 52 22 48 27 752 620 593 490 452 90 73 362 42 320 306 53 296 87 209 175 34 60 103
internal_count=2599 1175 1424 1101 349 252 1406 165 91 43 97 83 52 22 48 27 752 620 593 490 452 90 73 362 42 320 306 53 296 87 209 175 34 60 103
is_linear=0
shrinkage=0.139886


Tree=51
num_leaves=36
num_cat=0
split_feature=27 4 57 82 13 27 103 12 42 12 12 4 12 4 12 4 7 12 26 12 4 79 79 4 103 37 79 48 68 82 12 7 7 48 103
split_gain=1.68544 1.19337 0.920302 0.779362 0.778324 1.06644 1.05501 0.996561 0.793925 1.57995 0.954959 0.790032 0.785811 0.777898 1.37776 0.965851 0.955992 0.827888 2.36636 0.97458 0.891468 0.790826 0.769055 1.0233 1.85296 1.32953 1.66372 0.902867 0.806515 0.804018 0.713839 0.711217 0.835757 0.688141 0.627596
threshold=0.25000000000000011 3.6500000000000008 1.5000000000000002 3.5625000000000004 13.500000000000002 -0.24999999999999997 1.0290433478675232 4.7717261904761914 4.3781666666666679 3.9476190476190482 3.1943452380952384 7.7500000000000009 3.0702380952380959 14.350000000000003 3.5752976190476193 19.850000000000005 19.750000000000004 3.7181547619047626 -0.56174490092936669 3.4223214285714287 7.1500000000000012 77.875000000000014 107.37500000000001 8.5500000000000025 0.99402541107998454 1.0000000180025095e-35 35.375000000000007 101939.50000000001 1.0000000180025095e-35 4.8437500000000009 3.030357142857143 5.7500000000000009 6.3500000000000005 95552.000000000015 0.96153447923328772
decision_type=2 2 2 2 2 2 2 2 2 2 2 2 2 2 2 2 2 2 2 2 2 2 2 2 2 2 2 2 2 2 2 2 2 2 2
left_child=1 -1 -2 -3 7 22 31 8 9 -5 12 -8 30 17 -15 16 -16 19 -19 -12 -20 -21 23 24 34 26 -26 -27 -25 -28 -10 33 -33 -7 -6
right_child=2 3 -4 4 5 6 11 -9 10 -11 13 -13 -14 14 15 -17 -18 18 20 21 -22 -23 -24 28 25 27 29 -29 -30 -31 -32 32 -34 -35 -36
leaf_value=0.053151397010847874 -0.058149714285065525 0.072207251192280095 7.4073702424368406 0.20574594869196153 -0.8806913107727008 -0.48106897815039845 0.58384184914613102 -0.86059899030117371 -0.079861810502180247 -0.064985834660414091 0.043484311859766284 -0.50877077748252975 -1.3082156149210349 0.29229967355411829 0.6956626995713695 -0.24231216382487766 -0.11147751197841142 0.67286475502339571 0.070574146887928485 -0.046508352427105042 -0.21149838933440149 -0.71498041206549345 0.24263029632835967 -0.26356949852017464 -0.43191819844509949 -1.8020795021659208 0.12227836812560555 0.068362496366289785 0.082014519799206917 0.030008066686267182 0.82298410383146303 -0.91590032863757342 0.17747215953426967 0.5120775754744723 0.58910688202871031
leaf_weight=49 1169 15.999999999999998 14.999999999999998 142 11.999999999999998 10.999999999999998 17 39 30 33 71 35 32 43 22 38 14.999999999999998 37 10.999999999999998 87 51 25 26 190 38 45 10.999999999999998 19 13.999999999999998 89 12.999999999999998 9.9999999999999982 83 25 32
leaf_count=49 1169 16 15 142 12 11 17 39 30 33 71 35 32 43 22 38 15 37 11 87 51 25 26 190 38 45 11 19 14 89 13 10 83 25 32
internal_value=-0.00260708 0.000660803 -0.00648161 -0.000163453 -0.000599516 -0.00402187 0.00497676 0.00267186 0.00404341 0.0118923 0.00101509 -0.0108472 -0.0127444 0.0037777 0.012948 0.000849625 0.0154651 -0.000290098 0.00960447 -0.00580646 -0.0072645 -0.0135991 -0.00746717 -0.00887052 -0.00265059 -0.00842033 -0.000385038 -0.0239282 -0.0160193 0.00912395 0.00027798 0.0115954 0.00432254 0.0264777 0.0212601
internal_weight=2595 1411 1184 1362 1346 657 181 689 650 175 475 52 75 400 118 75 37 282 99 183 62 112 476 450 246 202 138 64 204 100 43 129 93 36 44
internal_count=2595 1411 1184 1362 1346 657 181 689 650 175 475 52 75 400 118 75 37 282 99 183 62 112 476 450 246 202 138 64 204 100 43 129 93 36 44
is_linear=0
shrinkage=0.139886


end of trees

feature_importances:
orders_count_roll_mean_24=77
suffolk_footfall_lag_24h=72
food_tickets_count_lag_48h=71
food_tickets_count_roll_mean_168=68
wind_gusts_kmh=65
food_tickets_count_same_slot_4w_avg=64
orders_count_roll_mean_168=59
orders_count_lag_48h=57
food_tickets_count_roll_mean_24=57
food_tickets_count_same_wd_hour_roll8=55
food_tickets_count_ewma_168=55
orders_count_same_slot_4w_avg=53
suffolk_footfall_roll_24h=52
days_from_payday=51
food_tickets_count_lag_336h=48
food_tickets_count_lag_24h=47
food_tickets_count_lag_168h=47
orders_count_lag_168h=45
apparent_temp_c=45
wind_speed_kmh=44
orders_count_lag_336h=41
orders_count_lag_24h=40
suffolk_footfall_lag_168h=39
orders_count_yoy_ratio=39
orders_count_same_wd_hour_roll8=38
food_tickets_count_yoy_ratio=37
orders_count_ewma_168=37
orders_count_roll_std_24=36
temp_c=35
food_tickets_count_trend_90d=33
week_of_year=31
orders_count_trend_90d=30
hour=18
afternoon_rain_mm=17
month=16
days_until_next_match=16
match_kickoff_proximity=15
month_cos=14
weekday_sin=13
weekday_cos=13
month_sin=12
airport_arrivals_lag1=11
cruise_passenger_estimate=10
hour_sin=7
hour_cos=7
rain_mm=7
sunshine_duration_min=6
tourism_pressure=6
tv_sports_intensity=6
payday_period_flag=5
airport_arrivals=5
event_intensity=5
is_business_lunch_hour=5
st_patricks_week_flag=4
school_holiday_flag=3
airport_arrivals_zscore=3
rain_x_weekend=3
weekday=2
is_weekend=2
bank_holiday_flag=2
rainy_day_flag=2
cruise_ship_flag=2
ships_in_port_count=2
christmas_market_flag=2
exam_period_flag=2
sunny_afternoon=2
quarter=1
is_friday_saturday=1
weather_severity_flag=1
outdoor_weather_flag=1
tv_sports_flag=1
is_ireland_match_window=1
is_match_in_2_days=1

parameters:
[boosting: gbdt]
[objective: quantile]
[metric: quantile]
[tree_learner: serial]
[device_type: cpu]
[data_sample_strategy: bagging]
[data: ]
[valid: ]
[num_iterations: 1000]
[learning_rate: 0.139886]
[num_leaves: 36]
[num_threads: 0]
[seed: 42]
[deterministic: 0]
[force_col_wise: 0]
[force_row_wise: 0]
[histogram_pool_size: -1]
[max_depth: -1]
[min_data_in_leaf: 9]
[min_sum_hessian_in_leaf: 0.001]
[bagging_fraction: 0.828016]
[pos_bagging_fraction: 1]
[neg_bagging_fraction: 1]
[bagging_freq: 1]
[bagging_seed: 400]
[bagging_by_query: 0]
[feature_fraction: 0.34506]
[feature_fraction_bynode: 1]
[feature_fraction_seed: 30056]
[extra_trees: 0]
[extra_seed: 12879]
[early_stopping_round: 0]
[early_stopping_min_delta: 0]
[first_metric_only: 0]
[max_delta_step: 0]
[lambda_l1: 7.73219e-08]
[lambda_l2: 7.32177]
[linear_lambda: 0]
[min_gain_to_split: 0.0102684]
[drop_rate: 0.1]
[max_drop: 50]
[skip_drop: 0.5]
[xgboost_dart_mode: 0]
[uniform_drop: 0]
[drop_seed: 17869]
[top_rate: 0.2]
[other_rate: 0.1]
[min_data_per_group: 100]
[max_cat_threshold: 32]
[cat_l2: 10]
[cat_smooth: 10]
[max_cat_to_onehot: 4]
[top_k: 20]
[monotone_constraints: ]
[monotone_constraints_method: basic]
[monotone_penalty: 0]
[feature_contri: ]
[forcedsplits_filename: ]
[refit_decay_rate: 0.9]
[cegb_tradeoff: 1]
[cegb_penalty_split: 0]
[cegb_penalty_feature_lazy: ]
[cegb_penalty_feature_coupled: ]
[path_smooth: 0]
[interaction_constraints: ]
[verbosity: -1]
[saved_feature_importance_type: 0]
[use_quantized_grad: 0]
[num_grad_quant_bins: 4]
[quant_train_renew_leaf: 0]
[stochastic_rounding: 1]
[linear_tree: 0]
[max_bin: 255]
[max_bin_by_feature: ]
[min_data_in_bin: 3]
[bin_construct_sample_cnt: 200000]
[data_random_seed: 175]
[is_enable_sparse: 1]
[enable_bundle: 1]
[use_missing: 1]
[zero_as_missing: 0]
[feature_pre_filter: 1]
[pre_partition: 0]
[two_round: 0]
[header: 0]
[label_column: ]
[weight_column: ]
[group_column: ]
[ignore_column: ]
[categorical_feature: ]
[forcedbins_filename: ]
[precise_float_parser: 0]
[parser_config_file: ]
[objective_seed: 16083]
[num_class: 1]
[is_unbalance: 0]
[scale_pos_weight: 1]
[sigmoid: 1]
[boost_from_average: 1]
[reg_sqrt: 0]
[alpha: 0.7]
[fair_c: 1]
[poisson_max_delta_step: 0.7]
[tweedie_variance_power: 1.5]
[lambdarank_truncation_level: 30]
[lambdarank_norm: 1]
[label_gain: ]
[lambdarank_position_bias_regularization: 0]
[eval_at: ]
[multi_error_top_k: 1]
[auc_mu_weights: ]
[num_machines: 1]
[local_listen_port: 12400]
[time_out: 120]
[machine_list_filename: ]
[machines: ]
[gpu_platform_id: -1]
[gpu_device_id: -1]
[gpu_device_id_list: ]
[gpu_use_dp: 0]
[num_gpu: 1]

end of parameters

pandas_categorical:null
